ST_CASE,VEH_NO,PER_NO,P1,P2,P3,P4,P5,P6,P7,P8,P9,P10
10630,2,1,0,0,0,0,0,0,0,0,0,17
10631,0,1,0,0,0,0,0,0,16,0,0,0
10631,1,1,0,0,20,0,0,0,14,0,0,0
10632,1,1,5,5,5,5,5,5,5,5,5,5
10632,2,1,0,0,0,0,0,0,0,0,0,0
10633,1,1,17,17,17,17,17,17,17,17,17,17
10633,2,1,0,0,0,0,0,0,0,0,0,0
10634,1,1,0,14,0,8,0,12,11,39,23,20
10634,2,1,0,0,0,0,0,0,0,0,0,0
10635,1,1,0,0,0,0,0,0,0,0,0,0
10636,1,1,6,6,6,6,6,6,6,6,6,6
10636,2,1,0,0,0,0,0,0,0,0,18,0
10637,1,1,0,0,0,0,0,0,0,0,0,0
10637,2,1,0,0,0,0,0,0,0,0,0,0
10638,1,1,24,24,24,24,24,24,24,24,24,24
10638,2,1,0,0,0,0,0,0,0,0,0,0
10639,1,1,0,0,0,0,0,0,0,0,0,0
10639,2,1,0,0,0,0,0,0,0,0,0,0
10640,1,1,0,0,0,0,0,0,0,0,0,0
10640,2,1,0,0,0,0,0,0,0,0,0,0
10641,1,1,25,6,17,0,24,0,9,0,26,5
10642,1,1,0,0,0,0,0,0,0,0,0,0
10643,1,1,0,0,0,0,0,0,0,0,0,0
10643,2,1,0,0,0,0,0,0,0,0,0,0
10643,3,1,0,0,0,0,0,0,0,0,0,0
10644,1,1,0,0,0,0,0,0,0,0,0,0
10644,2,1,8,0,0,0,0,0,12,0,0,0
10645,1,1,0,0,0,0,0,0,0,0,0,0
10645,2,1,0,0,0,0,0,0,0,0,0,0
10646,1,1,0,0,0,0,0,0,0,0,0,0
10646,2,1,0,0,0,0,0,0,0,0,0,0
10646,3,1,0,0,0,18,0,14,0,0,7,0
10647,1,1,11,10,25,26,10,4,12,16,25,6
10648,1,1,0,0,0,0,0,0,0,0,0,12
10648,2,1,0,0,0,0,0,0,0,0,0,10
10649,1,1,0,7,0,10,0,0,0,0,0,0
10650,0,1,4,4,4,4,4,4,4,4,4,4
10650,1,1,0,0,0,0,0,0,0,0,0,0
10651,1,1,13,13,13,13,13,13,13,13,13,13
10652,0,1,0,0,0,0,0,0,0,0,0,0
10652,1,1,0,0,0,0,0,0,0,0,0,0
10653,1,1,0,0,0,0,0,0,0,0,0,0
10654,1,1,0,0,0,0,0,0,0,0,0,0
10655,1,1,0,0,0,0,0,0,0,0,0,0
10655,2,1,0,0,0,0,0,0,0,0,0,0
10656,1,1,0,0,0,0,0,0,0,27,0,0
10656,2,1,6,0,0,0,0,0,0,0,0,0
10657,1,1,21,0,0,11,0,3,0,9,10,0
10658,1,1,0,0,0,0,0,0,24,0,16,0
10658,2,1,0,0,0,18,0,23,0,0,0,0
10659,1,1,0,0,0,0,8,0,9,0,0,0
10659,2,1,0,0,0,0,0,0,0,0,0,0
10659,3,1,0,0,0,0,0,0,0,0,0,0
10660,1,1,0,0,0,0,20,0,33,0,0,0
10661,1,1,0,5,0,0,0,0,0,0,0,0
10661,2,1,0,0,0,0,7,0,0,0,0,0
10662,0,1,10,10,10,10,10,10,10,10,10,10
10662,1,1,0,0,0,0,0,0,0,0,0,0
10662,2,1,0,0,0,0,0,0,0,0,0,0
10663,0,1,0,0,0,0,0,0,0,0,0,0
10663,1,1,0,0,0,0,0,0,0,0,0,0
10664,1,1,0,0,0,0,0,0,0,0,0,0
10664,2,1,0,0,0,0,0,0,0,0,0,0
10665,1,1,0,0,0,0,0,0,0,0,0,0
10666,1,1,0,0,0,0,0,0,0,4,0,0
10666,2,1,0,0,0,0,0,0,0,3,0,0
10667,1,1,0,0,0,0,0,0,0,0,0,0
10667,2,1,0,0,0,0,0,0,0,0,0,0
10668,1,1,23,23,23,23,23,23,23,23,23,23
10668,2,1,0,0,0,0,0,0,0,0,0,0
10669,0,1,0,0,0,0,0,0,0,0,0,0
10669,1,1,0,0,0,0,0,0,0,0,0,0
10670,1,1,0,0,0,0,0,0,0,0,0,0
10670,2,1,0,0,0,0,0,0,0,0,0,0
10671,1,1,0,0,0,0,0,0,0,0,0,0
10671,2,1,0,0,0,0,0,0,0,0,0,0
10672,0,1,0,0,0,0,0,14,0,0,0,30
10672,1,1,11,0,9,16,4,17,12,9,18,0
10673,1,1,0,0,0,0,0,0,26,0,0,0
10673,2,1,0,0,0,0,0,0,0,0,0,0
10674,1,1,17,17,17,17,17,17,17,17,17,17
10675,1,1,0,0,0,0,10,0,14,0,19,0
10676,1,1,0,0,0,0,0,0,0,24,14,0
10677,1,1,0,15,12,9,0,0,0,0,0,0
10677,2,1,0,0,0,0,0,0,0,0,0,0
10678,0,1,0,0,0,9,0,0,27,0,0,0
10678,1,1,0,0,0,0,0,32,0,0,0,0
10679,1,1,0,0,0,0,0,0,0,0,0,0
10680,1,1,0,0,0,0,0,0,0,0,0,0
10680,2,1,0,0,0,0,0,0,0,0,0,0
10681,1,1,13,17,30,0,0,10,0,17,0,0
10681,2,1,0,0,0,0,0,0,21,0,0,0
10682,1,1,16,16,16,16,16,16,16,16,16,16
10683,1,1,3,3,3,3,3,3,3,3,3,3
10684,1,1,0,0,0,0,0,0,13,0,0,0
10684,2,1,0,0,0,0,0,0,0,0,0,0
10685,1,1,0,0,0,7,0,0,10,0,6,0
10685,2,1,0,0,0,0,0,0,0,0,0,0
10685,3,1,0,0,0,0,0,0,0,0,0,0
10686,1,1,13,13,13,13,13,13,13,13,13,13
10686,2,1,0,0,0,0,0,0,0,0,0,0
10688,1,1,0,0,0,0,0,0,0,0,0,0
10688,2,1,0,0,0,0,0,0,0,0,0,0
10689,1,1,0,0,0,0,0,0,0,0,0,0
10689,2,1,0,0,0,0,0,0,0,0,0,0
10690,1,1,0,0,0,0,0,0,0,0,0,0
10690,2,1,9,9,9,9,9,9,9,9,9,9
10691,0,1,0,0,0,0,14,0,29,0,0,0
10691,0,2,0,0,22,0,0,12,0,11,0,17
10691,1,1,0,0,0,0,0,0,0,0,0,0
10692,1,1,19,19,19,19,19,19,19,19,19,19
10692,2,1,0,0,0,0,0,0,0,0,0,0
10693,0,1,0,27,20,0,0,0,0,0,0,0
10693,1,1,0,0,0,0,0,0,0,0,0,0
10694,1,1,0,0,0,0,0,17,0,0,0,0
10695,1,1,0,0,0,0,0,0,0,0,0,0
10696,1,1,0,0,0,0,0,0,0,0,0,0
10696,2,1,0,0,0,0,0,0,0,0,0,0
10697,1,1,0,0,0,0,0,0,0,0,0,0
10697,2,1,0,0,0,0,0,0,0,0,52,0
10698,1,1,15,15,15,15,15,15,15,15,15,15
10699,1,1,0,0,0,0,0,0,0,0,0,0
10700,1,1,14,14,14,14,14,14,14,14,14,14
10700,2,1,0,0,0,0,0,0,0,0,0,0
10701,1,1,29,29,29,29,29,29,29,29,29,29
10702,1,1,4,4,4,4,4,4,4,4,4,4
10703,1,1,24,24,24,24,24,24,24,24,24,24
10703,2,1,0,0,0,0,0,0,0,0,0,0
10704,1,1,13,13,13,13,13,13,13,13,13,13
10704,2,1,0,0,0,0,0,0,0,0,0,0
10705,1,1,0,13,0,12,0,0,0,0,9,0
10706,1,1,0,10,7,0,8,9,13,0,0,22
10706,2,1,0,0,0,0,0,0,0,0,0,0
10707,1,1,0,0,0,0,0,0,0,0,0,0
10707,2,1,0,0,0,0,0,0,0,0,0,0
10708,1,1,0,0,0,0,0,0,0,0,0,0
10708,2,1,0,0,0,0,0,0,0,0,0,0
10709,1,1,0,0,0,0,0,0,0,0,0,0
10709,2,1,0,0,0,0,0,0,0,0,28,23
10710,1,1,0,0,0,0,0,0,0,0,0,0
10711,1,1,23,23,23,23,23,23,23,23,23,23
10712,1,1,0,0,9,13,0,7,0,0,0,0
10712,2,1,15,0,53,17,20,17,0,13,0,0
10713,1,1,8,0,0,2,0,0,0,0,0,0
10714,1,1,0,0,0,0,0,0,0,0,0,0
10715,1,1,0,0,0,0,0,0,0,0,0,0
10716,1,1,14,14,14,14,14,14,14,14,14,14
10716,2,1,0,0,0,0,0,0,0,0,0,0
10717,1,1,0,0,0,0,0,0,0,0,0,0
10717,2,1,0,0,0,0,0,0,0,0,0,0
10718,1,1,0,14,0,0,0,0,20,15,17,16
10719,1,1,13,13,13,13,13,13,13,13,13,13
10720,1,1,0,0,0,0,0,0,0,0,0,0
10720,2,1,0,0,0,0,0,0,0,0,0,0
10721,1,1,0,0,0,0,0,0,0,0,0,0
10722,0,1,0,0,26,0,0,0,0,0,0,0
10722,1,1,9,0,0,25,0,3,22,0,28,16
10723,1,1,0,14,0,21,17,17,18,0,0,0
10723,2,1,0,0,9,9,41,0,0,0,0,0
10724,1,1,0,0,0,0,0,0,0,0,0,0
10724,2,1,0,0,0,0,0,0,0,0,0,0
10725,1,1,25,25,25,25,25,25,25,25,25,25
10726,1,1,0,9,0,0,0,0,0,25,0,6
10727,1,1,0,0,0,0,0,0,0,0,0,0
10727,2,1,0,0,0,0,0,0,0,0,0,0
10727,3,1,0,15,0,0,0,0,0,0,0,0
10727,4,1,0,0,0,0,0,0,0,0,12,9
10728,1,1,0,0,0,0,0,0,0,0,0,0
10729,1,1,15,25,22,41,0,0,27,24,17,21
10729,2,1,0,0,0,0,0,0,0,0,0,0
10729,3,1,0,0,0,0,17,0,0,0,0,0
10730,1,1,0,0,0,0,5,26,0,0,0,0
10731,1,1,39,39,39,39,39,39,39,39,39,39
10732,1,1,10,10,10,10,10,10,10,10,10,10
10732,2,1,11,22,0,0,13,0,27,30,6,8
10733,1,1,18,20,24,23,15,21,15,20,6,14
10733,2,1,0,0,0,0,0,0,0,0,0,0
10734,0,1,0,0,0,0,0,0,0,0,0,0
10734,1,1,0,0,0,0,0,0,0,0,0,0
10735,1,1,0,0,0,0,0,0,0,0,0,0
10736,0,1,0,0,0,4,9,0,0,0,0,0
10736,1,1,0,0,0,0,0,0,0,0,0,0
10737,0,1,0,0,0,0,0,0,0,0,0,0
10737,1,1,0,0,13,0,0,0,0,0,0,0
10738,0,1,0,0,0,0,0,0,0,0,0,0
10738,1,1,0,0,0,0,0,0,0,0,0,0
10739,1,1,0,0,0,0,0,0,0,0,0,0
10740,1,1,0,12,21,0,0,0,0,0,0,20
10741,1,1,0,12,0,0,0,0,0,0,0,0
10741,2,1,0,0,0,0,0,0,0,0,0,0
10742,1,1,1,1,1,1,1,1,1,1,1,1
10742,2,1,0,0,0,0,0,0,0,0,0,0
10743,0,1,11,11,11,11,11,11,11,11,11,11
10743,1,1,8,0,0,17,11,0,0,18,0,5
10744,1,1,20,20,20,20,20,20,20,20,20,20
10745,0,1,43,43,43,43,43,43,43,43,43,43
10745,1,1,0,0,0,0,0,0,0,0,0,0
10746,1,1,0,0,0,0,0,0,0,0,0,0
10747,1,1,0,0,0,0,0,0,0,0,0,0
10748,1,1,0,0,0,0,0,0,0,0,0,0
10748,2,1,0,0,0,0,0,0,0,0,0,0
10749,1,1,11,0,0,0,0,23,23,16,11,0
10750,1,1,0,0,0,0,15,0,0,24,0,0
10751,1,1,15,0,0,0,16,14,0,0,0,0
10751,2,1,0,0,0,0,0,0,0,0,0,0
10752,1,1,0,0,0,0,0,0,0,0,0,0
10752,2,1,0,0,0,0,0,0,0,0,0,0
10753,1,1,19,19,19,19,19,19,19,19,19,19
10753,2,1,0,0,0,0,0,0,0,0,0,0
10754,1,1,11,11,11,11,11,11,11,11,11,11
10755,1,1,0,0,0,0,0,0,0,0,0,0
10755,2,1,0,0,0,0,0,0,0,0,0,0
10756,1,1,0,0,0,15,0,0,0,0,0,45
10757,1,1,0,0,0,0,0,0,0,0,0,0
10757,2,1,0,0,0,0,0,0,0,0,0,0
10758,1,1,0,0,0,0,0,0,0,0,0,0
10759,1,1,0,0,0,0,0,0,0,0,0,0
10759,2,1,0,0,0,0,0,0,0,0,0,0
10760,0,1,0,0,0,0,0,0,0,0,0,0
10760,1,1,0,0,0,0,0,14,0,0,0,0
10761,0,1,0,0,0,0,0,0,0,0,0,0
10761,1,1,0,0,0,0,0,0,0,0,0,0
10762,1,1,0,0,0,0,0,0,0,0,0,0
10763,1,1,18,18,18,18,18,18,18,18,18,18
10764,1,1,0,0,0,0,0,0,0,0,0,0
10764,2,1,7,3,9,0,0,0,11,0,0,0
10764,3,1,14,14,14,14,14,14,14,14,14,14
10765,0,1,32,11,13,0,0,0,0,0,0,0
10765,1,1,0,0,0,0,0,0,0,0,0,0
10766,1,1,16,16,16,16,16,16,16,16,16,16
10767,1,1,0,0,0,0,0,0,0,0,0,0
10767,2,1,0,0,0,0,0,0,0,0,0,0
10767,3,1,0,0,0,0,0,0,0,0,0,0
10768,1,1,17,0,29,0,0,0,18,5,0,0
10769,1,1,18,0,19,0,0,0,0,0,0,0
10770,0,1,23,23,23,23,23,23,23,23,23,23
10770,1,1,0,0,0,0,0,0,0,0,0,0
10771,1,1,0,0,0,0,0,0,0,0,0,0
10772,1,1,0,0,0,0,0,0,0,0,0,0
10773,1,1,0,0,0,0,0,0,0,0,0,0
10774,1,1,0,0,0,0,0,23,0,0,0,0
10775,0,1,0,0,0,0,0,0,0,0,0,0
10775,1,1,0,0,0,0,0,0,0,0,0,0
10776,0,1,0,12,0,0,0,15,0,8,0,0
10776,1,1,0,0,0,0,0,0,0,0,0,0
10777,1,1,0,0,0,0,0,0,0,0,0,0
10777,2,1,0,0,0,0,0,0,0,0,0,0
10778,1,1,0,0,0,0,0,0,0,0,0,0
10778,2,1,0,0,0,0,0,0,0,0,0,0
10779,1,1,0,0,0,0,8,0,0,0,0,0
10779,2,1,0,0,0,0,0,0,0,0,0,0
10780,1,1,0,0,0,0,0,0,0,0,0,0
10780,2,1,0,0,0,0,0,0,0,0,0,0
10781,1,1,0,0,0,0,0,0,0,0,0,0
10782,1,1,0,14,0,0,0,0,0,0,0,0
10783,1,1,0,0,0,0,0,0,0,0,0,0
10784,1,1,0,0,0,0,0,0,0,0,0,0
10785,1,1,22,22,22,22,22,22,22,22,22,22
10786,1,1,0,0,0,0,0,0,0,0,0,0
10787,1,1,0,0,0,0,10,9,0,14,0,14
10788,1,1,0,0,0,0,0,0,0,0,0,0
10788,2,1,0,0,0,0,0,0,0,0,0,0
10789,0,1,27,0,22,23,0,23,0,0,0,0
10789,1,1,0,0,15,0,0,0,0,16,0,0
10789,2,1,0,0,0,0,0,0,0,0,0,0
10790,1,1,0,0,0,0,0,0,0,0,0,0
10790,2,1,0,0,0,0,0,0,0,0,0,0
10791,1,1,14,14,14,14,14,14,14,14,14,14
10792,1,1,0,0,0,0,0,0,0,0,0,0
10792,2,1,12,0,13,0,23,0,8,0,15,0
10793,1,1,0,0,0,0,0,0,0,0,0,0
10793,2,1,0,0,0,0,0,0,0,0,0,0
10793,3,1,0,0,0,0,0,0,0,0,0,0
10794,0,1,28,28,28,28,28,28,28,28,28,28
10794,1,1,14,0,0,0,0,0,0,0,26,0
10795,1,1,0,0,0,0,0,0,0,0,0,0
10795,2,1,0,0,0,0,0,0,0,0,0,0
10796,1,1,0,0,0,0,0,0,9,0,0,0
10796,2,1,0,0,0,0,0,0,0,0,0,0
10797,1,1,0,0,0,0,0,0,0,0,0,0
10797,2,1,0,0,0,0,0,0,0,0,0,0
10798,1,1,0,0,0,0,0,0,0,0,0,0
10799,1,1,0,0,0,0,0,8,0,0,0,0
10800,0,1,17,17,17,17,17,17,17,17,17,17
10800,1,1,0,0,0,0,0,24,0,0,0,0
10801,1,1,0,0,0,0,0,0,12,0,0,0
10801,2,1,17,17,17,17,17,17,17,17,17,17
10802,1,1,15,29,19,8,22,6,24,10,15,15
10802,2,1,0,0,0,0,0,0,0,0,0,0
10803,1,1,29,0,0,0,0,0,0,14,0,14
10804,1,1,31,1,40,0,15,16,24,18,8,17
10804,2,1,0,0,0,0,0,0,0,0,0,0
10805,0,1,0,11,16,25,0,0,0,0,0,0
10805,1,1,8,0,5,0,0,0,0,0,19,0
10806,1,1,10,0,0,5,23,0,0,0,0,0
10806,2,1,0,0,0,0,0,0,0,0,0,0
10807,1,1,0,0,0,0,0,0,0,0,0,0
10807,2,1,0,0,0,0,0,0,0,0,0,0
10808,1,1,10,0,0,0,0,7,0,0,0,0
10808,2,1,0,0,0,0,0,3,0,0,0,0
10809,1,1,12,38,0,0,0,0,12,0,0,0
10810,1,1,3,3,3,3,3,3,3,3,3,3
10811,0,1,0,0,0,0,0,24,0,0,0,5
10811,0,2,0,0,0,0,0,0,0,0,0,41
10811,1,1,0,0,0,0,0,0,0,0,0,0
10812,0,1,0,0,0,0,0,0,0,0,0,0
10812,2,1,0,0,0,0,0,0,0,0,0,0
10813,1,1,0,0,0,0,0,0,0,0,0,0
10814,1,1,0,0,0,0,0,0,0,0,0,0
10815,0,1,0,0,0,19,27,0,0,0,0,12
10815,1,1,0,0,0,0,0,0,0,0,0,0
10816,0,1,0,0,0,0,0,0,0,0,0,0
10816,1,1,0,0,0,0,0,33,0,0,0,0
10817,1,1,22,19,15,17,22,10,8,27,38,20
10818,1,1,0,0,9,0,0,19,21,0,13,10
10818,2,1,0,0,0,0,0,0,0,0,0,0
10819,1,1,0,0,0,0,0,0,0,0,0,0
10819,2,1,0,0,0,0,0,0,0,0,0,0
10820,1,1,0,0,0,0,0,0,0,0,0,0
10820,2,1,0,0,0,0,0,0,0,0,0,0
10821,1,1,0,11,0,0,0,0,7,0,0,0
10821,2,1,0,0,0,0,0,0,0,0,0,0
10822,1,1,4,0,15,0,0,0,15,0,0,12
10823,0,1,0,0,0,0,0,0,0,0,0,0
10823,0,2,0,0,0,0,0,0,0,0,0,0
10823,1,1,0,0,0,0,0,0,0,0,0,0
10824,1,1,0,0,0,0,0,0,0,0,0,0
10825,1,1,0,0,0,0,0,0,0,0,0,0
10826,0,1,13,16,24,25,26,16,12,21,11,0
10826,0,2,12,18,23,22,8,22,36,4,21,16
10826,1,1,0,0,0,0,0,0,0,0,0,0
10827,1,1,0,0,0,0,0,0,0,0,0,0
10828,0,1,0,0,0,0,0,0,0,15,26,14
10828,1,1,0,0,0,0,0,0,0,0,0,0
10828,2,1,0,0,0,0,0,0,0,0,0,0
10829,1,1,0,0,0,0,0,0,0,0,0,0
10829,2,1,0,0,0,0,0,0,0,0,0,0
10830,0,1,0,0,0,0,0,0,0,0,0,0
10830,1,1,9,0,0,12,0,0,0,0,0,0
10831,1,1,7,7,7,7,7,7,7,7,7,7
10832,1,1,6,6,6,6,6,6,6,6,6,6
10832,2,1,0,0,0,0,0,0,0,0,0,0
10833,0,1,0,0,16,0,0,0,0,0,0,0
10833,1,1,0,0,14,0,0,0,16,0,0,0
10834,0,1,0,0,0,0,0,0,0,0,0,0
10834,1,1,0,0,0,0,0,0,0,0,0,0
10835,1,1,0,0,0,0,0,0,0,35,0,0
10835,2,1,0,0,0,0,0,0,0,0,0,0
10836,1,1,0,0,0,0,0,0,0,0,25,0
10836,2,1,0,0,0,0,0,0,9,0,0,0
10837,1,1,0,0,10,21,14,0,21,0,0,17
10837,2,1,0,0,0,0,0,0,0,0,0,0
10838,1,1,0,0,0,0,0,3,0,0,0,0
10838,2,1,18,9,4,5,8,4,3,11,3,4
10839,1,1,0,0,0,0,0,0,0,0,0,0
10839,2,1,0,0,0,0,0,0,0,0,0,0
10840,1,1,0,0,0,0,0,0,0,0,0,0
10841,1,1,0,0,0,0,0,0,38,0,0,0
10842,1,1,0,0,0,0,0,0,0,0,0,0
10843,1,1,0,16,0,0,0,0,0,0,0,0
10844,1,1,0,0,0,0,0,0,0,0,0,0
10845,0,1,0,18,0,24,0,0,0,0,0,0
10845,1,1,0,0,0,0,0,0,0,0,0,0
10846,0,1,0,0,0,0,0,0,0,0,0,0
10846,1,1,0,0,0,4,0,0,9,0,0,0
10847,1,1,0,0,0,0,0,0,0,0,0,0
10847,2,1,0,0,0,0,0,0,0,0,0,0
10848,1,1,0,0,0,0,0,0,0,0,0,0
10848,2,1,0,0,0,0,0,0,0,0,0,0
10849,1,1,0,0,0,11,0,0,0,0,0,0
10849,2,1,0,0,0,13,0,0,0,0,30,0
10850,1,1,0,0,0,6,0,0,25,0,0,0
10850,2,1,0,0,0,0,0,0,0,0,0,0
10851,0,1,0,0,0,0,0,0,0,0,0,0
10851,1,1,5,0,0,0,0,0,0,0,0,0
10852,1,1,8,8,8,8,8,8,8,8,8,8
10853,1,1,0,0,0,0,0,0,0,0,0,0
10854,1,1,13,12,21,19,8,18,20,4,9,22
10854,2,1,0,0,0,0,15,0,0,0,0,0
10855,1,1,0,0,0,6,0,0,35,0,0,0
10855,2,1,0,0,0,0,0,0,0,0,0,0
10856,0,1,0,0,0,0,0,0,0,0,0,0
10856,1,1,0,0,0,0,0,0,0,0,0,0
10857,1,1,0,0,0,0,0,0,0,0,0,0
10858,1,1,40,40,40,40,40,40,40,40,40,40
10859,0,1,0,0,0,0,0,0,0,0,0,0
10859,1,1,22,9,0,0,0,0,0,22,0,13
10860,0,1,0,0,0,0,0,0,0,43,0,0
10860,0,2,0,0,0,0,0,0,0,0,0,0
10860,1,1,0,0,0,0,0,0,0,0,0,0
10861,1,1,0,0,0,0,0,0,0,0,0,0
10862,1,1,0,0,0,0,0,0,0,0,0,0
10862,2,1,0,0,0,0,0,10,0,20,9,26
10863,1,1,0,14,0,0,0,0,0,0,0,0
10864,1,1,0,0,15,0,0,0,0,0,10,18
10865,0,1,10,15,16,11,33,17,19,36,43,20
10865,1,1,0,0,16,0,0,0,0,0,0,0
10866,1,1,0,0,0,0,0,0,0,0,0,0
10867,1,1,0,0,10,0,17,0,0,26,0,0
10868,1,1,26,0,14,13,14,0,0,0,14,0
10869,0,1,0,0,0,0,0,0,0,0,0,0
10869,1,1,10,11,0,0,0,0,0,9,0,0
10870,1,1,0,21,0,0,0,0,0,0,17,0
10870,2,1,0,0,0,0,0,0,0,0,0,0
10871,1,1,4,0,15,16,17,0,0,0,0,0
10872,1,1,0,0,0,0,0,24,0,0,0,0
10873,1,1,0,0,0,0,0,0,0,33,0,0
10873,2,1,0,0,0,0,0,0,0,0,0,0
10874,1,1,0,0,0,0,0,0,0,0,0,17
10875,1,1,0,0,0,0,18,0,0,0,0,21
10876,1,1,0,17,11,14,11,29,30,10,9,32
10876,2,1,0,0,0,0,0,0,0,0,0,0
10877,0,1,0,0,0,0,0,0,0,0,0,0
10877,1,1,0,5,0,0,16,0,0,0,0,0
10878,1,1,0,0,0,0,0,0,0,0,0,0
10878,2,1,0,0,0,0,15,0,0,0,0,0
10879,1,1,0,0,0,0,0,0,0,0,0,0
10879,2,1,0,0,0,0,0,0,0,0,0,0
10880,0,1,19,5,2,15,23,13,31,35,21,7
10880,1,1,0,0,0,0,0,0,0,0,0,0
10881,1,1,0,0,0,0,14,0,0,0,0,25
10881,2,1,13,0,28,16,0,9,0,23,11,0
10881,3,1,0,0,0,0,0,0,0,0,0,0
10882,0,1,14,0,17,35,0,28,0,0,0,0
10882,1,1,33,0,0,0,0,0,17,0,0,13
10882,2,1,0,0,0,0,0,0,3,0,0,0
10883,1,1,0,0,0,0,0,0,0,0,0,0
10884,1,1,0,0,7,0,0,0,0,0,0,0
10884,2,1,0,0,0,0,0,0,0,11,0,0
10885,1,1,12,8,0,0,0,0,0,0,0,0
10886,1,1,0,0,0,0,0,0,0,0,0,0
10886,2,1,0,0,0,8,0,0,0,0,0,0
10887,1,1,25,25,25,25,25,25,25,25,25,25
10888,1,1,32,0,0,0,0,29,0,0,6,0
10889,1,1,0,0,0,0,0,0,0,0,0,0
10889,2,1,0,0,0,0,0,0,0,0,0,0
10889,3,1,0,0,0,0,0,0,0,0,0,0
10889,4,1,0,0,0,0,0,0,0,0,0,0
10889,5,1,0,0,0,0,0,0,0,0,0,0
10890,1,1,0,0,0,0,0,0,0,0,0,0
10890,2,1,0,0,0,0,0,0,0,0,0,0
10891,0,1,0,14,27,0,0,0,0,0,28,0
10891,1,1,20,20,20,20,20,20,20,20,20,20
10892,1,1,0,0,18,0,6,4,0,0,0,0
10892,2,1,0,0,0,0,33,0,16,0,0,0
10893,1,1,0,0,0,0,0,0,0,0,0,15
10893,2,1,0,0,0,0,0,0,0,0,0,0
20001,0,1,0,0,0,0,0,16,47,0,17,0
20001,1,1,7,9,0,14,0,0,0,0,0,3
20002,1,1,10,10,10,10,10,10,10,10,10,10
20003,0,1,22,22,22,22,22,22,22,22,22,22
20003,1,1,0,0,0,0,0,0,0,21,0,0
20003,2,1,0,0,0,0,0,0,0,0,0,0
20004,0,1,0,0,0,0,0,0,0,0,0,0
20004,1,1,0,0,0,0,0,0,0,0,0,0
20005,0,1,31,31,31,31,31,31,31,31,31,31
20005,1,1,0,0,0,0,0,0,0,0,0,0
20006,1,1,0,0,0,0,8,0,0,0,0,0
20006,2,1,0,0,0,0,0,0,0,0,0,0
20007,1,1,0,0,0,0,0,0,0,0,0,0
20007,2,1,0,0,0,0,0,0,0,0,18,28
20008,1,1,0,0,0,0,0,0,0,0,0,0
20008,2,1,0,0,0,0,0,0,0,0,0,0
20009,1,1,0,0,0,0,0,0,0,0,0,0
20009,2,1,0,0,0,0,0,0,0,0,0,0
20010,0,1,0,0,0,0,0,0,0,0,0,0
20010,1,1,0,0,0,0,0,0,0,0,0,0
20011,0,1,0,0,0,0,0,0,0,0,0,0
20011,1,1,0,0,0,0,0,0,0,0,0,11
20012,0,1,0,0,0,0,0,0,0,0,0,0
20013,1,1,7,7,7,7,7,7,7,7,7,7
20013,2,1,0,0,0,0,0,0,0,0,0,0
20014,0,1,0,20,0,0,0,12,21,36,0,0
20014,1,1,22,16,18,13,6,19,10,35,10,16
20015,0,1,0,0,0,0,0,0,0,0,0,0
20015,1,1,0,0,0,0,0,0,0,0,0,0
20016,1,1,0,0,0,0,0,0,0,0,0,0
20016,2,1,0,0,0,0,0,0,0,0,0,0
20017,1,1,22,22,22,22,22,22,22,22,22,22
20018,1,1,0,0,0,0,0,0,0,0,0,0
20019,1,1,0,0,0,0,0,0,0,0,0,0
20020,1,1,0,0,0,0,0,0,0,0,0,0
20020,2,1,0,0,0,0,0,0,0,0,0,0
20021,1,1,0,0,0,0,0,0,0,0,0,0
20021,2,1,0,0,0,0,0,0,0,0,0,0
20022,1,1,0,17,0,0,0,0,0,0,0,0
20022,2,1,0,0,0,0,0,0,0,0,0,0
20022,3,1,0,0,0,0,0,0,0,0,0,0
20022,4,1,11,0,0,0,0,0,0,0,0,0
20023,1,1,0,0,0,0,0,0,0,0,16,0
20023,2,1,25,24,0,0,11,13,0,0,3,0
20024,1,1,14,18,17,12,8,13,12,12,13,22
20025,1,1,18,18,18,18,18,18,18,18,18,18
20025,2,1,0,0,0,0,0,0,0,0,0,0
20026,0,1,26,26,26,26,26,26,26,26,26,26
20026,0,2,18,18,18,18,18,18,18,18,18,18
20026,1,1,8,8,8,8,8,8,8,8,8,8
20027,1,1,7,7,7,7,7,7,7,7,7,7
20028,1,1,0,0,0,0,0,0,0,0,0,0
20028,2,1,0,0,0,0,0,0,0,0,0,0
20028,3,1,0,0,0,0,0,0,0,0,0,0
20029,0,1,0,13,0,23,29,0,14,0,0,0
20029,1,1,3,3,3,3,3,3,3,3,3,3
20030,1,1,0,0,0,0,0,0,0,0,0,0
20030,2,1,0,0,0,0,0,0,0,0,0,0
20031,0,1,0,0,0,0,0,0,0,0,0,0
20031,1,1,22,9,12,10,10,6,6,27,31,22
20032,0,1,28,28,28,28,28,28,28,28,28,28
20032,1,1,0,0,0,0,0,0,0,0,0,0
20033,0,1,0,0,0,31,0,0,21,0,0,0
20033,1,1,0,0,0,0,0,0,0,0,0,0
20034,1,1,0,0,0,0,0,0,0,0,0,0
20034,2,1,0,0,0,0,0,0,0,0,0,0
20034,3,1,26,0,0,0,0,0,0,0,0,0
20035,1,1,17,17,17,17,17,17,17,17,17,17
20035,2,1,0,0,0,0,0,0,0,0,0,0
20036,1,1,0,0,0,0,0,0,0,0,0,0
20037,1,1,0,0,0,0,0,0,0,0,0,0
20037,2,1,0,0,0,0,0,0,0,0,0,0
20038,1,1,18,18,18,18,18,18,18,18,18,18
20039,0,1,25,25,25,25,25,25,25,25,25,25
20039,1,1,0,0,0,0,0,0,0,0,0,0
20040,1,1,0,0,0,0,0,0,0,0,0,0
20040,2,1,0,0,0,0,0,0,0,0,0,0
20041,1,1,0,0,17,0,20,0,17,0,0,0
20042,1,1,0,0,0,0,0,0,0,0,0,0
20043,0,1,28,0,25,0,0,0,0,0,0,0
20043,1,1,0,0,0,0,0,0,0,0,0,0
20044,0,1,31,31,31,31,31,31,31,31,31,31
20044,1,1,0,0,0,0,0,0,0,0,0,0
20045,1,1,0,0,0,0,0,0,0,0,0,0
20046,1,1,0,0,0,0,0,0,0,0,0,0
20046,2,1,0,0,0,0,0,0,0,0,0,0