ST_CASE,VEH_NO,PER_NO,P1,P2,P3,P4,P5,P6,P7,P8,P9,P10
40282,1,1,0,7,29,16,0,0,0,0,17,0
40283,0,1,21,13,19,19,0,0,0,20,0,0
40283,1,1,0,0,0,0,0,0,0,0,0,0
40283,2,1,0,0,0,0,0,0,0,10,0,0
40284,1,1,0,0,0,14,0,6,13,0,0,0
40285,1,1,0,0,3,0,0,0,0,19,0,0
40286,1,1,22,0,41,14,0,0,30,0,0,0
40287,1,1,0,17,0,0,0,0,0,0,0,0
40287,2,1,0,0,0,0,0,0,0,0,0,0
40288,0,1,19,21,0,0,35,0,0,31,0,0
40288,1,1,0,0,13,0,0,0,0,0,0,0
40289,1,1,0,0,0,0,0,0,0,0,7,0
40289,2,1,0,0,0,0,0,0,0,0,0,0
40290,1,1,0,0,0,27,22,0,0,22,0,0
40290,2,1,0,0,0,0,0,0,0,0,0,0
40291,0,1,0,10,7,17,0,0,19,15,0,0
40291,1,1,0,4,5,0,24,0,0,0,27,0
40292,1,1,11,11,11,11,11,11,11,11,11,11
40292,2,1,0,0,26,0,4,0,0,0,25,0
40293,1,1,0,0,0,0,0,0,0,0,0,0
40293,2,1,0,14,0,10,0,0,14,0,0,23
40294,1,1,1,1,1,1,1,1,1,1,1,1
40294,2,1,18,0,0,12,31,12,0,8,11,23
40294,3,1,4,0,11,0,0,0,17,4,0,21
40294,4,1,0,0,21,0,10,0,0,0,0,0
40295,1,1,0,0,0,0,0,0,0,0,0,9
40295,2,1,0,0,0,19,0,0,0,30,0,16
40296,1,1,0,0,0,0,0,0,0,0,0,0
40296,2,1,0,0,0,0,0,0,0,0,0,11
40297,1,1,0,0,0,0,0,0,0,0,0,0
40298,0,1,17,17,0,0,0,0,34,12,0,26
40298,1,1,0,0,0,0,0,0,0,0,0,0
40298,2,1,0,0,0,0,0,0,0,0,0,0
40298,3,1,0,0,0,0,0,0,0,0,0,0
40298,4,1,0,0,0,0,0,0,0,0,0,0
40299,1,1,25,16,6,6,23,15,20,30,8,16
40299,2,1,0,10,0,14,25,0,0,0,17,0
40299,3,1,0,0,0,0,17,18,34,0,3,0
40299,4,1,0,16,12,8,11,30,14,12,8,23
40299,5,1,8,5,0,0,0,0,0,0,0,0
40300,0,1,9,0,0,0,23,0,0,14,0,0
40300,1,1,0,0,0,0,0,0,0,0,0,0
40300,2,1,0,0,5,0,0,0,0,0,0,14
40301,1,1,11,11,11,11,11,11,11,11,11,11
40302,1,1,0,0,0,25,32,0,10,0,0,16
40302,2,1,14,10,0,20,0,19,0,22,0,30
40303,1,1,0,4,4,14,0,0,18,5,0,13
40303,2,1,0,0,0,0,0,0,0,0,15,0
40304,1,1,0,0,0,9,0,0,0,0,0,20
40304,2,1,0,0,0,13,0,0,0,0,0,0
40305,1,1,0,0,0,0,0,0,0,0,0,0
40305,2,1,0,21,0,0,0,0,0,0,0,0
40306,0,1,0,0,27,0,0,10,0,0,15,0
40306,1,1,0,0,14,0,0,0,0,11,0,0
40307,1,1,0,0,0,0,0,0,0,0,0,0
40307,2,1,0,0,0,13,0,9,25,0,0,6
40308,1,1,21,18,22,17,20,36,40,12,21,0
40308,2,1,0,0,0,0,0,0,0,0,0,0
40309,1,1,20,18,15,13,12,26,11,16,16,5
40310,0,1,0,0,0,0,0,0,0,0,0,0
40310,1,1,0,0,0,29,0,0,16,0,4,0
40311,1,1,0,22,0,0,0,0,0,0,19,0
40311,2,1,0,0,0,0,0,0,9,0,0,0
40312,1,1,0,0,0,0,0,0,0,0,0,0
40312,2,1,0,0,0,0,0,0,0,0,0,0
40313,0,1,0,0,27,17,0,0,32,0,18,0
40313,0,2,0,0,0,0,0,21,44,0,3,0
40313,0,3,0,21,5,0,0,0,0,22,18,0
40313,1,1,0,18,12,0,16,0,14,19,20,0
40313,2,1,20,0,0,0,0,11,25,9,0,8
40313,3,1,0,5,4,0,0,0,0,10,18,0
40313,4,1,12,13,12,0,7,0,0,3,17,0
40314,0,1,0,0,0,0,0,0,0,0,0,0
40314,1,1,12,0,18,0,7,11,13,0,0,7
40315,1,1,0,0,0,0,24,0,0,0,0,0
40315,2,1,0,0,0,0,0,0,0,0,0,0
40315,3,1,0,0,0,0,0,0,0,0,0,0
40316,1,1,24,0,27,0,9,0,22,8,0,0
40316,2,1,13,0,0,0,0,0,0,22,0,0
40316,3,1,15,0,0,0,0,0,0,0,0,7
40316,4,1,0,0,11,0,0,0,0,0,6,0
40316,5,1,0,0,0,0,0,0,0,0,0,0
40316,6,1,0,0,0,8,0,0,0,0,0,0
40317,1,1,17,6,27,0,35,0,0,22,35,0
40317,2,1,0,10,0,7,0,0,0,0,7,16
40318,1,1,0,0,0,0,0,0,0,0,0,0
40318,2,1,10,10,10,10,10,10,10,10,10,10
40319,1,1,0,0,0,0,0,17,0,0,20,0
40319,2,1,0,0,0,9,9,0,0,0,0,18
40320,1,1,0,0,0,0,0,0,0,0,0,0
40320,2,1,0,0,0,0,0,0,0,0,0,0
40321,1,1,0,0,0,0,0,0,0,0,0,12
40321,2,1,0,0,0,0,0,0,0,0,0,0
40322,1,1,0,0,0,0,0,0,0,0,18,0
40322,2,1,0,0,0,0,0,0,0,22,0,20
40323,0,1,5,15,0,23,14,0,0,0,0,0
40323,1,1,0,0,21,10,10,0,13,15,0,0
40324,0,1,0,38,23,11,0,0,0,16,0,0
40324,1,1,12,15,6,13,0,0,11,8,0,0
40325,0,1,0,0,0,0,0,0,0,0,0,0
40325,1,1,12,0,5,2,5,17,0,8,13,4
40326,1,1,0,0,0,0,0,0,0,0,0,0
40326,2,1,0,0,0,0,0,0,0,0,0,24
40327,0,1,0,0,20,0,0,0,0,0,7,0
40327,1,1,0,0,0,0,0,0,0,0,0,0
40328,1,1,0,0,0,0,0,0,0,0,0,0
40329,0,1,0,0,0,0,0,0,0,18,0,0
40329,1,1,0,0,0,0,0,0,0,0,0,0
40330,1,1,0,0,0,0,0,0,0,0,0,0
40331,0,1,2,15,0,0,0,0,0,16,0,19
40331,1,1,0,0,0,0,0,0,0,0,0,0
40332,0,1,0,5,10,0,5,0,32,0,28,26
40332,1,1,15,0,0,0,0,0,0,0,0,0
40333,1,1,12,13,0,0,12,31,22,17,0,30
40334,1,1,2,2,2,2,2,2,2,2,2,2
40335,0,1,0,0,0,0,13,21,0,0,0,0
40335,1,1,30,10,3,10,0,8,0,0,17,0
40336,1,1,30,0,0,23,29,10,0,17,9,0
40337,1,1,0,0,0,22,0,27,0,0,18,28
40338,1,1,0,7,18,0,0,10,0,0,0,19
40339,1,1,0,0,0,12,0,0,0,8,0,0
40339,2,1,16,0,0,0,0,0,0,0,0,22
40339,3,1,0,12,0,0,0,0,7,6,0,0
40340,1,1,20,20,20,20,20,20,20,20,20,20
40340,2,1,0,0,0,0,0,0,0,0,0,0
40341,0,1,0,0,0,0,0,0,0,0,0,0
40341,1,1,0,0,0,0,0,0,0,0,0,0
40342,1,1,0,0,0,0,0,12,0,0,0,0
40342,2,1,0,0,0,0,0,0,0,0,0,0
40343,1,1,0,22,0,23,0,0,33,29,0,0
40343,2,1,0,0,0,0,0,0,6,0,0,0
40344,0,1,15,0,5,17,17,0,39,0,9,0
40344,1,1,0,0,0,0,0,0,0,0,0,0
40345,1,1,0,0,0,0,0,0,0,0,0,0
40346,1,1,0,0,0,0,0,0,0,0,0,0
40346,2,1,0,2,0,0,0,0,0,25,0,0
40347,0,1,0,17,0,15,0,0,11,23,21,21
40347,1,1,0,11,0,0,0,0,6,8,26,0
40348,0,1,0,0,0,0,0,0,0,0,0,0
40348,1,1,0,0,0,0,0,0,0,0,0,0
40349,1,1,12,12,12,12,12,12,12,12,12,12
40350,1,1,20,13,11,0,0,22,12,6,12,23
40351,0,1,31,31,31,31,31,31,31,31,31,31
40351,1,1,0,0,0,0,0,0,0,0,0,0
40352,1,1,0,0,0,0,0,0,0,0,0,0
40352,2,1,0,0,0,0,0,0,0,0,0,0
40353,0,1,0,0,12,0,0,0,0,0,0,0
40353,1,1,0,0,6,0,0,10,4,0,13,8
40354,1,1,23,0,0,32,24,12,28,20,0,22
40354,2,1,0,0,0,0,0,0,0,0,0,0
40355,1,1,0,0,0,0,0,0,0,0,0,0
40355,2,1,0,0,0,0,0,0,0,0,0,0
40356,0,1,0,0,0,18,0,0,11,0,0,0
40356,1,1,0,0,0,0,0,0,0,0,0,0
40357,1,1,24,24,24,24,24,24,24,24,24,24
40358,1,1,0,0,0,0,0,0,0,0,0,0
40358,2,1,0,0,0,0,0,0,0,0,0,0
40359,1,1,0,0,0,16,0,0,0,0,0,0
40360,1,1,0,29,24,6,17,25,0,0,20,0
40361,1,1,16,0,0,0,10,0,0,0,0,0
40361,2,1,0,0,0,0,0,0,0,0,0,0
40362,0,1,0,0,0,0,0,0,0,0,0,0
40362,1,1,0,0,0,0,18,9,17,0,0,10
40363,1,1,0,25,0,0,24,0,0,0,0,14
40364,1,1,0,9,9,0,0,3,10,0,10,11
40365,0,1,39,6,8,10,14,0,0,20,14,16
40365,1,1,0,0,0,0,0,0,0,0,33,0
40366,1,1,0,0,0,24,0,0,0,0,0,0
40366,2,1,0,0,0,9,0,0,0,0,0,0
40367,0,1,0,0,0,0,0,0,0,0,0,0
40367,1,1,0,0,0,0,0,0,0,0,0,0
40368,0,1,0,0,0,0,0,0,0,0,0,0
40368,1,1,0,0,0,0,0,0,0,0,0,0
40369,1,1,17,17,17,17,17,17,17,17,17,17
40370,0,1,0,0,10,0,0,0,0,0,0,0
40370,1,1,12,0,0,15,0,0,0,0,7,0
40371,0,1,20,0,36,0,0,0,0,0,0,10
40371,1,1,0,0,0,0,0,0,0,0,0,0
40372,1,1,0,0,0,0,0,0,0,0,0,0
40372,2,1,0,0,0,0,0,0,0,0,0,0
40373,0,1,15,23,0,0,19,0,0,23,0,0
40373,1,1,13,0,6,7,10,15,0,14,16,0
40374,1,1,0,0,0,0,0,0,0,0,0,0
40374,2,1,23,23,23,23,23,23,23,23,23,23
40376,0,1,0,0,0,0,0,0,0,0,0,43
40376,1,1,12,0,0,5,7,13,6,10,12,9
40377,1,1,0,0,0,0,0,20,13,15,0,0
40377,2,1,0,0,41,0,0,0,14,0,0,0
40378,0,1,0,0,0,0,0,0,0,0,0,0
40378,1,1,11,0,0,13,14,7,8,18,0,7
40379,0,1,7,5,17,0,0,20,0,23,19,27
40379,1,1,0,0,11,16,16,0,3,0,0,9
40380,1,1,5,23,0,0,11,0,8,0,0,15
40381,1,1,24,28,16,25,0,0,28,11,11,10
40382,1,1,0,0,0,0,0,0,0,0,0,0
40382,2,1,0,39,0,9,0,0,0,0,13,0
40383,1,1,11,11,11,11,11,11,11,11,11,11
40384,1,1,0,0,0,6,0,0,0,0,0,0
40384,2,1,0,0,0,0,0,0,0,0,20,0
40385,0,1,31,20,6,17,54,0,19,0,0,0
40385,1,1,9,0,0,6,15,5,4,0,0,8
40386,1,1,0,0,0,0,7,0,0,0,30,0
40386,2,1,0,0,0,0,0,0,0,0,0,18
40387,1,1,10,0,0,13,0,21,15,3,36,0
40389,1,1,29,9,0,0,0,16,0,12,0,11
40390,0,1,12,0,0,0,0,0,0,0,0,0
40390,1,1,0,14,0,22,0,10,0,0,0,0
40390,2,1,0,0,0,0,0,0,0,0,0,0
40391,0,1,0,0,0,0,0,0,0,0,0,0
40391,1,1,0,0,0,0,0,0,0,25,0,5
40392,1,1,20,19,21,13,22,23,19,25,0,19
40394,1,1,0,0,0,0,0,0,0,0,0,0
40394,2,1,0,0,0,0,0,0,0,0,0,0
40395,1,1,13,0,0,0,0,0,0,0,26,28
40396,1,1,0,0,0,0,0,0,0,0,0,0
40397,1,1,0,0,0,10,0,13,0,0,0,0
40397,2,1,0,0,0,5,0,0,0,0,0,0
40398,0,1,0,0,0,0,0,0,0,13,0,16
40398,1,1,0,7,0,6,18,16,0,0,0,14
40399,1,1,0,0,0,0,9,0,0,26,0,0
40399,2,1,0,0,26,0,0,0,0,0,0,5
40400,1,1,0,0,0,0,0,0,0,0,0,0
40400,2,1,0,0,0,0,0,0,0,0,0,0
40400,3,1,0,0,0,0,0,0,0,0,0,0
40400,4,1,0,0,0,0,0,0,0,7,0,13
40400,5,1,0,0,13,0,0,14,0,0,0,10
40401,1,1,0,19,0,22,11,0,22,0,0,0
40402,1,1,2,16,12,6,13,6,0,17,18,14
40403,1,1,14,0,0,0,17,33,0,0,0,0
40403,2,1,0,0,4,0,0,0,15,0,13,23
40404,1,1,0,24,0,0,0,0,17,0,0,0
40404,2,1,0,0,0,0,0,0,0,0,0,0
40405,1,1,17,0,7,22,26,15,20,18,16,29
40406,1,1,0,0,0,33,0,0,30,0,0,20
40407,1,1,0,23,8,0,0,0,0,20,0,0
40407,2,1,0,0,0,7,3,24,15,0,0,0
40408,1,1,14,0,0,0,3,20,0,0,0,21
40408,2,1,0,0,0,0,14,0,0,0,0,0
40409,1,1,12,0,0,0,12,27,0,27,20,20
40409,2,1,0,0,0,0,4,0,0,0,0,0
40410,1,1,0,0,0,0,0,0,0,10,10,0
40410,2,1,0,15,13,15,0,24,3,0,0,0
40411,1,1,15,0,17,0,0,0,0,0,0,0
40412,1,1,0,0,0,0,0,0,0,0,0,0
40413,1,1,0,0,0,0,0,0,0,0,0,0
40413,2,1,0,0,0,0,0,0,0,0,0,0
40414,1,1,15,9,0,0,0,6,0,26,0,14
40414,2,1,0,0,0,0,0,0,0,0,0,0
40414,3,1,3,0,0,0,0,0,0,0,0,0
40415,1,1,8,0,7,0,23,17,15,22,0,7
40415,2,1,0,0,0,0,0,0,0,0,0,17
40416,1,1,0,0,0,0,0,0,0,0,0,0
40416,2,1,0,0,0,0,0,0,0,0,0,0
40416,3,1,0,22,0,0,24,17,6,0,0,0
40416,4,1,0,0,0,0,0,0,0,0,0,0
40416,5,1,0,8,18,15,0,0,0,0,15,0
40416,6,1,18,0,0,0,19,44,0,0,23,13
40416,7,1,8,3,0,0,13,0,12,0,0,0
40416,8,1,20,6,0,16,0,0,26,28,0,0
40417,1,1,0,17,0,0,0,0,0,0,0,0
40418,1,1,16,20,29,25,7,17,9,20,28,15
40419,1,1,22,22,22,22,22,22,22,22,22,22
40420,1,1,0,28,0,0,0,0,21,0,0,11
40421,1,1,22,0,0,0,0,0,0,0,0,0
40422,1,1,0,0,0,0,0,0,0,0,0,0
40423,0,1,4,4,4,4,4,4,4,4,4,4
40423,0,2,0,0,0,0,0,0,0,0,0,0
40423,0,3,0,0,22,11,0,28,30,0,26,0
40423,1,1,17,17,17,17,17,17,17,17,17,17
40424,1,1,21,21,21,21,21,21,21,21,21,21
40424,2,1,0,0,13,0,0,0,25,0,9,0
40425,0,1,10,0,0,12,23,0,0,0,16,0
40425,1,1,5,0,0,0,12,14,0,0,4,15
40426,1,1,0,0,0,0,0,0,9,0,0,0
40427,0,1,0,0,16,0,27,0,0,0,30,0
40427,1,1,15,9,0,0,21,23,11,39,11,0
40428,1,1,0,0,0,0,0,0,0,0,7,0
40429,1,1,3,8,6,16,0,16,14,0,4,6
40430,1,1,0,0,0,0,25,0,0,0,19,0
40431,1,1,0,14,13,0,0,0,0,0,0,0
40431,2,1,0,0,0,25,0,0,32,0,0,21
40432,1,1,26,9,0,0,0,0,0,0,0,0
40432,2,1,0,0,0,0,0,5,24,0,0,0
40432,3,1,0,20,0,0,0,0,0,0,0,0
40432,4,1,0,3,0,0,0,19,0,0,0,19
40433,0,1,33,33,33,33,33,33,33,33,33,33
40433,1,1,0,0,0,0,0,13,0,0,0,27
40434,1,1,0,24,0,0,0,0,27,27,0,17
40435,1,1,0,0,11,0,13,20,0,0,23,0
40436,1,1,0,3,12,17,24,0,0,0,0,0
40437,1,1,8,10,9,12,22,0,0,23,12,0
40438,1,1,18,18,18,18,18,18,18,18,18,18
40438,2,1,0,0,0,0,34,11,0,0,0,0
40439,1,1,0,35,16,0,0,0,0,0,0,0
40439,2,1,0,0,12,0,13,0,0,0,0,0
40440,1,1,13,0,0,0,20,0,0,4,0,0
40441,1,1,13,20,0,9,24,0,0,41,0,0
40442,1,1,8,8,8,8,8,8,8,8,8,8
40443,1,1,0,0,0,0,0,0,0,0,0,0
40443,2,1,0,0,0,0,0,0,0,0,0,0
40444,1,1,0,19,0,0,0,0,0,0,19,0
40444,2,1,0,0,0,0,0,0,0,0,0,0
40444,3,1,0,0,0,8,0,0,0,0,0,0
40444,4,1,0,0,0,0,0,0,0,0,0,0
40445,1,1,12,50,33,35,0,16,24,34,0,30
40446,1,1,0,0,0,0,0,0,0,0,0,0
40446,2,1,0,0,0,0,0,0,0,0,0,0
40446,3,1,0,0,11,0,0,0,0,0,0,0
40447,1,1,8,8,8,8,8,8,8,8,8,8
40447,2,1,0,0,14,11,0,0,18,0,11,0
40448,1,1,0,26,9,32,0,0,0,11,6,6
40449,1,1,0,23,0,15,0,0,0,19,4,16
40449,2,1,0,0,7,8,0,0,0,3,0,17
40450,1,1,0,0,10,0,0,14,0,11,0,0
40450,2,1,0,0,0,0,0,43,0,0,15,0
40451,0,1,0,0,0,0,0,0,0,0,0,0
40451,1,1,22,0,10,16,12,4,16,11,10,11
40452,1,1,0,0,0,0,0,18,0,0,14,0
40452,2,1,0,0,0,0,0,0,0,8,0,0
40453,1,1,0,0,0,0,24,23,0,0,29,0
40453,2,1,0,0,0,0,0,23,0,0,0,14
40453,3,1,14,0,0,0,0,0,0,0,0,0
40454,0,1,0,0,0,0,13,0,0,0,21,0
40454,1,1,9,11,3,0,0,17,0,15,17,10
40455,1,1,0,0,0,0,0,0,0,0,0,0
40455,2,1,0,0,16,0,14,0,0,15,0,0
40456,1,1,0,0,15,0,0,29,13,23,14,21
40457,1,1,36,0,16,25,28,15,10,10,1,21
40457,2,1,22,0,8,0,0,5,0,0,0,0
40457,3,1,0,0,0,0,0,6,0,0,0,0
40458,1,1,0,15,18,0,0,15,0,0,0,0
40459,1,1,10,22,0,11,22,29,9,12,25,0
40460,0,1,0,28,0,0,0,0,0,0,0,0
40460,1,1,0,0,0,0,0,0,0,0,0,0
40461,1,1,21,6,9,19,10,7,10,9,16,25
40462,0,1,24,24,24,24,24,24,24,24,24,24
40462,1,1,0,0,0,0,0,0,0,0,0,0
40463,1,1,20,19,0,17,0,8,0,0,0,0
40463,2,1,0,0,0,0,0,0,0,30,0,0
40464,1,1,18,18,18,18,18,18,18,18,18,18
40464,2,1,0,0,0,0,0,0,0,0,0,0
40465,1,1,0,0,0,0,0,0,7,0,0,0
40465,2,1,17,0,0,0,0,0,0,0,0,0
40467,1,1,0,23,0,0,0,0,0,12,0,0
40467,2,1,0,23,0,0,0,0,0,0,0,0
40468,1,1,0,0,24,18,0,19,0,13,9,23
40469,1,1,0,0,0,0,0,0,0,0,0,0
40469,2,1,0,0,0,0,0,0,0,0,0,0
40469,3,1,0,0,0,0,0,0,0,0,0,0
40470,1,1,13,27,10,11,0,15,13,0,16,15
40470,2,1,0,12,0,0,14,32,11,25,12,8
40471,1,1,0,0,0,0,5,0,0,0,0,0
40471,2,1,0,7,0,0,0,0,36,0,0,0
40471,3,1,0,16,0,8,0,0,0,0,6,0
40472,0,1,0,0,0,0,0,0,0,16,0,0
40472,1,1,0,0,0,0,0,0,0,0,0,0
40473,1,1,0,0,5,0,0,0,16,0,0,0
40474,1,1,0,0,0,0,12,0,9,0,0,30
40474,2,1,0,0,0,0,0,0,0,0,4,0
40475,1,1,0,14,0,0,0,0,0,8,0,0
40475,2,1,8,8,8,8,8,8,8,8,8,8
40476,1,1,24,0,18,14,0,47,17,22,14,21
40476,2,1,0,0,0,0,0,0,0,0,0,0
40477,1,1,0,0,5,19,12,0,0,0,0,0
40477,2,1,0,0,0,0,0,0,0,0,0,0
40478,1,1,30,31,20,15,17,14,24,33,34,34
40478,2,1,0,27,0,0,0,0,0,0,0,0
40479,0,1,17,0,0,4,0,0,0,40,22,8
40479,1,1,22,0,5,0,22,0,0,10,24,12
40480,1,1,21,9,28,32,0,15,0,0,28,0
40480,2,1,0,0,3,0,0,0,0,0,0,4
40481,0,1,0,0,0,34,0,24,10,0,0,16
40481,0,2,18,0,0,0,20,0,0,19,12,0
40481,1,1,0,0,0,0,0,0,19,0,0,0
40482,1,1,0,0,0,0,0,0,0,0,23,24
40482,2,1,0,0,0,0,10,0,0,0,0,0
40483,0,1,0,0,0,0,0,0,0,0,0,0
40483,1,1,12,12,12,12,12,12,12,12,12,12
40484,1,1,0,11,12,12,14,14,16,0,25,23
40485,1,1,0,0,0,0,0,0,0,0,0,0
40485,2,1,0,0,0,14,0,0,0,0,0,0
40486,1,1,0,0,0,0,24,0,28,0,28,15
40487,1,1,9,9,9,9,9,9,9,9,9,9
40487,2,1,26,0,13,0,0,0,0,19,12,15
40488,1,1,0,0,0,0,0,0,0,0,0,0
40488,2,1,0,0,0,0,0,0,0,0,0,0
40489,1,1,27,0,0,0,0,18,0,27,16,0
40490,1,1,0,0,0,0,0,0,13,19,0,0
40490,2,1,0,0,4,0,12,0,0,9,0,0
40491,1,1,0,0,0,0,0,0,0,0,0,0
40492,1,1,0,34,0,0,0,0,0,0,0,0
40492,2,1,14,0,0,0,0,0,0,0,0,0
40493,1,1,0,20,0,0,0,0,17,0,11,0
40493,2,1,0,9,0,0,7,0,0,0,0,0
40494,0,1,0,0,0,0,0,0,0,0,0,0
40494,1,1,0,0,0,0,0,0,0,0,0,0
40495,1,1,0,0,0,0,0,0,0,0,0,0
40496,1,1,18,0,0,8,0,0,38,0,14,0
40497,1,1,0,0,0,0,3,0,0,15,0,0
40497,2,1,0,0,0,0,0,0,0,0,0,0
40497,3,1,0,0,0,0,0,0,0,0,0,0
40498,0,1,0,0,0,0,0,0,0,0,0,0
40498,1,1,0,0,0,0,0,0,0,0,0,0
40499,0,1,0,0,0,0,0,0,0,0,0,0
40499,1,1,11,11,11,11,11,11,11,11,11,11
40500,1,1,0,0,0,0,0,0,0,0,0,0
40500,2,1,14,23,21,24,0,0,20,16,0,0
40501,1,1,0,9,0,0,0,0,0,0,0,0
40502,1,1,0,0,0,0,13,0,0,0,28,19
40502,2,1,0,0,0,0,0,0,0,0,0,0
40503,1,1,0,0,0,0,0,0,0,0,0,0
40503,2,1,0,0,0,0,0,0,0,0,0,0
40504,1,1,0,10,0,20,20,0,8,0,12,21
40505,1,1,0,0,0,0,0,0,0,0,0,0
40505,2,1,5,0,15,0,0,0,0,0,0,0
40506,1,1,0,0,0,0,0,0,0,0,0,0
40506,2,1,16,0,0,0,0,0,0,24,0,0
40506,3,1,0,5,0,0,0,0,0,0,0,0
40507,1,1,0,0,0,0,0,0,0,0,0,0
40508,0,1,6,0,10,0,28,0,20,7,29,15
40508,1,1,0,0,29,0,0,0,9,5,0,0
40509,1,1,2,2,2,2,2,2,2,2,2,2
40510,1,1,0,0,0,0,0,0,0,0,0,0
40511,1,1,0,0,0,20,0,0,23,0,6,0
40512,1,1,0,0,0,0,9,0,0,0,17,0
40512,2,1,0,0,0,0,0,0,0,0,0,0
40513,0,1,0,0,11,0,25,0,27,28,25,0
40513,1,1,0,0,0,0,0,0,0,0,0,0
40514,1,1,22,22,22,22,22,22,22,22,22,22
40514,2,1,12,21,0,13,0,7,0,22,15,18
40515,1,1,0,0,0,0,0,0,0,0,0,0
40515,2,1,0,0,0,0,0,0,0,0,0,0
40516,1,1,0,0,0,0,0,0,0,0,0,0
40516,2,1,0,0,0,0,0,0,0,0,0,0
40517,1,1,0,0,0,0,0,0,0,0,0,0
40517,2,1,0,0,0,0,0,0,0,0,0,0
40517,3,1,0,0,0,0,0,0,0,0,0,0
40518,0,1,17,17,17,17,17,17,17,17,17,17
40518,1,1,0,0,12,0,0,0,0,0,0,0
40519,1,1,0,0,0,0,0,0,0,0,0,0
40519,2,1,0,16,0,0,21,0,0,21,19,12
40520,1,1,0,0,0,0,0,0,0,0,0,0
40521,1,1,0,17,0,0,0,0,0,0,0,5
40521,2,1,23,0,0,13,0,0,0,14,0,31
40522,1,1,0,0,0,0,0,0,12,0,0,0
40522,2,1,8,0,0,0,0,0,20,0,0,0
40522,3,1,0,0,0,0,0,0,0,0,0,0
40523,1,1,0,6,16,0,22,16,18,11,15,17
40523,2,1,0,0,0,0,0,0,0,0,0,0
40524,1,1,0,0,0,35,26,0,0,0,8,39
40524,2,1,0,0,0,0,0,0,0,0,0,0
40525,0,1,31,41,30,0,38,0,0,8,15,0
40525,1,1,9,0,0,0,0,0,0,0,0,21
40526,1,1,22,24,0,30,25,0,0,25,0,0
40527,1,1,14,0,10,10,0,4,24,10,7,12
40527,2,1,0,21,9,0,0,27,16,0,17,2
40528,1,1,29,0,0,0,0,16,0,0,27,20
40528,2,1,0,0,0,0,0,0,0,0,0,0
40528,3,1,11,0,0,0,0,0,0,0,0,0
40529,1,1,0,0,0,0,0,0,0,0,0,0
40529,2,1,16,0,0,0,0,0,0,0,0,0
40530,1,1,19,19,19,19,19,19,19,19,19,19
40531,1,1,0,0,0,0,0,0,0,0,0,0
40531,2,1,0,0,0,0,0,0,0,0,0,0
40532,1,1,0,0,0,0,0,0,0,0,0,0
40533,1,1,20,0,11,29,30,2,0,19,0,20
40534,0,1,0,0,0,0,0,0,0,0,0,0
40534,1,1,0,0,0,0,8,0,0,0,20,0
40534,2,1,15,0,0,0,0,0,0,0,5,0
40535,1,1,0,0,0,0,0,0,0,0,0,0
40536,1,1,0,0,0,0,0,0,0,0,0,0
40537,1,1,31,31,31,31,31,31,31,31,31,31
40538,0,1,0,35,0,0,0,0,0,8,0,0
40538,1,1,0,0,0,0,0,0,0,0,0,0
40539,1,1,5,5,5,5,5,5,5,5,5,5
40540,1,1,0,0,0,0,0,0,0,0,0,0
40541,1,1,0,0,0,0,0,0,0,0,0,0
40541,2,1,0,0,0,0,0,0,0,0,0,0
40542,1,1,0,0,0,12,0,0,0,14,0,13
40542,2,1,0,0,0,0,0,0,0,0,0,0
40542,3,1,11,0,0,0,13,7,0,0,0,0
40542,4,1,0,0,0,0,25,29,0,0,0,6
40543,0,1,0,0,0,0,0,0,0,0,0,0
40543,1,1,0,9,0,0,0,0,0,0,0,0
40544,1,1,0,0,10,0,0,0,0,0,0,2
40544,2,1,0,0,0,1,0,0,0,0,0,0
40545,1,1,33,21,7,20,13,9,17,11,9,17
40547,1,1,19,0,0,0,0,0,0,0,0,0
40547,2,1,7,7,7,7,7,7,7,7,7,7
40548,1,1,10,10,10,10,10,10,10,10,10,10
40548,2,1,0,0,0,0,0,0,0,0,0,0
40549,1,1,0,0,0,0,0,0,0,0,0,0
40549,2,1,0,14,0,0,0,0,0,18,0,0
40549,3,1,0,0,0,0,0,0,0,0,0,0
40550,0,1,0,0,0,0,0,0,0,0,0,0
40550,1,1,0,0,0,0,21,15,0,5,35,5
40551,1,1,0,0,0,0,0,11,0,0,0,0
40551,2,1,0,0,0,0,20,0,0,0,0,0
40551,3,1,0,0,0,0,0,0,0,0,0,0
40551,4,1,0,36,0,0,0,0,0,0,0,0
40551,5,1,0,0,10,0,0,0,0,0,0,0
40551,6,1,0,0,0,0,0,0,0,0,0,0
40552,1,1,0,0,0,0,0,0,0,0,0,0
40552,2,1,5,9,20,27,11,2,0,0,6,0
40553,1,1,29,0,0,6,31,10,13,30,32,0
40554,0,1,30,0,12,26,0,7,0,0,0,0
40554,1,1,0,0,0,0,0,0,0,20,0,0
40555,1,1,0,0,0,0,0,28,0,27,0,0
40555,2,1,0,0,0,0,0,0,0,0,0,0
40556,0,1,0,0,40,0,0,24,9,13,0,0
40556,1,1,0,0,0,18,0,0,21,13,4,0
40556,2,1,0,0,0,14,3,0,0,0,0,0
40557,1,1,0,0,0,0,0,0,0,0,0,0
40557,2,1,0,0,0,0,0,0,0,0,0,0
40558,1,1,25,20,0,34,22,36,0,10,6,0
40559,1,1,12,12,12,12,12,12,12,12,12,12
40559,2,1,0,10,7,7,0,0,0,17,0,38
40560,0,1,22,35,19,13,17,20,3,11,22,5
40560,1,1,0,12,5,0,2,5,0,14,0,0
40561,1,1,0,0,0,0,0,0,0,0,0,0
40562,1,1,0,19,16,22,0,10,12,0,0,0
40563,0,1,17,0,0,0,0,0,0,33,0,13
40563,1,1,0,0,0,21,0,0,0,0,0,0