ST_CASE,VEH_NO,PER_NO,P1,P2,P3,P4,P5,P6,P7,P8,P9,P10
40833,0,1,0,0,0,0,0,0,0,0,0,0
40833,1,1,0,0,0,0,0,0,0,0,0,0
40834,1,1,14,22,0,0,11,10,0,20,24,10
40835,1,1,0,0,0,20,14,0,25,0,0,0
40836,1,1,10,31,20,0,21,0,0,0,15,15
40837,1,1,0,0,0,0,0,0,0,0,0,0
40838,1,1,0,0,0,22,0,0,0,13,0,0
40838,2,1,0,0,0,0,0,0,0,0,0,0
40839,1,1,0,0,0,0,0,0,0,0,0,0
40839,2,1,0,0,0,0,0,0,0,0,0,0
40840,1,1,0,0,0,25,0,0,0,0,0,0
40840,2,1,22,0,0,0,18,0,0,0,0,0
40842,1,1,0,0,0,0,0,0,0,0,0,0
40842,2,1,0,0,0,0,15,0,0,0,0,0
40843,1,1,0,31,0,0,0,15,9,11,10,0
40844,1,1,0,0,0,22,0,7,18,0,0,0
40845,1,1,0,0,0,0,0,0,0,0,0,0
40845,2,1,0,0,0,0,0,0,0,10,0,0
40846,1,1,13,0,0,0,25,0,0,0,0,0
40846,2,1,0,0,0,21,24,12,25,11,0,6
40847,1,1,0,0,0,0,0,0,0,0,0,0
40848,1,1,7,13,0,16,19,23,18,12,13,0
40848,2,1,0,0,9,13,0,0,0,0,0,0
40849,1,1,3,9,12,18,10,22,26,13,22,14
40850,1,1,0,28,14,0,0,0,0,0,45,0
40851,1,1,18,0,0,0,0,0,0,0,0,10
40851,2,1,0,0,0,0,0,0,0,0,0,0
40852,1,1,0,0,0,0,0,0,0,0,0,0
40853,1,1,0,0,0,0,0,21,0,0,0,0
40854,0,1,0,0,0,29,0,0,18,22,0,21
40854,1,1,0,24,18,0,0,0,0,0,0,0
40855,1,1,6,5,26,21,13,15,25,19,9,11
40856,0,1,11,0,0,0,0,12,0,0,6,0
40856,1,1,0,0,0,0,0,0,0,0,0,0
40857,1,1,0,0,0,0,0,0,0,0,0,0
40857,2,1,0,0,0,0,0,0,0,0,0,0
40857,3,1,0,0,0,23,0,0,0,9,0,26
40858,1,1,0,0,0,0,0,0,0,0,0,0
40859,1,1,21,17,14,6,18,14,12,13,15,23
40860,0,1,12,12,12,12,12,12,12,12,12,12
40860,1,1,7,0,20,25,0,0,0,0,12,0
40861,0,1,0,0,0,0,0,0,0,0,0,0
40861,1,1,0,0,0,0,0,0,0,0,0,0
40862,1,1,0,0,0,0,9,14,0,34,0,0
40863,1,1,6,6,6,6,6,6,6,6,6,6
40863,2,1,0,0,0,0,0,0,0,0,0,0
40864,0,1,23,23,23,23,23,23,23,23,23,23
40864,1,1,0,0,0,0,14,0,0,0,0,0
40865,1,1,28,28,28,28,28,28,28,28,28,28
40865,2,1,0,4,0,36,11,11,0,25,0,0
40866,1,1,12,12,12,12,12,12,12,12,12,12
40867,1,1,32,32,32,32,32,32,32,32,32,32
40867,2,1,0,16,0,9,0,7,0,0,0,0
40868,1,1,17,17,17,17,17,17,17,17,17,17
40869,1,1,0,0,0,0,0,0,0,0,0,0
40869,2,1,0,0,0,0,0,0,0,0,0,0
40870,1,1,7,7,7,7,7,7,7,7,7,7
40871,1,1,16,16,16,16,16,16,16,16,16,16
40872,1,1,7,0,0,0,0,0,0,0,0,0
40873,0,1,0,0,0,0,0,0,0,0,0,0
40873,1,1,0,0,0,0,0,24,0,0,0,0
40874,0,1,41,0,0,0,0,0,32,0,0,21
40874,1,1,0,0,0,0,0,0,0,0,0,0
40875,0,1,18,0,0,8,0,0,0,34,0,0
40875,1,1,0,0,0,21,0,0,0,22,0,0
40875,2,1,0,0,0,0,0,0,0,22,0,0
40876,0,1,0,0,0,0,0,0,0,0,0,0
40876,1,1,6,14,15,8,23,0,8,14,8,0
40877,1,1,0,0,0,0,0,0,0,0,0,0
40877,2,1,0,4,39,0,15,12,20,0,14,2
40877,3,1,0,0,0,0,0,0,0,0,0,0
40877,4,1,0,0,0,0,0,0,12,0,0,0
40877,5,1,0,0,0,0,0,0,0,0,0,0
40878,1,1,0,0,0,0,0,0,0,0,0,0
40878,2,1,0,0,0,0,0,0,0,0,0,0
40879,1,1,0,0,0,0,0,0,0,0,0,0
40879,2,1,0,0,0,0,0,0,0,0,0,0
40879,3,1,0,0,3,0,0,0,0,0,0,0
40880,1,1,0,0,0,0,0,0,10,0,0,0
40880,2,1,0,0,7,26,12,0,0,34,0,0
40881,0,1,0,21,14,31,0,26,0,0,0,6
40881,1,1,0,0,0,0,0,0,0,0,25,9
40883,1,1,32,32,32,32,32,32,32,32,32,32
40884,0,1,0,0,0,0,0,0,0,0,0,0
40884,1,1,0,0,0,0,0,17,18,0,0,0
40885,1,1,0,0,0,0,0,0,0,0,0,0
40885,2,1,20,0,0,0,0,0,0,0,0,0
40886,1,1,14,14,14,14,14,14,14,14,14,14
40887,1,1,9,9,9,9,9,9,9,9,9,9
40887,2,1,0,0,0,0,0,0,0,0,0,0
40888,0,1,40,40,40,40,40,40,40,40,40,40
40888,1,1,40,40,40,40,40,40,40,40,40,40
40889,0,1,0,0,11,0,0,0,27,0,13,18
40889,1,1,0,12,0,9,0,0,0,0,17,17
40890,1,1,0,0,0,13,0,24,19,22,0,30
40891,1,1,0,0,0,0,0,0,0,0,0,0
40891,2,1,0,0,0,0,0,0,0,0,0,0
40892,0,1,24,24,24,24,24,24,24,24,24,24
40892,1,1,0,0,0,0,0,0,0,0,0,0
40893,1,1,0,16,0,0,17,0,0,0,0,0
40894,1,1,0,0,0,0,0,0,0,0,0,0
40894,2,1,0,10,0,0,0,9,0,0,0,0
40894,3,1,0,0,15,0,0,0,0,0,0,0
40894,4,1,0,0,0,16,0,0,0,0,0,0
40895,0,1,0,0,0,0,0,0,0,0,0,0
40895,1,1,0,0,0,0,0,0,0,0,0,0
40896,1,1,0,0,6,0,0,0,5,12,12,0
40897,1,1,27,0,0,0,0,0,0,0,10,0
40898,0,1,13,9,0,0,23,0,0,30,0,0
40898,1,1,7,14,0,0,0,0,0,0,0,0
40899,0,1,17,13,0,0,0,0,0,0,0,27
40899,1,1,0,0,0,8,0,0,0,0,0,0
40900,0,1,0,0,0,0,0,0,0,0,0,0
40900,1,1,26,0,0,0,0,8,15,0,0,0
40901,1,1,0,0,0,0,0,0,0,0,0,0
40901,2,1,0,0,0,0,0,0,0,0,0,0
40902,0,1,17,12,20,19,24,7,34,17,29,25
40902,1,1,11,16,0,0,0,9,12,5,28,13
40903,0,1,0,0,0,0,0,0,0,0,0,0
40903,1,1,0,0,0,0,0,0,0,0,0,0
40904,1,1,0,0,0,0,24,0,0,0,0,0
40904,2,1,8,0,0,0,7,0,0,0,0,0
40905,1,1,0,0,0,0,0,26,0,0,25,0
40905,2,1,0,0,7,0,0,0,0,0,0,0
40906,1,1,0,0,0,0,0,0,0,0,0,0
40907,1,1,0,0,0,0,0,0,0,0,0,0
40907,2,1,17,17,17,17,17,17,17,17,17,17
40908,1,1,0,0,0,0,0,0,0,0,0,0
40909,0,1,0,0,0,0,0,0,0,0,0,0
40909,1,1,10,9,13,8,11,13,14,15,14,25
40910,1,1,18,24,27,15,21,15,0,21,17,26
40910,2,1,0,0,0,0,0,0,0,0,0,0
40911,1,1,40,40,40,40,40,40,40,40,40,40
40912,0,1,11,15,0,0,0,0,0,0,0,0
40912,1,1,0,0,0,0,0,0,0,0,0,0
40913,0,1,0,0,0,0,0,0,8,0,0,0
40913,1,1,0,0,0,0,0,16,0,0,0,18
40914,0,1,0,0,28,0,0,0,26,14,0,0
40914,1,1,14,32,16,12,5,7,8,0,0,12
40915,1,1,15,13,26,22,10,14,19,0,23,20
40915,2,1,0,13,12,0,0,13,0,12,15,0
40916,1,1,0,0,0,0,0,0,0,0,0,0
40916,2,1,0,0,0,0,0,0,0,0,0,0
40917,1,1,0,0,0,0,0,0,0,0,0,0
40917,2,1,0,0,0,0,0,0,0,0,0,0
40918,1,1,17,20,0,0,0,21,13,0,0,25
40918,2,1,0,0,0,0,0,0,0,15,0,21
40918,3,1,10,18,0,20,0,16,24,0,0,0
40919,1,1,0,0,0,0,0,0,0,0,0,0
40919,2,1,0,12,12,24,19,0,0,0,0,12
40920,1,1,0,0,0,0,0,0,8,0,0,0
40920,2,1,0,18,0,0,14,0,0,0,0,0
40921,1,1,0,0,0,0,0,0,0,0,0,0
40921,2,1,0,0,0,0,0,0,0,0,0,0
40922,1,1,13,10,0,0,14,0,0,11,31,0
40922,2,1,0,0,0,0,0,0,13,0,0,0
40923,1,1,0,0,0,0,20,0,0,0,0,13
40923,2,1,0,0,0,0,0,11,26,0,0,0
40924,0,1,23,0,22,13,28,0,0,0,0,0
40924,1,1,0,0,0,0,0,0,0,0,0,0
40925,0,1,22,24,9,6,19,21,37,20,17,11
40925,1,1,0,0,0,0,0,24,0,7,34,20
40926,1,1,0,21,0,20,0,22,2,0,0,0
40927,1,1,17,0,7,9,0,0,0,0,11,0
40928,1,1,0,0,0,0,8,0,0,0,0,0
40929,1,1,10,22,30,9,25,14,16,13,22,17
40929,2,1,0,25,26,0,0,0,0,0,0,18
40930,0,1,8,8,8,8,8,8,8,8,8,8
40930,1,1,0,0,0,0,0,0,0,0,0,0
40931,0,1,0,0,0,0,0,0,0,0,0,0
40931,1,1,0,0,0,0,0,0,0,0,13,0
40932,1,1,0,12,0,0,0,0,19,8,0,0
40932,2,1,0,23,0,0,0,13,0,23,0,0
40932,3,1,0,0,0,0,27,0,0,0,0,0
40932,4,1,0,0,0,0,0,0,0,0,5,0
40933,0,1,0,0,0,0,0,0,0,0,0,0
40933,1,1,0,0,0,0,0,0,0,0,0,0
40934,1,1,0,0,0,0,0,0,0,0,0,0
40934,2,1,0,0,0,0,0,0,0,0,0,0
40935,0,1,0,13,30,0,0,0,0,0,7,18
40935,1,1,0,0,0,0,0,0,0,0,0,0
40936,1,1,18,0,0,24,0,0,0,6,11,0
40936,2,1,0,0,0,0,0,0,0,0,0,0
40937,1,1,0,0,0,0,0,0,0,0,0,0
40937,2,1,7,0,18,6,0,0,0,0,0,5
40938,1,1,0,0,0,0,0,0,0,0,0,0
40938,2,1,0,0,0,10,0,0,0,7,0,7
40939,0,1,0,28,0,33,12,23,0,0,0,22
40939,1,1,12,22,26,0,21,0,17,11,12,7
40940,0,1,0,14,28,27,20,0,15,0,0,0
40940,1,1,0,0,8,7,0,0,19,0,27,0
40941,1,1,21,12,13,0,30,21,0,0,13,0
40942,0,1,25,25,25,25,25,25,25,25,25,25
40942,1,1,0,0,20,0,0,0,0,0,0,0
40942,2,1,15,0,0,0,20,0,0,0,13,0
40943,0,1,0,0,0,0,0,0,0,0,0,0
40943,1,1,0,9,0,0,0,19,0,0,0,0
40944,1,1,0,20,13,8,23,13,9,21,21,20
40945,1,1,0,14,0,0,0,0,0,0,0,11
40945,2,1,0,0,0,0,0,0,0,0,7,0
40945,3,1,0,0,0,0,0,0,0,0,0,0
40946,1,1,14,16,0,0,0,6,0,0,0,0
40947,1,1,0,0,0,0,0,0,0,0,0,0
40947,2,1,11,0,0,18,0,0,18,0,0,0
40948,1,1,0,0,0,0,0,5,0,0,0,0
40948,2,1,7,7,7,7,7,7,7,7,7,7
40949,1,1,19,14,9,0,8,16,11,7,9,15
40949,2,1,32,4,3,6,14,22,23,14,17,28
40950,0,1,0,14,0,0,0,0,0,0,0,7
40950,1,1,0,0,0,0,0,0,0,11,0,0
40951,0,1,0,0,18,0,0,24,0,16,0,23
40951,1,1,19,0,0,0,0,0,0,0,0,0
40951,2,1,0,0,0,19,16,21,0,38,0,34
40952,1,1,7,6,9,18,14,19,12,7,38,0
40953,1,1,0,0,23,0,21,15,0,0,0,0
40953,2,1,18,0,21,0,0,0,0,16,0,0
40954,0,1,0,0,0,0,26,17,0,0,12,9
40954,1,1,13,0,5,0,0,0,0,0,0,0
40955,1,1,0,0,0,0,0,0,12,0,0,0
40955,2,1,0,0,0,0,0,0,0,0,0,0
40956,1,1,0,0,0,0,0,12,0,0,0,0
40956,2,1,0,0,0,0,0,0,0,0,0,0
40956,3,1,0,0,0,0,0,0,4,0,0,0
40957,0,1,0,0,0,0,0,0,0,0,0,0
40957,1,1,0,0,0,0,0,0,0,0,0,0
40958,0,1,0,0,0,0,0,0,0,0,0,0
40958,1,1,10,0,0,10,16,0,0,0,0,0
40959,1,1,0,0,0,0,0,0,0,0,0,0
40959,2,1,0,0,25,0,0,0,0,0,0,0
40959,3,1,0,0,0,0,0,0,0,0,0,0
40960,0,1,0,7,0,0,0,27,12,0,0,0
40960,1,1,0,0,0,0,0,0,0,0,0,0
40961,0,1,13,0,24,37,12,14,4,54,38,0
40961,0,2,0,0,20,0,0,0,20,0,0,21
40961,1,1,0,0,0,8,0,0,14,14,9,15
40962,0,1,0,0,0,0,0,0,0,0,0,0
40962,1,1,0,0,18,0,0,0,0,0,0,0
40963,0,1,0,0,0,0,0,0,0,0,0,0
40963,1,1,0,0,0,0,0,0,0,0,0,0
40964,0,1,0,0,0,0,0,0,0,0,0,0
40964,1,1,0,0,0,0,0,0,0,0,0,0
40965,1,1,0,6,4,11,4,13,5,5,12,11
40965,2,1,0,6,0,0,0,0,0,0,0,0
40967,0,1,0,0,0,0,0,0,0,0,0,0
40967,1,1,0,0,0,0,0,0,0,0,0,0
40968,0,1,0,0,0,0,0,0,0,0,0,0
40968,1,1,0,1,0,17,7,8,0,9,10,19
40969,0,1,0,0,0,0,0,0,0,0,0,0
40969,1,1,10,0,18,16,0,0,3,0,0,37
40970,1,1,0,0,0,0,0,0,0,0,0,0
40970,2,1,0,0,0,0,0,0,0,0,0,0
40971,0,1,11,11,4,19,0,38,38,15,28,11
40971,1,1,0,8,8,8,0,0,18,17,3,17
40972,1,1,23,23,10,17,14,8,7,19,32,18
40972,2,1,0,0,0,0,0,0,0,0,0,0
40973,0,1,0,0,13,0,0,0,0,0,0,0
40973,1,1,0,15,18,0,18,13,0,6,0,0
40974,0,1,0,0,9,0,27,0,9,30,14,0
40974,1,1,0,0,0,0,0,0,0,0,0,0
40974,2,1,11,0,0,0,0,28,0,0,0,0
40975,0,1,0,0,0,0,0,0,0,0,0,0
40975,1,1,10,24,12,5,10,9,32,10,8,15
40976,1,1,0,0,0,0,0,0,0,0,0,0
40976,2,1,0,0,0,0,0,0,0,0,8,0
40976,3,1,0,0,0,0,0,0,0,0,0,0
40977,0,1,0,0,0,0,0,8,0,0,29,0
40977,1,1,0,0,0,0,0,0,0,0,0,0
40978,0,1,22,0,18,13,31,25,17,24,0,19
40978,1,1,0,0,0,0,0,0,0,0,0,9
40979,1,1,0,0,0,0,0,0,0,0,0,0
40980,0,1,30,30,30,30,30,30,30,30,30,30
40980,1,1,0,0,0,0,0,0,0,0,0,0
40981,0,1,0,0,0,15,0,13,19,0,0,0
40981,1,1,0,0,27,0,0,0,0,0,0,7
40982,1,1,24,14,0,0,0,0,5,7,18,27
40983,1,1,8,43,21,19,18,6,5,28,5,7
40984,0,1,0,5,0,0,0,18,0,0,0,29
40984,1,1,0,0,0,26,0,20,20,0,17,4
40985,0,1,0,0,0,0,0,0,0,0,0,0
40985,1,1,0,0,0,0,0,0,0,0,21,0
40986,1,1,17,36,30,11,13,9,22,16,35,24
40987,1,1,0,20,0,0,0,30,0,0,0,0
40987,2,1,0,0,0,0,0,0,0,0,0,0
40988,1,1,21,21,21,21,21,21,21,21,21,21
40989,0,1,0,9,0,39,34,0,0,14,0,22
40989,0,2,0,0,0,0,14,0,11,0,0,0
40989,1,1,0,0,0,10,16,0,0,13,0,23
40990,1,1,21,15,20,0,0,0,8,0,0,2
40991,0,1,35,35,35,35,35,35,35,35,35,35
40991,1,1,0,0,0,0,0,0,0,0,20,0
40992,0,1,0,0,0,0,0,0,0,0,0,0
40992,1,1,8,4,16,13,6,8,18,18,6,9
40993,0,1,0,35,0,0,18,0,0,0,12,0
40993,1,1,0,0,0,0,14,0,0,14,0,0
40994,1,1,0,0,0,12,0,0,0,10,0,6
40994,2,1,0,0,0,4,0,0,0,0,0,10
40995,1,1,0,0,0,0,0,0,0,0,0,0
40995,2,1,0,0,0,0,0,0,0,0,0,0
40996,1,1,0,0,12,0,9,17,9,0,0,0
40996,2,1,0,0,0,0,0,0,0,0,0,0
40997,1,1,0,0,0,0,0,0,0,0,0,0
40997,2,1,0,10,30,4,0,35,27,7,29,25
40997,3,1,6,17,0,0,19,0,0,0,0,0
40997,4,1,14,0,0,21,0,0,11,0,0,11
40998,1,1,0,3,0,7,7,0,0,0,0,0
40998,2,1,16,16,16,16,16,16,16,16,16,16
40999,1,1,0,0,35,0,0,0,0,0,0,21
40999,2,1,0,0,0,0,0,0,0,0,0,0
40999,3,1,0,0,0,0,0,5,0,0,0,0
40999,4,1,0,0,0,0,0,0,0,0,0,0
41000,1,1,0,0,0,0,0,0,0,0,0,0
41000,2,1,0,0,0,0,0,0,0,0,0,0
41001,1,1,0,0,0,0,0,0,0,0,0,0
41001,2,1,0,0,0,0,0,34,0,0,0,19
41002,0,1,21,21,21,21,21,21,21,21,21,21
41002,1,1,0,0,23,25,27,7,14,0,4,28
41003,1,1,0,0,8,0,12,0,0,0,0,8
41003,2,1,0,16,0,0,0,0,0,25,37,9
41004,0,1,28,28,28,28,28,28,28,28,28,28
41004,1,1,18,0,0,6,4,12,13,0,0,0
41005,1,1,26,0,0,13,0,0,0,0,16,0
41006,1,1,0,17,0,0,0,8,0,0,23,0
41007,1,1,30,30,30,30,30,30,30,30,30,30
41008,0,1,0,0,0,0,0,0,0,23,14,0
41008,1,1,7,29,5,12,4,18,0,9,20,17
41009,1,1,0,0,26,0,0,0,0,0,0,0
41009,2,1,0,0,0,0,0,0,0,0,0,0
41009,3,1,0,0,0,0,0,0,0,0,0,0
41009,4,1,0,0,0,0,0,0,0,0,0,0
41010,0,1,0,4,40,0,25,0,16,0,0,0
41010,1,1,0,0,0,0,0,0,0,0,0,0
41011,1,1,0,0,0,0,0,0,0,16,0,0
41011,2,1,0,0,8,0,0,0,0,0,0,0
41011,3,1,14,0,0,0,0,0,0,0,0,0
41012,0,1,0,0,0,8,0,0,0,9,16,23
41012,1,1,0,0,0,0,0,0,0,0,0,0
41013,0,1,0,29,7,0,0,21,0,0,0,0
41013,1,1,0,0,0,0,0,0,0,0,0,0
41014,0,1,29,0,0,0,0,0,0,0,0,0
41014,0,2,0,0,0,0,0,0,0,0,11,2
41014,0,3,0,0,0,0,0,0,28,0,0,0
41014,0,4,0,26,0,0,0,22,0,0,0,28
41014,0,5,15,0,0,0,0,0,0,0,0,0
41014,0,6,0,0,0,0,0,0,0,0,0,0
41014,0,7,0,0,0,0,16,0,16,18,0,0
41014,0,8,0,0,0,0,0,0,16,0,0,17
41014,0,9,0,0,0,0,24,0,0,0,0,0
41014,1,1,0,0,0,0,0,0,7,0,0,24
41015,0,1,0,0,0,0,0,0,0,0,0,0
41015,0,2,0,0,0,0,0,0,0,15,0,0
41015,0,3,0,0,0,0,0,28,0,0,0,9
41015,0,4,0,0,0,0,0,0,22,0,0,0
41015,0,5,0,0,0,0,0,0,23,0,0,0
41015,1,1,0,0,0,0,0,0,0,21,0,0
41015,2,1,0,15,0,0,0,0,0,0,0,0
41016,1,1,0,19,0,32,21,0,15,16,17,12
41017,1,1,0,0,0,13,0,10,0,0,0,0
41017,2,1,0,0,0,0,0,0,0,0,0,0
41018,0,1,0,31,0,22,0,0,0,23,8,18
41018,1,1,10,0,10,0,12,9,0,18,11,4
41019,0,1,0,0,0,0,0,21,0,0,0,0
41019,1,1,0,0,25,0,20,0,0,0,0,0
41020,0,1,0,0,0,0,0,0,0,0,0,0
41020,1,1,0,0,6,17,19,16,13,11,6,0
41021,1,1,0,19,10,18,13,13,16,4,21,17
41021,2,1,19,0,17,0,0,0,0,0,0,0
41023,1,1,0,0,0,0,0,0,0,16,0,20
41024,1,1,0,11,0,0,0,0,0,7,0,0
41024,2,1,0,0,0,0,0,0,0,0,0,0
41025,1,1,0,0,0,0,0,0,0,0,0,0
41026,0,1,0,10,0,0,0,18,0,0,0,0
41026,1,1,0,0,0,0,0,0,0,0,0,0
41027,1,1,0,0,0,0,0,0,0,0,0,28
41027,2,1,0,0,0,0,0,0,0,0,0,0
41028,1,1,0,0,0,0,14,21,10,22,0,0
41029,1,1,20,0,0,0,0,9,0,0,0,0
41029,2,1,0,19,0,28,0,8,0,0,0,0
41030,1,1,0,17,31,0,6,31,0,0,0,0
41031,1,1,0,0,0,0,0,9,0,0,0,0
41031,2,1,0,0,0,0,0,0,0,0,0,30
41032,1,1,16,16,16,16,16,16,16,16,16,16
41033,1,1,0,0,16,12,13,25,9,0,0,14
41034,1,1,17,14,17,0,0,0,0,13,0,11
41035,1,1,17,17,17,17,17,17,17,17,17,17
41036,0,1,37,37,37,37,37,37,37,37,37,37
41036,1,1,6,8,9,38,0,12,0,7,0,25
41037,0,1,0,0,0,0,0,0,0,0,0,0
41037,1,1,0,0,0,0,0,0,0,0,0,0
41038,0,1,38,38,38,38,38,38,38,38,38,38
41038,1,1,0,0,0,0,0,0,0,0,0,0
41040,1,1,0,14,0,0,0,0,0,0,0,9
41040,2,1,0,0,0,0,0,0,0,0,0,0
41040,3,1,0,0,0,0,0,0,0,0,0,0
41040,4,1,0,0,0,0,0,0,0,0,0,0
41040,5,1,0,0,0,0,0,0,0,0,0,0
41040,6,1,0,0,0,0,0,0,0,0,0,0
41040,7,1,0,0,0,0,7,0,0,0,0,0
41040,8,1,0,0,0,0,0,0,0,0,0,0
41041,1,1,13,25,0,0,0,0,0,0,0,0
41041,2,1,0,0,0,7,15,23,0,0,0,0
41041,3,1,0,0,0,27,0,0,0,0,0,0
41041,4,1,0,0,0,0,0,0,0,0,0,0
41041,5,1,0,0,0,0,0,15,0,0,0,0
41042,1,1,0,0,0,0,0,0,0,0,0,0
41042,2,1,0,0,0,0,0,0,0,0,0,0
41043,1,1,0,0,0,0,0,0,0,0,0,11
41043,2,1,0,0,0,0,0,0,0,0,0,0
41044,1,1,0,0,0,3,0,0,0,0,0,0
41044,2,1,0,0,0,0,0,0,0,0,0,0
41045,0,1,19,19,19,19,19,19,19,19,19,19
41045,1,1,0,0,11,0,6,13,18,11,15,0
41046,1,1,0,0,0,0,0,6,0,0,0,0
41046,2,1,0,0,0,0,0,21,0,0,0,0
41047,1,1,0,22,21,39,0,0,21,13,0,0
41048,1,1,18,19,0,16,33,8,14,34,0,21
41049,1,1,0,0,0,0,0,0,0,0,0,0
41049,2,1,0,0,0,0,0,0,0,0,0,0
41050,1,1,0,3,0,8,0,0,0,0,0,0
41050,2,1,0,0,0,0,0,0,0,0,0,0
41051,0,1,32,0,0,0,0,0,0,20,0,0
41051,1,1,0,0,9,0,13,0,7,0,0,0
41051,2,1,0,0,0,0,25,5,0,0,17,0
41052,0,1,0,0,0,29,0,0,0,0,30,21
41052,1,1,11,0,14,12,0,6,10,4,17,23
41053,1,1,11,12,9,9,0,23,16,20,2,15
41053,2,1,6,0,0,0,0,0,0,0,0,0
41054,0,1,0,0,0,0,0,30,32,0,0,30
41054,1,1,0,10,0,32,0,0,0,6,0,36
41055,0,1,8,31,24,7,20,14,15,11,12,18
41055,1,1,0,0,0,0,0,0,0,0,0,0
41056,1,1,0,0,0,0,0,0,0,0,0,0
41056,2,1,0,4,24,0,0,18,0,0,0,0
41056,3,1,0,0,0,0,0,0,0,0,0,0
41057,1,1,21,20,0,25,0,0,0,0,0,0
41058,1,1,18,18,18,18,18,18,18,18,18,18
41060,1,1,0,0,0,0,0,0,0,0,0,0
41061,1,1,0,0,0,0,0,0,0,0,11,18
41061,2,1,16,0,0,0,0,0,0,0,0,0
41062,0,1,0,0,0,0,17,0,0,0,0,29
41062,1,1,21,24,6,4,14,0,0,10,0,10
41063,0,1,22,22,22,22,22,22,22,22,22,22
41063,1,1,0,0,16,10,4,7,0,18,28,0
41064,0,1,0,0,0,22,0,0,22,0,0,0
41064,1,1,32,0,19,11,15,28,0,0,8,13
41065,1,1,18,15,19,13,10,32,15,12,9,20
41066,1,1,9,19,0,13,19,0,14,36,15,11
41067,1,1,15,0,0,0,0,0,0,0,0,0
41067,2,1,18,14,6,0,0,0,0,15,0,20
41068,1,1,14,0,0,0,0,7,0,0,0,17
41068,2,1,25,25,25,25,25,25,25,25,25,25
41069,1,1,22,0,8,0,0,0,0,0,0,9
41070,1,1,27,19,0,0,17,0,0,25,0,0
41070,2,1,0,0,0,13,0,0,0,0,0,0
41071,0,1,32,32,32,32,32,32,32,32,32,32
41071,1,1,0,0,0,5,19,0,7,0,4,15
41072,1,1,12,28,0,0,15,15,0,0,17,0
41073,1,1,0,0,0,0,0,0,0,0,0,0
41074,1,1,33,0,0,14,12,0,19,0,10,11
41075,0,1,21,21,21,21,21,21,21,21,21,21
41075,1,1,7,11,0,0,14,0,0,18,16,0
41076,0,1,0,0,0,0,0,0,0,0,0,0
41076,1,1,0,0,10,3,12,17,6,0,3,0
41077,1,1,12,12,12,12,12,12,12,12,12,12
41077,2,1,12,12,12,12,12,12,12,12,12,12
41078,1,1,23,27,17,0,26,0,21,21,0,17
41079,1,1,0,0,0,0,12,0,0,0,0,0
41079,2,1,0,0,0,0,0,0,0,0,0,0
41080,0,1,22,25,6,34,0,8,0,13,22,0
41080,0,2,0,0,0,0,0,0,0,6,0,0
41080,0,3,0,18,0,13,19,0,0,0,26,30
41080,1,1,0,0,0,0,0,0,12,0,0,4
41081,0,1,27,16,13,0,31,0,18,31,27,0
41081,1,1,0,12,0,0,16,13,0,21,15,0
41082,1,1,0,0,0,0,0,0,0,0,0,0
41083,1,1,0,17,0,0,16,0,0,0,0,0
41083,2,1,0,0,0,0,0,0,0,0,0,0
41084,1,1,0,0,0,0,0,0,0,0,0,0
41086,0,1,0,0,0,0,0,0,0,0,0,0
41086,1,1,0,0,0,0,0,0,0,0,0,0
41087,1,1,0,16,8,0,14,0,16,0,0,0
41088,1,1,16,0,30,9,0,11,0,27,21,0
41089,1,1,0,0,0,0,0,0,0,0,0,0
41089,2,1,0,0,0,0,0,0,0,0,0,0
41090,1,1,0,15,15,0,14,25,19,0,25,10
41091,0,1,27,27,27,27,27,27,27,27,27,27
41091,1,1,0,0,0,0,0,0,0,0,0,0
41091,2,1,0,0,0,0,0,0,0,0,0,0
41092,1,1,0,24,0,0,0,0,11,0,0,0
50001,1,1,16,16,16,16,16,16,16,16,16,16
50002,0,1,0,20,4,0,24,38,0,6,0,0
50002,0,2,0,17,0,0,0,3,0,0,12,22
50002,0,3,29,0,0,12,9,0,53,21,18,0
50002,1,1,3,3,3,3,3,3,3,3,3,3
50003,1,1,7,7,7,7,7,7,7,7,7,7
50004,1,1,27,27,27,27,27,27,27,27,27,27
50005,0,1,0,0,0,0,0,0,0,0,0,0
50005,1,1,0,0,0,0,0,0,0,0,0,0
50006,1,1,0,0,0,0,0,0,0,0,0,0
50007,1,1,0,0,0,0,0,0,0,0,0,0
50008,0,1,0,0,0,0,0,0,0,0,0,0
50008,1,1,0,0,0,0,0,0,0,0,0,0
50009,1,1,0,0,0,0,0,0,0,0,0,0
50010,1,1,0,0,0,0,0,0,20,0,0,0
50010,2,1,0,0,0,0,0,0,0,0,0,0
50011,1,1,23,23,23,23,23,23,23,23,23,23
50011,2,1,0,0,0,0,0,0,0,0,0,0
50011,3,1,0,0,0,0,14,0,19,0,0,0
50012,1,1,0,0,0,0,0,0,0,0,0,0
50012,2,1,0,0,0,0,0,0,0,0,0,0
50013,1,1,17,17,17,17,17,17,17,17,17,17
50014,1,1,0,0,0,0,0,0,0,0,0,0
50015,1,1,0,0,0,0,0,0,0,0,0,0
50016,0,1,40,0,0,35,0,0,10,28,0,0
50016,1,1,0,0,0,0,0,0,0,0,0,0
50017,0,1,0,0,0,0,0,0,0,0,0,0
50017,1,1,0,0,25,0,0,0,2,0,0,0
50018,1,1,0,0,0,0,0,0,0,0,0,0
50019,1,1,0,0,0,0,0,0,0,0,0,0
50020,1,1,21,18,23,16,14,21,15,9,20,26
50021,1,1,0,0,0,0,0,0,0,0,0,0
50021,2,1,0,0,0,0,0,0,0,0,0,0