ST_CASE,VEH_NO,PER_NO,P1,P2,P3,P4,P5,P6,P7,P8,P9,P10
50350,3,1,0,0,0,0,0,0,0,0,0,0
50350,4,1,0,0,0,0,0,0,0,0,0,0
50351,0,1,0,0,0,0,0,0,0,0,0,0
50351,1,1,0,0,0,0,0,0,0,0,0,0
50352,1,1,11,11,11,11,11,11,11,11,11,11
50353,1,1,0,22,0,0,0,21,12,0,0,0
50354,1,1,0,0,0,0,0,0,0,0,0,0
50355,0,1,0,0,0,0,0,0,0,0,0,0
50355,1,1,0,0,0,0,0,0,0,0,0,0
50355,2,1,0,0,0,0,0,0,0,0,0,0
50356,1,1,0,0,0,0,0,0,0,0,0,0
50357,1,1,0,0,16,0,0,0,0,0,0,0
50358,1,1,0,0,0,0,0,0,0,0,0,0
50359,1,1,6,6,6,6,6,6,6,6,6,6
50360,1,1,0,0,0,0,0,0,0,0,0,0
50360,2,1,0,0,0,0,0,0,0,0,0,0
50361,1,1,21,21,21,21,21,21,21,21,21,21
50362,1,1,0,0,0,0,0,0,0,0,0,0
50363,1,1,0,0,0,0,0,0,0,0,0,0
50363,2,1,0,0,0,0,0,0,0,0,0,0
50364,1,1,0,0,0,0,0,0,0,0,0,0
50365,1,1,0,0,0,0,0,0,0,0,0,0
50365,2,1,0,0,0,0,0,0,0,0,0,0
50366,1,1,0,0,0,0,0,0,0,0,0,0
50367,1,1,0,0,0,0,0,0,0,0,0,0
50367,2,1,0,0,0,0,0,0,0,0,0,0
50368,1,1,0,0,0,0,0,0,0,0,0,0
50369,1,1,0,0,0,0,0,0,0,0,0,0
50369,2,1,0,0,0,0,0,0,0,0,0,0
50370,1,1,0,0,0,0,0,0,0,0,0,0
50371,1,1,18,13,26,5,13,0,0,21,23,0
50372,1,1,11,11,11,11,11,11,11,11,11,11
50373,1,1,0,0,0,0,0,0,0,0,0,0
50374,1,1,0,0,0,0,0,6,0,0,0,0
50375,0,1,32,32,32,32,32,32,32,32,32,32
50375,1,1,0,0,0,0,0,0,0,0,0,0
50376,1,1,0,0,0,0,0,0,0,0,0,0
50376,2,1,0,0,17,0,24,0,0,0,0,0
50376,3,1,0,0,0,0,0,0,0,0,0,0
50376,4,1,0,0,0,0,0,0,0,0,0,0
50377,1,1,0,0,0,0,0,0,0,0,0,0
50377,2,1,0,0,0,0,0,0,0,0,0,0
50378,1,1,15,0,0,16,0,17,13,0,0,13
50379,1,1,0,0,0,0,0,0,0,0,0,0
50379,2,1,0,0,0,0,0,0,0,0,0,0
50379,3,1,0,0,0,0,0,0,0,0,0,0
50379,4,1,0,0,0,0,0,0,0,0,0,0
50380,1,1,17,17,17,17,17,17,17,17,17,17
50380,2,1,0,0,0,0,0,0,0,0,0,0
50380,3,1,0,0,0,0,0,0,0,0,0,0
50381,0,1,16,24,26,0,14,0,0,0,0,0
50381,1,1,0,0,0,0,0,0,0,0,0,0
50382,1,1,0,0,0,0,0,0,0,0,0,0
50383,1,1,0,0,0,0,0,0,0,0,0,0
50383,2,1,0,0,0,0,0,0,0,0,0,0
50384,1,1,20,20,20,20,20,20,20,20,20,20
50385,1,1,0,0,0,0,0,0,0,0,0,0
50385,2,1,0,0,0,0,0,0,0,0,0,0
50386,1,1,27,27,27,27,27,27,27,27,27,27
50386,2,1,0,0,0,0,0,0,0,0,0,0
50387,1,1,29,29,29,29,29,29,29,29,29,29
50388,1,1,0,0,16,14,0,0,0,0,0,0
50389,1,1,0,0,0,0,0,0,0,0,0,0
50389,2,1,0,0,0,0,0,0,0,0,0,0
50390,1,1,0,0,0,0,0,0,0,0,0,0
50390,2,1,9,9,9,9,9,9,9,9,9,9
50391,1,1,16,16,16,16,16,16,16,16,16,16
50392,0,1,0,0,0,0,0,0,0,0,0,0
50392,1,1,0,0,0,0,0,0,0,0,0,0
50393,1,1,0,0,0,0,0,0,0,0,0,0
50394,1,1,20,20,20,20,20,20,20,20,20,20
50394,2,1,0,0,0,0,0,0,0,0,0,0
50395,0,1,0,0,0,0,0,0,0,0,0,0
50395,1,1,0,0,0,0,0,0,0,0,0,0
50396,1,1,0,0,0,0,0,0,0,0,0,0
50397,1,1,5,5,5,5,5,5,5,5,5,5
50398,0,1,24,24,24,24,24,24,24,24,24,24
50398,1,1,0,0,0,0,0,0,0,0,0,0
50399,1,1,23,23,23,23,23,23,23,23,23,23
50399,2,1,4,4,4,4,4,4,4,4,4,4
50400,1,1,0,0,0,0,6,0,0,0,0,0
50401,1,1,16,16,16,16,16,16,16,16,16,16
50402,1,1,0,0,0,0,0,0,0,0,0,0
50402,2,1,0,0,0,0,0,0,0,0,0,0
50403,0,1,0,0,0,0,0,0,0,0,0,0
50403,1,1,0,0,0,0,0,0,0,0,0,0
50404,1,1,0,0,0,0,0,0,0,0,0,0
50404,2,1,0,0,0,0,0,0,0,0,0,0
50405,1,1,0,0,0,0,0,0,0,0,0,0
50406,1,1,22,22,22,22,22,22,22,22,22,22
50407,1,1,29,29,29,29,29,29,29,29,29,29
50408,1,1,0,0,0,0,0,0,0,0,0,0
50408,2,1,0,0,0,0,0,0,0,0,0,0
50409,2,1,0,0,0,0,0,0,0,0,0,0
50410,1,1,0,0,0,0,0,0,0,0,0,0
50410,2,1,0,0,0,0,8,0,0,0,0,0
50410,3,1,0,0,0,0,0,16,0,0,0,0
50411,1,1,0,0,0,0,0,0,0,0,0,0
50412,1,1,0,0,0,0,0,0,0,0,0,0
50412,2,1,0,0,0,0,0,0,0,0,0,0
50413,1,1,0,0,0,0,0,0,0,0,0,0
50414,1,1,20,20,20,20,20,20,20,20,20,20
50415,1,1,19,19,19,19,19,19,19,19,19,19
50416,1,1,0,0,0,0,0,0,0,0,0,0
50417,1,1,18,0,9,25,11,13,0,8,0,0
50417,2,1,0,15,0,0,0,4,0,17,0,23
50418,1,1,0,0,0,0,0,0,0,0,0,0
50419,1,1,0,0,0,0,0,0,0,0,0,0
50419,2,1,0,0,0,0,0,0,0,0,0,0
50420,1,1,0,0,0,0,0,0,0,0,0,0
50420,2,1,0,0,0,0,0,0,0,0,0,0
50421,1,1,19,19,19,19,19,19,19,19,19,19
50422,1,1,0,0,0,0,0,0,0,0,0,0
50422,2,1,2,2,2,2,2,2,2,2,2,2
50423,1,1,34,0,0,0,0,0,0,0,0,22
50424,1,1,4,4,4,4,4,4,4,4,4,4
50425,1,1,23,9,17,20,11,10,25,14,10,19
50426,1,1,0,0,0,0,0,0,0,0,0,0
50426,2,1,0,0,0,0,0,0,0,0,6,0
50427,0,1,30,18,0,0,15,0,0,0,0,8
50427,1,1,18,20,4,17,9,8,15,10,0,0
50428,1,1,1,1,1,1,1,1,1,1,1,1
50428,2,1,0,0,0,0,0,0,0,0,0,0
50429,1,1,0,0,0,0,0,0,0,0,0,0
50430,0,1,0,0,0,16,0,0,0,0,26,0
50430,1,1,0,0,0,0,0,0,0,0,0,0
50431,1,1,0,0,0,0,0,0,0,0,0,0
50431,2,1,0,0,0,0,0,0,0,0,0,0
50432,0,1,0,0,0,0,0,0,0,0,20,0
50432,1,1,0,0,0,0,0,0,0,0,0,0
50433,1,1,34,34,34,34,34,34,34,34,34,34
50433,2,1,0,0,0,0,0,0,0,0,0,0
50434,1,1,0,0,0,0,0,0,0,0,0,0
50434,2,1,0,0,0,0,0,0,0,0,0,0
50434,3,1,0,0,0,0,0,0,0,0,0,0
50435,1,1,23,23,23,23,23,23,23,23,23,23
50435,2,1,0,0,0,0,0,0,23,0,0,8
50436,1,1,11,17,33,37,12,23,0,13,3,26
50437,1,1,0,0,0,0,0,0,0,0,0,0
50437,2,1,0,0,0,0,0,0,0,0,0,0
50438,1,1,0,0,0,0,0,0,0,0,0,0
50438,2,1,0,0,0,0,0,0,0,0,0,0
50439,1,1,0,0,0,0,0,0,0,0,0,0
50439,2,1,0,0,0,0,0,0,0,0,0,0
50440,1,1,0,17,8,23,17,14,27,8,22,3
50440,2,1,0,0,0,0,0,0,0,0,0,0
50441,1,1,0,0,0,0,0,0,0,0,0,0
50442,1,1,0,0,11,0,0,0,0,0,0,0
50443,1,1,22,20,14,23,13,0,22,0,6,22
50444,1,1,0,0,0,0,0,0,0,0,0,0
50444,2,1,0,0,0,0,0,0,0,0,0,0
50445,1,1,25,25,25,25,25,25,25,25,25,25
50446,1,1,0,0,0,0,0,0,0,0,0,0
50446,2,1,0,0,0,0,14,0,0,0,0,0
50447,0,1,0,0,0,0,0,0,0,0,0,0
50447,1,1,0,0,0,0,0,0,0,0,0,0
50448,1,1,0,0,0,0,0,0,0,0,0,0
50449,1,1,0,0,0,0,0,0,0,0,0,0
50450,1,1,14,14,14,14,14,14,14,14,14,14
50450,2,1,0,0,0,0,0,0,0,0,0,0
50451,1,1,14,14,14,14,14,14,14,14,14,14
50452,0,1,0,0,0,0,0,0,0,0,0,0
50452,1,1,0,0,0,4,0,0,0,0,0,0
50453,1,1,25,25,25,25,25,25,25,25,25,25
50453,2,1,0,0,0,0,0,0,0,0,0,0
50454,1,1,10,10,10,10,10,10,10,10,10,10
50455,0,1,0,0,0,0,0,0,0,0,0,0
50455,1,1,0,0,0,0,0,0,0,0,0,0
50456,1,1,0,0,0,0,0,0,0,0,0,0
50456,2,1,0,0,0,0,0,0,0,0,0,0
50457,1,1,0,0,0,0,0,0,0,0,0,0
50457,2,1,0,0,0,0,0,0,0,0,0,0
50458,1,1,20,17,13,18,22,10,13,15,11,17
50459,1,1,0,0,0,0,0,0,0,0,0,0
50460,1,1,14,14,14,14,14,14,14,14,14,14
50460,2,1,0,0,0,0,0,0,0,0,0,0
50461,1,1,0,0,0,0,0,0,0,0,0,0
50461,2,1,0,0,0,0,0,0,0,0,0,0
50461,3,1,0,0,0,0,0,0,0,0,0,0
50462,1,1,0,0,0,0,0,0,0,0,0,0
50462,2,1,0,0,0,0,0,0,0,0,0,0
50463,1,1,0,0,0,0,0,0,0,0,0,0
50463,2,1,0,0,0,0,0,0,0,0,0,0
50464,0,1,0,43,0,17,0,34,0,26,0,0
50464,1,1,9,0,0,0,0,0,0,0,0,0
50464,2,1,0,0,0,0,0,0,0,0,0,0
50465,1,1,0,0,0,0,0,0,0,0,0,0
50465,2,1,0,0,0,0,0,0,0,0,0,0
50466,1,1,0,0,0,0,0,0,0,0,0,0
50466,2,1,0,0,0,0,0,0,0,0,0,0
50467,1,1,0,0,0,0,0,0,0,0,0,0
50467,2,1,0,0,0,0,0,0,0,0,0,0
50468,1,1,19,19,19,19,19,19,19,19,19,19
50469,1,1,0,0,0,0,0,0,0,0,0,0
50470,1,1,0,0,0,0,0,0,0,0,0,0
50470,2,1,9,9,9,9,9,9,9,9,9,9
50471,0,1,0,0,0,0,0,0,0,0,0,0
50471,1,1,0,0,0,0,0,0,0,0,0,0
50472,1,1,0,0,0,0,0,0,0,0,0,0
50472,2,1,0,0,0,0,0,0,0,0,0,0
50473,0,1,0,0,0,13,0,0,0,0,15,0
50473,1,1,23,23,23,23,23,23,23,23,23,23
50474,1,1,0,0,0,0,0,0,0,0,0,0
50475,1,1,11,11,11,11,11,11,11,11,11,11
50476,1,1,0,0,0,0,0,0,0,0,0,0
50476,2,1,0,0,0,0,0,2,0,0,0,0
50477,1,1,0,20,24,0,0,0,0,0,0,0
50478,1,1,0,0,0,0,0,0,0,0,0,0
50478,2,1,0,0,0,0,0,0,0,0,0,0
50479,0,1,0,0,0,0,0,0,0,0,0,0
50479,1,1,0,13,0,0,0,0,0,0,0,0
50480,0,1,0,0,0,0,0,0,0,0,0,0
50480,1,1,0,0,0,0,0,0,0,0,0,0
50481,1,1,0,0,0,0,14,0,33,0,32,7
50482,0,1,0,0,19,0,0,0,0,0,0,10
50482,1,1,0,10,26,18,11,22,21,26,0,19
50483,1,1,0,0,0,0,0,0,0,0,0,0
50483,2,1,0,0,0,0,18,20,17,0,0,10
50484,1,1,0,0,17,0,0,0,0,20,0,0
50484,2,1,0,0,0,3,12,0,0,16,0,0
50485,0,1,0,0,0,0,0,0,0,0,0,0
50485,1,1,16,7,14,0,14,11,17,6,0,17
50486,1,1,0,0,0,0,0,0,0,0,0,0
50486,2,1,0,0,0,0,0,0,0,0,0,0
50487,1,1,0,0,0,0,0,0,0,0,0,0
50487,2,1,0,0,0,0,0,0,0,0,0,0
50488,1,1,0,0,0,0,0,0,0,0,0,0
50488,2,1,0,0,0,0,0,0,0,0,0,0
50489,0,1,0,0,0,0,0,0,0,0,0,0
50489,1,1,0,0,0,0,0,0,0,0,0,0
50490,1,1,4,8,21,17,27,2,22,16,16,28
50491,1,1,17,21,26,39,14,20,47,17,29,21
50492,1,1,0,19,13,0,9,0,29,0,0,0
50492,2,1,0,0,0,0,0,0,0,0,0,0
50493,0,1,0,0,13,0,0,0,0,0,0,0
50493,1,1,0,0,0,0,0,0,0,0,0,0
50494,1,1,0,0,0,0,0,0,0,0,0,0
50495,1,1,0,0,0,0,0,0,0,0,0,0
50495,2,1,0,0,0,0,0,0,0,0,0,0
50496,1,1,0,26,0,0,0,0,0,0,0,0
50497,1,1,0,0,0,0,0,0,0,0,0,0
50498,1,1,0,0,0,0,0,0,0,0,0,0
50499,1,1,0,0,0,0,0,0,0,0,0,18
50499,2,1,0,0,0,0,0,0,0,0,0,0
50500,1,1,0,0,0,0,0,0,0,0,0,0
50500,2,1,0,0,0,0,0,0,0,0,0,0
50501,1,1,0,0,0,0,0,0,0,0,0,0
50501,2,1,0,0,0,0,0,0,0,0,0,0
50502,1,1,10,10,10,10,10,10,10,10,10,10
50503,1,1,0,30,16,5,3,16,0,5,0,29
50503,2,1,2,2,2,2,2,2,2,2,2,2
50503,3,1,0,0,0,0,0,0,0,0,0,0
50504,1,1,25,25,25,25,25,25,25,25,25,25
50505,1,1,0,0,0,0,0,0,0,0,0,0
50506,1,1,22,7,8,4,17,17,13,7,13,21
50506,2,1,0,0,11,0,0,0,28,0,0,0
50507,1,1,0,0,0,0,0,0,0,27,0,0
50508,0,1,33,33,33,33,33,33,33,33,33,33
50508,1,1,20,0,0,0,0,0,0,17,0,0
50509,1,1,44,44,44,44,44,44,44,44,44,44
50509,2,1,0,0,0,0,0,0,0,0,0,0
50510,1,1,0,0,0,0,0,0,0,0,0,0
50510,2,1,16,16,16,16,16,16,16,16,16,16
50511,1,1,0,0,0,0,0,0,0,0,0,0
50511,2,1,0,0,0,0,0,0,0,0,0,0
50513,1,1,13,13,13,13,13,13,13,13,13,13
50514,1,1,1,1,1,1,1,1,1,1,1,1
50514,2,1,0,0,10,0,13,0,0,0,0,0
50515,0,1,0,0,0,0,0,0,0,0,0,0
50515,1,1,0,0,0,0,0,0,0,0,0,0
50516,1,1,0,0,0,0,0,0,0,0,0,0
50517,1,1,0,0,0,0,0,0,0,0,0,0
50517,2,1,0,0,0,0,0,0,0,0,0,0
50518,1,1,0,0,0,0,0,0,0,0,0,0
50518,2,1,0,0,0,0,0,0,0,0,0,0
50518,3,1,0,0,0,0,0,0,0,0,0,0
50519,1,1,20,20,20,20,20,20,20,20,20,20
50520,1,1,0,0,0,0,0,0,0,0,0,0
50521,1,1,14,14,14,14,14,14,14,14,14,14
50522,0,1,0,0,0,0,0,0,0,43,0,28
50522,1,1,0,0,0,0,0,0,0,0,0,0
50523,1,1,0,0,0,0,0,0,0,0,0,0
50524,1,1,0,0,0,0,0,0,0,0,0,0
50524,2,1,0,0,0,0,0,0,0,0,0,0
50524,3,1,0,0,0,0,0,0,0,0,0,0
50525,0,1,27,10,30,32,22,18,11,18,0,0
50525,1,1,0,0,0,0,0,0,0,0,0,0
50526,1,1,0,0,0,0,0,0,0,0,0,0
50526,2,1,13,13,13,13,13,13,13,13,13,13
50527,0,1,0,32,0,0,0,43,0,5,13,0
50527,1,1,0,0,0,0,0,0,0,0,0,0
50527,2,1,0,0,4,21,0,0,0,0,0,0
50528,2,1,2,2,2,2,2,2,2,2,2,2
50529,1,1,0,0,0,0,0,0,0,0,0,0
50529,2,1,0,0,0,0,0,0,0,0,0,0
50530,1,1,0,0,0,0,0,0,0,0,0,0
50530,2,1,0,0,0,0,0,0,0,0,0,0
50531,1,1,19,19,19,19,19,19,19,19,19,19
50532,1,1,8,8,8,8,8,8,8,8,8,8
50532,2,1,0,0,0,0,0,0,0,0,0,0
50533,1,1,39,39,39,39,39,39,39,39,39,39
50534,1,1,0,0,5,0,0,0,0,0,0,0
50534,2,1,0,0,0,0,0,0,0,0,0,0
50535,0,1,0,0,0,0,0,0,0,0,0,0
50535,1,1,0,0,0,0,0,0,0,0,0,0
50536,1,1,12,12,12,12,12,12,12,12,12,12
50537,1,1,23,23,23,23,23,23,23,23,23,23
50537,2,1,0,0,0,0,0,0,0,0,0,0
50538,1,1,0,0,0,0,0,0,0,0,0,0
50539,1,1,0,0,0,0,0,0,0,0,0,0
50540,1,1,9,9,9,9,9,9,9,9,9,9
50540,2,1,0,0,0,0,0,0,0,0,0,0
50541,1,1,0,0,0,0,0,0,0,0,0,0
50541,2,1,0,0,0,0,0,0,0,0,0,0
50541,3,1,0,0,0,0,0,0,0,0,0,0
50542,1,1,0,0,0,0,0,0,0,0,0,0
50543,1,1,0,0,0,0,0,0,0,0,0,0
50544,1,1,0,0,0,0,0,0,0,0,0,0
50545,1,1,0,0,0,0,0,0,0,0,0,0
50545,2,1,0,0,0,0,0,0,0,0,0,0
50546,1,1,0,0,0,0,0,0,0,0,0,0
50546,2,1,0,0,0,0,0,0,0,0,0,0
50547,1,1,0,0,0,21,0,0,0,0,0,0
50547,2,1,0,13,2,0,0,9,8,6,0,0
50547,3,1,0,0,0,0,0,0,0,0,0,0
50548,0,1,0,0,0,0,0,0,0,0,0,0
50548,1,1,0,0,0,0,0,0,0,0,0,0
50549,1,1,25,25,25,25,25,25,25,25,25,25
50550,0,1,0,0,0,0,0,0,0,0,0,0
50550,1,1,3,3,3,3,3,3,3,3,3,3
50551,1,1,12,6,0,7,5,0,16,0,0,14
50552,1,1,0,0,0,0,0,0,17,0,0,0
50552,2,1,0,0,0,0,0,0,0,0,0,0
50552,3,1,0,0,0,0,0,0,0,0,0,0
50553,1,1,31,0,0,0,8,31,8,18,5,14
50554,1,1,0,17,0,0,0,0,0,0,11,0
50554,2,1,0,0,0,0,0,0,19,0,17,0
50555,1,1,10,0,21,12,21,7,31,28,0,12
50555,2,1,0,0,0,0,0,0,0,0,0,0
50556,1,1,0,0,0,0,26,0,0,0,0,0
50556,2,1,0,0,0,0,0,0,0,0,0,0
50557,1,1,0,0,0,0,0,0,0,0,0,0
50557,2,1,0,0,0,0,0,0,0,0,0,0
50558,1,1,26,26,26,26,26,26,26,26,26,26
50558,2,1,0,0,0,0,0,0,0,0,0,0
50559,1,1,13,13,13,13,13,13,13,13,13,13
50560,1,1,0,0,0,0,0,15,0,0,0,0
50560,2,1,0,0,0,0,0,0,0,0,0,0
50561,1,1,0,0,0,0,0,0,0,0,0,0
50561,2,1,1,1,1,1,1,1,1,1,1,1
50562,1,1,1,1,1,1,1,1,1,1,1,1
50563,0,1,12,12,12,12,12,12,12,12,12,12
50563,1,1,0,0,0,0,0,0,0,0,0,0
50564,1,1,0,0,0,0,0,0,0,0,0,0
50565,1,1,0,0,0,0,0,0,0,0,0,0
50565,2,1,0,0,0,0,0,0,0,0,0,0
50566,1,1,0,0,0,0,0,0,0,0,0,0
50567,1,1,1,1,1,1,1,1,1,1,1,1
50567,2,1,0,0,0,0,0,0,0,0,0,0
50567,3,1,13,13,13,13,13,13,13,13,13,13
50568,1,1,0,0,0,0,0,0,0,0,0,0
50568,2,1,0,0,0,0,0,0,0,20,0,0
50568,3,1,0,0,0,0,0,0,0,0,13,0
50569,1,1,0,0,0,0,0,0,0,0,0,0
50570,1,1,0,0,0,0,0,0,0,0,0,0
50570,2,1,0,0,0,0,0,0,0,0,0,0
50571,1,1,0,0,0,0,0,0,0,0,0,0
50572,1,1,0,0,0,0,0,0,0,0,0,0
50573,1,1,35,35,35,35,35,35,35,35,35,35
50574,1,1,0,0,0,0,0,0,0,0,0,0
50574,2,1,0,0,0,0,32,0,0,0,0,0
50575,1,1,12,12,12,12,12,12,12,12,12,12
50575,2,1,0,0,0,0,0,0,0,0,0,0
50576,0,1,24,24,24,24,24,24,24,24,24,24
50576,1,1,0,0,0,0,0,0,0,0,0,0
50577,1,1,0,0,0,0,0,0,0,0,0,0
50578,1,1,0,0,0,0,0,0,0,0,0,0
50578,2,1,0,0,0,0,0,0,0,0,0,0
50579,1,1,0,0,0,0,0,0,0,0,0,0
50580,0,1,10,10,10,10,10,10,10,10,10,10
50580,1,1,14,0,0,0,8,6,0,0,9,15
50581,1,1,0,0,0,0,0,0,0,0,0,0
50581,2,1,0,0,0,0,0,0,0,0,0,0
50581,3,1,0,0,0,0,0,0,0,0,16,0
50582,0,1,0,0,0,0,0,0,0,0,0,20
50582,2,1,0,0,6,0,0,0,0,0,16,0
50582,3,1,0,0,0,0,0,0,0,0,0,0
50584,0,1,23,23,23,23,23,23,23,23,23,23
50584,1,1,0,0,0,0,0,0,0,0,0,0
50584,2,1,0,0,0,0,0,0,0,0,0,0
50585,1,1,0,0,0,0,0,0,0,0,0,0
50586,1,1,0,0,0,0,0,0,0,0,0,0
50586,2,1,0,0,0,0,0,0,0,0,0,0
50587,1,1,0,0,0,0,0,0,0,0,0,22
50588,0,1,0,4,0,0,12,0,16,19,0,0
50588,1,1,17,17,17,17,17,17,17,17,17,17
50589,0,1,0,9,0,0,0,0,33,0,0,0
50589,1,1,9,6,2,32,20,5,4,8,0,0
50590,0,1,21,0,34,0,2,0,26,0,10,0
50590,1,1,0,0,0,0,0,0,0,0,0,0
50590,2,1,0,0,0,0,0,0,0,0,0,13
50591,1,1,29,29,29,29,29,29,29,29,29,29
50592,1,1,0,0,0,0,0,0,0,0,0,0
50593,1,1,28,28,28,28,28,28,28,28,28,28
50594,1,1,0,0,0,0,0,0,0,0,0,0
50594,2,1,0,0,0,0,0,0,0,0,0,0
50595,1,1,0,0,0,6,7,24,0,0,0,0
50596,1,1,0,0,0,0,0,0,0,0,0,0
50596,2,1,0,0,0,0,0,0,0,0,0,0
50597,1,1,16,0,0,9,0,0,0,0,0,0
50598,1,1,27,27,27,27,27,27,27,27,27,27
50599,1,1,0,0,0,0,0,0,0,0,0,0
50599,2,1,0,0,0,0,0,0,0,0,0,0
50600,1,1,0,0,0,6,0,0,0,0,0,0
50601,1,1,0,0,0,0,0,0,0,0,0,0
50601,2,1,0,0,0,0,0,0,0,0,0,0
50602,0,1,0,0,0,0,0,0,0,0,0,0
50602,1,1,0,0,0,0,0,0,0,0,0,0
50602,2,1,0,0,0,0,0,0,0,0,0,0
50603,1,1,18,18,18,18,18,18,18,18,18,18
50603,2,1,0,0,0,0,0,0,0,0,0,0
50603,3,1,0,0,0,0,0,0,0,0,0,0
50604,1,1,7,7,7,7,7,7,7,7,7,7
50604,2,1,8,8,8,8,8,8,8,8,8,8
50605,1,1,0,0,0,0,0,0,0,0,0,0
50606,1,1,32,32,32,32,32,32,32,32,32,32
50608,1,1,15,15,15,15,15,15,15,15,15,15
50609,1,1,0,0,0,0,0,0,0,0,0,0
50610,1,1,0,0,0,0,0,0,0,0,0,0
50610,2,1,0,0,0,0,0,0,0,0,0,0
50611,1,1,0,0,0,0,0,0,0,0,0,0
50611,2,1,0,0,0,0,0,0,0,0,0,0
50612,0,1,0,0,0,0,0,0,0,0,0,0
50612,1,1,0,0,0,0,0,0,0,0,0,0
50613,1,1,18,10,3,36,22,23,16,3,32,23
50614,1,1,0,0,0,0,0,0,0,0,0,0
50614,2,1,0,0,0,0,0,0,0,0,0,0
50615,1,1,0,0,0,0,0,0,0,0,0,0
50616,1,1,8,8,8,8,8,8,8,8,8,8
50616,2,1,0,0,0,0,0,0,0,0,0,0
50617,1,1,4,4,4,4,4,4,4,4,4,4
50618,0,1,0,0,0,0,28,0,0,0,26,0
50618,1,1,0,0,0,0,0,0,0,12,16,0
50619,0,1,32,32,32,32,32,32,32,32,32,32
50619,1,1,0,0,0,0,0,0,0,0,0,0
50620,1,1,0,0,0,0,0,0,0,0,0,0
50620,2,1,0,12,0,19,0,17,21,0,0,0
50621,1,1,10,10,10,10,10,10,10,10,10,10
50622,0,1,0,0,0,0,0,0,0,0,0,0
50622,1,1,0,0,0,0,0,0,0,0,0,0
50623,1,1,0,0,0,0,0,0,0,0,0,0
50623,2,1,0,0,0,0,0,0,0,0,0,0
50624,1,1,0,0,0,0,0,0,0,0,0,0
50624,2,1,14,0,0,0,0,0,0,0,15,0
50625,1,1,0,0,0,0,10,0,0,0,0,0
50626,1,1,0,0,0,0,0,0,0,0,0,0
50626,2,1,9,9,9,9,9,9,9,9,9,9
50627,0,1,0,0,0,0,0,0,0,0,0,0
50627,1,1,0,0,0,0,0,0,0,0,0,0
50627,2,1,0,0,0,0,0,0,0,0,0,0
50628,1,1,0,0,0,0,0,0,0,0,0,0
50628,2,1,0,0,0,0,0,0,0,0,0,0
50629,0,1,0,8,0,0,0,0,0,0,0,0
50629,1,1,0,0,0,0,0,0,0,0,0,0
50630,1,1,0,0,0,0,0,0,0,0,0,0
50631,0,1,0,0,0,0,0,0,0,0,0,0
50631,1,1,0,0,0,0,0,0,0,0,0,0
50632,1,1,0,0,0,0,0,0,0,0,0,0
50632,2,1,0,0,2,0,0,0,0,0,0,0
50632,3,1,0,0,0,0,0,0,0,0,0,0
50633,1,1,0,0,0,0,0,0,0,0,30,0
50634,1,1,0,0,0,0,0,0,0,0,0,0
50634,2,1,0,0,0,0,0,0,0,0,0,0
50635,1,1,20,0,0,0,0,28,0,0,17,0
50635,2,1,0,0,0,0,0,0,0,0,0,0
50636,1,1,0,12,0,0,0,0,0,0,0,0
50636,2,1,0,0,0,0,0,0,0,0,0,0
50636,3,1,0,0,0,0,0,0,0,0,0,0
50637,1,1,0,0,0,0,0,0,0,0,0,0
50638,1,1,0,0,0,0,0,0,18,0,0,0
50639,1,1,0,0,0,0,0,0,0,0,0,0
50639,2,1,0,0,0,0,0,0,0,0,0,0
80001,1,1,0,0,0,0,0,0,0,0,0,0
80002,1,1,23,23,23,23,23,23,23,23,23,23
80003,1,1,0,0,0,0,0,0,0,0,0,0
80004,0,1,34,34,34,34,34,34,34,34,34,34
80004,1,1,0,0,0,0,0,0,0,0,11,0
80005,1,1,0,0,0,0,0,0,0,0,0,0
80006,1,1,20,20,20,20,20,20,20,20,20,20
80007,1,1,0,0,0,0,0,0,0,0,0,0
80009,1,1,0,0,0,0,0,10,0,0,0,0
80009,2,1,0,0,0,0,0,0,0,0,0,0
80010,0,1,0,0,0,0,5,0,0,0,0,0
80010,1,1,0,0,0,0,0,0,0,0,0,0
80011,1,1,0,0,0,0,0,0,0,0,0,0
80012,1,1,0,0,0,0,0,0,0,0,0,0
80012,2,1,0,0,0,0,0,0,0,0,0,0
80013,1,1,0,0,0,0,0,0,0,0,0,0
80013,2,1,17,0,14,0,0,0,0,0,24,0
80013,3,1,0,0,0,0,0,0,0,0,0,0
80014,0,1,29,29,29,29,29,29,29,29,29,29
80014,1,1,0,0,0,0,0,0,0,0,0,0
80014,2,1,0,0,0,0,0,0,0,0,0,0
80014,3,1,0,0,0,0,0,0,0,0,0,0
80015,1,1,0,0,0,0,0,0,0,0,0,0
80015,2,1,0,0,0,0,0,0,0,0,0,0
80015,3,1,0,0,0,0,0,25,0,0,0,0
80015,4,1,0,0,0,0,0,0,0,0,0,0
80016,1,1,16,16,16,16,16,16,16,16,16,16
80016,2,1,0,0,0,0,0,0,0,0,0,0
80017,1,1,20,20,20,20,20,20,20,20,20,20
80019,1,1,0,0,0,0,0,0,0,0,0,0
80019,2,1,0,0,0,0,0,0,0,0,0,0
80020,1,1,0,0,0,0,0,0,0,0,0,0
80020,2,1,0,0,0,0,0,0,0,0,0,0
80021,1,1,21,21,21,21,21,21,21,21,21,21
80022,1,1,0,0,0,0,0,0,0,0,0,0
80022,2,1,0,0,0,0,0,0,0,0,0,0
80023,1,1,0,0,0,0,0,0,7,0,0,0
80023,2,1,0,17,4,11,22,9,14,6,14,18
80024,0,1,15,15,15,15,15,15,15,15,15,15
80024,1,1,0,0,0,0,11,0,6,15,0,9
80025,1,1,0,0,0,0,0,0,0,0,0,0
80025,2,1,0,0,0,0,0,0,0,0,0,0
80026,1,1,15,15,15,15,15,15,15,15,15,15
80026,2,1,0,0,7,0,0,0,0,0,0,0
80027,0,1,0,0,0,0,0,0,0,0,0,0
80027,1,1,0,0,13,0,0,0,0,0,0,0
80028,1,1,0,0,0,0,0,0,0,0,0,0
80028,2,1,0,0,17,0,0,7,0,0,0,0
80029,1,1,0,0,0,0,0,0,0,0,0,0