ST_CASE,VEH_NO,PER_NO,P1,P2,P3,P4,P5,P6,P7,P8,P9,P10
80029,2,1,0,0,0,5,0,0,0,0,0,0
80029,3,1,0,0,0,0,0,0,0,0,0,0
80030,1,1,0,0,0,0,0,0,0,0,0,0
80031,0,1,16,16,16,16,16,16,16,16,16,16
80031,1,1,0,0,0,0,0,0,0,0,0,0
80032,1,1,0,0,0,0,0,0,0,0,0,0
80032,2,1,0,0,0,0,0,0,0,0,0,0
80033,1,1,0,0,0,0,0,0,0,0,0,0
80034,1,1,0,0,0,0,0,0,0,0,0,0
80035,1,1,11,11,11,11,11,11,11,11,11,11
80036,0,1,0,0,0,0,0,0,0,0,0,0
80036,1,1,0,0,0,8,0,0,0,0,0,0
80037,1,1,34,34,34,34,34,34,34,34,34,34
80038,1,1,11,0,17,0,0,0,13,16,0,0
80039,1,1,10,0,0,0,0,0,0,0,28,17
80039,2,1,0,30,0,0,0,0,26,0,0,0
80040,1,1,0,0,0,0,0,0,0,0,0,0
80040,2,1,0,0,0,0,0,0,0,0,0,0
80040,3,1,0,0,0,0,13,8,0,0,0,0
80041,1,1,0,0,0,0,0,0,0,0,0,0
80041,2,1,0,0,0,0,0,0,0,7,0,0
80042,0,1,0,0,0,0,0,0,0,0,0,0
80042,1,1,0,0,0,0,0,0,0,0,0,0
80043,0,1,14,14,14,14,14,14,14,14,14,14
80043,1,1,0,0,0,0,0,0,0,0,0,0
80044,1,1,0,0,0,0,0,0,0,0,0,0
80044,2,1,0,0,0,0,0,0,0,0,0,0
80044,3,1,0,0,0,0,0,0,0,0,0,15
80045,1,1,14,14,14,14,14,14,14,14,14,14
80045,2,1,0,0,0,0,0,0,32,0,0,0
80046,1,1,0,0,0,0,0,0,0,0,0,0
80047,1,1,2,2,2,2,2,2,2,2,2,2
80048,1,1,0,0,0,0,0,0,0,0,0,0
80049,1,1,0,0,0,0,0,0,0,0,0,0
80050,1,1,0,0,0,0,0,0,0,0,0,0
80051,1,1,12,12,12,12,12,12,12,12,12,12
80052,0,1,0,0,0,0,0,0,0,0,0,0
80052,1,1,0,0,0,0,0,0,0,20,0,0
80053,1,1,12,12,12,12,12,12,12,12,12,12
80054,1,1,0,0,0,0,0,0,0,0,0,0
80054,2,1,0,0,0,0,0,0,0,0,0,0
80055,1,1,0,0,0,0,0,0,0,0,0,0
80055,2,1,0,0,0,0,0,0,0,0,0,0
80055,3,1,0,0,0,0,0,14,0,0,0,0
80056,1,1,18,18,18,18,18,18,18,18,18,18
80057,1,1,0,0,0,0,0,0,0,0,0,0
80057,2,1,0,0,0,0,0,0,0,0,0,0
80058,0,1,0,0,0,0,0,0,0,0,0,0
80058,1,1,0,0,0,0,0,0,0,0,0,0
80059,1,1,0,0,0,0,0,0,0,0,20,0
80059,2,1,0,0,0,0,0,0,0,0,0,0
80059,3,1,0,0,0,0,0,0,0,0,0,0
80060,1,1,0,0,0,0,0,10,0,0,0,0
80060,2,1,0,0,23,0,0,0,15,0,0,0
80061,0,1,0,0,0,0,14,0,0,0,0,0
80061,1,1,0,0,0,0,0,0,0,0,0,0
80062,1,1,17,17,17,17,17,17,17,17,17,17
80063,1,1,36,36,36,36,36,36,36,36,36,36
80063,2,1,0,0,0,0,0,0,0,0,0,0
80064,1,1,0,0,0,0,0,0,0,0,0,0
80065,1,1,0,0,0,0,0,0,0,0,0,0
80065,2,1,0,0,0,0,0,0,0,0,0,0
80066,1,1,0,0,0,0,0,0,0,0,0,0
80066,2,1,0,0,0,0,0,0,0,0,0,0
80067,1,1,0,0,0,0,0,0,0,0,0,0
80067,2,1,0,0,0,0,0,0,0,0,0,0
80068,1,1,11,11,11,11,11,11,11,11,11,11
80069,1,1,0,0,0,0,0,0,0,0,25,0
80069,2,1,0,0,0,0,0,0,0,0,0,0
80069,3,1,0,0,0,0,0,0,0,0,0,0
80070,1,1,11,11,11,11,11,11,11,11,11,11
80070,2,1,0,0,0,0,0,0,13,0,0,0
80071,0,1,15,15,15,15,15,15,15,15,15,15
80071,1,1,0,0,0,0,0,0,0,0,0,0
80072,1,1,0,0,0,0,0,0,0,0,0,0
80072,2,1,0,0,0,0,0,0,0,0,0,0
80072,3,1,0,0,0,0,0,0,0,0,0,0
80073,1,1,0,0,0,0,0,0,0,0,0,0
80073,2,1,0,0,0,0,0,0,0,0,0,0
80073,3,1,0,0,0,0,0,0,6,0,0,0
80074,1,1,0,0,0,0,0,0,0,0,0,0
80074,2,1,0,0,0,0,0,0,0,9,0,0
80075,1,1,0,0,0,0,0,0,0,0,0,0
80075,2,1,0,0,0,0,0,0,0,0,0,0
80076,1,1,0,0,0,0,0,0,0,0,0,0
80076,2,1,0,0,0,0,0,0,0,0,0,0
80076,3,1,0,0,0,0,0,0,0,0,0,0
80077,1,1,27,27,27,27,27,27,27,27,27,27
80078,1,1,0,0,0,0,0,0,0,0,0,0
80079,1,1,22,22,22,22,22,22,22,22,22,22
80079,2,1,0,0,0,0,0,0,0,0,0,0
80080,1,1,38,38,38,38,38,38,38,38,38,38
80080,2,1,0,0,0,0,0,0,0,0,0,0
80080,3,1,0,0,0,0,0,0,0,0,0,0
80080,4,1,0,0,0,0,0,0,0,0,0,0
80080,5,1,0,0,4,0,0,0,0,0,0,0
80080,6,1,0,0,4,0,0,0,0,0,0,0
80081,1,1,23,23,23,23,23,23,23,23,23,23
80081,2,1,0,0,11,0,0,0,0,0,0,0
80082,0,1,17,17,17,17,17,17,17,17,17,17
80082,1,1,0,0,0,0,0,0,0,0,0,0
80083,1,1,0,0,0,0,0,0,0,0,0,0
80083,2,1,0,0,0,0,0,0,0,0,0,13
80084,0,1,0,0,0,0,0,0,0,0,0,0
80084,1,1,0,0,0,0,0,0,0,0,0,0
80085,1,1,0,0,0,0,0,0,0,0,0,0
80085,2,1,0,0,0,0,0,0,0,0,0,0
80086,1,1,0,0,0,0,0,0,0,0,0,0
80086,2,1,0,0,0,0,0,0,0,0,0,0
80087,1,1,18,18,18,18,18,18,18,18,18,18
80088,1,1,0,0,0,0,0,0,0,0,0,0
80088,2,1,0,0,0,0,0,0,15,0,0,12
80088,3,1,0,0,0,0,0,0,0,0,0,0
80089,1,1,14,14,14,14,14,14,14,14,14,14
80090,0,1,23,23,23,23,23,23,23,23,23,23
80090,1,1,0,0,0,0,0,0,0,0,0,0
80091,1,1,0,0,0,0,0,0,0,0,0,0
80092,1,1,0,0,11,15,0,0,0,23,20,0
80092,2,1,0,0,0,0,0,0,0,0,0,0
80093,1,1,0,0,0,0,0,0,0,0,0,0
80093,2,1,0,0,0,0,0,0,0,0,0,0
80094,1,1,5,5,5,5,5,5,5,5,5,5
80094,2,1,0,0,0,0,0,0,0,0,0,0
80094,3,1,0,0,0,0,0,0,0,0,0,0
80094,4,1,0,0,0,0,0,0,0,0,0,0
80095,1,1,0,0,0,0,0,0,0,0,0,0
80095,2,1,0,0,0,0,0,0,0,0,0,0
80096,1,1,22,22,22,22,22,22,22,22,22,22
80096,2,1,0,0,0,0,0,0,0,0,0,0
80096,3,1,0,0,0,0,0,0,0,0,0,0
80097,1,1,0,0,0,0,0,0,0,0,0,0
80097,2,1,0,0,0,0,0,0,0,0,0,0
80098,1,1,0,0,8,0,0,0,0,0,0,0
80099,1,1,0,0,0,0,0,0,0,0,0,0
80099,2,1,0,0,0,0,0,0,0,0,0,0
80100,1,1,0,0,0,15,0,0,0,0,0,0
80100,2,1,0,0,0,0,0,0,0,0,0,0
80101,1,1,0,0,0,0,12,0,0,0,0,0
80102,0,1,0,0,0,0,0,0,0,0,0,0
80102,1,1,0,0,0,0,0,0,0,0,0,0
80103,0,1,24,24,24,24,24,24,24,24,24,24
80103,1,1,0,0,0,0,9,0,22,0,8,20
80103,2,1,14,0,0,0,0,0,0,0,0,0
80104,1,1,0,0,0,0,0,0,0,0,0,0
80104,2,1,0,0,0,0,0,0,0,0,0,0
80105,1,1,0,0,0,0,0,0,0,0,0,0
80105,2,1,0,0,0,0,0,0,0,0,0,0
80106,1,1,0,0,0,0,0,0,0,0,0,0
80107,0,1,33,33,33,33,33,33,33,33,33,33
80107,1,1,0,0,0,0,0,0,0,0,0,0
80108,1,1,0,0,0,0,0,0,0,0,0,0
80108,2,1,0,0,0,0,0,0,0,0,0,0
80108,3,1,0,0,0,0,0,0,0,0,0,0
80109,0,1,0,0,0,0,0,0,0,0,0,0
80109,1,1,0,0,0,0,0,0,0,0,0,9
80110,1,1,0,0,0,0,0,0,0,0,0,0
80111,1,1,9,9,9,9,9,9,9,9,9,9
80111,2,1,0,0,0,0,26,0,0,0,0,0
80112,1,1,0,0,0,15,0,0,0,0,0,0
80113,0,1,22,22,22,22,22,22,22,22,22,22
80113,1,1,0,10,0,0,0,0,0,0,0,0
80114,1,1,0,0,0,0,0,0,0,0,0,0
80114,2,1,0,0,0,0,0,7,5,0,4,0
80115,0,1,0,0,0,0,0,0,0,0,0,0
80115,1,1,0,0,0,0,22,0,0,0,0,0
80116,1,1,0,0,0,0,0,0,0,0,0,0
80116,2,1,0,0,0,0,0,0,0,0,0,0
80117,1,1,0,0,0,0,0,0,0,0,0,0
80117,2,1,0,0,0,0,0,0,0,0,0,0
80118,1,1,8,8,8,8,8,8,8,8,8,8
80119,1,1,0,0,0,0,0,0,0,0,0,0
80119,2,1,0,0,0,0,0,0,0,0,0,0
80119,3,1,0,11,0,0,0,15,0,0,14,33
80119,4,1,0,33,0,4,0,0,0,0,0,23
80120,1,1,0,0,0,0,0,0,0,0,0,0
80120,2,1,14,0,0,0,0,0,0,0,0,0
80121,1,1,19,19,19,19,19,19,19,19,19,19
80121,2,1,0,0,8,0,0,0,0,0,0,0
80122,1,1,0,0,0,0,0,0,0,0,0,0
80123,1,1,7,7,7,7,7,7,7,7,7,7
80123,2,1,0,0,0,0,0,0,0,0,0,0
80124,1,1,35,35,35,35,35,35,35,35,35,35
80125,1,1,22,22,22,22,22,22,22,22,22,22
80126,1,1,0,0,0,0,0,0,0,0,0,0
80127,0,1,0,10,0,0,0,15,0,0,0,0
80127,0,2,0,0,11,0,0,0,0,0,0,0
80127,1,1,16,16,16,16,16,16,16,16,16,16
80127,2,1,0,0,0,0,0,0,0,0,0,0
80128,1,1,0,0,0,0,0,0,0,0,0,0
80128,2,1,0,0,0,0,0,0,0,0,13,3
80128,3,1,0,0,0,0,0,0,0,0,0,0
80129,1,1,5,0,0,35,18,33,19,14,20,0
80129,2,1,0,0,0,0,0,0,0,0,0,0
80129,3,1,0,0,0,0,0,0,0,0,0,0
80129,4,1,0,0,0,0,0,0,0,0,0,0
80129,5,1,0,0,0,0,0,0,0,0,0,0
80130,0,1,0,0,0,0,0,0,0,0,0,0
80131,1,1,0,0,0,0,0,0,0,0,0,0
80132,1,1,0,0,0,0,0,0,0,0,0,0
80132,2,1,0,0,0,0,0,0,0,0,0,0
80133,1,1,0,0,0,0,0,0,0,0,0,0
80133,2,1,0,0,0,0,0,0,0,0,0,0
80134,1,1,0,0,0,0,0,0,0,0,0,0
80135,1,1,0,0,0,0,0,0,0,0,0,0
80136,1,1,18,18,18,18,18,18,18,18,18,18
80137,1,1,0,0,0,0,0,0,0,0,0,0
80138,0,1,19,19,19,19,19,19,19,19,19,19
80138,1,1,0,0,0,0,0,0,0,0,0,0
80139,1,1,20,20,20,20,20,20,20,20,20,20
80140,1,1,0,0,0,0,0,0,0,0,0,0
80140,2,1,0,0,0,0,0,0,0,0,0,0
80141,1,1,0,0,0,0,0,0,0,0,0,0
80141,2,1,0,0,0,0,0,0,0,0,0,0
80142,1,1,0,0,0,0,0,0,0,0,0,0
80143,1,1,1,1,1,1,1,1,1,1,1,1
80143,2,1,0,0,0,0,0,0,5,0,0,0
80144,0,1,0,0,0,0,0,0,0,0,0,0
80144,1,1,0,0,0,0,0,0,0,0,0,24
80145,1,1,0,6,13,14,0,0,0,38,0,6
80146,1,1,0,0,0,0,0,0,0,0,0,0
80146,2,1,0,0,0,3,0,0,0,0,0,0
80147,1,1,0,7,0,0,0,0,0,0,0,0
80147,2,1,9,0,0,0,0,0,0,0,0,0
80148,0,1,0,0,0,0,0,0,0,0,0,0
80148,1,1,0,0,0,0,0,0,0,1,0,0
80149,1,1,0,0,0,0,0,0,0,0,0,0
80149,2,1,0,0,0,0,0,0,0,0,0,0
80150,1,1,0,0,0,0,0,0,0,14,0,0
80150,2,1,0,0,0,45,14,0,0,0,0,0
80150,3,1,0,0,0,0,24,0,0,0,0,0
80151,1,1,21,21,21,21,21,21,21,21,21,21
80151,2,1,0,0,0,0,0,0,0,0,0,0
80152,1,1,29,29,29,29,29,29,29,29,29,29
80153,1,1,0,0,0,0,0,0,0,0,0,0
80154,0,1,0,0,0,0,0,0,0,0,0,0
80154,0,2,0,0,0,0,0,0,0,0,0,0
80154,0,3,0,0,0,0,0,0,0,0,0,31
80154,1,1,0,0,0,0,0,0,0,0,0,0
80155,1,1,0,0,0,0,0,0,0,0,0,0
80155,2,1,0,0,0,0,0,0,0,0,0,0
80156,1,1,0,0,0,0,0,0,0,0,0,0
80156,2,1,0,0,0,0,0,0,0,0,0,0
80157,1,1,0,0,0,0,0,0,0,0,0,0
80158,1,1,20,20,20,20,20,20,20,20,20,20
80159,0,1,25,25,25,25,25,25,25,25,25,25
80159,1,1,0,0,0,0,0,0,0,0,0,0
80160,1,1,25,25,25,25,25,25,25,25,25,25
80161,1,1,1,1,1,1,1,1,1,1,1,1
80161,2,1,0,0,0,0,0,0,0,0,0,0
80161,3,1,0,0,0,0,0,0,0,0,0,0
80161,5,1,0,0,0,0,0,0,0,0,0,0
80162,1,1,14,14,14,14,14,14,14,14,14,14
80163,1,1,0,0,0,0,0,0,0,0,0,0
80164,1,1,0,0,0,0,0,0,0,0,0,0
80165,1,1,0,0,0,0,0,0,0,0,0,0
80165,2,1,5,5,5,5,5,5,5,5,5,5
80166,1,1,0,0,0,0,0,0,0,0,0,0
80167,1,1,0,0,0,0,0,0,0,0,0,0
80167,2,1,0,0,0,0,0,0,0,0,0,0
80167,3,1,0,0,0,0,0,0,0,0,0,8
80168,1,1,16,16,16,16,16,16,16,16,16,16
80169,0,1,0,0,0,0,0,0,0,0,0,0
80169,1,1,0,0,0,0,0,0,0,0,0,0
80170,1,1,0,0,0,0,0,0,0,0,0,0
80170,2,1,0,0,0,0,0,0,0,0,0,0
80171,1,1,0,0,0,0,0,0,0,0,0,0
80172,1,1,10,10,10,10,10,10,10,10,10,10
80172,2,1,0,0,0,8,0,0,11,0,0,0
80173,1,1,2,2,2,2,2,2,2,2,2,2
80173,2,1,0,0,0,0,0,0,0,0,0,0
80174,1,1,21,12,0,2,8,24,30,18,0,13
80175,1,1,0,0,0,0,0,0,0,0,0,0
80175,2,1,0,0,0,0,0,0,0,0,0,0
80176,0,1,31,31,31,31,31,31,31,31,31,31
80176,1,1,0,24,0,9,0,13,5,21,0,3
80177,1,1,0,0,0,0,0,0,0,0,0,0
80178,1,1,17,17,17,17,17,17,17,17,17,17
80179,0,1,0,0,0,0,0,0,0,0,0,0
80179,1,1,0,0,0,0,0,0,0,0,0,0
80180,1,1,1,1,1,1,1,1,1,1,1,1
80181,1,1,0,0,0,0,0,0,0,0,0,0
80182,1,1,26,26,26,26,26,26,26,26,26,26
80182,2,1,0,0,0,0,0,0,0,0,0,0
80183,1,1,16,16,16,16,16,16,16,16,16,16
80184,0,1,0,0,0,0,0,0,0,0,0,0
80184,1,1,0,0,0,0,0,0,0,0,0,0
80185,1,1,10,10,10,10,10,10,10,10,10,10
80186,1,1,0,0,0,0,0,0,0,0,0,0
80186,2,1,0,0,0,0,0,0,0,0,0,0
80187,1,1,0,0,0,0,0,0,0,0,0,0
80187,2,1,15,15,15,15,15,15,15,15,15,15
80188,1,1,0,0,0,0,0,0,0,0,0,0
80188,2,1,0,0,0,0,0,0,0,0,0,0
80189,0,1,0,0,0,0,0,0,0,0,0,0
80189,1,1,0,0,20,0,0,0,0,0,0,0
80190,0,1,27,27,27,27,27,27,27,27,27,27
80190,1,1,0,0,0,0,0,13,0,0,0,0
80191,1,1,0,0,0,0,0,0,0,0,0,0
80191,2,1,0,0,0,0,0,0,0,0,0,0
80191,3,1,0,0,0,0,0,0,0,0,0,0
80191,4,1,0,0,0,0,0,0,0,0,0,0
80192,1,1,19,19,19,19,19,19,19,19,19,19
80192,2,1,0,0,0,0,0,0,0,0,0,0
80193,1,1,0,0,0,0,0,0,0,0,0,0
80194,1,1,21,21,21,21,21,21,21,21,21,21
80194,2,1,0,0,0,0,0,0,0,0,0,0
80194,3,1,0,0,0,0,0,0,0,0,0,0
80194,4,1,0,0,0,0,0,0,0,0,0,0
80195,1,1,12,12,12,12,12,12,12,12,12,12
80196,0,1,0,0,0,0,0,0,0,0,0,0
80196,1,1,0,0,0,0,7,0,0,0,0,0
80197,1,1,0,0,0,0,0,0,0,0,0,0
80197,2,1,0,0,0,0,0,0,0,0,0,0
80198,1,1,33,33,33,33,33,33,33,33,33,33
80199,1,1,0,0,0,0,0,0,0,0,0,0
80199,2,1,0,0,0,0,0,0,0,0,0,0
80199,3,1,0,18,0,0,0,0,0,0,0,0
80200,0,1,0,0,0,0,0,0,0,0,0,0
80200,1,1,0,0,0,0,0,0,0,0,0,0
80201,1,1,0,0,0,0,0,0,0,0,0,0
80201,2,1,0,0,0,0,0,0,0,0,0,0
80202,1,1,9,9,9,9,9,9,9,9,9,9
80203,1,1,15,15,15,15,15,15,15,15,15,15
80204,1,1,18,18,18,18,18,18,18,18,18,18
80205,1,1,0,0,0,0,0,0,0,0,0,0
80205,2,1,0,0,0,0,0,0,0,0,0,0
80206,1,1,0,0,0,0,0,0,0,0,0,0
80206,2,1,5,5,5,5,5,5,5,5,5,5
80207,1,1,0,0,0,0,0,0,0,0,0,0
80207,2,1,0,0,0,0,0,0,0,0,0,0
80208,0,1,0,20,0,0,9,15,11,0,0,41
80208,1,1,0,0,0,0,0,0,0,0,0,0
80209,1,1,21,21,21,21,21,21,21,21,21,21
80209,2,1,4,4,4,4,4,4,4,4,4,4
80210,0,1,17,17,17,17,17,17,17,17,17,17
80210,1,1,0,20,0,11,0,0,0,0,0,0
80211,1,1,0,0,0,0,0,0,0,0,0,0
80211,2,1,0,0,0,0,0,0,0,0,0,0
80212,1,1,0,0,0,0,0,0,0,0,0,0
80213,1,1,0,0,0,0,0,0,0,0,0,0
80213,2,1,0,0,0,0,0,0,0,0,0,0
80213,3,1,0,0,0,19,0,0,0,0,0,0
80213,4,1,0,0,0,0,0,0,0,0,0,0
80214,0,1,0,0,0,0,0,0,0,0,0,0
80214,1,1,15,0,0,24,0,0,0,0,0,0
80215,1,1,19,19,19,19,19,19,19,19,19,19
80216,1,1,0,0,0,0,0,0,0,0,0,0
80217,0,1,0,0,0,0,0,0,0,0,0,0
80217,0,2,0,0,0,0,0,0,0,0,0,0
80217,0,3,0,0,0,0,28,0,0,0,0,0
80217,1,1,0,0,0,0,0,0,0,0,0,0
80217,3,1,0,0,0,29,0,0,0,0,0,0
80217,4,1,15,0,0,0,0,0,0,0,0,0
80218,0,1,0,0,0,0,0,0,0,0,0,0
80218,1,1,0,0,0,0,0,0,0,0,0,9
80219,1,1,0,0,0,0,0,0,0,0,0,0
80220,1,1,0,0,0,0,0,15,0,14,0,0
80221,1,1,0,0,0,0,0,0,0,0,0,0
80222,1,1,1,1,1,1,1,1,1,1,1,1
80223,1,1,16,16,16,16,16,16,16,16,16,16
80224,1,1,0,0,0,0,0,0,0,0,0,0
80224,2,1,0,0,0,0,0,0,0,0,0,0
80225,1,1,0,0,0,0,0,0,0,0,0,0
80225,2,1,0,0,0,0,0,0,0,0,0,0
80226,1,1,12,12,12,12,12,12,12,12,12,12
80227,1,1,0,0,0,0,0,0,0,0,0,0
80228,1,1,3,3,3,3,3,3,3,3,3,3
80229,0,1,19,19,19,19,19,19,19,19,19,19
80229,1,1,0,0,0,0,0,0,11,0,0,0
80230,1,1,11,11,11,11,11,11,11,11,11,11
80231,1,1,0,0,0,0,0,0,0,0,0,0
80231,2,1,0,0,0,0,0,0,0,0,0,0
80232,1,1,0,0,0,0,0,0,0,9,0,0
80233,1,1,23,23,23,23,23,23,23,23,23,23
80233,2,1,0,0,0,0,0,0,0,0,0,0
80234,1,1,0,0,0,0,0,0,0,0,0,0
80234,2,1,6,6,6,6,6,6,6,6,6,6
80235,1,1,0,0,0,0,0,0,0,0,0,0
80236,1,1,18,18,18,18,18,18,18,18,18,18
80236,2,1,0,0,0,0,0,0,0,0,0,0
80237,1,1,0,0,0,0,0,0,0,0,0,0
80238,1,1,15,15,15,15,15,15,15,15,15,15
80239,1,1,16,16,16,16,16,16,16,16,16,16
80239,2,1,0,0,0,0,0,0,0,24,0,0
80240,1,1,23,23,23,23,23,23,23,23,23,23
80241,1,1,21,21,21,21,21,21,21,21,21,21
80242,1,1,2,2,2,2,2,2,2,2,2,2
80243,1,1,26,26,26,26,26,26,26,26,26,26
80243,2,1,0,0,0,0,0,0,0,0,7,0
80244,1,1,0,0,0,0,0,0,0,0,0,0
80244,2,1,0,0,0,0,0,0,0,0,0,0
80245,1,1,0,0,0,0,0,0,0,0,0,0
80245,2,1,12,0,0,0,12,0,0,0,0,0
80245,3,1,0,0,0,0,21,0,0,0,0,0
80246,1,1,0,0,0,0,0,0,0,0,0,0
80247,1,1,0,0,0,0,0,0,0,0,0,0
80247,2,1,0,0,0,0,0,0,0,0,0,0
80248,1,1,0,0,0,0,0,0,0,0,0,0
80248,2,1,0,0,0,0,0,0,0,0,0,0
80249,1,1,8,8,8,8,8,8,8,8,8,8
80250,1,1,6,6,6,6,6,6,6,6,6,6
80250,2,1,0,0,0,0,0,0,0,0,0,0
80251,1,1,0,0,0,0,0,0,0,0,0,0
80251,2,1,0,0,0,0,0,0,0,0,0,10
80251,3,1,0,0,0,0,0,0,0,0,0,0
80252,0,1,0,0,0,0,0,0,0,25,0,0
80252,1,1,0,0,0,0,0,0,0,0,0,0
80253,1,1,0,0,0,0,0,0,0,0,0,0
80253,2,1,0,0,0,0,0,0,0,0,0,0
80253,3,1,0,0,0,0,0,0,0,0,0,0
80254,1,1,0,0,0,0,0,0,0,0,0,0
80254,2,1,0,0,0,0,0,0,0,0,0,0
80255,1,1,0,0,0,0,0,0,0,0,0,0
80255,2,1,0,0,9,0,0,0,0,0,0,0
80255,3,1,0,14,0,0,0,0,0,0,0,0
80256,1,1,0,0,0,0,0,0,0,0,0,0
80256,2,1,0,0,0,0,0,0,0,0,11,0
80256,3,1,3,3,3,3,3,3,3,3,3,3
80256,4,1,0,0,23,0,0,0,0,0,0,0
80257,0,1,0,0,0,0,0,0,0,0,0,0
80257,1,1,0,0,0,10,0,0,0,0,9,15
80258,1,1,0,0,0,0,0,0,0,0,0,0
80259,1,1,0,0,0,0,0,0,9,0,0,0
80259,2,1,0,0,0,0,0,0,0,0,0,0
80259,3,1,0,0,0,0,0,0,0,0,0,0
80259,4,1,0,0,0,0,0,0,0,0,0,0
80259,5,1,0,0,0,0,0,0,0,0,0,0
80260,1,1,16,16,16,16,16,16,16,16,16,16
80260,2,1,0,0,0,0,0,0,0,0,0,0
80261,1,1,18,18,18,18,18,18,18,18,18,18
80262,1,1,0,0,0,0,0,0,0,0,0,0
80262,2,1,0,0,0,0,0,0,0,0,0,0
80263,0,1,16,18,23,28,27,16,16,0,0,19
80263,1,1,0,0,0,0,0,0,0,0,0,0
80264,1,1,4,4,4,4,4,4,4,4,4,4
80264,2,1,0,0,0,0,0,0,0,0,0,0
80265,1,1,24,24,24,24,24,24,24,24,24,24
80266,1,1,0,0,0,0,0,0,0,0,0,10
80267,1,1,25,0,0,0,0,0,0,0,0,20
80268,1,1,0,0,0,0,0,0,0,0,0,0
80269,1,1,31,31,31,31,31,31,31,31,31,31
80270,1,1,0,0,0,0,0,0,0,0,0,0
80271,1,1,0,0,0,0,0,0,0,0,0,19
80271,2,1,0,0,0,0,0,0,0,0,0,0
80272,0,1,13,25,0,20,23,24,19,25,34,22
80272,0,2,0,0,0,0,0,0,0,0,0,0
80272,1,1,0,19,0,18,17,3,0,0,0,0
80273,1,1,0,0,0,0,0,0,0,0,0,0
80273,2,1,0,0,0,0,0,0,0,0,23,0
80274,1,1,1,1,1,1,1,1,1,1,1,1
80275,1,1,16,16,16,16,16,16,16,16,16,16
80276,0,1,2,2,2,2,2,2,2,2,2,2
80276,1,1,0,0,0,0,0,0,0,0,0,0
80276,2,1,0,0,0,0,0,0,0,0,0,0
80276,3,1,0,0,0,0,0,15,0,0,0,0
80277,1,1,16,16,16,16,16,16,16,16,16,16
80277,2,1,0,0,0,0,0,0,0,0,0,0
80278,0,1,14,14,14,14,14,14,14,14,14,14
80278,1,1,1,1,1,1,1,1,1,1,1,1
80279,1,1,24,24,24,24,24,24,24,24,24,24
80279,2,1,0,0,0,0,0,0,0,0,19,0
80280,1,1,25,25,25,25,25,25,25,25,25,25
80280,2,1,0,0,0,0,0,0,0,0,0,0
80281,1,1,0,0,0,0,0,0,0,0,0,0
80282,1,1,0,0,0,0,0,0,0,0,0,0
80283,1,1,16,0,0,0,0,0,18,0,13,0
80283,2,1,0,13,0,0,0,0,0,0,0,0
80283,3,1,0,0,0,0,0,0,0,0,0,0
80284,1,1,20,20,20,20,20,20,20,20,20,20
80285,1,1,0,0,0,0,0,0,0,0,0,0
80285,2,1,0,0,0,0,0,0,0,0,0,0
80286,1,1,0,0,0,0,0,0,0,0,0,0
80286,2,1,0,0,0,0,0,0,0,0,0,0
80286,3,1,0,11,0,0,0,0,0,0,0,0
80287,0,1,0,0,0,0,28,0,0,0,0,18
80287,1,1,0,0,0,0,0,0,0,0,0,0
80288,1,1,0,0,0,0,0,0,0,0,0,0
80288,2,1,6,0,0,0,17,0,0,0,0,0
80289,0,1,27,27,27,27,27,27,27,27,27,27
80289,1,1,0,0,0,0,0,0,0,0,0,0
80290,0,1,27,19,8,9,13,12,24,37,18,29
80290,1,1,0,0,0,0,0,16,0,0,0,0
80291,1,1,0,0,0,0,0,0,0,0,0,0
80291,2,1,0,0,0,0,0,0,0,0,0,0
80292,1,1,0,0,0,0,0,0,0,0,0,0
80292,2,1,2,0,0,0,0,0,0,0,0,7
80293,1,1,15,15,15,15,15,15,15,15,15,15
80293,2,1,0,0,0,0,0,0,0,0,0,0
80294,1,1,11,11,11,11,11,11,11,11,11,11
80294,2,1,22,22,22,22,22,22,22,22,22,22
80295,1,1,0,0,0,0,0,0,0,0,0,0
80295,2,1,0,0,0,0,0,0,0,0,0,0
80296,1,1,30,30,30,30,30,30,30,30,30,30
80297,1,1,0,0,0,0,0,0,0,0,0,0
80297,2,1,0,0,0,0,0,0,0,0,0,0
80298,1,1,0,0,0,0,0,0,0,0,0,0
80298,2,1,0,0,0,0,0,0,0,0,0,0
80299,1,1,0,0,0,0,0,0,0,0,0,0
80299,2,1,0,0,0,0,0,0,0,0,0,0
80299,3,1,13,0,0,0,0,0,0,0,0,0
80300,1,1,0,0,0,0,0,0,0,0,0,0
80300,2,1,0,0,0,0,0,0,0,0,0,0
80301,1,1,23,4,12,19,20,5,10,15,16,12
80301,2,1,0,0,0,0,0,0,0,0,0,0
80302,0,1,0,0,0,0,0,0,0,0,0,0
80302,1,1,0,0,0,0,0,0,0,0,0,0
80303,1,1,0,0,0,0,0,0,0,0,0,0
80303,2,1,0,0,0,0,0,0,0,0,0,0
80304,1,1,0,0,0,0,0,0,0,0,0,0
80305,1,1,0,0,0,0,0,0,0,0,0,0
80305,2,1,0,0,0,0,0,0,0,0,0,0
80306,1,1,0,0,0,0,0,0,0,0,0,0
80306,2,1,0,0,0,0,0,0,0,0,0,0
80306,3,1,0,0,0,0,0,0,0,0,0,0
80306,4,1,0,0,0,0,0,0,0,0,0,0
80306,5,1,0,0,0,0,0,0,0,0,0,0
80306,6,1,0,0,0,0,0,11,0,0,0,0
80307,1,1,0,0,0,0,0,0,0,0,0,0
80307,2,1,0,0,0,0,0,0,0,0,0,0
80308,1,1,0,0,0,0,0,0,0,0,0,0
80309,1,1,0,0,0,0,0,0,0,0,0,0
80309,2,1,0,0,0,0,0,0,0,0,0,0
80309,3,1,0,0,0,0,0,0,0,0,0,0
80310,1,1,19,19,19,19,19,19,19,19,19,19
80310,2,1,20,20,20,20,20,20,20,20,20,20
80311,1,1,25,25,25,25,25,25,25,25,25,25
80311,2,1,0,0,0,0,0,0,0,0,0,0
80312,1,1,15,15,15,15,15,15,15,15,15,15
80313,1,1,25,25,25,25,25,25,25,25,25,25