ST_CASE,VEH_NO,PER_NO,P1,P2,P3,P4,P5,P6,P7,P8,P9,P10
80628,1,1,14,14,14,14,14,14,14,14,14,14
80629,1,1,0,0,0,0,13,0,0,0,0,0
80629,2,1,0,0,0,0,0,0,0,0,0,0
80630,1,1,0,0,0,0,0,0,0,0,0,0
80630,2,1,0,0,0,0,0,0,0,0,10,0
80631,0,1,0,0,0,0,0,0,0,0,0,0
80631,1,1,20,20,20,20,20,20,20,20,20,20
80632,1,1,0,0,0,0,0,0,0,0,0,0
80632,2,1,0,0,0,23,0,0,0,0,0,0
80633,0,1,0,0,0,0,0,0,0,0,0,0
80633,1,1,0,0,0,0,0,0,0,0,0,0
80634,1,1,0,0,0,0,0,0,0,0,0,0
80634,2,1,0,0,0,0,0,0,0,0,0,0
80635,1,1,0,0,0,0,0,0,0,0,0,0
80635,2,1,0,0,0,0,0,0,0,0,0,0
80636,0,1,0,0,0,0,0,0,0,0,0,0
80636,1,1,0,0,0,0,0,0,0,0,0,0
80637,0,1,16,16,16,16,16,16,16,16,16,16
80637,1,1,3,25,0,41,0,6,0,0,5,21
80638,0,1,0,0,0,0,0,0,0,0,0,0
80638,1,1,0,0,9,0,0,0,27,0,0,14
80639,1,1,8,8,8,8,8,8,8,8,8,8
80640,1,1,0,0,0,12,0,0,0,0,0,0
80640,2,1,0,0,0,0,0,0,0,0,0,0
80641,0,1,0,0,0,0,0,0,0,0,0,0
80641,1,1,0,0,0,20,0,0,0,0,0,0
90001,1,1,13,13,13,13,13,13,13,13,13,13
90001,2,1,23,0,0,15,18,0,6,0,10,0
90002,1,1,13,13,13,13,13,13,13,13,13,13
90003,1,1,0,0,0,0,0,0,0,0,0,0
90003,2,1,0,0,0,0,0,0,0,0,0,0
90004,1,1,17,17,17,17,22,5,41,12,2,21
90004,2,1,0,0,0,0,0,0,0,0,0,0
90005,1,1,0,0,0,0,0,20,0,0,0,0
90005,2,1,10,10,10,10,10,10,10,10,10,10
90006,1,1,0,0,0,0,0,0,0,0,0,0
90008,1,1,0,0,0,0,0,0,0,0,0,0
90008,2,1,6,0,4,12,0,21,0,0,0,0
90009,1,1,9,7,0,3,12,29,6,28,17,12
90010,1,1,0,0,0,0,0,0,0,0,0,0
90010,2,1,0,0,0,0,0,0,0,0,0,0
90011,1,1,0,0,0,0,0,1,0,0,0,0
90011,2,1,0,0,0,0,0,0,0,0,0,0
90012,1,1,0,0,0,0,0,0,0,0,0,0
90013,1,1,0,0,0,0,0,0,0,0,0,0
90014,1,1,15,15,15,15,15,15,15,15,15,15
90015,1,1,0,0,0,0,0,0,0,0,0,0
90016,1,1,0,0,0,0,0,0,0,0,0,0
90017,0,1,0,0,0,0,0,0,0,0,23,0
90017,0,2,13,13,13,13,13,13,13,13,13,13
90017,2,1,0,0,23,0,0,10,0,0,0,12
90019,1,1,26,26,26,26,26,26,26,26,26,26
90020,1,1,14,14,14,14,14,14,14,14,14,14
90021,1,1,22,22,22,22,22,22,22,22,22,22
90022,1,1,0,0,0,0,0,0,0,0,0,0
90023,1,1,0,0,0,0,0,0,0,0,0,0
90023,2,1,0,12,0,0,0,0,0,0,0,0
90024,1,1,0,0,0,0,0,0,0,0,34,0
90025,1,1,0,0,0,0,0,0,0,0,0,0
90025,2,1,14,14,14,14,14,14,14,14,14,14
90026,1,1,0,0,0,0,0,0,0,0,0,0
90027,1,1,0,0,0,0,0,0,0,0,0,0
90027,2,1,12,12,12,12,12,12,12,12,12,12
90030,0,1,26,26,26,26,26,26,26,26,26,26
90030,1,1,0,14,11,0,0,0,0,24,14,0
90031,1,1,11,23,28,48,0,30,24,0,35,76
90032,1,1,0,0,0,0,0,0,0,0,0,0
90034,0,1,0,0,0,0,0,0,0,0,0,0
90034,1,1,0,14,0,4,0,10,19,13,0,15
90035,1,1,0,0,0,0,12,29,0,0,0,0
90035,2,1,0,0,0,0,0,0,0,27,0,0
90035,3,1,28,28,28,28,28,28,28,28,28,28
90036,1,1,0,0,0,14,0,0,0,0,0,0
90036,2,1,0,0,0,0,0,0,0,0,0,0
90037,1,1,0,0,0,0,0,0,0,0,0,0
90038,1,1,0,0,20,0,0,0,0,0,0,0
90038,2,1,0,0,0,0,0,0,0,17,0,0
90038,3,1,7,7,7,7,7,7,7,7,7,7
90039,1,1,0,0,0,0,0,17,0,0,0,6
90040,2,1,12,12,12,12,12,12,12,12,12,12
90041,1,1,22,22,22,22,22,22,22,22,22,22
90042,1,1,0,0,0,0,0,0,0,0,0,0
90043,2,1,0,0,0,0,0,0,0,0,0,0
90044,1,1,0,0,0,0,0,0,0,0,0,0
90045,1,1,0,0,0,0,0,0,0,0,0,0
90045,2,1,12,0,0,25,0,0,0,0,0,0
90046,1,1,0,0,0,0,0,0,0,0,0,0
90046,2,1,0,0,0,0,0,0,0,0,0,0
90047,1,1,0,0,0,0,0,0,0,0,0,0
90047,2,1,0,0,0,0,0,0,0,0,0,0
90048,1,1,0,0,0,0,0,0,13,0,0,0
90048,2,1,0,0,0,0,0,0,0,0,0,0
90049,1,1,0,0,0,0,0,0,0,0,0,0
90049,2,1,0,0,0,0,0,0,0,0,0,0
90050,1,1,22,22,22,22,22,22,22,22,22,22
90052,1,1,0,0,0,0,0,0,0,0,0,0
90053,1,1,10,10,10,10,10,10,10,10,10,10
90053,2,1,0,0,11,5,0,0,0,0,0,0
90054,1,1,16,16,16,16,16,16,16,16,16,16
90055,0,1,0,0,0,0,0,0,0,0,0,0
90055,0,2,0,0,0,0,0,0,0,0,0,0
90055,1,1,4,4,4,4,4,4,4,4,4,4
90055,2,1,0,0,0,0,0,0,0,0,0,0
90056,1,1,13,13,13,13,13,13,13,13,13,13
90056,2,1,0,0,0,0,0,0,0,0,0,0
90057,1,1,16,0,0,15,0,0,0,0,0,0
90057,2,1,0,1,0,0,0,0,0,0,23,0
90057,3,1,14,12,0,0,0,10,0,0,0,0
90057,4,1,0,0,0,14,0,17,16,2,0,27
90057,5,1,13,13,13,13,13,13,13,13,13,13
90058,1,1,0,0,0,0,0,0,0,0,0,0
90059,1,1,23,23,23,23,23,23,23,23,23,23
90060,1,1,0,0,0,0,0,0,0,0,0,0
90060,2,1,0,0,0,0,0,0,0,0,0,0
90061,1,1,14,14,14,14,14,14,14,14,14,14
90062,1,1,0,0,0,0,0,0,0,0,0,0
90062,2,1,0,0,0,0,0,0,0,0,0,0
90062,3,1,0,0,0,0,0,0,0,0,0,0
90063,1,1,15,15,15,15,15,15,15,15,15,15
90064,1,1,0,0,0,0,0,0,0,0,0,0
90064,2,1,0,0,6,0,0,0,0,0,0,0
90065,1,1,0,0,0,0,0,0,0,0,0,0
90065,2,1,0,0,0,0,0,0,0,0,0,0
90066,1,1,22,22,22,22,22,22,22,22,22,22
90067,0,1,0,0,0,0,0,0,0,0,0,0
90067,1,1,0,0,0,0,0,0,6,0,0,0
90068,1,1,15,15,15,15,15,15,15,15,15,15
90068,2,1,9,9,9,9,9,9,9,9,9,9
90069,1,1,0,0,5,9,0,0,0,8,0,4
90069,2,1,14,0,0,11,15,0,0,0,0,0
90070,0,1,0,0,0,0,0,0,0,0,0,0
90070,1,1,0,0,0,0,0,0,0,0,0,0
90071,1,1,2,2,2,2,2,2,2,2,2,2
90071,2,1,0,0,0,0,0,0,0,0,0,6
90072,1,1,6,6,6,6,6,6,6,6,6,6
90073,1,1,9,9,9,9,9,9,9,9,9,9
90074,1,1,0,0,0,9,0,30,0,0,0,0
90075,1,1,24,37,0,16,10,26,3,7,16,18
90075,2,1,0,0,0,0,0,0,0,0,0,0
90077,1,1,29,29,29,29,29,29,29,29,29,29
90078,1,1,0,0,0,0,0,0,0,0,0,0
90079,1,1,8,8,8,8,8,8,8,8,8,8
90080,1,1,0,0,0,0,0,0,0,0,0,0
90081,1,1,0,0,0,0,0,0,0,0,0,0
90081,2,1,14,28,9,16,18,56,10,0,22,23
90082,1,1,0,0,0,0,0,0,0,0,0,0
90082,2,1,0,0,0,0,0,0,0,0,0,0
90083,1,1,10,10,10,10,10,10,10,10,10,10
90084,0,1,0,0,0,0,0,0,0,0,0,0
90084,1,1,0,0,0,0,0,0,0,0,0,0
90085,1,1,17,17,17,17,17,17,17,17,17,17
90085,2,1,0,0,0,0,0,0,0,0,0,0
90086,1,1,0,0,0,0,0,0,0,0,0,0
90086,2,1,31,0,15,0,0,0,11,18,0,0
90087,0,1,0,0,0,0,0,0,0,0,0,0
90087,1,1,29,18,0,18,10,6,0,0,0,0
90088,1,1,16,16,16,16,16,16,16,16,16,16
90089,1,1,7,7,7,7,7,7,7,7,7,7
90090,1,1,6,6,6,6,6,6,6,6,6,6
90091,1,1,16,16,16,16,16,16,16,16,16,16
90091,2,1,19,0,0,0,8,0,19,17,0,0
90092,2,1,2,2,2,2,2,2,2,2,2,2
90092,3,1,15,16,0,27,0,18,13,0,3,5
90092,4,1,0,0,0,0,0,0,0,0,11,11
90093,1,1,0,0,0,0,0,0,0,0,0,0
90093,2,1,0,0,0,0,0,0,0,0,0,0
90094,1,1,15,15,15,15,15,15,15,15,15,15
90095,1,1,0,0,0,0,0,0,0,0,8,0
90095,2,1,0,0,0,0,0,0,11,0,0,0
90097,1,1,0,0,0,0,0,0,0,0,0,0
90098,1,1,6,6,6,6,6,6,6,6,6,6
90099,1,1,25,25,25,25,25,25,25,25,25,25
90100,1,1,0,0,0,0,0,0,0,0,0,0
90101,1,1,2,0,0,0,0,0,0,0,0,0
90101,2,1,0,0,0,0,0,0,0,0,0,0
90102,1,1,0,0,0,0,12,8,0,0,0,0
90102,2,1,0,44,0,0,13,0,0,0,0,0
90103,1,1,0,0,0,0,4,0,0,0,0,0
90103,2,1,19,5,0,0,0,0,0,12,0,0
90104,0,1,0,0,0,0,0,0,0,0,0,0
90104,1,1,0,0,0,0,0,8,11,14,0,23
90105,0,1,0,0,0,0,0,0,0,0,0,0
90105,2,1,0,0,0,0,0,0,0,0,0,0
90106,1,1,20,20,20,20,20,20,20,20,20,20
90107,1,1,19,0,0,0,0,10,0,0,0,0
90107,2,1,0,0,0,0,0,0,0,0,0,0
90108,0,1,20,20,20,20,20,20,20,20,20,20
90108,1,1,0,17,0,0,0,0,0,0,0,7
90109,1,1,0,0,0,0,0,23,0,0,0,0
90109,2,1,21,21,21,21,21,21,21,21,21,21
90110,1,1,24,24,24,24,24,24,24,24,24,24
90111,1,1,0,0,8,0,0,0,11,0,0,0
90113,1,1,0,0,0,0,0,0,0,0,0,0
90113,2,1,16,16,16,16,16,16,16,16,16,16
90114,1,1,19,0,0,0,24,9,0,0,8,0
90114,2,1,20,20,20,20,20,20,20,20,20,20
90115,1,1,0,0,0,0,0,0,0,0,0,0
90116,1,1,7,7,7,7,7,7,7,7,7,7
90117,1,1,0,25,8,0,0,0,18,0,0,0
90118,1,1,0,0,0,0,0,0,0,0,0,0
90120,1,1,0,0,0,0,0,0,0,0,0,0
90121,1,1,15,15,15,15,15,15,15,15,15,15
90122,0,1,0,0,0,0,0,0,0,0,0,0
90122,1,1,0,0,0,0,0,0,0,0,0,0
90122,2,1,0,0,0,0,0,17,0,20,12,0
90124,1,1,0,29,0,20,0,0,0,0,0,17
90125,1,1,0,0,0,0,0,0,0,0,0,0
90125,2,1,0,0,0,0,0,0,0,0,0,0
90126,1,1,27,27,27,27,27,27,27,27,27,27
90127,0,1,15,26,0,8,0,0,32,0,0,6
90127,0,2,10,10,10,10,10,10,10,10,10,10
90127,1,1,0,0,0,0,0,0,0,0,0,0
90128,1,1,4,4,4,4,4,4,4,4,4,4
90128,2,1,0,0,0,0,0,0,0,0,0,0
90129,0,1,0,0,0,0,0,0,0,0,0,0
90129,1,1,0,0,0,0,0,0,0,0,0,0
90130,1,1,0,0,0,0,0,0,0,0,0,0
90130,2,1,0,0,0,0,0,0,0,0,0,0
90131,0,1,0,0,0,0,0,0,0,0,0,0
90131,1,1,0,0,0,0,0,0,0,0,0,0
90132,1,1,0,0,0,0,0,0,0,0,0,0
90132,2,1,0,0,20,0,0,22,28,0,13,28
90133,0,1,0,0,0,0,0,0,0,0,0,0
90133,1,1,0,0,29,0,0,0,0,0,0,0
90134,0,1,0,0,0,0,0,0,0,0,0,0
90134,1,1,13,23,0,9,10,0,7,12,15,15
90135,1,1,0,0,0,0,11,0,0,0,0,0
90136,1,1,0,0,0,0,0,0,0,0,0,0
90137,1,1,0,0,0,0,0,0,0,0,0,0
90138,1,1,0,0,0,0,0,0,0,0,0,0
90138,2,1,0,0,0,0,0,0,0,0,0,0
90139,1,1,25,25,25,25,25,25,25,25,25,25
90140,1,1,0,11,0,0,0,0,0,0,21,0
90140,2,1,19,19,19,19,19,19,19,19,19,19
90142,1,1,0,0,0,0,0,0,0,0,0,0
90142,2,1,0,0,0,0,4,0,0,0,0,0
90143,1,1,20,20,20,20,20,20,20,20,20,20
90144,1,1,0,0,0,0,0,0,0,0,0,0
90144,2,1,0,0,0,0,0,0,0,0,0,0
90145,1,1,0,0,0,0,0,0,0,0,0,0
90145,2,1,0,0,0,0,0,0,0,0,0,0
90146,0,1,0,0,0,0,0,0,0,0,0,0
90146,1,1,0,7,0,0,15,0,35,0,0,0
90147,1,1,0,0,0,0,0,0,0,0,0,0
90148,1,1,0,0,0,0,0,0,0,0,0,0
90149,1,1,0,0,0,0,0,0,0,0,0,0
90149,2,1,0,0,0,0,0,0,0,0,0,0
90149,3,1,0,0,0,0,0,0,0,0,0,0
90149,4,1,0,0,0,0,0,0,0,0,0,0
90150,1,1,0,0,0,0,0,19,0,0,0,23
90150,2,1,0,0,0,0,0,0,0,0,0,0
90151,0,1,0,0,0,12,0,0,0,0,10,0
90151,0,2,7,7,7,7,7,7,7,7,7,7
90151,0,3,19,19,19,19,19,19,19,19,19,19
90151,0,4,0,0,14,0,0,3,23,16,0,0
90151,1,1,0,0,0,0,0,0,0,0,0,0
90152,1,1,4,4,4,4,4,4,4,4,4,4
90152,2,1,0,0,0,17,10,0,0,0,0,0
90153,1,1,0,10,0,0,18,10,0,0,0,0
90153,2,1,0,0,0,0,0,0,0,0,0,0
90154,1,1,0,0,0,0,0,0,0,0,0,0
90154,2,1,0,0,24,6,0,0,0,0,0,0
90155,1,1,16,0,0,22,8,0,0,0,32,13
90156,1,1,0,0,0,0,0,0,0,0,0,0
90156,2,1,0,0,0,0,0,0,0,5,0,0
90157,1,1,10,12,19,5,20,12,33,13,14,17
90157,2,1,10,10,10,10,10,10,10,10,10,10
90158,1,1,0,0,0,0,0,0,0,0,0,0
90158,2,1,0,0,0,0,0,3,0,0,0,0
90159,1,1,0,0,0,0,0,0,0,0,0,0
90160,1,1,0,0,0,0,0,0,0,0,0,0
90161,1,1,0,0,0,0,0,0,0,0,0,0
90161,2,1,0,0,0,0,0,0,0,0,0,0
90162,1,1,0,0,0,0,0,0,0,0,0,0
90162,2,1,0,0,0,0,0,0,0,0,0,0
90163,1,1,0,0,0,0,0,0,0,0,0,0
90163,2,1,0,0,0,0,0,0,20,0,0,0
90163,3,1,0,0,0,0,0,0,0,0,0,0
90163,4,1,0,0,0,0,0,0,0,0,20,0
90163,5,1,0,0,0,0,0,0,0,0,0,0
90163,6,1,0,0,0,0,0,0,0,0,0,14
90164,1,1,12,12,12,12,12,12,12,12,12,12
90165,1,1,3,3,3,3,3,3,3,3,3,3
90166,1,1,0,0,0,0,0,10,5,0,17,0
90167,1,1,0,0,0,0,0,0,0,0,0,0
90167,2,1,0,0,0,0,0,0,0,18,0,0
90168,1,1,0,0,0,0,0,0,0,0,0,0
90169,1,1,0,0,0,0,0,0,0,0,0,0
90170,1,1,0,0,0,0,0,0,0,0,0,0
90170,2,1,12,12,4,22,34,14,0,20,32,0
90171,1,1,0,0,0,0,0,0,0,0,0,0
90172,1,1,0,0,0,0,0,0,0,0,0,0
90172,2,1,0,0,0,0,0,0,0,0,0,0
90172,3,1,0,0,0,15,6,0,0,0,14,0
90173,1,1,0,0,0,0,0,0,0,0,0,0
90176,1,1,16,16,16,16,16,16,16,16,16,16
90177,1,1,0,0,0,0,0,0,0,0,0,0
90177,2,1,0,0,0,0,0,0,0,0,0,0
90178,1,1,0,0,0,29,11,0,0,0,0,0
90178,2,1,0,0,0,0,0,0,0,0,0,0
90179,1,1,0,0,0,0,0,0,0,0,0,0
90179,2,1,0,0,0,0,0,0,16,0,13,0
90180,1,1,0,0,23,9,15,22,0,0,0,8
90180,2,1,0,0,0,0,0,0,0,0,0,0
90181,0,1,0,0,0,0,0,0,0,0,0,0
90181,1,1,8,4,16,3,5,9,15,14,13,0
90183,1,1,22,22,22,22,22,22,22,22,22,22
90184,1,1,14,14,14,14,14,14,14,14,14,14
90184,2,1,0,24,0,0,0,0,0,0,0,0
90185,1,1,0,0,0,0,0,0,0,0,0,0
90185,2,1,0,0,0,0,0,0,0,0,0,0
90186,1,1,0,0,0,0,0,0,0,0,0,0
90187,0,1,40,40,40,40,40,40,40,40,40,40
90187,1,1,21,16,0,0,31,0,10,0,17,0
90189,1,1,0,0,0,15,0,0,0,0,0,0
90190,0,1,0,0,0,0,0,0,0,0,0,0
90190,1,1,0,0,0,0,0,0,0,0,0,0
90191,1,1,13,16,14,25,4,0,0,12,10,0
90191,2,1,0,0,0,0,0,0,0,0,0,0
90192,1,1,0,0,0,0,0,0,0,0,0,0
90193,1,1,0,0,12,7,0,11,0,0,6,0
90193,2,1,0,0,0,13,0,0,0,0,0,22
90194,1,1,0,0,0,0,0,0,0,0,0,0
90194,2,1,0,0,0,0,0,0,0,0,0,0
90194,3,1,0,0,0,0,0,0,0,0,0,0
90194,4,1,0,0,0,0,0,0,0,0,0,0
90195,1,1,18,18,18,18,18,18,18,18,18,18
90196,1,1,6,6,6,6,6,6,6,6,6,6
90196,2,1,17,2,9,7,8,3,19,14,7,11
90197,0,1,0,0,0,0,0,0,0,0,0,0
90197,1,1,0,0,0,0,0,0,0,0,0,22
90198,1,1,0,24,0,14,0,0,0,0,0,0
90198,2,1,0,0,0,0,0,0,0,0,0,16
90199,1,1,21,21,21,21,21,21,21,21,21,21
90199,2,1,0,0,0,0,0,0,0,0,0,0
90199,3,1,0,32,19,0,0,0,10,0,0,0
90200,1,1,0,0,0,0,0,0,0,0,0,0
90201,1,1,22,11,15,4,13,23,26,5,5,9
90201,2,1,0,9,0,0,7,24,6,25,0,13
90202,1,1,0,0,0,26,9,0,0,0,17,0
90203,0,1,0,0,0,0,0,0,0,0,0,0
90203,1,1,0,16,0,0,27,0,7,34,21,0
90204,1,1,0,0,0,0,0,14,0,0,0,0
90204,2,1,0,0,26,0,0,0,0,0,19,0
90205,1,1,0,3,0,0,0,0,0,15,0,0
90205,2,1,0,0,0,0,0,0,0,0,0,0
90206,1,1,4,4,4,4,4,4,4,4,4,4
90207,0,1,0,0,0,0,0,0,0,0,0,0
90207,0,2,0,0,0,0,0,0,0,30,0,0
90207,0,3,0,0,0,0,0,0,39,0,0,0
90207,0,4,0,0,0,0,0,0,0,0,0,0
90207,0,5,0,0,0,0,41,0,0,0,0,0
90207,3,1,0,19,8,0,0,0,14,0,18,0
90209,1,1,0,12,0,0,9,0,0,0,0,0
90209,2,1,0,0,0,0,0,0,0,0,0,0
90209,3,1,18,18,18,18,18,18,18,18,18,18
90210,0,1,0,0,0,0,0,0,0,0,0,0
90210,1,1,0,0,0,0,0,0,0,0,0,0
90210,2,1,27,0,30,0,0,0,0,0,0,0
90211,1,1,0,28,8,0,7,0,0,0,0,0
90211,2,1,17,17,17,17,17,17,17,17,17,17
90212,0,1,14,14,14,14,14,14,14,14,14,14
90212,1,1,0,0,0,6,0,0,0,0,0,12
90213,1,1,0,0,0,0,0,0,0,0,0,0
90213,2,1,0,0,0,0,0,0,0,0,0,0
90214,1,1,13,26,0,16,19,0,0,0,10,25
90214,2,1,25,25,25,25,25,25,25,25,25,25
90215,0,1,17,27,27,22,0,0,0,0,0,0
90215,1,1,0,0,0,0,0,0,0,0,18,0
90216,1,1,0,0,0,0,0,0,0,0,0,0
90217,1,1,0,0,0,0,0,0,0,0,0,0
90217,2,1,0,0,0,0,0,0,0,0,0,0
90218,1,1,0,0,0,0,0,0,0,0,0,0
90218,2,1,0,0,0,0,0,0,0,0,0,0
90219,0,1,0,0,6,0,0,0,0,0,0,25
90219,1,1,0,0,0,13,0,0,0,0,0,0
90220,0,1,0,0,0,0,0,0,0,0,0,0
90220,1,1,0,0,0,0,10,0,0,0,0,0
90221,1,1,0,0,0,0,0,0,0,0,0,0
90221,2,1,7,7,7,7,7,7,7,7,7,7
90221,3,1,13,16,10,14,20,9,5,9,10,20
90222,0,1,0,0,0,0,0,0,0,0,0,0
90222,1,1,0,19,15,0,0,0,0,0,0,0
90223,1,1,0,0,0,0,0,0,0,0,0,0
90223,2,1,14,14,14,14,14,14,14,14,14,14
90224,1,1,16,16,16,16,16,16,16,16,16,16
90225,0,1,26,26,26,26,26,26,26,26,26,26
90225,1,1,0,0,18,0,0,17,8,11,0,23
90226,2,1,0,0,0,0,0,0,0,0,0,0
90227,1,1,0,0,0,0,0,0,0,0,0,0
90228,1,1,0,0,0,0,0,0,0,0,0,0
90228,2,1,0,0,0,0,0,0,0,0,0,0
90229,1,1,0,0,0,0,0,0,0,0,0,0
90229,2,1,14,0,0,4,0,0,0,0,0,0
90230,1,1,11,11,11,11,11,11,11,11,11,11
90230,2,1,7,0,0,8,16,21,0,0,32,15
90231,0,1,0,0,0,0,0,0,0,0,0,0
90231,1,1,0,0,0,0,0,0,8,0,0,0
90232,1,1,0,0,0,0,0,36,0,6,0,0
90232,2,1,0,0,0,0,0,0,0,0,0,0
90232,3,1,0,0,0,0,0,0,0,0,0,0
90232,4,1,17,0,24,22,0,19,7,0,0,24
90233,1,1,0,0,0,0,0,0,0,0,0,0
90233,2,1,0,0,0,0,0,0,0,0,0,0
90235,1,1,17,17,17,17,17,17,17,17,17,17
90236,1,1,0,0,0,0,0,0,0,0,0,0
90236,2,1,27,27,27,27,27,27,27,27,27,27
90237,0,1,11,0,0,0,36,6,0,0,16,9
90237,1,1,15,20,19,17,24,24,10,0,0,1
90238,0,1,33,32,13,10,0,0,0,0,0,0
90238,1,1,16,0,13,0,0,0,23,16,13,0
90239,0,1,0,0,0,0,0,0,0,0,0,0
90239,1,1,0,10,0,9,11,0,0,0,0,0
90239,2,1,37,0,0,0,26,26,0,0,26,0
90241,1,1,21,21,21,21,21,21,21,21,21,21
90242,1,1,21,21,0,0,13,0,0,21,0,0
90243,0,1,0,0,0,0,0,0,0,0,0,0
90243,1,1,11,0,0,13,0,0,10,0,6,8
90244,1,1,18,18,18,18,18,18,18,18,18,18
90245,1,1,23,23,23,23,23,23,23,23,23,23
90246,1,1,0,0,0,0,0,0,0,0,0,0
90246,2,1,0,0,0,0,0,0,16,0,10,0
90247,1,1,21,24,10,0,15,9,0,27,6,0
90248,0,1,0,0,0,0,0,0,0,0,0,0
90248,1,1,0,0,0,0,0,0,0,0,0,0
90249,1,1,24,24,24,24,24,24,24,24,24,24
90250,1,1,22,22,22,22,22,22,22,22,22,22
90251,1,1,0,0,0,0,0,0,0,0,0,0
90251,2,1,0,0,0,0,0,11,0,4,0,0
90252,1,1,7,7,7,7,7,7,7,7,7,7
90253,1,1,0,0,0,0,0,0,0,0,0,0
90253,2,1,24,24,24,24,24,24,24,24,24,24
90254,0,1,0,0,24,0,0,0,0,0,0,0
90254,1,1,0,0,0,0,0,0,0,0,0,15
90255,1,1,0,0,0,0,0,0,0,0,0,0
90256,1,1,28,28,28,28,28,28,28,28,28,28
90257,1,1,0,0,0,0,0,0,0,0,0,0
90257,2,1,0,0,0,0,0,0,0,0,0,0
90258,1,1,0,0,0,0,0,0,0,0,0,0
90258,2,1,0,36,0,0,0,0,23,0,0,0
90258,3,1,0,18,0,0,0,0,0,0,0,17
90258,4,1,0,0,0,0,0,0,0,0,21,0
90259,1,1,13,13,13,13,13,13,13,13,13,13
90261,0,1,0,0,0,0,0,0,0,0,0,0
90261,1,1,7,0,0,0,0,0,0,0,0,0
90262,0,1,0,0,0,0,0,0,0,0,0,0
90262,0,2,0,0,0,0,0,30,0,0,0,0
90262,1,1,0,0,0,0,0,0,0,0,0,0
90263,1,1,18,18,18,18,18,18,18,18,18,18
90264,1,1,0,0,0,0,0,0,0,0,0,29
90264,2,1,0,0,0,0,0,0,0,0,0,0
90264,3,1,0,0,0,0,0,0,0,23,0,0
90265,0,1,6,6,6,6,6,6,6,6,6,6
90265,1,1,0,0,15,0,0,12,0,0,0,16
90266,1,1,23,0,0,0,0,0,0,0,0,0
90266,2,1,21,21,21,21,21,21,21,21,21,21
90267,1,1,0,0,0,0,0,0,0,0,0,0
90267,2,1,0,29,0,0,0,17,0,0,0,0
90267,3,1,0,0,0,10,23,0,0,0,0,0
90267,4,1,0,0,0,0,0,0,0,0,0,0
90268,0,1,0,0,0,0,0,0,0,0,0,0
90268,1,1,0,0,0,0,0,0,0,4,0,0
90269,1,1,0,0,0,0,0,0,0,0,0,0
90269,2,1,0,15,0,25,0,0,0,0,0,10
90269,3,1,19,20,0,23,18,18,12,27,8,6
90270,1,1,6,6,6,6,6,6,6,6,6,6
90271,0,1,40,40,40,40,40,40,40,40,40,40
90271,1,1,0,0,0,0,0,0,11,29,0,13
90272,1,1,22,22,22,22,22,22,22,22,22,22
90273,1,1,17,0,0,17,0,0,0,0,0,0
90273,2,1,4,0,0,0,0,11,0,0,0,0
90273,3,1,0,17,39,0,0,0,0,10,0,0
90274,1,1,8,8,8,8,8,8,8,8,8,8
90275,0,1,0,0,0,0,0,0,0,0,0,0
90275,1,1,0,0,5,0,0,9,12,9,0,14
90276,1,1,0,0,0,3,0,0,0,0,0,0
90276,2,1,0,0,0,0,0,0,0,0,0,0
90277,0,1,0,0,0,0,0,0,0,0,0,0
90277,1,1,0,0,0,0,0,0,0,0,0,0
90278,0,1,11,11,11,11,11,11,11,11,11,11
90278,1,1,15,0,0,0,23,0,15,8,0,8
90279,1,1,0,0,0,0,3,0,0,0,25,0
90279,2,1,0,0,0,0,0,0,0,0,0,0
90280,0,1,4,4,4,4,4,4,4,4,4,4
90280,1,1,0,0,0,0,0,0,0,0,0,0
90281,1,1,0,0,0,0,0,0,0,0,0,0
90281,2,1,7,9,3,7,8,11,13,20,14,14
90282,1,1,19,0,0,0,0,0,0,0,0,0
90283,0,1,14,14,14,14,14,14,14,14,14,14
90283,1,1,0,13,0,0,14,0,0,9,19,0
90284,1,1,14,16,19,16,2,7,24,13,22,5
90284,2,1,0,0,0,0,0,0,0,0,0,0
90285,1,1,0,0,0,0,0,0,0,0,0,0
90285,2,1,0,0,0,0,28,14,24,0,11,0
90286,1,1,20,15,6,0,22,12,32,20,9,11
90287,1,1,0,0,0,0,0,0,0,0,0,0
90287,2,1,0,0,0,0,0,0,0,0,0,0
90288,1,1,14,14,14,14,14,14,14,14,14,14
90289,1,1,0,0,0,0,0,0,0,0,0,0
90289,2,1,0,0,0,0,0,9,0,0,0,0
90290,1,1,10,0,0,0,25,22,19,0,0,0
90290,2,1,0,0,0,0,0,0,0,0,0,0
90291,0,1,0,0,0,0,0,0,0,0,0,0
90291,1,1,0,0,0,0,0,0,0,0,0,0
90292,1,1,0,0,0,0,0,0,0,0,0,0
90293,1,1,0,0,0,0,0,0,0,0,0,0
90294,1,1,0,15,0,0,7,0,0,0,0,29
90294,2,1,0,0,0,0,0,0,0,0,0,0
90295,1,1,0,0,0,0,0,0,0,0,0,10
90295,2,1,0,0,0,0,0,0,0,0,0,0
90296,0,1,0,0,0,0,0,0,0,0,0,0
90296,1,1,0,0,14,6,7,0,18,27,0,0
90298,1,1,12,12,12,12,12,12,12,12,12,12
90298,2,1,0,0,0,0,0,0,0,0,0,0
90299,1,1,20,20,20,20,20,20,20,20,20,20
90300,0,1,0,0,0,0,0,0,0,0,0,0
90300,1,1,0,0,0,12,0,11,11,11,0,13
90301,0,1,0,0,0,0,0,0,0,0,0,0
90302,0,1,0,0,0,0,0,0,0,0,0,0
90302,1,1,10,0,0,15,0,0,0,0,0,0
90303,0,1,0,0,0,0,0,0,0,0,0,0
90303,1,1,19,0,0,16,0,0,0,0,0,0