ST_CASE,VEH_NO,PER_NO,P1,P2,P3,P4,P5,P6,P7,P8,P9,P10
121282,1,1,0,0,0,26,0,6,0,14,13,43
121283,1,1,0,0,0,0,0,0,0,0,0,0
121283,2,1,0,0,0,0,0,0,0,0,0,0
121284,1,1,0,0,0,0,0,0,0,0,0,0
121284,2,1,0,0,0,0,0,0,0,0,0,0
121285,1,1,0,0,0,0,14,0,16,0,0,0
121285,2,1,0,0,0,0,13,0,0,0,0,0
121286,1,1,22,0,0,0,0,0,0,0,0,0
121286,2,1,0,0,0,0,0,0,10,0,0,0
121287,0,1,0,0,0,0,0,0,0,0,0,0
121287,1,1,0,0,0,0,0,13,0,0,0,0
121288,1,1,0,0,3,4,0,0,0,0,0,0
121288,2,1,0,0,0,0,0,18,0,0,0,0
121288,3,1,0,0,0,0,0,0,0,0,0,0
121288,4,1,0,0,0,0,0,0,0,0,0,0
121289,1,1,0,0,0,0,10,0,0,0,0,0
121289,2,1,0,0,15,0,0,0,0,0,0,0
121290,1,1,0,0,0,0,0,0,0,0,0,0
121290,2,1,0,0,0,0,0,0,0,0,0,0
121291,0,1,11,11,11,11,11,11,11,11,11,11
121291,1,1,13,0,0,0,0,0,0,0,0,0
121291,2,1,0,0,0,0,5,0,0,25,0,0
121292,0,1,0,21,0,8,39,12,0,12,20,14
121292,1,1,0,0,0,0,0,0,0,3,30,13
121293,1,1,0,0,0,0,0,0,0,0,0,0
121293,2,1,0,0,0,0,0,0,0,0,0,0
121293,3,1,22,0,0,0,0,0,0,0,0,0
121294,1,1,0,23,0,0,0,0,0,0,0,0
121294,2,1,0,0,0,0,0,0,0,0,0,0
121295,0,1,0,0,0,0,0,0,0,0,0,0
121295,1,1,0,0,0,0,0,0,0,0,0,0
121297,1,1,0,0,0,0,0,0,0,0,0,0
121297,2,1,0,0,0,0,13,0,0,0,5,0
121298,1,1,0,0,0,33,0,0,12,0,0,0
121298,2,1,0,0,0,0,0,0,0,0,0,0
121299,1,1,0,0,0,0,0,0,0,0,0,0
121300,0,1,20,20,20,20,20,20,20,20,20,20
121300,1,1,0,0,0,0,0,0,10,0,0,0
121302,1,1,0,0,0,0,0,0,0,0,0,0
121302,2,1,0,0,0,0,0,0,0,0,0,0
121303,0,1,28,0,0,0,0,32,10,20,0,0
121303,1,1,0,14,0,0,24,0,0,0,24,0
121304,0,1,0,0,0,0,0,27,0,0,0,0
121304,1,1,0,0,0,0,0,0,0,0,0,0
121305,0,1,0,0,0,0,0,0,0,0,0,0
121305,1,1,0,0,0,0,0,3,0,0,13,0
121306,0,1,0,0,0,0,0,0,0,0,0,0
121306,1,1,0,0,0,0,0,0,18,0,0,0
121307,1,1,21,21,21,21,21,21,21,21,21,21
121308,1,1,19,8,19,19,10,14,19,14,4,6
121309,1,1,0,0,13,0,14,29,7,8,21,8
121310,1,1,16,16,16,16,16,16,16,16,16,16
121310,2,1,0,0,0,0,0,0,0,0,0,0
121311,0,1,0,0,0,0,0,0,0,0,0,0
121311,1,1,0,25,0,0,0,7,0,0,0,0
121312,1,1,0,0,0,0,0,0,0,0,0,0
121312,2,1,0,0,0,0,0,0,0,0,0,0
121313,1,1,0,0,0,0,0,0,0,0,0,0
121313,2,1,0,0,0,0,0,0,0,0,0,0
121314,1,1,0,0,0,0,0,0,0,0,0,0
121314,2,1,0,0,0,0,0,0,0,0,0,0
121315,0,1,0,0,0,0,0,0,0,0,0,0
121315,1,1,0,0,0,0,0,0,0,0,0,0
121316,1,1,0,0,0,0,0,0,0,0,0,0
121317,0,1,24,24,24,24,24,24,24,24,24,24
121317,1,1,0,0,0,0,0,0,0,0,0,0
121318,1,1,0,0,0,0,0,0,0,0,0,0
121318,2,1,0,0,0,0,0,0,0,0,0,0
121319,1,1,0,0,0,0,0,0,0,0,0,0
121319,2,1,0,0,0,0,0,0,0,0,0,0
121320,0,1,22,0,0,0,0,0,0,13,0,0
121320,1,1,0,0,0,0,0,0,0,0,0,0
121321,0,1,0,0,0,0,0,14,6,15,17,13
121321,1,1,0,0,0,0,0,16,0,0,0,0
121322,1,1,12,12,12,12,12,12,12,12,12,12
121322,2,1,0,0,0,0,0,0,26,0,0,0
121323,1,1,0,0,0,0,0,0,0,0,0,0
121324,1,1,0,0,0,0,0,0,4,0,0,0
121324,2,1,0,0,0,0,0,0,0,0,0,0
121325,1,1,0,0,0,0,0,0,0,0,0,0
121325,2,1,0,0,0,0,0,0,0,0,0,0
121326,0,1,0,10,0,0,0,0,0,0,0,0
121326,1,1,0,0,0,0,0,0,0,0,0,0
121327,0,1,0,0,0,0,0,0,0,0,0,0
121327,1,1,0,0,0,0,0,0,0,0,0,0
121328,1,1,0,0,0,15,0,0,0,0,0,0
121328,2,1,0,0,0,0,0,0,0,0,0,0
121329,1,1,0,0,0,0,0,0,0,0,0,0
121330,0,1,22,16,11,8,24,33,0,0,13,0
121330,1,1,7,6,13,16,23,28,11,22,20,7
121331,1,1,0,0,0,0,0,0,0,0,0,0
121331,2,1,0,0,0,0,0,0,0,0,0,0
121332,0,1,43,22,0,0,0,0,0,0,0,0
121332,1,1,0,0,0,0,0,0,0,7,0,0
121333,1,1,24,24,24,24,24,24,24,24,24,24
121335,1,1,0,0,0,0,0,0,0,0,0,0
121336,1,1,0,0,0,0,0,0,0,0,0,0
121336,2,1,0,0,0,0,0,0,0,0,0,0
121337,1,1,0,0,0,0,0,0,0,0,0,0
121337,2,1,0,0,0,0,0,0,0,0,0,0
121338,1,1,21,21,21,21,21,21,21,21,21,21
121339,1,1,16,16,16,16,16,16,16,16,16,16
121340,1,1,0,0,0,0,11,0,0,0,10,0
121341,1,1,0,0,0,0,0,14,0,0,0,0
121341,2,1,0,0,0,0,0,0,0,17,0,0
121342,1,1,0,0,0,0,0,0,0,0,0,0
121342,2,1,0,0,0,0,0,0,0,0,0,0
121343,1,1,0,0,15,0,0,0,6,0,0,24
121343,2,1,0,0,0,0,0,0,0,0,0,0
121344,1,1,14,14,14,14,14,14,14,14,14,14
121345,0,1,0,0,0,0,0,0,0,0,0,0
121345,1,1,0,0,0,0,0,0,0,0,0,0
121346,1,1,16,16,16,16,16,16,16,16,16,16
121346,2,1,0,0,0,0,0,0,0,0,0,0
121347,0,1,0,0,0,0,0,0,0,0,0,0
121347,1,1,18,0,0,0,0,0,0,0,0,0
121348,0,1,0,0,0,0,0,0,0,0,0,0
121348,0,2,0,0,0,0,0,0,0,0,0,0
121348,1,1,0,0,0,0,0,0,0,0,0,0
121348,2,1,0,0,0,0,0,0,0,0,0,0
121349,1,1,19,19,19,19,19,19,19,19,19,19
121350,1,1,0,0,0,0,0,0,0,0,0,0
121350,2,1,0,0,0,0,0,0,0,0,0,0
121351,1,1,0,0,0,0,0,0,0,0,0,0
121351,2,1,0,0,0,0,0,0,0,0,11,26
121352,1,1,0,0,8,16,36,0,0,0,0,0
121353,0,1,0,0,0,0,0,0,0,0,0,0
121353,1,1,0,0,9,0,0,0,0,0,0,0
121354,1,1,0,20,10,0,0,40,16,12,0,0
121355,0,1,0,0,0,0,0,0,0,0,0,0
121355,1,1,0,0,0,0,0,0,0,0,0,0
121356,0,1,37,29,0,0,26,32,0,0,24,17
121356,1,1,0,0,0,0,0,0,0,0,0,0
121357,0,1,0,0,0,0,0,0,0,0,0,0
121357,1,1,0,10,0,0,11,0,0,0,0,0
121358,0,1,0,0,0,0,0,0,16,12,0,0
121358,1,1,0,0,0,0,0,0,0,20,0,0
121359,0,1,0,12,0,0,0,0,0,0,20,0
121359,1,1,18,0,19,18,21,8,15,0,17,23
121361,1,1,12,7,10,0,19,0,0,0,17,32
121361,2,1,0,20,0,0,0,16,0,0,12,20
121362,1,1,20,12,21,0,0,0,0,15,0,0
121363,0,1,5,5,5,5,5,5,5,5,5,5
121363,1,1,0,0,0,0,0,0,0,0,24,0
121364,1,1,17,17,17,17,17,17,17,17,17,17
121365,0,1,11,11,11,11,11,11,11,11,11,11
121365,1,1,11,11,11,11,11,11,11,11,11,11
121366,0,1,0,0,0,0,0,0,0,0,0,0
121366,1,1,0,0,0,0,0,0,0,0,0,0
121367,1,1,0,0,0,0,0,0,0,0,0,0
121367,2,1,0,0,0,0,0,0,0,0,0,0
121368,1,1,0,0,0,0,0,0,0,0,0,0
121368,2,1,0,0,0,0,0,0,5,0,0,11
121369,1,1,11,0,8,0,0,0,0,0,0,0
121369,2,1,0,0,0,0,0,0,0,0,0,0
121370,1,1,7,7,7,7,7,7,7,7,7,7
121371,1,1,0,0,0,0,0,0,19,0,0,0
121371,2,1,0,0,0,0,0,0,0,0,0,0
121372,1,1,0,0,9,0,13,0,0,0,13,0
121373,1,1,3,0,0,0,27,0,0,0,0,0
121373,2,1,0,0,0,0,0,0,0,0,0,0
121374,1,1,0,0,0,0,0,0,0,0,0,0
121375,1,1,1,1,1,1,1,1,1,1,1,1
121375,2,1,0,0,0,22,0,0,0,0,0,0
121376,1,1,21,0,0,0,0,0,12,0,0,0
121377,1,1,0,0,0,0,0,0,0,0,0,0
121378,1,1,29,29,29,29,29,29,29,29,29,29
121379,1,1,23,23,23,23,23,23,23,23,23,23
121380,0,1,0,0,0,0,0,0,0,0,0,0
121380,1,1,0,0,0,0,0,0,0,0,0,0
121381,1,1,0,0,0,0,0,0,11,0,0,0
121382,1,1,0,0,0,0,0,0,0,0,0,0
121382,2,1,0,0,0,0,0,0,0,0,0,0
121383,1,1,32,0,0,35,0,0,15,0,26,0
121384,1,1,0,0,0,0,0,0,0,0,0,0
121385,0,1,0,12,0,37,0,0,0,0,0,0
121385,1,1,0,0,0,0,0,0,7,0,0,0
121386,1,1,15,0,9,26,0,20,0,0,15,7
121386,2,1,0,0,0,0,0,0,0,0,0,0
121387,1,1,0,0,0,0,0,0,0,0,0,0
121387,2,1,0,0,0,0,0,0,0,0,0,0
121388,1,1,0,0,0,0,0,0,0,0,0,0
121388,2,1,0,0,25,0,0,0,0,0,0,0
121389,1,1,0,23,0,0,0,0,0,0,0,0
121389,2,1,0,8,0,11,0,0,17,0,9,0
121390,1,1,0,0,0,0,0,0,0,0,0,0
121390,2,1,0,0,0,0,0,0,0,8,0,0
121391,0,1,0,0,0,0,0,0,0,0,0,0
121391,1,1,0,0,0,0,0,0,0,0,0,0
121392,0,1,0,0,0,0,0,0,0,0,0,0
121392,1,1,0,0,0,0,0,0,0,19,0,0
121393,1,1,0,0,0,0,0,0,0,0,0,0
121393,2,1,8,8,8,8,8,8,8,8,8,8
121394,0,1,0,0,12,9,0,0,0,0,8,12
121394,1,1,0,0,0,0,0,0,0,0,0,0
121395,0,1,0,19,33,12,0,0,20,0,26,0
121395,1,1,0,0,0,0,0,9,0,0,0,0
121396,1,1,0,0,0,0,0,0,0,0,0,0
121396,2,1,0,0,0,0,0,0,0,0,0,0
121397,0,1,0,7,0,0,0,0,0,8,0,0
121397,1,1,43,21,13,6,25,7,5,8,0,43
121398,1,1,0,6,0,15,13,0,0,0,0,0
121398,2,1,0,0,0,0,0,23,20,0,14,0
121399,1,1,0,0,0,0,0,19,0,0,0,0
121399,2,1,11,0,6,0,28,0,23,18,0,0
121400,1,1,0,0,0,0,0,0,0,0,0,0
121400,2,1,0,0,0,0,0,0,0,0,0,0
121400,3,1,0,0,13,0,19,0,0,0,0,0
121401,0,1,0,0,0,0,0,0,0,0,0,14
121401,1,1,14,0,0,0,16,12,11,10,29,12
121402,0,1,0,0,0,0,0,0,0,0,0,0
121402,1,1,0,0,0,0,0,0,0,0,0,0
121403,1,1,0,0,0,0,0,0,0,0,0,0
121403,2,1,0,0,0,0,0,0,0,0,0,0
121404,1,1,0,0,0,0,0,0,0,0,0,0
121404,2,1,0,0,0,0,0,0,0,0,0,0
121404,3,1,0,0,0,0,0,0,0,0,0,0
121405,1,1,0,0,0,0,0,0,0,0,0,0
121405,2,1,0,0,0,0,0,17,0,0,0,0
121406,1,1,0,0,0,0,0,0,0,0,0,0
121406,2,1,0,0,0,0,0,0,0,0,0,0
121406,3,1,0,0,0,15,0,0,0,11,0,0
121407,1,1,19,19,19,19,19,19,19,19,19,19
121407,2,1,0,0,0,0,0,0,0,0,0,0
121408,0,1,11,11,11,11,11,11,11,11,11,11
121408,1,1,0,9,0,0,0,0,0,0,0,0
121409,1,1,0,0,0,0,0,0,0,0,0,0
121410,1,1,22,22,22,22,22,22,22,22,22,22
121411,1,1,31,31,31,31,31,31,31,31,31,31
121411,2,1,0,0,0,0,0,0,0,0,0,0
121412,1,1,0,0,0,0,0,0,0,0,0,0
121413,1,1,0,0,0,0,0,0,0,0,0,0
121414,1,1,0,0,0,0,0,0,0,0,0,0
121414,2,1,0,0,15,0,0,0,0,0,0,0
121415,1,1,16,12,17,0,21,17,26,13,10,30
121415,2,1,0,9,0,15,12,11,13,13,0,0
121416,1,1,13,15,14,6,23,4,24,14,30,16
121416,2,1,0,0,0,5,0,0,0,0,0,0
121416,3,1,0,0,0,0,0,0,0,0,0,0
121417,0,1,8,0,0,0,0,0,0,0,0,0
121417,1,1,11,0,0,0,7,0,4,0,0,0
121418,1,1,0,0,0,0,0,0,40,0,0,0
121418,2,1,0,0,0,11,0,0,26,0,0,0
121419,1,1,0,0,0,0,0,0,0,0,0,0
121419,2,1,0,0,0,0,0,0,0,0,0,0
121420,0,1,0,0,0,0,0,0,0,0,0,0
121420,1,1,0,0,0,0,0,0,0,0,0,0
121421,1,1,0,0,0,0,0,0,0,0,0,0
121421,2,1,0,0,0,0,0,0,0,0,0,0
121422,1,1,0,0,7,0,0,0,0,32,0,0
121422,2,1,0,0,0,0,0,0,0,0,0,0
121423,1,1,3,3,3,3,3,3,3,3,3,3
121423,2,1,0,0,0,0,0,0,3,0,0,0
121423,3,1,0,0,0,0,0,0,0,0,0,0
121424,1,1,0,0,0,0,0,0,0,0,0,0
121425,1,1,0,0,0,0,0,0,0,0,0,0
121425,2,1,0,0,0,0,0,0,0,0,0,0
121426,1,1,0,0,0,0,0,0,0,0,0,0
121427,1,1,14,14,14,14,14,14,14,14,14,14
121427,2,1,22,22,22,22,22,22,22,22,22,22
121428,1,1,0,0,0,0,0,0,0,0,0,0
121428,2,1,0,0,0,0,0,0,0,0,0,0
121429,0,1,0,0,0,0,0,0,0,0,0,0
121429,1,1,0,0,0,0,0,0,0,14,0,0
121430,1,1,0,0,0,34,0,0,18,0,0,0
121431,1,1,8,0,0,0,0,0,0,0,0,0
121431,2,1,11,11,11,11,11,11,11,11,11,11
121432,0,1,0,13,0,0,0,0,0,44,19,0
121432,1,1,1,1,1,1,1,1,1,1,1,1
121433,1,1,0,0,30,0,0,0,0,0,0,0
121433,2,1,0,0,7,18,0,0,0,0,0,0
121434,0,1,0,0,0,0,0,0,0,0,0,0
121434,1,1,0,0,0,0,0,9,0,0,18,7
121435,1,1,0,0,0,0,0,0,0,0,11,0
121435,2,1,0,0,0,0,0,0,0,0,0,0
121436,0,1,0,0,0,0,0,0,0,0,0,0
121436,1,1,0,0,0,0,0,0,0,0,0,0
121437,1,1,0,0,0,0,0,0,0,0,0,0
121437,2,1,0,0,0,0,0,0,0,0,0,0
121437,3,1,0,0,0,0,0,0,0,0,0,0
121438,1,1,28,28,28,28,28,28,28,28,28,28
121439,1,1,37,10,28,13,16,28,16,21,13,12
121440,1,1,0,9,0,7,2,0,9,12,0,0
121441,0,1,4,4,4,4,4,4,4,4,4,4
121441,1,1,11,20,17,16,16,11,12,7,10,17
121442,1,1,0,0,0,0,0,0,0,0,0,0
121443,1,1,5,5,5,5,5,5,5,5,5,5
121443,2,1,0,0,0,0,0,0,0,0,0,0
121444,1,1,0,0,0,0,0,0,0,0,0,0
121445,1,1,18,12,30,10,23,9,12,13,10,13
121445,2,1,0,0,19,0,8,0,0,31,0,10
121446,2,1,0,0,0,0,0,0,0,0,0,0
121447,1,1,0,0,8,0,0,0,0,21,11,0
121447,2,1,0,0,0,16,0,0,19,0,0,0
121448,1,1,0,11,0,0,0,0,0,16,22,0
121448,2,1,0,0,0,0,0,0,0,0,0,0
121448,3,1,0,13,0,0,0,0,0,0,0,0
121448,4,1,0,0,0,0,0,16,0,0,12,0
121448,5,1,0,0,0,0,0,0,0,2,0,7
121449,1,1,0,0,0,0,0,0,0,0,0,0
121449,2,1,0,0,0,0,0,0,0,0,0,0
121450,1,1,0,0,0,0,0,0,0,0,0,0
121450,2,1,0,0,12,0,16,0,0,0,0,0
121451,0,1,13,13,13,13,13,13,13,13,13,13
121451,1,1,0,0,12,0,23,5,13,0,0,7
121452,1,1,27,27,27,27,27,27,27,27,27,27
121452,2,1,0,0,0,0,0,0,0,11,0,0
121453,0,1,20,20,20,20,20,20,20,20,20,20
121453,1,1,0,0,5,22,11,28,6,0,13,0
121454,1,1,19,19,19,19,19,19,19,19,19,19
121454,2,1,0,0,0,0,0,0,0,0,0,0
121454,3,1,0,0,0,0,0,0,0,0,0,0
121455,1,1,27,27,27,27,27,27,27,27,27,27
121455,2,1,0,0,0,0,0,0,0,0,0,0
121456,0,1,16,16,16,16,16,16,16,16,16,16
121456,1,1,0,8,0,0,0,0,0,0,17,0
121456,2,1,0,0,0,0,0,0,0,0,0,0
121457,1,1,13,13,13,13,13,13,13,13,13,13
121458,1,1,0,0,0,0,0,0,0,0,0,0
121458,2,1,0,0,0,0,0,0,0,0,0,0
121459,1,1,0,0,0,0,0,0,0,0,0,0
121459,2,1,9,9,9,9,9,9,9,9,9,9
121460,0,1,0,0,0,0,0,0,0,0,0,0
121460,1,1,13,0,0,0,0,0,0,0,0,0
121461,1,1,20,20,20,20,20,20,20,20,20,20
121462,1,1,0,0,0,0,0,0,0,0,0,0
121462,2,1,0,0,0,8,0,0,0,9,0,0
121463,1,1,25,25,25,25,25,25,25,25,25,25
121463,2,1,0,0,0,0,22,0,0,0,0,0
121464,1,1,0,0,0,0,0,0,0,0,0,0
121464,2,1,0,0,0,0,0,0,0,0,0,0
121464,3,1,0,0,0,0,0,0,0,0,0,0
121465,1,1,12,0,12,0,15,0,0,21,0,0
121466,1,1,0,14,0,14,0,0,0,15,0,0
121467,1,1,0,0,0,0,0,0,0,0,0,0
121467,2,1,0,0,0,0,0,0,0,0,0,12
121467,3,1,0,0,0,0,0,0,0,0,0,0
121467,4,1,0,0,0,0,0,0,0,0,0,0
121468,1,1,26,26,26,26,26,26,26,26,26,26
121468,2,1,0,0,0,0,0,0,0,0,0,0
121469,1,1,0,0,0,0,0,0,0,0,0,0
121470,1,1,0,0,0,0,0,0,0,0,0,0
121470,2,1,0,0,0,0,0,0,0,0,0,0
121471,0,1,0,0,0,0,0,0,0,0,0,0
121471,1,1,0,0,0,0,0,0,0,0,0,0
121471,2,1,0,0,0,0,17,0,0,0,0,0
121472,1,1,27,27,27,27,27,27,27,27,27,27
121473,0,1,0,0,0,0,0,0,0,0,0,0
121473,1,1,0,0,0,0,0,0,0,0,0,0
121474,1,1,0,0,0,0,0,0,0,0,0,0
121474,2,1,15,0,0,0,0,0,0,0,0,0
121475,1,1,0,0,0,0,0,0,0,0,0,0
121475,2,1,0,0,0,0,0,0,0,0,0,0
121476,1,1,5,20,12,17,15,32,22,19,6,16
121476,2,1,0,11,0,0,0,0,22,0,0,0
121477,0,1,0,0,13,23,5,13,0,0,0,0
121477,1,1,0,0,0,0,0,39,0,0,0,0
121478,0,1,0,0,0,0,0,0,0,0,0,0
121478,1,1,0,0,0,15,0,0,0,0,0,0
121479,1,1,0,0,7,0,0,0,7,0,0,0
121479,2,1,21,21,21,21,21,21,21,21,21,21
121480,1,1,0,7,0,0,0,0,0,0,0,0
121480,2,1,0,0,0,0,0,0,0,0,0,0
121481,1,1,0,0,0,0,0,0,0,0,0,0
121481,2,1,0,0,0,0,0,0,0,0,0,0
121482,1,1,0,0,0,0,0,0,0,0,0,0
121482,2,1,0,0,0,0,0,0,0,0,0,0
121483,1,1,17,17,17,17,17,17,17,17,17,17
121484,1,1,0,0,0,0,0,0,0,0,0,0
121484,2,1,22,22,22,22,22,22,22,22,22,22
121485,1,1,2,2,2,2,2,2,2,2,2,2
121486,1,1,20,0,0,15,0,6,0,22,0,0
121487,1,1,0,17,0,8,7,0,16,0,0,8
121487,2,1,0,0,0,0,7,0,13,0,0,0
121488,1,1,0,0,0,0,0,0,0,0,0,0
121488,2,1,0,0,0,0,0,0,0,0,0,0
121489,0,1,0,0,0,0,16,0,0,0,0,9
121489,1,1,0,0,0,0,0,0,0,0,0,0
121490,1,1,0,0,0,0,0,0,0,0,10,0
121490,2,1,0,0,0,0,0,0,0,0,0,0
121491,1,1,0,0,0,0,24,10,0,0,0,0
121492,1,1,23,23,23,23,23,23,23,23,23,23
121495,1,1,14,14,14,14,14,14,14,14,14,14
121496,1,1,0,0,0,0,0,0,0,0,0,0
121496,2,1,0,0,0,0,0,0,0,0,0,0
121497,1,1,0,0,0,0,0,0,0,0,0,0
121497,2,1,0,0,0,0,0,0,0,0,0,0
121498,1,1,0,0,0,0,0,0,13,0,0,0
121499,1,1,0,0,0,0,0,0,0,0,0,0
121499,2,1,0,20,0,0,0,0,0,7,0,0
121500,1,1,9,9,9,9,9,9,9,9,9,9
121501,1,1,0,0,0,0,0,0,0,0,0,0
121501,2,1,0,12,0,0,0,0,0,0,0,0
121501,3,1,0,0,0,0,0,0,0,0,0,0
121502,0,1,0,0,12,0,0,0,0,0,0,0
121502,1,1,0,12,0,14,14,0,0,0,0,0
121503,1,1,30,30,30,30,30,30,30,30,30,30
121503,2,1,0,0,0,0,0,0,0,0,0,0
121504,0,1,0,0,0,0,0,0,0,0,0,0
121504,1,1,0,24,0,24,0,0,0,0,0,34
121505,0,1,0,0,0,0,0,0,0,0,0,0
121505,1,1,0,0,0,0,0,0,15,0,0,0
121506,1,1,17,17,17,17,17,17,17,17,17,17
121507,1,1,20,0,0,5,0,5,0,0,0,0
121508,1,1,41,0,0,0,0,0,0,0,0,0
121508,2,1,11,0,0,0,0,0,0,0,0,0
121509,1,1,0,0,22,0,0,0,0,0,0,0
121509,2,1,0,0,0,0,0,0,0,0,0,0
121510,1,1,0,2,6,0,11,20,0,11,0,31
121511,1,1,0,0,0,0,0,0,0,0,0,0
121511,2,1,0,0,0,0,0,0,0,0,0,0
121511,3,1,0,0,0,0,28,0,0,0,0,0
121512,1,1,27,10,29,0,21,14,17,0,15,0
121512,2,1,0,0,0,0,0,0,0,0,0,0
121512,3,1,0,0,0,0,0,0,0,0,0,0
121513,1,1,0,0,14,0,0,0,0,0,0,32
121514,0,1,0,0,0,0,0,0,0,0,0,0
121514,1,1,0,0,14,0,0,0,0,0,0,0
121515,0,1,0,0,19,0,0,0,0,0,0,0
121515,1,1,0,0,0,0,0,0,0,0,0,0
121516,0,1,0,0,0,0,0,0,0,12,0,0
121516,1,1,0,0,0,0,0,0,0,0,0,0
121517,1,1,0,0,0,0,0,0,0,0,0,0
121517,2,1,0,0,0,0,0,0,0,0,0,0
121518,0,1,0,0,0,0,0,0,0,0,0,0
121518,1,1,6,28,0,24,15,37,21,24,18,0
121519,1,1,0,0,32,0,0,0,0,0,0,0
121519,2,1,0,0,0,0,0,0,0,0,0,0
121520,0,1,0,12,0,0,0,0,0,0,0,0
121520,1,1,0,0,0,0,0,0,0,0,0,30
121521,1,1,0,10,0,0,0,0,0,8,0,30
121522,1,1,0,0,0,3,0,0,0,0,0,0
121522,2,1,0,0,0,0,0,0,0,0,0,0
121523,1,1,0,0,0,0,0,0,0,0,0,0
121523,2,1,0,0,0,0,0,0,15,0,0,0
121524,0,1,0,0,0,0,0,0,0,0,0,0
121524,1,1,0,0,0,0,0,0,0,0,0,0
121525,1,1,0,12,14,8,0,10,23,21,18,24
121525,2,1,0,0,0,0,0,0,0,8,0,0
121525,3,1,0,17,0,0,0,0,17,0,0,0
121525,4,1,0,0,0,0,0,0,0,0,0,0
121526,1,1,0,0,0,0,0,0,0,0,0,0
121526,2,1,2,5,0,0,0,0,0,0,0,8
121527,0,1,0,0,0,0,0,0,0,0,0,0
121527,1,1,0,0,0,0,0,0,0,0,0,0
121528,1,1,0,0,0,0,0,0,19,19,0,20
121529,0,1,0,0,0,20,0,0,0,0,0,0
121529,1,1,0,0,0,0,0,0,0,0,0,0
121530,1,1,0,0,0,0,0,0,0,0,0,0
121530,2,1,0,0,0,12,23,0,0,0,6,0
121531,1,1,0,0,0,0,0,0,0,0,0,0
121531,2,1,0,0,0,0,0,0,0,0,0,7
121532,1,1,0,0,0,0,0,0,0,0,0,0
121533,1,1,0,0,0,19,0,0,6,0,0,0
121533,2,1,0,0,0,0,0,0,0,0,0,0
121534,1,1,18,18,18,18,18,18,18,18,18,18
121535,1,1,0,0,0,0,0,0,0,0,0,0
121535,2,1,0,0,0,0,0,0,0,0,0,0
121536,1,1,0,0,14,0,43,0,0,0,0,0
121536,2,1,0,0,0,0,0,0,0,0,0,0
121536,3,1,0,0,0,0,0,0,0,0,0,0
121537,0,1,0,0,0,0,0,0,0,0,0,0
121537,0,2,0,0,0,0,0,0,0,0,0,0
121537,1,1,0,0,0,0,0,0,0,0,0,0
121538,1,1,0,0,0,0,7,0,0,0,0,0
121538,2,1,0,0,0,0,0,0,0,0,0,0
121539,1,1,0,0,0,0,0,0,0,0,0,0
121539,2,1,0,0,0,0,0,0,0,0,0,0
121539,3,1,0,0,0,0,0,0,0,0,0,0
121540,0,1,8,31,9,0,0,0,8,13,21,0
121540,1,1,13,0,0,7,0,0,6,0,0,0
121541,0,1,0,0,0,0,0,0,0,0,0,0
121541,1,1,0,0,8,0,15,0,0,0,10,0
121542,1,1,0,0,0,0,11,0,1,0,0,15
121542,2,1,0,0,6,7,0,0,0,0,6,0
121543,1,1,0,0,0,0,0,0,0,0,0,0
121543,2,1,0,0,0,0,0,0,0,0,0,0
121544,1,1,0,3,0,0,0,0,0,0,0,0
121545,1,1,0,0,0,0,0,0,0,0,0,0
121545,2,1,0,2,0,0,0,0,0,0,0,0
121546,0,1,19,0,26,13,0,0,0,24,17,0
121546,1,1,0,0,0,0,0,0,0,17,0,0
121546,2,1,0,0,0,6,0,0,0,0,0,0
121547,1,1,8,0,0,0,0,0,0,16,0,14
121547,2,1,0,0,21,0,0,0,0,0,13,32
121548,1,1,0,0,0,0,0,0,22,0,0,21
121549,0,1,0,0,0,0,0,0,0,0,0,0
121549,1,1,0,0,0,0,0,0,0,0,20,0
121550,1,1,0,0,0,0,0,0,0,0,0,0
121551,1,1,16,16,16,16,16,16,16,16,16,16
121552,1,1,28,28,28,28,28,28,28,28,28,28
121553,0,1,0,0,0,0,0,0,0,0,0,0
121553,1,1,17,12,20,10,13,14,12,2,31,18
121554,0,1,0,0,0,0,0,0,0,0,0,0
121554,1,1,22,19,11,26,18,42,30,7,2,15
121555,0,1,0,24,0,0,0,0,0,0,0,0
121555,1,1,0,0,0,0,0,0,0,0,0,0
121556,1,1,10,10,10,10,10,10,10,10,10,10
121556,2,1,0,0,0,0,0,0,0,0,0,0
121557,1,1,0,0,0,0,0,0,0,0,0,0
121557,2,1,0,0,0,0,0,0,0,0,0,0
121558,1,1,5,5,5,5,5,5,5,5,5,5
121558,2,1,0,0,0,0,0,0,0,0,0,0
121559,1,1,0,18,0,10,0,0,0,0,14,0
121559,2,1,0,0,0,0,0,0,0,0,0,0
121560,0,1,0,0,0,0,0,0,0,0,0,0
121560,1,1,0,0,0,0,0,0,0,0,0,0
121561,1,1,11,11,11,11,11,11,11,11,11,11
121562,1,1,0,6,0,0,0,0,0,0,0,0
121562,2,1,0,0,17,0,26,0,0,0,0,0
121563,1,1,0,0,0,24,0,0,20,0,0,0
121564,1,1,0,0,0,0,0,0,0,0,0,0
121565,1,1,0,0,0,0,0,0,0,0,0,0
121565,2,1,0,0,0,0,0,0,0,0,0,0
121566,1,1,0,0,0,0,0,0,0,0,0,0