ST_CASE,VEH_NO,PER_NO,P1,P2,P3,P4,P5,P6,P7,P8,P9,P10
121566,2,1,0,0,0,0,0,0,0,0,0,0
121567,1,1,0,0,0,0,0,0,0,0,0,0
121567,2,1,8,0,0,0,0,47,0,11,0,21
121568,1,1,0,0,0,0,0,0,0,0,0,0
121569,1,1,14,14,14,14,14,14,14,14,14,14
121569,2,1,0,0,0,0,0,0,0,0,0,0
121570,1,1,0,0,0,0,0,0,0,0,0,0
121570,2,1,0,0,0,0,0,0,0,0,0,0
121572,1,1,0,0,0,0,0,0,0,0,0,0
121572,2,1,0,0,0,0,0,0,0,0,0,0
121573,1,1,0,0,21,0,0,0,0,0,0,0
121573,2,1,0,0,0,0,0,0,31,0,0,0
121574,0,1,34,0,0,22,0,0,0,0,14,0
121574,1,1,0,0,0,0,0,0,0,0,0,0
121575,0,1,0,0,0,0,0,0,0,0,0,0
121575,1,1,0,0,0,0,0,0,0,0,0,0
121576,0,1,0,0,0,0,24,0,0,0,40,0
121576,1,1,24,0,0,14,0,28,0,0,0,0
121577,1,1,0,0,0,0,0,0,0,0,0,0
121577,2,1,12,12,12,12,12,12,12,12,12,12
121578,0,1,0,0,0,0,0,0,0,0,0,0
121578,1,1,0,0,0,0,0,0,0,0,0,0
121579,1,1,0,8,0,0,0,0,0,0,0,0
121579,2,1,0,3,0,0,0,0,20,0,0,0
121580,1,1,0,36,0,0,0,0,17,0,0,0
121581,0,1,0,11,0,0,0,0,14,25,0,0
121581,1,1,0,0,0,0,0,0,0,0,0,0
121582,1,1,23,23,23,23,23,23,23,23,23,23
121583,1,1,0,0,0,0,0,0,0,0,0,0
121583,2,1,0,0,0,0,0,0,0,0,0,0
121584,1,1,0,0,0,0,0,0,27,0,0,0
121585,1,1,38,0,0,0,8,0,0,33,0,0
121585,2,1,16,14,0,0,8,0,0,0,0,6
121586,0,1,0,0,0,0,0,0,0,0,0,0
121586,1,1,0,0,0,0,0,0,0,7,0,0
121587,1,1,17,17,17,17,17,17,17,17,17,17
121588,1,1,0,0,0,0,0,0,0,0,0,0
121588,2,1,0,0,0,0,0,0,0,0,0,0
121590,1,1,0,0,0,0,0,0,0,0,0,0
121590,2,1,0,0,0,0,0,0,0,0,8,0
121591,1,1,15,15,15,15,15,15,15,15,15,15
121592,0,1,0,0,0,0,0,0,0,0,0,0
121592,1,1,0,0,0,0,0,0,0,0,0,0
121593,1,1,0,0,0,0,0,0,0,0,0,0
121593,2,1,0,0,0,0,0,0,8,0,0,0
121594,0,1,0,0,0,0,0,0,0,0,0,0
121594,1,1,0,0,0,0,0,0,0,0,0,0
121595,1,1,18,18,18,18,18,18,18,18,18,18
121596,1,1,0,0,0,0,0,14,0,0,0,0
121597,1,1,0,11,0,0,0,0,0,0,0,0
121597,2,1,0,0,0,0,0,0,0,0,0,0
121598,0,1,0,0,0,0,0,0,0,0,0,0
121598,1,1,0,0,0,0,0,0,0,0,0,0
121599,0,1,0,0,0,0,0,0,0,0,0,0
121599,1,1,0,0,0,0,0,0,0,15,0,0
121600,1,1,0,0,0,0,0,0,0,0,0,0
121600,2,1,0,0,0,6,0,0,0,0,0,0
121601,1,1,0,0,0,0,0,0,0,0,0,0
121601,2,1,0,0,0,0,0,0,0,0,0,0
121601,3,1,0,0,0,0,8,0,0,0,0,0
121602,1,1,0,0,0,0,0,0,0,0,0,0
121602,2,1,0,0,0,0,0,0,0,0,0,0
121603,1,1,0,0,0,0,0,0,0,0,11,0
121603,2,1,0,0,0,0,0,0,0,0,0,0
121603,3,1,0,0,0,0,0,0,0,0,0,0
121604,1,1,0,0,0,0,0,0,0,0,0,0
121604,2,1,0,19,0,0,0,0,0,21,0,0
121605,0,1,18,18,18,18,18,18,18,18,18,18
121605,1,1,0,0,0,0,0,0,0,0,0,0
121606,1,1,10,10,10,10,10,10,10,10,10,10
121606,2,1,0,0,0,5,0,0,0,0,0,0
121607,0,1,21,31,0,0,35,0,20,0,0,22
121607,1,1,29,0,8,4,17,21,2,0,15,0
121608,1,1,0,0,0,0,0,0,0,0,0,0
121608,2,1,0,0,0,0,0,0,0,0,0,0
121608,3,1,0,0,0,0,0,0,0,0,0,0
121609,1,1,0,0,0,0,0,0,0,0,0,0
121610,1,1,0,0,0,0,0,0,0,0,0,0
121610,2,1,0,0,0,0,0,0,0,0,0,0
121611,0,1,5,21,0,0,0,0,0,0,0,0
121611,1,1,0,0,0,0,0,0,0,14,0,0
121612,0,1,20,20,20,20,20,20,20,20,20,20
121612,1,1,0,0,0,0,0,0,0,0,0,0
121613,0,1,0,0,0,0,0,0,0,0,0,0
121613,1,1,0,0,12,0,0,0,0,0,0,0
121614,1,1,0,0,0,25,0,0,32,12,9,0
121615,1,1,26,11,14,0,14,11,22,5,43,13
121616,1,1,18,18,18,18,18,18,18,18,18,18
121617,1,1,0,0,0,0,0,0,0,0,0,15
121617,2,1,0,0,0,0,0,0,0,0,0,0
121618,1,1,16,16,16,16,16,16,16,16,16,16
121619,1,1,6,6,6,6,6,6,6,6,6,6
121620,1,1,21,21,21,21,21,21,21,21,21,21
121621,1,1,0,0,0,0,0,0,0,0,0,0
121622,0,1,18,18,18,18,18,18,18,18,18,18
121622,1,1,0,0,0,0,0,0,0,0,0,0
121623,0,1,2,2,2,2,2,2,2,2,2,2
121623,1,1,0,17,0,0,0,0,0,0,0,0
121624,0,1,6,6,6,6,6,6,6,6,6,6
121624,1,1,0,2,0,0,0,0,0,0,0,0
121625,1,1,0,0,0,4,0,0,0,0,0,0
121625,2,1,0,0,0,0,0,0,0,0,0,0
121626,1,1,0,0,0,0,0,0,0,0,0,0
121626,2,1,0,0,0,0,0,0,0,0,0,0
121627,1,1,0,0,0,0,0,0,0,0,0,0
121627,2,1,0,0,0,0,0,0,0,0,0,0
121628,1,1,0,0,0,0,0,0,11,0,0,0
121629,1,1,0,0,0,0,0,0,0,0,0,0
121629,2,1,0,0,0,0,0,0,0,0,0,0
121630,1,1,0,0,0,0,0,0,0,0,0,0
121631,1,1,0,0,0,0,0,0,0,0,0,0
121631,2,1,0,0,0,0,0,0,0,0,0,0
121632,1,1,0,0,0,0,0,0,0,0,0,0
121633,1,1,0,0,0,0,0,0,0,0,0,0
121633,2,1,0,0,0,0,0,0,0,0,0,0
121633,3,1,0,0,0,0,0,0,0,0,0,0
121634,0,1,0,0,0,0,25,0,40,26,34,0
121634,1,1,0,0,0,0,12,0,0,0,0,0
121635,1,1,0,0,0,0,19,0,0,0,0,0
121636,0,1,0,34,0,9,12,0,0,0,0,0
121636,1,1,11,0,0,0,0,0,0,0,0,0
121637,1,1,24,27,25,38,0,27,14,17,18,20
121638,0,1,27,27,27,27,27,27,27,27,27,27
121638,1,1,8,0,0,16,7,19,0,0,0,0
121638,2,1,0,0,12,0,0,0,0,0,0,0
121639,1,1,0,0,0,0,0,0,0,0,0,0
121639,2,1,0,0,0,0,0,0,0,0,0,0
121640,1,1,17,17,17,17,17,17,17,17,17,17
121640,2,1,0,0,0,0,0,0,0,0,0,0
121641,1,1,14,20,0,34,0,13,29,28,15,6
121641,2,1,0,0,0,0,0,0,0,0,0,0
121642,1,1,0,0,0,0,0,0,0,0,0,0
121642,2,1,0,0,0,0,0,0,0,3,0,0
121643,1,1,0,0,15,0,0,0,0,8,0,11
121643,2,1,0,0,0,0,0,0,0,0,0,0
121644,1,1,0,0,0,0,0,0,0,0,0,0
121645,1,1,6,6,6,6,6,6,6,6,6,6
121645,2,1,12,12,12,12,12,12,12,12,12,12
121645,3,1,11,11,11,11,11,11,11,11,11,11
121646,0,1,0,0,0,0,0,0,0,0,0,0
121646,1,1,0,0,0,0,0,0,0,0,0,0
121646,2,1,0,12,0,0,0,0,0,0,0,0
121647,1,1,2,2,2,2,2,2,2,2,2,2
121647,2,1,0,0,0,0,0,0,0,0,0,0
121647,3,1,0,0,0,0,0,0,0,0,0,0
121648,0,1,14,0,0,0,0,13,12,0,0,0
121648,0,2,13,0,0,0,0,24,0,0,0,0
121648,0,3,22,0,0,0,0,0,0,0,0,0
121648,0,4,0,0,0,21,0,0,0,0,0,0
121648,0,5,0,0,0,0,0,0,0,0,14,0
121648,1,1,0,0,0,0,0,0,0,0,0,0
121649,1,1,0,7,0,0,28,0,0,0,17,16
121650,1,1,0,0,0,0,0,0,0,0,0,0
121650,2,1,0,0,0,0,0,0,0,0,0,0
121651,0,1,26,26,26,26,26,26,26,26,26,26
121651,1,1,0,29,0,0,0,0,0,0,15,0
121652,1,1,0,0,0,0,0,0,0,0,0,0
121653,0,1,0,0,0,28,0,24,0,5,0,0
121653,1,1,25,15,0,25,16,17,0,23,7,13
121654,1,1,0,0,0,0,0,0,0,0,0,0
121655,1,1,24,24,24,24,24,24,24,24,24,24
121655,2,1,0,0,0,0,0,3,16,0,0,0
121656,0,1,0,0,9,0,0,0,0,0,0,0
121656,1,1,0,0,0,0,0,0,0,0,0,8
121657,0,1,0,0,0,0,0,0,0,0,0,0
121657,1,1,0,0,0,0,0,0,0,0,0,0
121658,1,1,0,0,0,0,0,0,0,0,0,0
121658,2,1,24,0,0,0,0,0,0,0,0,0
121659,1,1,0,0,24,0,8,0,0,0,0,0
121659,2,1,0,0,29,0,6,0,0,0,21,0
121660,1,1,0,0,0,0,0,0,0,0,0,0
121660,2,1,0,0,0,0,0,0,0,0,0,0
121660,3,1,0,0,0,0,0,0,0,0,0,0
121661,1,1,0,0,0,0,0,0,0,0,0,0
121661,2,1,0,0,0,0,0,0,0,0,0,0
121661,3,1,0,0,0,0,0,0,0,0,0,0
121662,1,1,5,5,5,5,5,5,5,5,5,5
121663,1,1,0,0,0,0,0,0,0,0,0,23
121663,2,1,0,0,0,0,0,0,0,0,0,0
121664,1,1,0,0,0,0,0,0,0,0,0,0
121664,2,1,0,7,0,0,0,0,0,0,0,15
121664,3,1,0,0,0,0,0,0,0,0,0,0
121665,1,1,0,0,0,0,0,0,0,0,0,0
121666,1,1,0,0,0,0,0,0,0,0,0,0
121666,2,1,0,0,0,0,0,0,0,0,0,0
121667,0,1,0,0,0,0,0,0,0,0,0,0
121667,0,2,0,0,0,0,0,0,0,0,0,13
121667,0,3,0,0,0,0,0,17,0,0,0,0
121667,1,1,0,0,0,0,4,0,0,0,0,0
121669,0,1,0,0,0,0,0,0,0,0,0,0
121669,0,2,14,21,0,21,0,8,0,0,0,0
121669,1,1,0,0,0,0,14,0,0,0,0,0
121670,0,1,27,27,27,27,27,27,27,27,27,27
121670,1,1,0,0,0,0,0,0,0,0,0,5
121670,2,1,0,0,0,0,0,0,0,0,0,0
121671,1,1,19,19,19,19,19,19,19,19,19,19
121672,1,1,0,0,0,0,0,0,0,0,0,0
121674,1,1,0,22,0,20,0,0,19,21,10,25
121675,0,1,0,0,10,0,20,0,0,0,0,17
121675,1,1,0,0,19,0,0,0,0,23,0,0
121676,1,1,31,31,31,31,31,31,31,31,31,31
121676,2,1,0,0,0,0,0,0,0,0,0,0
121677,0,1,30,30,30,30,30,30,30,30,30,30
121677,1,1,28,30,28,0,23,0,17,0,12,21
121679,1,1,13,13,13,13,13,13,13,13,13,13
121679,2,1,0,0,0,0,0,0,0,0,0,0
121680,1,1,0,0,0,0,0,0,0,0,0,0
121681,0,1,0,0,0,0,0,16,0,0,0,0
121681,1,1,0,0,0,0,0,0,0,10,0,0
121681,2,1,0,0,0,0,0,0,0,0,0,0
121682,0,1,0,0,0,0,0,0,0,15,0,11
121682,1,1,0,0,0,0,0,0,0,0,24,0
121682,2,1,4,19,3,0,0,0,0,0,0,0
121683,1,1,15,15,15,15,15,15,15,15,15,15
121683,2,1,0,0,0,0,0,10,0,0,0,0
121684,1,1,30,8,16,20,26,4,0,15,0,0
121685,1,1,0,0,0,0,0,0,0,0,0,0
121686,1,1,0,0,0,0,29,0,0,0,0,0
121686,2,1,6,11,0,0,5,16,0,0,13,0
121687,1,1,39,39,39,39,39,39,39,39,39,39
121688,1,1,0,0,0,0,0,0,0,0,0,0
121688,2,1,0,0,0,0,0,0,0,0,0,0
121689,1,1,16,11,0,0,19,18,14,7,15,26
121689,2,1,4,17,0,21,18,9,14,9,0,14
121690,1,1,0,0,0,0,11,19,0,0,5,12
121690,2,1,0,0,0,0,0,0,0,0,0,0
121691,1,1,0,0,0,0,0,0,0,0,0,0
121691,2,1,0,0,0,0,0,0,0,0,0,0
121691,3,1,0,18,0,0,0,0,0,0,0,0
121691,4,1,0,0,0,0,0,0,0,0,0,0
121692,1,1,0,0,0,35,15,19,0,18,0,20
121693,1,1,0,0,8,0,0,0,12,0,0,0
121693,2,1,0,0,0,0,0,0,0,0,0,0
121694,1,1,9,0,0,16,0,15,0,23,17,23
121695,1,1,0,0,0,0,0,0,0,0,0,0
121696,1,1,0,0,0,0,0,0,0,0,0,0
121697,1,1,0,0,0,0,0,0,0,0,0,0
121697,2,1,0,0,0,0,0,0,0,0,0,0
121698,1,1,0,0,0,0,0,0,0,0,0,0
121698,2,1,0,0,0,0,0,0,0,0,0,0
121699,1,1,18,18,18,18,18,18,18,18,18,18
121700,1,1,0,0,0,0,0,0,0,0,0,0
121700,2,1,0,0,0,0,0,0,0,0,0,0
121701,0,1,0,0,0,0,0,0,0,0,0,0
121701,1,1,0,0,0,0,0,0,0,0,0,0
121702,0,1,0,0,0,0,0,0,0,0,0,0
121702,1,1,0,0,0,0,0,0,0,0,0,0
121703,1,1,0,0,0,0,0,0,6,0,0,0
121703,2,1,0,0,0,0,0,0,0,0,0,0
121704,1,1,28,28,28,28,28,28,28,28,28,28
121705,1,1,7,7,7,7,7,7,7,7,7,7
121706,1,1,0,0,0,0,0,0,0,0,0,0
121706,2,1,0,0,0,0,0,0,0,0,0,0
121707,0,1,17,17,17,17,17,17,17,17,17,17
121707,1,1,0,10,0,0,0,0,0,0,0,0
121708,0,1,0,0,0,0,0,0,0,0,0,0
121708,1,1,0,0,0,0,0,0,0,0,0,0
121709,1,1,0,0,0,0,0,0,0,0,0,0
121709,2,1,0,0,0,0,0,0,0,0,0,0
121710,1,1,0,0,0,0,0,0,0,0,0,0
121710,2,1,0,17,0,0,0,0,0,0,0,0
121711,1,1,0,0,0,0,0,39,0,0,0,0
121711,2,1,0,0,0,14,0,0,0,0,0,0
121712,0,1,0,10,0,22,0,0,0,0,0,0
121712,1,1,7,12,15,5,0,4,1,0,11,0
121714,0,1,0,8,0,0,0,0,0,0,0,0
121714,1,1,0,0,0,0,0,0,0,0,0,0
121715,1,1,0,0,0,0,0,0,0,0,0,0
121715,2,1,0,0,0,0,0,0,0,0,0,0
121716,1,1,0,14,15,0,0,21,29,9,0,0
121716,2,1,0,0,0,0,0,0,0,0,0,0
121717,1,1,11,11,11,11,11,11,11,11,11,11
121717,2,1,0,0,0,0,0,0,0,0,0,0
121718,0,1,0,0,0,0,0,0,0,0,0,0
121718,1,1,0,0,0,0,0,0,0,0,0,0
121718,2,1,0,0,0,0,0,0,0,0,0,0
121719,0,1,49,49,49,49,49,49,49,49,49,49
121719,1,1,0,0,0,0,0,0,0,0,0,0
121720,1,1,0,3,0,0,0,17,0,0,0,0
121721,1,1,16,16,16,16,16,16,16,16,16,16
121722,1,1,0,0,0,0,0,0,0,0,0,0
121722,2,1,0,0,0,0,0,0,0,0,0,0
121723,0,1,0,0,0,29,0,5,0,0,0,0
121723,1,1,0,0,0,0,0,0,0,0,0,0
121724,1,1,0,16,0,0,0,0,0,0,0,0
121724,2,1,0,0,0,0,0,0,0,0,0,0
121725,1,1,0,0,0,0,0,0,0,0,0,0
121725,2,1,0,0,0,0,0,0,0,0,0,0
121725,3,1,0,0,0,0,0,0,0,0,0,0
121726,1,1,0,0,15,0,0,0,0,0,8,0
121726,2,1,0,0,0,0,0,0,0,0,0,0
121727,1,1,9,17,8,27,6,3,13,33,35,23
121728,1,1,13,0,0,0,0,0,5,0,0,0
121729,1,1,0,0,0,0,0,0,0,0,0,0
121730,0,1,35,35,35,35,35,35,35,35,35,35
121730,1,1,19,11,20,0,18,0,0,0,0,0
121731,0,1,0,0,0,0,0,0,0,0,0,0
121731,2,1,0,0,0,0,0,0,0,0,0,0
121732,1,1,0,0,0,0,0,0,0,0,0,0
121732,2,1,25,25,25,25,25,25,25,25,25,25
121733,0,1,14,14,14,14,14,14,14,14,14,14
121733,1,1,0,14,0,28,0,0,12,0,0,0
121734,1,1,11,11,11,11,11,11,11,11,11,11
121735,1,1,0,0,0,0,0,0,0,0,0,0
121735,2,1,0,0,0,0,0,0,0,0,0,0
121736,1,1,23,23,23,23,23,23,23,23,23,23
121737,1,1,14,13,12,0,0,20,0,31,45,17
121737,2,1,0,0,0,0,0,0,0,0,0,0
121738,0,1,0,0,0,0,0,23,0,0,0,28
121738,1,1,0,25,0,0,0,0,0,24,0,0
121739,0,1,0,0,0,0,0,0,0,0,0,0
121739,1,1,0,0,0,0,0,0,0,0,12,0
121740,1,1,17,17,17,17,17,17,17,17,17,17
121740,2,1,0,0,0,0,0,0,22,0,0,0
121741,1,1,12,24,9,14,16,18,11,9,8,6
121741,2,1,19,0,13,0,0,21,10,0,19,0
121742,1,1,0,0,0,0,0,0,0,0,0,0
121742,2,1,0,21,0,0,0,0,0,0,0,0
121743,1,1,0,0,0,0,0,0,0,0,0,0
121743,2,1,0,0,0,0,0,0,0,0,0,0
121744,0,1,0,0,0,0,0,0,0,0,0,0
121744,0,2,0,0,0,0,0,0,17,0,0,0
121744,0,3,0,0,0,15,0,0,0,0,0,0
121744,0,4,0,0,0,0,0,0,0,0,0,0
121744,0,5,0,0,0,0,0,0,0,0,0,0
121744,0,6,0,0,36,0,0,0,0,0,0,0
121744,1,1,0,0,0,0,0,0,0,0,0,0
121744,2,1,0,0,0,0,0,0,0,0,0,0
121745,1,1,0,0,0,0,0,0,0,0,0,0
121745,2,1,0,0,0,0,0,0,0,0,0,0
121749,1,1,0,0,0,0,0,0,0,0,0,0
121749,2,1,0,0,0,0,0,0,0,0,0,0
121749,3,1,0,0,0,0,0,0,0,0,0,0
121750,1,1,0,0,0,0,13,19,0,0,0,0
121750,2,1,0,0,0,0,0,0,0,0,0,0
121751,1,1,28,28,28,28,28,28,28,28,28,28
121751,2,1,0,0,0,0,0,0,0,0,0,0
121752,1,1,33,0,0,0,8,0,0,0,0,0
121752,2,1,0,0,0,0,0,0,0,0,0,0
121753,1,1,0,0,0,0,0,0,0,0,0,0
121753,2,1,0,22,12,11,25,18,23,32,24,13
121753,3,1,0,0,39,0,0,0,0,0,0,33
121754,1,1,0,0,0,0,0,0,0,0,0,0
121754,2,1,0,0,0,0,0,0,0,0,0,0
121755,1,1,0,0,0,0,0,0,0,0,0,0
121755,2,1,0,0,0,0,0,0,0,0,0,0
121756,0,1,0,15,0,0,0,0,0,0,0,0
121756,1,1,0,0,0,0,0,0,0,0,0,0
121757,1,1,21,21,21,21,21,21,21,21,21,21
121757,2,1,0,0,0,0,0,0,0,0,0,0
121758,1,1,3,3,3,3,3,3,3,3,3,3
121758,2,1,0,0,0,0,11,0,9,0,0,0
121759,0,1,29,0,0,0,0,26,0,0,0,0
121759,1,1,0,0,0,11,0,10,0,0,0,0
121760,1,1,0,13,8,0,0,0,0,9,0,11
121760,2,1,21,0,0,0,0,0,0,0,0,0
121761,1,1,34,0,0,0,0,5,0,0,0,0
121762,1,1,0,0,0,0,0,0,0,0,0,0
121763,1,1,0,0,0,0,0,0,0,0,0,0
121764,1,1,0,0,0,0,0,0,0,0,0,0
121765,1,1,0,0,0,0,0,0,0,0,0,0
121765,2,1,0,0,0,0,10,0,0,0,0,0
121766,1,1,0,0,0,0,0,0,0,0,0,0
121766,2,1,0,0,0,0,0,0,0,0,0,0
121766,3,1,0,0,0,0,0,0,0,0,0,0
121767,0,1,0,26,0,34,22,34,0,0,0,0
121767,1,1,0,0,0,0,0,11,8,5,0,0
121767,2,1,0,0,0,0,0,0,0,0,0,0
121768,1,1,0,7,9,0,16,0,0,0,12,0
121769,0,1,22,22,22,22,22,22,22,22,22,22
121769,1,1,9,0,0,0,0,0,0,0,0,0
121770,1,1,0,0,0,0,0,0,0,0,0,0
121770,2,1,0,0,0,0,0,0,0,0,0,0
121771,0,1,0,0,0,0,0,0,0,0,0,0
121771,1,1,0,0,0,0,0,0,0,0,0,0
121772,1,1,0,0,0,0,15,0,0,0,0,0
121772,2,1,10,10,10,10,10,10,10,10,10,10
121773,1,1,15,0,15,0,20,0,4,0,0,15
121773,2,1,0,0,0,0,0,0,0,0,0,0
121774,1,1,0,0,0,0,0,0,0,0,0,0
121774,2,1,0,0,27,0,0,0,0,0,0,0
121774,3,1,0,0,0,0,0,0,0,0,0,0
121775,0,1,4,4,4,4,4,4,4,4,4,4
121775,1,1,0,0,0,0,0,0,0,0,0,0
121776,1,1,0,0,0,0,0,0,0,0,0,0
121777,1,1,0,0,0,0,0,0,0,0,0,0
121778,1,1,0,17,0,0,0,0,0,21,0,0
121778,2,1,0,0,0,0,0,0,0,0,0,0
121779,0,1,19,10,12,0,0,0,0,0,0,4
121779,1,1,0,0,0,0,0,0,0,0,0,0
121780,0,1,0,37,0,0,0,0,0,25,0,0
121780,1,1,0,11,0,0,0,0,0,0,0,30
121781,1,1,22,22,22,22,22,22,22,22,22,22
121782,1,1,0,0,0,0,0,0,0,0,0,0
121782,2,1,0,0,0,0,0,0,0,0,0,0
121783,1,1,0,25,0,0,25,27,0,0,0,14
121784,1,1,16,0,0,0,0,0,15,0,0,0
121785,1,1,0,0,0,0,0,0,0,0,0,0
121785,2,1,0,35,0,0,0,0,0,0,15,0
121786,0,1,0,0,0,0,0,0,0,0,0,0
121786,1,1,0,0,0,29,0,0,0,0,0,0
121787,1,1,19,19,19,19,19,19,19,19,19,19
121788,0,1,1,1,1,1,1,1,1,1,1,1
121788,1,1,0,0,0,0,0,0,0,0,0,0
121788,2,1,0,0,0,0,0,0,0,0,0,0
121789,0,1,0,0,0,0,0,37,0,0,0,22
121789,1,1,0,0,0,0,0,0,0,0,0,0
121790,1,1,26,6,0,20,0,0,0,0,0,0
121790,2,1,0,0,0,0,0,0,0,0,0,0
121791,1,1,0,0,0,0,0,0,0,0,0,0
121791,2,1,0,0,0,0,0,0,0,0,0,0
121792,0,1,4,4,4,4,4,4,4,4,4,4
121792,1,1,0,0,0,0,0,0,0,0,0,0
121792,2,1,0,0,0,0,0,0,0,0,0,0
121793,0,1,14,14,14,14,14,14,14,14,14,14
121793,1,1,0,0,0,0,0,0,0,0,0,0
121794,1,1,0,0,0,0,0,0,0,0,0,0
121794,2,1,9,9,9,9,9,9,9,9,9,9
121795,1,1,0,18,0,0,0,17,19,21,12,22
121796,1,1,0,0,0,0,0,0,0,0,0,0
121796,2,1,0,0,0,0,0,0,0,0,16,0
121797,1,1,0,0,0,0,0,0,0,0,0,0
121797,2,1,0,0,0,0,0,0,0,0,0,0
121798,1,1,0,0,0,0,0,0,0,0,0,0
121798,2,1,0,0,0,0,11,0,0,0,0,0
121799,1,1,0,0,0,0,0,0,0,0,0,0
121799,2,1,0,0,0,0,0,0,0,0,0,0
121799,3,1,0,15,0,0,0,0,0,0,0,0
121799,4,1,0,0,0,0,0,0,0,0,0,0
121799,5,1,0,0,0,0,0,0,0,0,0,0
121799,6,1,0,0,0,24,0,0,0,0,0,0
121800,1,1,0,0,0,0,0,3,0,0,0,0
121800,2,1,0,0,0,0,0,0,17,0,25,0
121800,3,1,0,0,0,0,0,0,0,0,0,0
121801,0,1,0,0,0,0,0,0,0,0,0,0
121801,1,1,0,0,0,0,0,0,0,0,0,0
121802,0,1,0,0,0,0,0,0,0,0,0,0
121802,1,1,0,0,0,0,0,0,0,0,0,0
121803,1,1,0,0,2,0,14,0,0,0,0,17
121804,1,1,0,0,0,0,0,0,0,28,0,0
121804,2,1,0,0,30,0,0,0,0,0,0,0
121806,0,1,0,0,0,0,0,0,0,0,0,0
121806,1,1,0,0,0,0,0,0,14,0,0,0
121807,0,1,22,13,0,0,0,0,0,0,0,0
121807,1,1,15,17,0,31,0,25,0,0,12,0
121808,1,1,11,9,13,12,4,8,18,7,25,19
121808,2,1,0,0,0,0,23,0,0,0,0,0
121809,0,1,0,0,0,0,0,0,0,0,0,22
121809,1,1,18,13,39,19,13,18,18,16,17,5
121810,1,1,0,0,0,0,0,0,0,0,0,0
121810,2,1,17,0,0,0,0,0,0,0,0,0
121811,0,1,9,0,0,34,3,33,4,0,20,0
121811,1,1,19,0,0,0,0,0,0,0,23,0
121812,1,1,5,11,0,15,18,19,0,0,16,11
121812,2,1,0,0,0,0,0,0,0,0,0,0
121813,0,1,0,21,0,0,10,0,0,0,0,16
121813,1,1,0,0,0,0,0,0,0,0,0,0
121814,0,1,0,22,0,0,0,32,48,15,0,14
121814,1,1,0,0,0,0,0,0,0,0,0,0
121815,0,1,0,0,0,0,0,0,0,0,0,0
121815,1,1,0,0,0,0,0,0,0,0,0,0
121816,1,1,0,0,0,0,0,0,0,0,0,9
121817,1,1,0,0,27,15,0,0,0,0,0,11
121818,0,1,5,11,0,0,23,0,0,41,38,0
121818,1,1,0,0,0,0,0,0,0,11,0,0
121818,2,1,0,0,0,0,0,0,0,0,0,0
121819,1,1,0,0,0,0,0,0,0,0,0,0
121819,2,1,0,0,0,0,0,0,0,0,0,0
121820,1,1,8,8,8,8,8,8,8,8,8,8
121821,1,1,0,0,0,0,0,0,0,0,0,0
121821,2,1,0,0,0,0,0,0,0,0,0,0
121821,3,1,0,0,0,0,0,0,0,0,0,0
121822,1,1,0,22,0,0,0,0,0,0,0,0
121822,2,1,0,0,0,0,0,14,0,0,16,0
121823,0,1,0,0,24,0,21,14,17,0,0,0
121823,1,1,2,2,2,2,2,2,2,2,2,2
121823,2,1,0,0,0,0,0,0,0,0,0,0
121824,1,1,3,0,19,11,17,0,0,0,0,0
121824,2,1,12,0,0,0,22,0,0,0,0,0
121825,0,1,0,0,21,0,11,0,13,20,0,0
121825,1,1,8,8,8,8,8,8,8,8,8,8
121826,1,1,0,7,0,0,0,0,0,0,0,0
121826,2,1,0,0,0,17,0,0,0,0,0,0
121827,0,1,20,20,20,20,20,20,20,20,20,20
121827,1,1,18,0,11,0,0,0,0,0,0,0
121828,0,1,0,0,0,0,0,0,0,0,0,0
121828,1,1,0,0,0,0,0,0,0,0,0,0
121829,1,1,12,12,12,12,12,12,12,12,12,12
121830,0,1,24,0,35,0,0,15,0,0,0,0
121830,1,1,0,0,0,0,19,0,0,5,0,0
121831,0,1,27,17,31,29,13,0,27,39,7,18
121831,1,1,0,0,0,0,0,0,0,0,0,0
121832,0,1,13,13,13,13,13,13,13,13,13,13
121832,1,1,0,0,0,0,0,0,16,0,0,0
121833,1,1,0,0,0,0,0,21,0,0,0,0
121833,2,1,0,0,0,0,0,0,0,0,0,0
121834,0,1,28,28,28,28,28,28,28,28,28,28
121834,1,1,31,0,0,0,0,0,0,0,0,0
121835,1,1,0,0,0,0,0,0,0,0,0,0
121836,1,1,0,0,0,0,0,0,0,0,0,0
121836,2,1,0,0,0,0,0,0,23,0,0,0
121837,1,1,0,8,0,0,0,0,0,0,0,4
121837,2,1,0,0,0,0,0,0,0,0,0,0
121838,1,1,25,25,25,25,25,25,25,25,25,25
121838,2,1,0,0,0,0,0,0,0,0,0,0
121838,3,1,0,0,0,15,0,0,0,0,0,0
121839,1,1,0,0,0,0,0,0,0,19,0,11
121839,2,1,0,0,0,0,0,0,0,0,0,0
121840,0,1,10,0,36,0,0,0,13,0,20,25
121840,1,1,18,0,0,0,0,0,0,0,0,0
121841,1,1,0,0,0,0,0,0,0,0,0,0
121841,2,1,25,0,0,0,15,0,0,0,0,0
121842,0,1,0,0,0,0,0,0,0,0,0,0
121842,1,1,16,16,16,16,16,16,16,16,16,16
121843,1,1,15,15,15,15,15,15,15,15,15,15