ST_CASE,VEH_NO,PER_NO,P1,P2,P3,P4,P5,P6,P7,P8,P9,P10
122690,1,1,0,15,0,0,0,0,27,24,0,0
122690,2,1,0,0,0,0,29,0,0,0,0,0
122691,1,1,22,22,22,22,22,22,22,22,22,22
122691,2,1,0,0,0,0,0,0,0,0,0,0
122692,1,1,0,0,0,0,0,0,0,0,0,0
122693,1,1,23,14,31,11,12,10,20,17,8,11
122694,0,1,0,36,0,15,18,17,0,0,0,16
122694,1,1,0,0,23,30,0,0,0,0,0,0
122695,1,1,0,0,0,0,0,0,0,0,0,0
122695,2,1,0,0,0,0,0,0,0,0,0,0
122696,0,1,0,0,0,0,30,0,0,0,0,0
122696,1,1,0,0,0,0,0,0,0,0,0,0
122697,1,1,9,9,9,9,9,9,9,9,9,9
122698,0,1,15,15,15,15,15,15,15,15,15,15
122698,1,1,0,0,0,0,0,0,0,0,0,0
122699,0,1,24,0,0,0,26,0,0,0,0,0
122699,1,1,0,0,0,0,0,0,21,0,0,23
122700,1,1,0,0,0,0,0,0,0,0,0,0
122700,2,1,0,0,0,0,0,0,0,0,0,0
122701,1,1,19,19,19,19,19,19,19,19,19,19
122702,1,1,0,0,0,0,0,0,0,0,0,0
122703,1,1,0,0,0,0,0,0,0,0,0,0
122703,2,1,22,22,22,22,22,22,22,22,22,22
122704,0,1,0,0,0,0,0,0,0,0,0,0
122704,1,1,0,0,0,0,0,0,0,0,0,0
122705,1,1,0,0,6,0,8,0,0,11,0,0
122706,0,1,18,34,0,0,0,0,15,0,11,0
122706,1,1,0,0,0,0,0,0,0,0,0,0
122707,1,1,37,0,0,0,20,0,11,0,22,0
122707,2,1,0,0,21,0,0,0,0,0,0,0
122708,1,1,0,0,0,0,0,0,0,0,0,0
122708,2,1,0,0,0,0,0,0,0,0,0,0
122709,1,1,4,0,0,0,0,0,0,0,0,0
122709,2,1,0,0,0,0,0,0,0,0,0,0
122710,0,1,0,0,0,0,0,0,0,0,0,0
122710,1,1,0,0,0,6,0,0,0,0,0,0
122711,1,1,0,0,0,0,0,0,0,0,0,0
122711,2,1,0,0,0,0,0,0,0,19,0,25
122712,1,1,0,0,0,0,0,0,0,0,0,0
122712,2,1,0,0,0,0,0,0,0,0,0,0
122713,1,1,0,0,0,0,0,0,0,0,0,0
122713,2,1,0,0,0,0,10,0,0,0,0,0
122714,1,1,0,0,0,0,0,0,16,0,0,0
122714,2,1,0,0,0,0,0,0,0,0,0,0
122715,1,1,0,0,0,0,15,0,4,0,0,0
122715,2,1,0,0,0,0,0,0,26,0,0,0
122716,1,1,0,0,0,0,0,0,0,0,0,0
122716,2,1,0,0,0,0,0,0,0,0,0,12
122716,3,1,0,0,0,0,0,0,0,0,0,0
122717,0,1,0,0,0,0,0,0,0,0,0,0
122717,1,1,9,5,0,25,0,0,12,0,0,18
122718,1,1,0,0,0,0,0,27,0,0,0,0
122718,2,1,0,0,0,0,0,0,0,0,0,0
122719,0,1,0,0,0,0,0,0,0,0,0,0
122719,1,1,0,0,0,0,0,0,0,0,0,0
122720,1,1,0,0,0,0,0,0,0,0,0,0
122720,2,1,0,0,0,0,0,0,0,0,0,0
122721,1,1,0,0,0,0,0,0,0,31,0,0
122721,2,1,0,0,0,0,0,0,0,0,0,0
122722,0,1,0,40,0,0,30,32,0,0,16,10
122722,1,1,0,0,0,0,0,9,14,0,0,0
122723,1,1,0,0,0,0,0,0,0,0,0,0
122723,2,1,0,0,0,0,0,0,0,0,0,0
122724,1,1,0,0,0,0,0,0,0,0,0,0
122724,2,1,0,0,0,0,0,0,0,0,0,0
122725,0,1,0,0,0,0,0,0,0,0,0,0
122725,1,1,0,0,0,0,0,0,0,0,0,0
122726,1,1,0,0,0,0,0,0,0,0,0,0
122726,2,1,0,0,0,0,0,0,0,0,0,0
122727,0,1,0,0,0,0,29,5,0,0,0,4
122727,1,1,0,0,0,0,0,33,0,6,0,0
122728,1,1,26,7,0,14,6,0,14,0,33,13
122728,2,1,0,0,0,0,0,0,0,0,0,0
122729,0,1,0,0,0,0,0,0,0,0,0,0
122729,1,1,0,0,0,0,0,0,0,0,0,0
122730,1,1,0,0,0,0,0,0,0,0,0,0
122730,2,1,0,0,0,0,0,0,0,0,0,0
122731,1,1,15,19,6,37,15,20,14,0,37,22
122732,1,1,0,11,7,0,0,0,0,0,0,0
122732,2,1,0,0,0,0,0,0,0,0,0,0
122733,1,1,0,0,0,0,0,25,0,0,0,19
122734,1,1,30,30,30,30,30,30,30,30,30,30
122735,0,1,3,3,3,3,3,3,3,3,3,3
122735,1,1,0,0,0,0,0,0,0,0,0,0
122736,1,1,0,0,0,0,0,0,0,0,0,0
122737,1,1,14,14,14,14,14,14,14,14,14,14
122739,1,1,0,0,0,0,29,0,21,13,0,0
122739,2,1,0,0,0,0,0,0,0,0,0,0
122740,1,1,0,0,0,0,0,0,0,0,0,0
122740,2,1,0,0,0,0,0,0,0,0,0,0
122740,3,1,0,0,0,0,0,0,0,0,0,0
122741,0,1,0,0,0,0,0,0,0,0,0,0
122741,0,2,31,31,31,31,31,31,31,31,31,31
122741,0,3,0,6,0,0,21,0,45,0,16,0
122741,0,4,0,0,0,0,0,0,0,0,0,24
122741,1,1,0,0,0,27,0,0,0,0,0,0
122742,1,1,0,0,0,0,0,0,0,0,0,0
122742,2,1,0,0,0,0,0,0,0,0,0,0
122743,1,1,0,0,0,0,0,0,0,0,0,0
122743,2,1,0,0,0,0,0,0,6,0,0,0
122744,1,1,0,0,0,0,0,0,0,0,0,0
122744,2,1,0,0,0,0,0,0,0,0,0,0
122744,3,1,0,0,0,0,0,0,0,0,0,0
122745,1,1,25,25,25,25,25,25,25,25,25,25
122746,1,1,4,4,4,4,4,4,4,4,4,4
122746,2,1,0,0,0,0,0,0,0,0,0,0
122747,1,1,19,19,19,19,19,19,19,19,19,19
122747,2,1,0,0,0,0,0,0,0,0,0,0
122747,3,1,0,0,0,0,0,0,0,0,0,0
122748,1,1,0,0,0,0,0,0,0,0,0,0
122748,2,1,0,0,0,0,0,0,0,0,0,0
122749,1,1,19,19,19,19,19,19,19,19,19,19
122750,1,1,0,0,13,14,21,24,11,14,8,10
122750,2,1,0,0,0,0,0,0,0,0,0,0
122751,0,1,0,0,0,0,0,0,0,0,0,0
122751,1,1,0,0,0,0,0,0,0,0,0,0
122752,1,1,14,20,0,13,10,20,6,0,32,18
122752,2,1,12,26,8,0,24,0,0,0,0,0
122754,0,1,0,0,0,0,0,0,0,0,0,0
122754,1,1,0,0,0,0,0,0,0,0,0,0
122755,0,1,0,0,0,0,0,0,16,28,0,0
122755,1,1,0,0,0,0,0,0,0,0,0,0
122756,0,1,0,0,0,0,0,0,0,0,0,0
122756,1,1,12,0,0,20,0,0,0,0,0,0
122757,1,1,20,20,20,20,20,20,20,20,20,20
122758,1,1,0,0,0,0,0,0,0,0,0,0
122759,1,1,0,0,0,0,0,0,0,0,0,0
122760,1,1,0,0,0,0,0,0,0,0,0,39
122760,2,1,0,0,0,0,0,0,0,0,0,0
122761,1,1,0,0,0,0,0,0,0,0,0,0
122762,1,1,0,0,0,0,0,0,0,11,5,0
122763,1,1,0,0,0,0,0,0,0,0,0,0
122763,2,1,0,0,0,0,0,0,0,0,0,0
122764,0,1,17,17,17,17,17,17,17,17,17,17
122764,1,1,0,0,0,0,0,0,0,0,0,29
122765,1,1,0,0,0,0,0,0,0,0,0,0
122765,2,1,0,0,0,0,0,0,0,0,0,0
122766,0,1,0,0,0,0,0,0,0,0,0,0
122766,1,1,0,0,0,0,0,0,0,0,0,0
122767,0,1,0,0,0,0,32,0,0,0,0,0
122767,1,1,0,0,0,0,0,0,0,0,0,0
122768,1,1,0,0,0,0,0,0,0,0,0,19
122768,2,1,0,0,0,0,0,0,2,0,0,27
122768,3,1,0,0,0,0,0,0,0,0,0,0
122769,0,1,0,0,0,0,0,0,20,0,0,0
122769,1,1,0,0,0,0,0,0,0,0,0,0
122770,1,1,0,0,0,0,0,0,0,0,0,0
122770,2,1,0,0,0,0,0,0,0,0,0,26
122771,1,1,0,0,0,0,0,26,0,0,0,0
122771,2,1,0,0,0,0,0,0,0,0,0,0
122772,1,1,14,14,14,14,14,14,14,14,14,14
122772,2,1,0,0,0,0,0,0,0,0,0,0
122772,3,1,0,0,0,0,0,0,0,0,0,0
122773,1,1,0,15,0,0,0,0,0,0,0,0
122773,2,1,0,0,0,0,0,0,0,0,0,0
122774,1,1,0,0,0,0,0,0,0,0,0,0
122774,2,1,0,18,0,0,0,0,0,0,0,0
122774,3,1,0,0,0,0,0,0,24,0,0,0
122775,0,1,0,0,43,0,0,0,0,0,6,0
122775,1,1,0,0,0,0,0,0,0,0,0,0
122777,1,1,0,24,0,0,0,0,0,0,0,0
122777,2,1,0,0,0,0,0,0,0,0,0,0
122778,1,1,0,0,0,0,0,0,0,0,0,0
122778,2,1,0,0,0,0,0,0,0,0,0,0
122778,3,1,0,0,0,0,0,0,0,0,0,0
122779,1,1,0,0,0,0,0,0,22,0,0,0
122779,2,1,0,0,0,0,0,0,0,0,0,0
122780,0,1,0,0,0,0,0,0,0,0,0,0
122780,1,1,0,0,6,0,0,0,0,0,0,0
122781,0,1,0,0,0,9,0,0,0,0,0,13
122781,1,1,0,0,19,0,0,0,0,0,0,0
122782,1,1,7,31,9,25,20,19,20,14,29,19
122783,1,1,18,7,6,31,12,14,21,9,8,10
122784,1,1,0,0,0,0,0,0,0,0,0,0
122784,2,1,0,0,0,0,0,0,0,0,0,0
122785,0,1,0,0,0,0,0,0,0,0,0,0
122785,1,1,0,0,0,0,0,0,0,0,0,0
122786,0,1,0,0,0,0,0,0,0,0,0,0
122786,1,1,32,29,0,0,0,0,0,0,0,0
122787,0,1,34,21,0,14,12,16,16,0,19,13
122787,0,2,2,35,43,20,0,18,13,20,48,0
122787,1,1,0,0,0,0,0,0,0,0,0,0
122788,0,1,11,0,0,0,0,28,41,32,0,0
122788,1,1,0,0,10,0,29,0,20,0,0,0
122789,1,1,0,0,11,0,0,0,13,0,0,19
122789,2,1,0,0,0,0,0,0,0,0,0,0
122790,1,1,14,0,13,4,0,17,0,0,0,0
122790,2,1,0,0,0,0,0,0,0,0,4,0
122790,3,1,6,0,7,0,0,0,0,0,0,0
122791,1,1,0,0,0,0,0,17,0,0,0,0
122791,2,1,0,0,0,0,0,0,0,0,0,0
122792,1,1,16,16,16,16,16,16,16,16,16,16
122793,1,1,0,0,0,0,0,0,0,0,0,0
122796,1,1,0,0,0,0,0,0,0,0,0,0
122796,2,1,0,0,0,0,0,0,0,0,0,0
122796,3,1,0,0,0,0,0,9,0,0,16,0
122796,4,1,0,0,0,0,0,0,0,0,0,0
122797,1,1,25,25,25,25,25,25,25,25,25,25
122798,1,1,19,0,0,11,0,0,0,17,19,0
122799,1,1,21,21,21,21,21,21,21,21,21,21
122800,0,1,16,0,15,7,0,0,14,0,13,0
122800,1,1,0,0,0,0,0,0,0,0,0,0
122801,1,1,13,13,13,13,13,13,13,13,13,13
122801,2,1,0,0,0,0,0,0,0,0,0,0
122801,3,1,0,0,0,0,0,0,0,0,0,0
122801,4,1,0,0,0,15,0,0,0,0,0,0
122801,5,1,0,0,0,0,0,0,0,0,0,0
122802,0,1,0,0,0,0,0,20,0,0,0,0
122802,1,1,0,0,3,0,0,0,0,0,0,0
122803,0,1,0,0,0,0,0,0,0,0,0,0
122803,1,1,0,0,0,16,0,15,0,0,22,0
122804,1,1,0,0,0,0,0,0,0,0,0,0
122804,2,1,0,0,0,0,0,0,0,0,0,0
122805,0,1,0,0,0,0,0,0,0,0,0,0
122805,1,1,0,0,0,0,0,0,0,0,0,0
122806,0,1,0,0,0,0,0,0,0,0,0,0
122806,1,1,0,9,13,0,0,0,0,0,0,0
122807,1,1,0,19,0,0,0,0,0,0,0,0
122807,2,1,0,0,0,0,0,0,0,0,0,0
122807,3,1,0,0,0,0,0,0,0,0,0,0
122808,0,1,21,10,8,19,26,10,36,35,26,15
122808,1,1,0,0,0,0,0,0,0,0,0,0
122809,0,1,0,0,0,0,0,0,0,0,0,0
122809,1,1,5,0,0,0,3,8,17,0,17,0
122810,1,1,9,9,9,9,9,9,9,9,9,9
122811,1,1,0,0,0,0,0,0,21,0,0,0
122812,1,1,0,0,0,0,0,0,0,0,0,0
122813,1,1,14,14,14,14,14,14,14,14,14,14
122814,1,1,16,16,16,16,16,16,16,16,16,16
122814,2,1,20,20,20,20,20,20,20,20,20,20
122815,0,1,0,36,0,0,0,0,0,0,0,0
122815,1,1,0,0,0,0,0,0,0,0,0,0
122816,1,1,0,0,0,0,0,0,0,0,0,0
122816,2,1,0,0,0,0,0,0,0,0,0,0
122817,0,1,0,12,18,0,0,0,0,0,0,0
122817,1,1,0,0,0,0,0,0,0,0,0,0
122817,2,1,0,0,0,31,0,0,0,0,0,0
122818,1,1,0,10,0,0,20,0,14,33,0,22
122819,1,1,0,0,20,0,0,0,0,0,26,14
122820,1,1,0,0,0,0,0,0,0,0,0,0
122820,2,1,0,0,0,0,0,0,0,0,8,0
122821,0,1,0,0,0,0,0,0,0,0,0,0
122821,1,1,0,0,0,0,0,0,0,0,0,0
122822,0,1,0,0,0,0,0,0,0,0,0,0
122822,1,1,0,0,0,0,0,0,0,0,0,0
122824,0,1,0,0,0,0,0,0,0,0,0,0
122824,1,1,0,0,0,0,0,0,0,0,0,9
122825,1,1,0,0,0,5,0,0,0,0,0,0
122825,2,1,0,0,0,0,0,0,0,0,0,0
122826,1,1,0,0,12,0,0,0,0,0,0,0
122826,2,1,23,10,0,0,0,0,0,0,0,0
122827,1,1,0,0,0,0,0,0,0,0,0,0
122827,2,1,0,0,0,0,0,0,0,0,0,0
122827,3,1,0,0,0,0,0,0,0,0,0,0
122828,1,1,0,0,0,0,0,0,0,0,0,0
122828,2,1,0,0,0,0,0,0,0,0,0,0
122829,1,1,0,0,0,0,0,0,0,0,0,0
122830,1,1,27,30,28,9,30,6,21,20,24,14
122831,1,1,23,0,0,0,17,0,12,0,24,0
122831,2,1,0,0,0,0,0,0,0,0,0,0
122832,1,1,10,10,10,10,10,10,10,10,10,10
122832,2,1,0,0,0,0,0,0,0,0,0,0
122833,1,1,22,22,22,22,22,22,22,22,22,22
122834,0,1,21,0,0,0,0,0,0,0,22,0
122834,1,1,0,0,0,0,0,0,0,0,0,0
122835,0,1,0,0,0,0,0,0,0,0,0,0
122835,1,1,0,0,0,0,0,0,0,0,0,0
122836,1,1,0,0,0,0,0,0,0,0,0,0
122837,1,1,17,17,17,17,17,17,17,17,17,17
122838,1,1,21,22,0,0,15,0,23,16,0,25
122839,1,1,0,0,0,0,0,0,0,0,0,0
122839,2,1,0,0,0,0,0,0,0,0,0,0
122840,1,1,9,0,0,0,0,0,0,0,0,0
122840,2,1,0,0,0,0,0,0,0,0,4,0
122841,1,1,20,20,20,20,20,20,20,20,20,20
122842,1,1,12,12,12,12,12,12,12,12,12,12
122842,2,1,0,0,0,0,0,0,0,0,0,0
122843,1,1,0,0,0,0,0,0,0,0,0,0
122843,2,1,0,0,0,0,0,0,0,0,0,0
122844,0,1,18,18,18,18,18,18,18,18,18,18
122844,1,1,0,0,0,0,0,0,0,0,0,0
122845,0,1,19,19,19,19,19,19,19,19,19,19
122845,1,1,12,0,0,0,0,0,0,0,0,0
122845,2,1,0,0,16,0,0,0,17,0,0,0
122846,0,1,0,0,0,0,0,0,0,0,0,0
122846,1,1,0,0,0,0,0,0,0,0,0,0
122847,1,1,0,0,0,0,0,20,0,5,0,24
122848,1,1,0,0,0,0,0,0,0,0,0,0
122848,2,1,0,0,0,0,0,0,0,0,0,0
122849,1,1,24,24,24,24,24,24,24,24,24,24
122850,1,1,0,0,0,0,0,0,0,0,0,0
122850,2,1,0,0,0,0,0,0,0,0,0,0
122850,3,1,0,0,0,0,0,16,0,0,0,0
122850,4,1,0,0,0,0,0,0,0,0,0,0
122851,1,1,12,28,15,0,0,0,0,0,0,12
122853,1,1,0,0,0,0,0,0,0,0,0,0
122853,2,1,0,0,0,0,0,0,0,0,0,0
122854,1,1,0,0,0,0,0,0,0,0,0,0
122854,3,1,0,0,0,0,0,0,0,0,0,0
122855,0,1,0,0,0,0,0,0,0,0,0,0
122855,1,1,0,0,0,0,0,0,0,0,0,0
122856,0,1,0,0,0,0,0,0,0,0,0,0
122856,1,1,0,0,0,0,0,0,0,0,0,0
122858,1,1,0,0,0,0,0,0,0,19,0,0
122858,2,1,0,0,0,0,0,0,0,0,0,0
122859,0,1,0,0,0,0,0,0,0,0,0,0
122859,1,1,0,0,0,0,0,0,0,0,0,0
122860,1,1,0,0,0,0,0,0,0,0,0,24
122860,2,1,0,0,0,0,0,0,0,0,0,0
122861,1,1,25,25,25,25,25,25,25,25,25,25
122862,0,1,27,27,27,27,27,27,27,27,27,27
122862,1,1,0,0,0,17,0,0,5,13,0,24
122863,0,1,0,0,0,0,0,0,0,0,0,0
122863,0,2,0,0,0,0,0,0,0,0,0,0
122863,1,1,0,0,0,0,0,0,0,0,0,0
122863,2,1,0,0,0,0,0,0,0,10,0,0
122864,1,1,0,0,0,0,0,0,0,0,0,0
122865,1,1,0,0,0,0,0,0,0,0,0,0
122865,2,1,0,0,0,0,0,0,0,0,0,0
122865,3,1,0,0,0,0,0,0,0,0,0,0
122866,0,1,0,0,0,0,0,0,0,0,0,29
122866,1,1,24,14,2,0,0,12,17,10,0,0
122867,1,1,0,18,0,0,0,0,0,0,0,0
122867,2,1,0,0,0,0,0,0,0,0,0,0
122867,3,1,0,0,0,0,0,0,0,0,0,0
122868,1,1,0,0,0,0,0,0,0,0,0,0
122868,2,1,0,0,0,0,0,0,0,0,0,0
122869,1,1,0,0,0,0,0,0,0,0,0,0
122870,0,1,14,14,14,14,14,14,14,14,14,14
122870,1,1,0,0,0,24,0,0,0,0,0,0
122871,1,1,38,38,38,38,38,38,38,38,38,38
122872,1,1,0,0,0,0,0,0,0,0,0,0
122872,2,1,0,0,0,0,0,0,0,0,0,0
122873,1,1,0,0,0,0,0,0,0,0,0,0
122873,2,1,10,10,10,10,10,10,10,10,10,10
122873,3,1,0,0,0,0,0,0,0,0,26,0
122874,1,1,0,0,0,0,0,0,0,0,0,0
122875,1,1,20,20,20,20,20,20,20,20,20,20
122875,2,1,0,0,0,0,0,0,0,0,0,0
122876,0,1,0,0,0,0,0,0,0,0,0,0
122876,1,1,0,0,0,0,0,0,0,0,0,0
122876,2,1,0,0,0,0,0,0,0,13,0,0
122877,0,1,0,0,0,0,0,0,0,0,0,0
122877,1,1,0,0,0,0,0,0,0,0,0,0
122879,0,1,0,0,0,0,0,24,28,0,0,23
122879,1,1,0,0,12,0,0,0,0,22,0,0
122880,1,1,0,0,0,0,0,0,0,0,0,0
122881,0,1,0,0,0,0,9,0,54,0,0,0
122881,1,1,26,0,0,0,0,12,9,25,0,0
122882,1,1,20,20,20,20,20,20,20,20,20,20
122883,0,1,5,0,0,0,0,0,0,0,0,0
122883,1,1,0,0,0,0,0,0,0,0,0,0
122884,1,1,8,0,0,0,0,0,0,0,0,0
122884,2,1,0,7,0,0,0,0,0,11,0,0
122885,0,1,0,0,0,0,0,0,0,0,0,0
122885,1,1,0,0,0,0,0,0,0,0,0,0
122886,1,1,11,23,0,0,0,28,12,7,19,26
122886,2,1,0,9,17,27,0,11,0,25,0,5
122887,0,1,0,0,0,0,0,0,0,0,0,0
122887,1,1,26,0,0,0,0,0,0,0,0,10
122888,1,1,0,0,0,0,0,0,0,13,0,0
122889,1,1,19,19,19,19,19,19,19,19,19,19
122889,2,1,24,0,0,0,0,0,0,0,0,0
122890,0,1,0,0,0,0,0,0,0,0,0,0
122890,1,1,14,6,17,13,19,18,12,15,21,12
122892,1,1,3,3,3,3,3,3,3,3,3,3
122892,2,1,5,0,19,0,0,0,0,0,14,0
122893,1,1,0,0,18,0,8,0,18,15,17,0
122893,2,1,0,0,0,0,0,0,0,0,0,0
122893,3,1,0,0,0,0,0,0,0,0,21,0
122893,4,1,0,0,0,0,0,0,0,0,0,0
122894,1,1,18,18,18,18,18,18,18,18,18,18
122895,1,1,0,0,0,0,0,0,0,0,0,0
122896,0,1,0,23,0,0,0,0,0,0,0,0
122896,1,1,0,0,0,0,0,0,0,0,0,0
122897,1,1,0,0,0,0,0,0,0,0,0,0
122897,2,1,0,0,0,0,0,0,16,0,0,0
122898,0,1,0,0,0,0,0,0,0,0,0,0
122898,1,1,0,0,0,0,0,0,10,0,0,0
122899,0,1,0,0,0,0,0,0,0,0,0,0
122899,1,1,0,0,0,0,0,13,0,0,0,0
122900,0,1,0,0,0,0,0,0,0,0,0,0
122900,1,1,0,0,0,0,0,0,0,0,0,0
122900,3,1,0,0,0,0,0,0,0,0,0,0
122900,4,1,0,0,0,0,0,0,0,0,0,0
122901,0,1,0,0,0,0,0,0,0,0,0,0
122901,1,1,0,0,0,0,0,0,0,0,0,0
122902,1,1,0,0,0,0,0,0,0,0,0,0
122902,2,1,18,18,18,18,18,18,18,18,18,18
122903,1,1,0,0,0,15,0,4,0,0,0,0
122904,1,1,0,0,0,0,0,0,0,0,0,0
122904,2,1,0,0,0,0,0,0,0,0,0,0
122905,0,1,0,0,0,0,0,0,0,0,0,0
122905,1,1,0,0,0,0,18,0,0,0,0,0
122906,1,1,2,2,2,2,2,2,2,2,2,2
122906,2,1,0,0,0,0,0,0,0,0,0,0
122907,0,1,0,0,0,0,0,0,0,0,0,0
122907,1,1,0,0,0,0,0,0,0,0,0,0
122908,1,1,0,0,0,0,16,0,0,0,6,0
122909,1,1,0,0,0,0,0,0,0,0,0,0
122909,2,1,0,0,0,0,0,0,0,0,0,0
122910,1,1,0,12,0,28,23,10,30,0,0,0
122911,1,1,0,0,0,0,0,0,0,0,0,0
122911,2,1,0,0,0,0,0,0,0,0,0,0
122912,0,1,14,0,0,0,0,4,0,0,0,0
122912,1,1,25,0,6,0,0,0,0,0,0,0
122913,1,1,0,0,0,0,26,0,0,7,0,0
122913,2,1,38,15,0,0,0,0,0,0,0,0
122913,3,1,0,0,0,0,0,0,0,0,0,0
122914,1,1,0,0,0,0,0,0,0,0,0,0
122915,0,1,0,0,0,0,0,0,0,0,0,0
122915,1,1,0,0,0,0,13,0,0,0,0,0
122916,1,1,0,0,0,0,0,0,0,0,0,0
122916,2,1,0,0,0,0,0,0,0,0,0,0
122916,3,1,0,0,0,0,0,0,0,0,0,0
122916,4,1,0,0,0,0,0,0,0,0,0,0
122917,1,1,14,14,14,14,14,14,14,14,14,14
122917,2,1,0,0,0,0,0,0,0,0,0,0
122919,0,1,28,28,28,28,28,28,28,28,28,28
122919,0,2,0,0,0,0,0,0,0,0,48,0
122919,1,1,0,0,0,0,0,0,0,0,0,0
122920,1,1,0,0,0,0,0,0,11,0,28,0
122921,1,1,0,0,0,0,0,23,15,15,0,0
122922,0,1,0,0,0,15,0,0,0,0,0,0
122922,1,1,9,0,0,12,12,13,0,12,0,9
122923,1,1,0,0,0,0,0,0,0,0,0,0
122923,2,1,0,0,0,16,0,0,0,0,0,0
122924,1,1,11,22,5,7,12,21,0,28,11,21
122924,2,1,0,0,0,0,0,0,0,0,0,12
122925,1,1,0,0,0,0,0,0,0,13,0,0
122925,2,1,0,0,0,0,0,0,0,0,0,0
122926,0,1,0,0,0,12,0,0,0,0,0,0
122926,1,1,0,0,0,0,0,0,0,0,0,0
122927,1,1,0,0,0,0,0,0,0,0,0,0
122927,2,1,0,11,0,0,0,0,0,0,0,0
122927,3,1,25,0,0,0,6,0,0,0,0,0
122927,4,1,0,0,0,0,0,0,0,0,0,0
122927,5,1,0,0,0,0,0,0,0,0,0,3
122928,0,1,0,0,0,0,0,0,11,0,0,0
122928,1,1,0,0,0,0,0,0,0,0,0,0
122928,2,1,0,0,0,0,0,0,0,0,0,0
122929,1,1,0,13,0,0,0,0,0,11,0,7
122930,0,1,12,28,0,0,6,14,15,0,0,23
122930,1,1,0,0,0,14,0,0,0,0,0,16
122930,2,1,0,0,0,0,16,0,11,0,0,0
122930,3,1,3,0,0,0,0,10,0,0,0,0
122930,4,1,0,0,0,0,0,10,0,0,0,0
122930,5,1,0,0,0,0,10,0,0,0,0,15
122930,6,1,28,0,0,0,24,11,0,0,0,0
122931,1,1,0,0,0,0,0,0,0,0,0,0
122931,2,1,0,0,0,0,0,0,0,0,0,0
122931,3,1,0,0,0,0,0,0,0,0,0,0
122931,4,1,0,0,0,0,0,0,0,0,0,0
122933,1,1,2,2,2,2,2,2,2,2,2,2
122934,1,1,0,0,0,0,0,0,0,0,0,0
122934,2,1,0,0,0,0,0,0,0,0,0,17
122935,0,1,0,0,10,0,25,9,0,0,0,0
122935,1,1,0,0,0,0,0,0,0,19,0,0
122936,1,1,0,0,0,0,0,0,0,0,0,0
122937,1,1,0,0,0,0,0,0,0,0,0,0
122937,2,1,0,0,23,0,0,0,0,0,0,0
122938,1,1,0,0,0,0,0,0,0,0,0,0
122938,2,1,0,0,0,0,0,0,0,0,0,0
122939,0,1,20,16,0,0,0,0,0,0,0,0
122939,1,1,0,0,0,0,0,0,0,0,0,0
122939,2,1,26,0,0,0,0,0,0,0,0,0
122940,0,1,0,0,0,0,0,0,0,0,0,0
122940,1,1,0,0,0,0,0,0,0,0,0,0
122940,2,1,0,0,0,0,0,0,0,0,0,0
122940,3,1,0,0,22,0,3,0,0,9,0,0
122941,0,1,14,14,14,14,14,14,14,14,14,14
122941,1,1,0,0,0,0,0,0,0,0,0,0
122942,1,1,0,0,0,0,0,0,0,0,0,0
122942,2,1,0,0,0,0,0,0,12,0,0,0
122943,1,1,0,0,0,0,0,0,0,0,0,0
122943,2,1,0,0,0,12,0,0,31,0,7,0
122944,0,1,0,0,0,0,0,0,0,0,0,0
122944,1,1,0,0,0,0,0,0,0,0,0,0
122945,0,1,0,20,0,35,31,32,18,0,0,0
122945,1,1,0,0,10,0,0,0,0,0,0,0
122946,1,1,0,23,26,11,0,16,0,28,0,0
122947,0,1,22,18,14,27,9,16,34,40,22,30
122947,1,1,0,0,0,0,0,0,35,0,0,0
122949,0,1,0,0,0,0,19,0,0,0,0,0
122949,1,1,0,0,0,0,0,0,0,0,0,0
122950,1,1,0,0,0,0,0,0,0,0,0,0
122951,1,1,21,16,18,2,15,12,0,20,7,37
122952,1,1,0,0,0,0,0,0,0,0,0,0
122952,2,1,0,0,0,0,0,0,0,0,0,0
122953,0,1,0,0,0,0,0,0,0,0,0,0
122953,1,1,0,0,0,0,0,0,0,0,0,0
122954,1,1,0,0,0,0,0,0,0,0,0,0
122954,2,1,0,0,0,0,0,0,0,0,0,0
122955,0,1,0,0,0,0,0,0,0,0,0,0
122955,1,1,0,0,0,0,0,0,0,0,0,0
122956,0,1,27,0,0,44,0,20,0,0,0,0
122956,1,1,0,0,0,0,0,0,0,0,0,0
122957,1,1,16,16,16,16,16,16,16,16,16,16
122958,1,1,0,25,30,13,20,0,0,10,0,0
122958,2,1,0,0,0,0,0,0,0,16,0,0
122959,0,1,34,0,0,14,0,0,0,0,38,0
122959,1,1,23,0,0,0,0,0,0,0,0,0
122960,0,1,15,0,0,8,0,27,13,0,0,0
122960,1,1,0,18,0,0,0,0,0,0,0,0
122961,1,1,0,0,0,0,0,0,0,0,0,0
122961,2,1,0,0,0,0,0,0,0,0,22,0
122963,1,1,0,22,0,0,0,0,0,0,0,0
122963,2,1,0,0,0,0,0,0,0,0,0,0
122964,1,1,23,23,23,23,23,23,23,23,23,23
122964,2,1,22,0,0,0,0,0,0,0,0,14
122965,0,1,0,0,0,36,0,0,0,20,0,0
122965,1,1,0,6,0,0,0,18,0,0,0,0
122966,0,1,0,0,15,0,0,0,0,0,0,0
122966,0,2,18,0,0,0,0,0,0,0,0,0
122966,1,1,0,0,0,0,0,0,0,0,0,0
122967,0,1,0,0,0,0,0,0,0,0,0,0
122967,1,1,0,0,0,0,0,0,0,0,0,0
122968,1,1,0,0,0,0,0,0,0,0,0,0