ST_CASE,VEH_NO,PER_NO,P1,P2,P3,P4,P5,P6,P7,P8,P9,P10
122969,0,1,0,0,9,0,0,0,0,0,0,0
122969,1,1,0,0,0,0,0,0,0,0,0,0
122970,1,1,0,0,0,0,0,0,0,0,0,0
122971,1,1,0,43,0,0,0,16,0,0,0,0
122971,2,1,3,3,3,3,3,3,3,3,3,3
122972,1,1,0,0,0,0,0,0,0,0,0,0
122972,2,1,22,22,22,22,22,22,22,22,22,22
122973,1,1,0,0,0,0,0,0,0,0,21,5
122973,2,1,10,0,0,0,0,0,0,0,13,0
122974,1,1,18,0,0,0,0,13,44,0,0,0
122975,1,1,0,0,0,0,0,0,0,0,0,0
122975,2,1,6,6,6,6,6,6,6,6,6,6
122976,1,1,0,25,0,0,0,0,33,0,0,0
122976,2,1,0,0,0,0,0,0,0,0,0,0
122977,0,1,0,14,0,0,0,0,0,0,0,0
122977,1,1,16,0,0,0,0,7,0,33,11,0
122978,1,1,0,0,0,0,0,0,0,0,0,0
122978,2,1,0,0,0,0,0,0,0,0,0,0
122978,3,1,0,0,0,0,0,0,0,0,0,0
122978,4,1,0,0,0,0,0,0,0,0,0,0
122979,0,1,0,6,8,9,12,0,0,0,37,0
122979,1,1,0,0,0,0,0,0,0,0,0,0
122980,0,1,0,0,0,0,0,0,0,0,0,0
122980,1,1,0,0,0,0,0,0,0,0,0,0
122982,1,1,0,0,0,0,0,0,0,0,0,0
122982,2,1,0,0,0,0,0,0,0,0,32,0
122983,0,1,16,0,0,13,9,11,0,0,0,21
122983,1,1,0,0,0,0,0,0,15,0,0,0
122984,0,1,44,0,0,0,0,0,31,0,0,30
122984,1,1,0,0,0,0,6,0,11,0,0,0
122985,1,1,0,0,0,0,0,0,0,0,0,0
122985,2,1,0,0,0,0,0,0,0,0,0,0
122986,1,1,0,0,0,0,0,0,0,0,0,0
122986,2,1,0,0,0,0,0,0,0,0,0,0
122986,3,1,8,0,0,0,0,0,0,0,0,0
122986,4,1,0,0,0,0,0,0,0,0,0,0
122987,0,1,0,0,0,0,0,0,0,0,0,0
122987,1,1,6,0,0,4,15,14,0,21,0,9
122988,1,1,0,0,0,0,0,0,0,0,21,0
122988,2,1,0,0,0,0,0,0,0,0,0,0
122989,1,1,0,0,0,0,0,0,0,0,0,0
122989,2,1,0,0,0,0,0,0,0,6,0,0
122990,1,1,0,0,0,0,0,0,0,0,0,0
122990,2,1,0,0,0,0,0,0,14,0,0,0
122991,1,1,17,16,26,0,0,23,25,6,15,17
122991,2,1,0,0,0,19,0,25,0,24,17,0
122992,1,1,19,33,20,19,0,18,5,0,25,0
122993,1,1,0,0,0,0,6,0,0,0,0,9
122993,2,1,8,0,0,0,0,0,0,4,0,17
122993,3,1,0,0,0,0,0,0,0,0,0,0
122994,0,1,0,0,0,0,0,0,0,0,0,0
122994,1,1,0,15,0,0,0,11,29,0,0,0
122995,0,1,0,19,0,30,0,0,45,0,0,0
122995,1,1,41,32,13,19,10,12,34,15,25,24
122996,0,1,0,0,0,0,0,0,0,0,0,0
122996,1,1,0,0,0,0,0,0,0,0,0,0
122997,1,1,0,0,0,0,0,0,0,0,18,0
122998,1,1,4,4,4,4,4,4,4,4,4,4
122998,2,1,0,0,0,0,0,0,0,0,0,0
122999,0,1,0,36,0,0,5,0,0,18,0,30
122999,1,1,15,0,0,0,8,0,0,9,0,0
123000,0,1,0,0,0,0,0,0,18,0,0,0
123000,1,1,8,0,0,0,5,0,19,0,0,0
123001,1,1,15,31,16,31,17,19,0,12,26,10
123002,0,1,23,23,23,23,23,23,23,23,23,23
123002,1,1,0,0,0,0,0,0,0,0,0,0
123003,1,1,20,20,20,20,20,20,20,20,20,20
123003,2,1,23,0,0,0,0,0,0,0,22,0
123004,1,1,0,41,29,0,8,6,0,0,0,30
123005,1,1,0,0,0,0,0,0,0,0,0,0
123005,2,1,0,0,13,0,0,0,0,0,0,0
123006,1,1,0,0,18,0,0,0,6,4,0,0
123006,2,1,0,0,0,0,0,0,0,0,0,0
123007,1,1,0,0,0,0,0,0,0,0,0,0
123007,2,1,0,0,0,0,16,0,0,0,0,0
123007,3,1,0,0,0,0,0,0,0,0,0,0
123008,1,1,0,0,0,0,0,0,0,0,0,0
123009,1,1,0,0,0,0,0,0,0,0,0,0
123009,2,1,0,22,0,0,0,0,0,0,0,0
123010,0,1,0,0,0,0,0,30,0,0,0,0
123010,1,1,0,0,0,0,0,0,0,0,0,0
123011,1,1,14,0,25,0,13,16,18,17,0,0
123011,2,1,0,0,0,0,0,0,0,0,0,0
123011,3,1,0,0,0,0,0,0,0,0,0,0
123012,1,1,4,4,4,4,4,4,4,4,4,4
123014,1,1,0,0,10,40,0,19,17,0,0,0
123016,0,1,0,0,0,0,0,0,0,0,0,0
123016,1,1,0,0,0,0,0,0,0,0,0,0
123017,0,1,0,0,0,0,0,0,0,0,0,0
123017,1,1,8,8,8,8,8,8,8,8,8,8
123018,1,1,0,0,0,0,0,0,0,0,0,0
123018,2,1,0,0,0,0,0,0,0,0,0,0
123019,1,1,0,25,0,0,10,0,10,15,0,0
123019,2,1,0,0,0,0,0,0,0,0,0,0
123019,3,1,0,0,0,0,0,0,0,0,0,0
123020,1,1,0,0,0,0,0,0,0,0,0,0
123020,2,1,0,0,0,0,0,0,0,0,0,15
123021,1,1,0,8,0,14,12,0,0,0,12,0
123022,1,1,14,26,22,0,0,20,0,0,7,14
123023,0,1,0,0,0,0,0,0,0,0,0,0
123023,1,1,0,0,0,0,0,0,0,0,0,0
123024,1,1,0,0,0,0,0,0,0,0,0,0
123024,2,1,0,0,0,0,0,0,0,0,0,0
123025,1,1,14,14,14,14,14,14,14,14,14,14
123025,2,1,0,8,0,0,0,0,0,0,0,7
123025,3,1,0,0,0,0,0,0,0,0,0,0
123026,1,1,21,26,14,0,0,0,10,25,29,18
123027,1,1,0,0,0,0,0,0,0,0,22,0
123027,2,1,0,0,0,0,0,0,0,0,0,0
123028,1,1,0,0,0,0,0,0,0,0,0,0
123028,2,1,0,0,0,0,0,0,0,0,0,0
123029,1,1,0,0,0,0,0,0,0,0,0,0
123029,2,1,0,0,0,0,0,0,0,0,0,0
123030,0,1,0,0,0,0,0,0,0,0,0,0
123030,1,1,0,0,0,0,0,21,0,0,0,0
123031,0,1,0,0,0,0,22,0,0,0,0,0
123031,1,1,0,0,0,0,0,0,0,0,0,0
123031,2,1,0,0,0,0,0,0,0,0,0,0
123032,1,1,11,0,0,0,0,0,0,0,0,0
123033,1,1,15,15,15,15,15,15,15,15,15,15
123034,0,1,0,0,0,0,0,0,0,0,0,12
123034,1,1,0,0,0,15,0,0,0,0,0,0
123036,1,1,19,19,19,19,19,19,19,19,19,19
123036,2,1,0,0,0,0,0,0,0,0,0,0
123037,1,1,0,0,0,22,0,0,0,0,25,0
123038,1,1,11,11,11,11,11,11,11,11,11,11
123039,1,1,0,0,11,0,0,0,0,0,0,0
123039,2,1,0,0,0,0,0,0,0,0,0,0
123040,1,1,0,0,18,0,7,0,24,0,0,0
123040,2,1,0,0,0,0,0,0,0,0,0,0
123041,1,1,0,0,0,0,0,0,0,0,0,0
123041,2,1,0,0,0,0,0,0,0,0,0,0
123042,1,1,0,10,0,0,0,0,0,0,0,0
123042,2,1,21,0,0,0,30,12,0,0,0,0
123043,0,1,0,0,0,0,0,14,0,0,0,0
123043,1,1,0,0,0,0,0,0,0,0,0,0
123044,0,1,0,0,0,0,0,0,0,0,0,0
123044,1,1,0,0,0,0,0,0,0,0,0,0
123045,1,1,0,13,0,0,0,0,0,27,0,0
123046,1,1,0,0,0,0,0,0,0,0,0,0
123046,2,1,0,0,0,0,0,0,0,0,0,0
123047,0,1,0,0,0,0,0,0,0,0,0,34
123047,1,1,0,0,0,0,0,0,0,0,0,0
123047,2,1,0,0,0,0,0,0,0,0,0,0
123048,1,1,0,0,0,0,0,0,0,0,0,0
123048,2,1,28,0,0,0,5,0,0,0,0,15
123049,0,1,0,0,0,0,0,0,0,0,0,0
123049,1,1,0,0,0,0,0,0,0,0,0,0
123049,2,1,0,0,0,0,0,0,0,0,0,0
123051,1,1,0,0,0,0,0,0,0,26,0,0
123051,2,1,0,0,0,0,0,17,0,0,0,0
123053,1,1,0,0,0,15,0,0,0,0,0,0
123053,2,1,0,0,0,0,0,0,0,0,0,0
123054,1,1,0,16,27,13,0,17,13,17,16,0
123056,0,1,9,0,0,0,0,0,0,0,0,0
123056,1,1,6,8,0,8,0,0,0,10,0,7
123058,1,1,0,0,0,0,0,0,0,0,0,0
123058,2,1,0,0,0,0,0,17,0,0,0,0
123059,1,1,21,21,21,21,21,21,21,21,21,21
123059,2,1,0,0,0,0,0,0,0,0,0,0
123059,3,1,0,0,0,0,0,0,0,0,18,0
123060,1,1,0,0,0,0,0,0,0,0,0,0
123060,2,1,0,0,0,0,0,0,0,0,0,0
123061,0,1,0,0,0,0,33,0,0,13,0,0
123061,1,1,0,0,0,0,0,0,0,0,0,0
123062,0,1,0,0,0,0,0,0,0,0,0,0
123062,1,1,0,0,0,0,0,0,0,0,0,0
123063,0,1,0,18,0,0,0,0,0,0,0,0
123063,1,1,0,0,0,0,0,0,0,0,0,0
123064,0,1,0,0,22,0,4,0,0,0,0,0
123064,1,1,0,0,0,0,0,0,0,0,0,0
123065,1,1,15,21,29,0,0,12,8,22,24,21
123066,0,1,0,0,0,0,0,0,0,0,0,0
123066,1,1,4,0,0,0,0,0,0,0,0,0
123067,0,1,27,27,27,27,27,27,27,27,27,27
123067,1,1,0,0,0,0,0,0,0,0,0,0
123068,1,1,9,21,25,19,24,8,0,0,21,0
123069,1,1,25,25,25,25,25,25,25,25,25,25
123070,0,1,0,0,0,0,0,0,0,0,0,0
123070,1,1,0,0,0,0,0,0,0,0,0,0
123071,1,1,19,19,19,19,19,19,19,19,19,19
123072,1,1,21,21,21,21,21,21,21,21,21,21
123074,1,1,6,6,6,6,6,6,6,6,6,6
123074,2,1,13,13,13,13,13,13,13,13,13,13
123075,1,1,0,0,0,0,0,0,0,24,0,22
123075,2,1,0,0,0,0,0,0,0,0,0,0
123076,0,1,0,0,0,0,36,0,0,0,0,0
123076,1,1,0,0,0,0,0,0,0,0,0,0
123077,1,1,0,0,0,0,0,0,0,0,0,0
123077,2,1,0,0,0,0,0,0,0,0,0,0
123078,1,1,0,0,0,0,0,0,0,0,0,0
123078,2,1,0,0,0,0,0,0,0,0,0,0
123079,1,1,18,18,18,18,18,18,18,18,18,18
123079,2,1,0,0,0,0,0,0,0,0,0,0
123079,3,1,0,0,0,24,0,0,0,0,0,0
123079,4,1,0,0,0,0,0,0,0,0,0,0
123079,5,1,0,0,0,0,3,27,0,22,0,27
123080,1,1,0,0,0,0,0,0,0,0,0,0
123080,2,1,0,32,0,0,0,14,0,10,12,0
123081,0,1,0,0,0,0,0,13,0,0,0,0
123081,1,1,0,0,0,0,0,0,0,0,0,0
123081,2,1,0,0,0,0,0,4,0,0,0,0
123083,1,1,12,12,12,12,12,12,12,12,12,12
123084,1,1,14,14,14,14,14,14,14,14,14,14
123085,0,1,0,0,0,0,18,0,0,0,12,0
123085,1,1,0,11,0,0,0,0,3,0,0,0
123086,0,1,19,19,19,19,19,19,19,19,19,19
123086,1,1,0,0,15,0,0,14,0,0,0,11
123086,2,1,0,0,0,0,0,0,0,0,0,0
123087,1,1,0,0,0,0,0,0,0,0,0,0
123087,2,1,0,0,0,0,0,0,0,0,0,0
123087,3,1,0,0,0,0,0,0,0,0,0,0
123088,1,1,15,15,15,15,15,15,15,15,15,15
123089,1,1,0,0,0,11,0,0,0,8,0,9
123089,2,1,0,29,0,0,0,0,0,0,0,0
123090,1,1,0,0,0,0,0,0,0,0,0,0
123090,2,1,0,0,0,0,0,0,0,0,0,0
123090,3,1,0,0,0,0,0,0,0,0,0,0
123091,1,1,19,19,19,19,19,19,19,19,19,19
123091,2,1,0,0,0,0,0,0,0,0,0,0
123092,0,1,26,26,26,26,26,26,26,26,26,26
123092,1,1,0,7,15,27,23,3,0,22,14,19
123093,0,1,0,0,0,0,0,0,0,0,0,0
123093,1,1,12,12,0,13,0,0,10,27,13,0
123094,1,1,0,0,0,0,0,0,0,0,0,0
123094,2,1,0,0,0,0,0,0,0,0,0,0
123096,1,1,0,0,0,0,0,0,0,0,0,0
123097,1,1,11,11,11,11,11,11,11,11,11,11
123098,0,1,0,0,0,0,0,0,30,0,0,0
123098,1,1,0,0,0,0,0,0,0,0,0,0
123099,1,1,13,0,0,22,0,0,0,0,0,0
123099,2,1,0,0,0,0,0,0,0,0,0,0
123100,1,1,15,35,7,23,13,8,20,18,13,20
123101,1,1,15,0,6,28,0,8,0,8,21,52
123102,1,1,0,19,0,0,0,0,0,0,0,14
123103,1,1,0,0,0,0,13,0,0,0,0,24
123103,2,1,0,0,0,0,0,0,0,0,0,0
123104,0,1,0,0,0,0,0,0,0,0,0,0
123104,1,1,0,0,0,0,0,0,0,0,0,0
123105,0,1,0,0,0,15,0,0,0,0,0,0
123105,1,1,0,0,0,0,0,0,0,0,0,0
123106,1,1,10,22,19,13,23,8,37,19,18,0
123106,2,1,0,0,0,0,0,0,0,0,0,0
123107,1,1,0,0,0,0,0,0,0,0,0,0
123107,2,1,0,0,0,12,0,0,9,0,0,0
123108,0,1,0,0,0,0,0,0,0,0,0,0
123108,1,1,0,0,0,0,0,0,0,0,0,0
123109,1,1,15,15,15,15,15,15,15,15,15,15
123109,2,1,0,16,11,35,0,0,0,8,6,12
123110,1,1,6,0,0,0,0,7,0,0,0,0
123110,2,1,0,0,0,0,7,0,12,0,0,0
123110,3,1,0,0,0,0,0,0,0,0,0,0
123111,1,1,0,0,0,0,0,14,0,0,0,31
123112,0,1,32,0,0,0,0,0,0,0,0,15
123112,1,1,0,0,0,0,0,20,0,0,0,0
123113,1,1,0,0,0,0,0,0,0,0,0,0
123113,2,1,0,0,0,0,0,0,0,11,0,0
123114,1,1,24,24,24,24,24,24,24,24,24,24
123115,1,1,0,0,0,0,0,0,0,0,0,0
123115,2,1,0,0,0,0,0,0,0,0,0,0
123116,1,1,0,0,0,0,0,0,0,0,0,0
123116,2,1,0,0,0,0,0,0,0,0,0,0
123117,1,1,0,0,0,0,0,0,0,0,0,0
123117,2,1,0,0,0,0,0,0,0,0,0,0
123118,1,1,0,0,0,0,0,0,0,0,0,16
123119,1,1,0,0,0,0,16,0,0,0,0,0
123119,2,1,0,0,0,11,0,0,8,0,0,0
123120,1,1,0,0,0,0,0,0,0,0,0,0
123120,2,1,0,0,0,0,0,0,0,0,0,0
123120,3,1,0,0,0,0,0,0,0,0,0,0
123121,1,1,17,17,17,17,17,17,17,17,17,17
123121,2,1,0,0,0,0,0,0,0,0,0,0
123122,0,1,0,0,0,0,0,0,0,0,0,0
123122,1,1,0,0,0,0,0,0,0,0,0,0
123122,2,1,0,0,0,0,0,0,0,0,0,0
123124,0,1,0,0,0,0,0,0,0,0,0,0
123124,1,1,0,0,0,0,0,0,0,0,0,0
123125,1,1,0,0,0,0,0,0,0,0,0,0
123125,2,1,0,0,0,0,0,0,0,0,0,0
123126,0,1,0,0,0,0,0,0,0,0,0,0
123126,1,1,0,0,0,0,0,0,0,0,0,0
123128,2,1,14,0,11,23,0,21,20,0,25,20
123129,0,1,0,0,0,0,0,0,0,0,0,0
123129,1,1,0,0,0,0,0,0,0,0,0,0
123130,1,1,0,0,0,0,0,0,0,0,0,0
123130,2,1,0,0,0,0,0,0,0,0,0,0
123130,3,1,16,0,0,0,0,0,0,15,0,0
123131,1,1,14,0,0,0,0,0,0,0,0,0
123131,2,1,0,0,0,0,0,0,0,0,0,0
123132,0,1,0,0,0,0,0,0,0,0,0,0
123132,1,1,0,0,0,0,0,0,0,0,0,0
123133,1,1,0,0,0,0,0,0,0,0,0,0
123133,2,1,0,0,8,0,0,0,0,0,0,0
123134,1,1,0,0,0,0,0,0,0,0,0,0
123135,1,1,7,7,7,7,7,7,7,7,7,7
123135,2,1,0,0,0,0,9,0,16,0,0,0
123136,1,1,22,22,22,22,22,22,22,22,22,22
123136,2,1,0,0,0,0,0,0,0,0,0,0
123137,1,1,7,7,7,7,7,7,7,7,7,7
123137,2,1,0,0,0,0,0,0,0,0,0,0
123138,1,1,0,27,0,0,0,0,0,0,0,0
123138,2,1,6,0,0,17,24,0,27,23,0,23
123139,0,1,0,16,26,0,0,0,6,0,0,17
123139,1,1,0,0,0,0,0,0,0,0,0,0
123140,1,1,13,21,9,9,20,7,12,4,7,0
123141,1,1,0,26,0,0,0,0,0,13,0,0
123141,2,1,14,0,0,0,0,0,0,0,0,0
123142,0,1,0,7,25,0,0,0,0,0,36,0
123142,1,1,0,0,0,0,0,0,0,0,0,0
123143,1,1,0,21,0,0,0,0,0,0,0,17
123143,2,1,24,24,24,24,24,24,24,24,24,24
123144,1,1,27,0,0,0,0,0,11,12,0,0
123145,0,1,16,16,16,16,16,16,16,16,16,16
123145,1,1,0,0,0,0,0,0,0,0,0,0
123146,1,1,0,0,0,0,0,0,0,0,0,0
123146,2,1,0,0,0,0,0,0,0,0,0,0
123147,1,1,1,1,1,1,1,1,1,1,1,1
123147,2,1,0,0,0,0,0,0,0,0,0,0
123148,1,1,0,0,4,0,21,0,0,0,0,10
123149,1,1,24,0,0,0,0,0,0,0,0,0
123149,2,1,0,0,0,0,0,0,0,0,0,0
123150,1,1,22,15,22,18,8,15,8,11,18,23
123151,1,1,0,0,0,0,0,0,7,0,0,0
123151,2,1,0,0,0,0,37,0,5,0,0,0
123152,1,1,0,0,6,0,0,0,0,3,0,0
123152,2,1,0,0,0,0,0,0,0,0,0,0
123152,3,1,0,0,0,0,0,0,0,0,0,0
123153,0,1,0,0,0,0,0,11,14,0,0,0
123153,1,1,0,0,11,10,0,0,0,0,0,14
123154,1,1,0,0,0,0,0,0,0,0,0,0
123154,2,1,0,0,0,0,0,0,0,0,0,0
123155,1,1,8,14,0,28,24,10,12,14,15,15
123156,1,1,0,0,0,0,0,0,0,0,0,0
123156,2,1,0,0,0,0,0,22,0,0,0,0
123157,1,1,12,0,19,12,0,12,0,0,0,0
123157,2,1,0,0,0,0,0,0,0,0,0,0
123158,1,1,0,0,0,0,0,0,0,0,0,0
123158,2,1,0,0,0,0,0,0,0,0,0,0
123159,1,1,0,0,0,0,3,4,0,10,31,0
123159,2,1,0,34,0,16,18,0,2,0,2,27
123160,1,1,0,0,0,0,0,0,0,0,0,0
123160,2,1,0,0,0,0,0,0,0,0,0,0
123161,1,1,0,0,0,0,0,0,0,0,0,3
123161,2,1,0,0,0,0,0,0,0,0,0,0
123162,1,1,0,0,8,0,0,0,0,0,0,7
123162,2,1,0,0,0,0,0,0,0,0,0,0
123163,1,1,0,0,0,0,0,0,14,14,0,0
123163,2,1,0,0,0,0,0,0,0,0,0,0
123164,1,1,0,0,0,0,0,0,0,0,0,0
123164,2,1,0,0,0,0,0,0,0,0,0,0
123165,0,1,0,0,0,0,0,0,0,0,0,20
123165,1,1,0,12,0,0,0,19,0,0,13,0
123166,1,1,18,18,18,18,18,18,18,18,18,18
123167,1,1,17,17,17,17,17,17,17,17,17,17
123169,0,1,0,0,0,0,0,0,0,0,0,0
123169,1,1,0,0,0,0,0,0,0,0,0,0
123169,2,1,0,0,0,0,0,13,0,9,0,0
123170,1,1,31,0,0,0,15,11,0,0,0,0
123170,2,1,0,0,0,0,0,0,0,0,0,0
123171,1,1,25,0,20,5,0,0,14,7,0,0
123171,2,1,0,0,0,0,14,0,0,0,0,0
123172,1,1,40,0,0,12,18,24,13,0,36,14
123173,1,1,0,0,0,0,0,0,5,0,0,0
123173,2,1,0,0,0,0,0,0,0,0,0,0
123175,0,1,0,0,0,25,9,13,29,32,11,38
123175,1,1,0,0,0,0,0,0,0,0,0,0
123176,1,1,0,0,0,0,0,33,0,0,0,0
123177,1,1,0,0,6,0,13,0,0,0,14,0
123178,0,1,0,0,9,0,0,0,22,22,0,0
123178,1,1,25,15,0,0,12,13,11,14,30,0
123179,1,1,0,9,0,0,16,0,22,11,0,30
123179,2,1,0,0,0,0,0,0,0,0,0,0
123180,0,1,5,16,21,7,28,9,4,2,25,12
123180,1,1,22,0,3,8,0,0,10,0,4,15
123181,0,1,18,31,0,15,6,21,14,34,32,7
123181,1,1,0,0,0,0,0,0,0,0,0,0
123182,0,1,0,0,0,0,0,0,0,0,0,0
123182,1,1,0,0,0,0,0,0,0,0,0,0
123183,0,1,0,0,0,0,0,0,0,0,0,0
123183,1,1,11,0,24,0,0,0,0,0,3,0
123184,0,1,0,0,0,0,0,0,0,0,0,0
123184,1,1,0,0,0,0,0,0,0,0,0,0
123185,1,1,0,0,0,0,0,0,0,0,0,0
123185,2,1,0,0,0,0,0,0,0,0,0,0
123186,1,1,0,0,0,0,0,0,0,0,0,0
123186,2,1,0,0,0,12,0,0,0,11,10,0
123187,0,1,24,0,0,0,0,23,31,0,0,0
123187,1,1,0,7,0,11,0,0,0,5,0,5
123188,1,1,20,20,20,20,20,20,20,20,20,20
123189,0,1,17,17,17,17,17,17,17,17,17,17
123189,1,1,0,0,0,0,0,0,0,0,0,0
123190,1,1,16,16,16,16,16,16,16,16,16,16
123191,0,1,0,0,0,0,0,0,0,0,0,0
123191,1,1,0,9,0,16,0,0,0,0,0,0
123192,1,1,0,15,0,0,0,0,0,0,0,0
123193,0,1,13,0,0,0,0,0,0,0,0,19
123193,1,1,0,0,0,0,0,0,0,0,0,0
123194,0,1,0,0,0,19,0,0,0,0,0,0
123194,1,1,19,0,0,0,0,0,21,24,0,0
123195,1,1,0,0,0,0,0,0,0,0,0,0
123195,2,1,0,0,0,0,0,0,0,0,4,0
123196,0,1,3,0,17,0,0,0,0,0,0,17
123196,1,1,0,0,0,0,8,0,0,0,0,0
123197,0,1,24,24,24,24,24,24,24,24,24,24
123197,1,1,0,0,0,0,0,0,0,0,0,0
123198,1,1,0,0,0,0,0,0,0,0,0,0
123198,2,1,0,0,0,0,0,0,0,0,0,0
123199,1,1,0,0,0,0,0,0,0,0,0,0
123200,1,1,0,0,0,0,0,0,0,0,0,0
123200,2,1,0,0,0,0,0,0,0,0,26,0
123200,3,1,0,0,0,0,0,0,0,0,0,0
123201,0,1,0,0,0,0,0,0,0,0,0,0
123201,1,1,0,0,0,0,0,0,0,0,0,0
123202,0,1,15,15,15,15,15,15,15,15,15,15
123202,1,1,0,0,0,0,0,0,0,0,0,0
123203,1,1,0,0,0,16,0,0,0,0,0,0
123204,1,1,0,0,0,0,0,15,0,0,0,0
123205,0,1,0,0,0,0,0,0,0,0,0,0
123205,1,1,0,0,0,0,0,0,0,0,0,0
123206,1,1,0,0,0,0,0,0,0,0,0,0
123206,2,1,16,16,16,16,16,16,16,16,16,16
123207,1,1,0,0,0,0,0,0,0,0,0,0
123207,2,1,0,0,0,0,0,0,0,0,18,0
123207,3,1,0,0,0,0,0,0,0,0,0,0
123208,0,1,0,13,3,0,0,0,0,0,0,0
123208,1,1,0,0,0,0,0,0,0,0,0,0
123208,2,1,0,0,14,7,12,0,0,0,0,0
123209,0,1,0,0,0,0,22,0,0,29,21,0
123209,1,1,0,0,0,0,0,0,0,0,0,0
123210,1,1,11,16,0,0,4,21,0,26,20,0
123210,2,1,0,0,0,0,0,0,0,0,0,0
123211,0,1,0,0,0,0,0,0,0,0,0,0
123211,1,1,0,0,0,0,0,0,0,0,0,0
123212,0,1,0,0,0,0,0,0,0,0,0,0
123212,1,1,0,7,12,12,18,15,5,4,18,8
123213,1,1,0,0,0,0,0,0,0,0,0,0
123213,2,1,0,0,0,0,0,0,0,0,0,0
123213,3,1,0,0,0,0,0,0,0,0,0,0
123214,0,1,0,0,0,0,0,0,0,0,0,0
123214,1,1,0,0,0,0,0,0,0,0,0,0
123214,2,1,0,0,0,0,0,0,0,0,0,0
123214,3,1,0,0,0,0,0,0,0,0,4,0
123215,1,1,9,9,9,9,9,9,9,9,9,9
123216,1,1,0,24,0,0,0,0,31,0,15,0
123217,0,1,22,22,22,22,22,22,22,22,22,22
123217,1,1,0,0,0,0,0,0,0,0,0,0
123217,2,1,0,0,0,17,0,0,8,0,0,0
123218,1,1,0,0,0,0,0,0,16,16,0,0
123219,0,1,0,0,0,0,0,0,0,0,0,0
123219,1,1,8,5,10,24,13,11,15,14,9,13
123220,0,1,0,0,0,0,0,32,0,15,0,0
123220,1,1,0,0,0,18,0,0,0,0,0,29
123220,2,1,0,0,0,29,0,0,0,0,0,0
123220,3,1,28,0,0,0,0,0,0,0,0,0
123220,4,1,0,0,0,0,0,17,0,0,18,0
123220,5,1,0,0,0,0,0,0,0,0,0,0
123221,1,1,0,0,0,0,0,0,0,0,0,0
123221,2,1,0,0,0,0,0,0,0,0,0,0
123222,0,1,0,0,0,0,0,0,0,0,0,0
123222,1,1,0,0,0,0,0,0,0,0,0,0
123223,1,1,0,0,0,0,0,0,0,0,0,0
123223,2,1,0,0,0,0,0,0,0,0,0,0
123223,3,1,0,0,0,0,6,0,0,0,0,0
123225,1,1,4,4,4,4,4,4,4,4,4,4
123225,2,1,0,0,0,0,0,0,0,0,0,0
123226,1,1,1,1,1,1,1,1,1,1,1,1
123227,1,1,0,0,0,0,0,0,0,0,0,0
123227,2,1,0,0,0,0,0,0,0,0,0,0
123228,0,1,53,53,53,53,53,53,53,53,53,53
123228,1,1,0,0,0,0,0,0,0,0,0,0
123229,1,1,0,0,0,16,0,0,0,0,0,0
123230,1,1,0,0,0,0,0,0,0,0,0,0
123230,2,1,0,0,0,0,0,0,0,0,0,0
123231,1,1,0,0,0,0,0,0,0,0,0,0
123231,2,1,0,0,0,0,0,0,0,0,0,0
123231,3,1,0,0,0,0,0,0,0,0,0,0
123232,1,1,0,0,0,0,0,0,0,0,0,0
123232,2,1,0,0,0,0,0,0,0,0,0,0
123233,1,1,0,0,0,0,0,0,0,0,0,0
123234,1,1,0,0,0,0,20,0,0,0,0,0
123234,2,1,0,0,0,0,0,0,0,0,0,0
123235,0,1,19,0,0,0,0,0,21,15,0,0
123235,1,1,0,0,0,0,28,0,0,0,0,0
123236,0,1,0,19,0,16,0,4,16,0,47,0
123236,1,1,0,0,0,0,0,0,0,0,0,0
123236,2,1,0,0,0,0,0,0,0,0,0,0
123237,0,1,9,9,9,9,9,9,9,9,9,9
123237,1,1,0,0,0,0,0,0,0,0,0,0
123238,1,1,23,23,23,23,23,23,23,23,23,23
123239,1,1,0,0,0,0,0,0,0,0,0,0
123239,2,1,0,0,0,0,0,0,0,0,0,0
123240,1,1,0,22,53,14,4,0,8,0,25,23
123240,2,1,0,0,0,0,0,0,0,0,0,16
123241,1,1,0,0,0,0,0,0,0,0,0,0
123241,2,1,0,0,0,0,0,0,0,0,0,0
123242,1,1,0,0,0,0,0,0,0,0,0,0
123242,2,1,0,0,0,0,0,0,0,0,0,0
123243,1,1,0,0,0,0,0,0,0,0,0,0
123243,2,1,0,0,0,0,0,0,0,0,0,0
123243,3,1,0,0,0,0,0,0,0,0,0,0
123244,1,1,0,0,0,0,0,0,0,0,0,0
123244,2,1,0,0,0,0,0,0,0,0,0,0
123245,1,1,0,0,0,0,0,0,0,0,0,12
123245,2,1,0,0,0,0,0,0,0,0,0,0
123246,0,1,0,0,0,0,0,0,0,0,0,0
123246,1,1,11,0,11,0,6,8,30,8,0,0
123247,0,1,0,19,0,0,0,0,0,0,16,0
123247,0,2,0,0,0,16,0,0,0,0,0,0
123247,1,1,0,0,14,0,0,0,0,14,0,23
123248,1,1,0,0,0,0,0,0,0,0,0,0
123248,2,1,0,0,0,0,0,0,0,0,0,11
123248,3,1,0,0,0,0,0,0,0,0,0,0
123249,1,1,17,0,0,0,0,0,19,0,28,39
123249,2,1,0,7,16,18,0,23,15,0,20,23
123250,1,1,0,0,0,0,0,0,13,0,0,0
123250,2,1,0,0,0,0,0,0,0,0,0,0
123251,0,1,0,0,0,0,0,0,0,0,0,0