ST_CASE,VEH_NO,PER_NO,P1,P2,P3,P4,P5,P6,P7,P8,P9,P10
123251,1,1,0,0,0,0,0,0,0,13,0,0
123252,0,1,0,0,0,0,0,0,0,0,0,0
123252,1,1,9,9,9,9,9,9,9,9,9,9
123252,2,1,0,0,0,0,0,0,0,6,0,0
123253,0,1,34,34,34,34,34,34,34,34,34,34
123253,1,1,0,0,0,0,0,0,0,0,0,0
123254,1,1,0,0,0,0,0,0,0,8,23,0
123255,1,1,0,0,0,0,0,0,0,16,0,0
123256,0,1,0,20,0,0,0,19,28,21,0,0
123256,1,1,0,0,0,0,0,0,0,0,0,0
123257,0,1,0,11,0,0,4,8,0,0,0,0
123257,1,1,0,0,0,0,0,0,0,0,0,0
123258,1,1,0,0,0,0,0,0,0,0,0,0
123259,1,1,0,0,0,0,0,0,18,0,0,0
123259,2,1,0,0,0,0,0,0,0,0,0,0
123260,0,1,0,0,0,0,0,0,0,0,0,0
123260,1,1,0,0,0,0,0,0,0,0,0,0
123261,1,1,0,0,0,0,0,0,0,0,0,0
123262,1,1,22,22,22,22,22,22,22,22,22,22
123263,0,1,7,7,7,7,7,7,7,7,7,7
123263,1,1,0,0,23,0,0,0,0,0,0,0
123264,0,1,25,25,25,25,25,25,25,25,25,25
123264,1,1,0,0,0,0,0,0,0,0,0,0
123265,0,1,0,0,0,12,0,0,0,0,0,0
123265,1,1,0,0,0,0,0,0,0,0,0,0
123266,0,1,12,45,15,0,0,0,12,0,8,6
123266,1,1,10,0,29,0,13,0,0,0,14,0
123267,1,1,17,17,17,17,17,17,17,17,17,17
123268,1,1,15,15,15,15,15,15,15,15,15,15
123269,0,1,23,23,23,23,23,23,23,23,23,23
123269,1,1,0,0,0,0,0,0,0,0,0,0
123270,1,1,0,22,21,9,16,5,30,20,29,0
123271,0,1,20,20,20,20,20,20,20,20,20,20
123271,1,1,0,15,0,0,0,0,0,0,0,0
123272,1,1,0,0,0,0,0,0,0,0,0,0
123272,2,1,0,0,11,0,0,0,0,0,0,0
123273,0,1,0,0,0,0,0,0,0,0,0,0
123273,1,1,0,0,0,0,0,0,0,0,0,0
123274,1,1,14,14,14,14,14,14,14,14,14,14
123275,0,1,0,0,0,0,0,0,0,0,0,0
123275,1,1,0,0,0,0,0,4,0,0,0,0
123276,0,1,0,0,0,0,0,0,0,0,0,0
123276,1,1,11,0,0,0,0,15,12,0,17,13
123277,1,1,0,0,0,0,0,0,0,0,0,0
123277,2,1,0,0,0,0,0,0,0,0,0,0
123278,1,1,0,0,0,0,0,0,0,0,0,0
123278,2,1,0,0,0,0,0,0,0,0,0,0
123280,1,1,0,0,0,24,0,0,0,0,0,0
123280,2,1,0,0,0,0,0,0,0,0,0,0
123281,1,1,4,4,4,4,4,4,4,4,4,4
123281,2,1,0,0,0,0,0,27,0,0,0,0
123282,0,1,0,0,0,0,0,0,0,0,0,0
123282,1,1,0,0,0,0,0,0,0,0,0,0
123283,1,1,0,0,0,0,0,0,0,0,0,0
123283,2,1,0,0,0,0,0,0,0,0,0,0
123284,0,1,20,20,20,20,20,20,20,20,20,20
123284,1,1,0,0,16,0,0,0,0,0,0,0
123286,0,1,0,12,0,0,24,23,0,0,6,0
123286,1,1,0,0,13,0,0,0,0,0,0,0
123287,1,1,0,0,0,0,0,0,0,0,0,0
123287,2,1,0,0,0,0,0,0,0,0,0,0
123288,0,1,23,0,0,0,0,0,0,18,11,0
123288,1,1,0,0,0,0,36,0,0,0,2,0
123289,0,1,0,0,0,0,0,0,0,0,0,0
123289,1,1,26,0,0,0,0,14,0,0,0,0
123290,1,1,0,0,0,0,0,0,0,0,0,15
123290,2,1,0,0,0,0,0,0,0,0,0,0
123291,1,1,0,0,0,0,0,0,0,0,0,0
123291,2,1,0,0,0,0,0,0,0,0,0,0
123292,1,1,16,16,16,16,16,16,16,16,16,16
123292,2,1,0,0,0,0,0,0,0,0,0,18
123293,1,1,8,6,23,0,26,0,0,0,13,0
123293,2,1,0,0,0,0,0,0,0,0,0,0
123294,1,1,0,0,0,0,0,0,0,0,0,0
123294,2,1,0,0,0,0,0,0,0,0,0,0
123295,1,1,1,1,1,1,1,1,1,1,1,1
123296,0,1,23,0,22,0,0,0,0,0,0,0
123296,1,1,0,0,0,0,0,0,0,0,0,0
123297,1,1,0,0,0,0,0,0,0,0,0,0
123297,2,1,0,0,0,0,0,0,0,0,0,0
123299,1,1,0,2,0,0,13,10,14,4,0,13
123300,1,1,14,14,14,14,14,14,14,14,14,14
123300,2,1,0,0,0,0,0,0,0,0,0,0
123300,3,1,0,0,0,0,0,0,0,0,0,0
123301,1,1,0,0,0,0,0,0,0,15,0,0
123301,2,1,0,0,0,0,0,0,0,0,0,0
123302,0,1,0,0,0,0,0,0,0,0,0,0
123302,1,1,0,30,0,0,0,0,0,0,0,0
123303,1,1,0,0,0,0,0,10,0,14,0,0
123304,0,1,0,0,0,0,0,0,0,0,0,0
123304,1,1,0,0,0,0,0,0,0,0,13,0
123305,0,1,0,19,0,0,0,0,0,0,0,0
123305,1,1,0,6,0,0,0,0,0,0,0,0
123306,1,1,0,0,0,0,0,0,9,0,0,0
123306,2,1,0,0,0,0,0,0,0,0,0,0
123307,1,1,0,0,0,0,0,0,0,0,0,0
123307,2,1,0,0,0,0,0,0,0,0,0,0
123308,0,1,19,13,17,0,0,31,11,23,4,13
123308,1,1,0,0,0,21,0,0,0,0,0,0
123308,2,1,0,0,0,0,0,0,0,0,0,0
123309,0,1,24,0,0,33,0,0,0,39,0,0
123309,1,1,0,0,0,11,0,0,0,0,0,0
123310,1,1,0,0,0,0,0,0,0,0,0,0
123311,0,1,0,0,17,21,0,15,4,19,0,10
123311,1,1,0,13,0,0,0,0,14,12,21,6
123312,0,1,25,25,25,25,25,25,25,25,25,25
123312,1,1,9,10,6,10,19,27,13,9,7,13
123313,1,1,0,0,0,0,0,0,0,0,0,0
123314,1,1,0,0,0,0,0,0,0,0,0,0
123314,2,1,0,0,0,0,0,40,13,0,0,0
123315,1,1,0,0,0,0,0,0,0,0,0,0
123316,1,1,0,0,0,0,0,0,0,0,0,0
123316,2,1,0,0,0,0,0,0,0,0,0,0
123317,1,1,0,0,0,0,0,0,0,0,0,0
123317,2,1,0,0,0,0,0,0,0,0,0,25
123317,3,1,0,0,0,0,0,0,0,0,0,0
123318,0,1,0,0,0,0,0,0,0,0,0,0
123318,1,1,0,0,0,0,0,0,0,0,0,0
123319,1,1,31,0,0,0,0,0,0,0,0,0
123319,2,1,0,0,0,0,0,0,0,0,0,0
123320,0,1,2,2,2,2,2,2,2,2,2,2
123320,1,1,12,23,0,13,0,13,0,0,0,7
123321,1,1,0,16,0,18,19,0,0,0,0,22
123322,0,1,0,0,0,0,0,0,0,0,0,0
123322,1,1,0,0,0,0,0,0,0,0,0,0
123323,1,1,0,0,0,27,0,0,0,0,0,0
123323,2,1,0,0,0,0,0,0,0,0,0,0
123324,1,1,19,19,19,19,19,19,19,19,19,19
123324,2,1,5,5,5,5,5,5,5,5,5,5
123325,1,1,0,0,0,0,0,0,0,0,0,0
123326,1,1,20,20,20,20,20,20,20,20,20,20
123326,2,1,0,20,0,0,0,0,0,0,0,0
123327,1,1,22,22,22,22,22,22,22,22,22,22
123327,2,1,0,0,0,0,0,0,0,0,0,0
123328,1,1,0,0,0,0,0,0,0,0,0,0
123328,2,1,0,0,0,0,0,0,0,0,0,0
123329,1,1,0,0,7,0,0,0,0,0,0,0
123329,2,1,0,0,0,24,0,0,0,0,0,0
123329,3,1,0,0,0,0,0,0,0,26,0,0
123330,1,1,0,0,0,0,0,0,0,0,0,12
123330,2,1,0,0,0,0,0,0,0,0,0,0
123330,3,1,0,0,0,0,0,0,0,0,0,0
123331,1,1,0,18,5,0,18,0,8,0,0,11
123332,0,1,0,0,0,0,0,28,0,0,0,0
123332,1,1,0,0,0,0,0,0,0,0,0,0
123333,0,1,0,0,0,0,0,0,0,0,0,0
123333,1,1,0,0,0,0,0,0,0,0,0,0
123334,0,1,0,0,0,23,0,36,24,0,0,0
123334,1,1,9,0,0,0,23,0,0,0,0,0
123335,1,1,0,0,0,0,0,0,0,0,0,0
123335,2,1,0,0,25,0,0,0,0,0,0,0
123336,1,1,0,0,0,0,0,0,0,0,0,0
123336,2,1,0,0,11,0,0,0,0,0,0,0
123337,0,1,0,47,0,8,3,0,16,21,16,28
123337,1,1,0,0,0,0,0,0,0,0,0,0
123338,1,1,0,0,0,0,0,0,0,4,0,0
123338,2,1,0,0,0,0,0,0,0,0,0,0
123339,1,1,0,0,0,0,0,0,0,0,0,0
123339,2,1,0,0,0,0,0,0,0,0,0,0
123340,0,1,0,0,0,0,0,0,0,0,20,19
123340,1,1,0,0,0,0,0,0,0,0,0,0
123341,0,1,0,0,0,25,19,0,0,0,0,27
123341,1,1,0,0,0,21,0,0,0,0,0,0
123342,0,1,15,14,39,25,10,17,15,26,0,7
123342,1,1,15,0,0,0,0,0,0,0,0,0
123343,1,1,0,0,0,0,0,0,0,0,0,0
123344,1,1,0,0,0,0,0,0,0,0,0,0
123345,1,1,0,0,0,0,19,0,0,0,0,0
123345,2,1,0,0,0,0,0,0,0,0,0,0
123346,0,1,0,0,0,0,0,0,0,0,0,0
123346,1,1,30,0,0,0,0,0,0,0,0,33
123347,1,1,0,0,0,0,0,0,0,0,0,0
123347,2,1,0,0,0,0,0,0,0,0,21,0
123348,1,1,10,0,0,5,0,9,26,0,16,0
123349,0,1,0,0,0,0,0,0,0,0,0,0
123349,1,1,0,0,0,0,0,0,0,0,0,0
123350,1,1,15,0,0,0,0,0,5,0,0,0
123350,2,1,0,0,0,19,0,0,0,0,0,0
123351,0,1,0,0,0,0,0,0,0,0,0,0
123351,1,1,0,0,38,0,0,0,0,0,0,0
123352,1,1,0,0,0,0,0,0,0,0,0,0
123352,2,1,0,0,0,0,0,0,0,10,0,18
123352,3,1,0,0,0,0,0,0,0,0,0,0
123353,1,1,0,0,0,0,0,0,0,0,0,0
123353,2,1,0,0,0,0,0,0,0,0,0,0
123354,1,1,0,0,0,0,0,0,0,0,0,0
123354,2,1,0,0,0,0,0,0,0,0,0,0
123355,1,1,0,0,0,0,0,0,0,0,0,0
123355,2,1,0,0,0,0,0,0,0,0,0,0
123356,1,1,0,0,0,25,0,0,0,0,21,0
123356,2,1,12,16,0,9,0,0,17,10,19,17
123357,1,1,0,0,28,17,35,0,0,8,13,26
123358,1,1,0,0,0,0,0,0,0,0,0,0
123359,0,1,0,0,0,0,0,0,0,0,0,0
123359,1,1,0,0,0,0,0,0,0,0,0,40
123360,1,1,0,0,0,0,0,0,0,0,0,0
123360,2,1,0,0,0,0,0,0,0,0,0,0
123361,0,1,0,0,0,0,0,0,0,0,0,0
123361,1,1,0,0,0,0,0,0,0,0,0,0
123362,1,1,0,0,0,0,0,0,0,0,0,0
123362,2,1,0,0,0,0,0,0,0,0,0,0
123362,3,1,0,0,0,0,0,0,0,0,0,0
123362,4,1,0,0,0,0,0,0,0,0,0,0
123362,5,1,0,0,0,0,0,0,0,0,0,0
123362,6,1,0,0,0,0,0,0,0,0,0,0
123362,7,1,0,0,0,0,0,0,0,0,0,0
123362,8,1,0,0,0,0,0,0,0,0,0,0
123363,1,1,2,2,2,2,2,2,2,2,2,2
123364,1,1,0,0,0,0,0,0,0,0,0,0
123364,2,1,0,0,0,0,0,0,0,0,0,0
123365,1,1,0,0,0,0,0,0,0,0,0,0
123365,2,1,3,0,0,0,0,0,0,0,0,0
123366,0,1,17,0,0,0,29,0,0,0,0,0
123366,1,1,0,6,0,7,22,0,0,0,0,0
123367,0,1,22,22,22,22,22,22,22,22,22,22
123367,1,1,0,0,0,0,0,0,0,0,0,0
123368,1,1,0,0,0,0,0,0,0,0,0,0
123368,2,1,0,0,0,0,0,0,0,0,0,0
123369,0,1,0,0,0,0,0,0,0,0,0,0
123369,0,2,0,0,0,0,0,0,0,0,0,0
123369,0,3,0,0,0,0,0,0,0,0,0,0
123369,0,4,0,0,0,0,0,0,0,0,0,0
123369,0,5,0,0,0,0,0,0,0,0,0,0
123369,0,6,0,0,0,0,0,0,0,11,0,0
123369,0,7,0,0,0,0,0,0,0,13,0,0
123369,1,1,0,0,0,0,0,0,0,0,0,0
123370,0,1,0,0,7,24,0,0,0,0,0,0
123370,1,1,0,0,0,0,0,0,0,0,0,0
123371,1,1,16,16,16,16,16,16,16,16,16,16
123372,1,1,20,0,0,0,8,0,21,0,0,0
123373,1,1,0,0,0,0,0,0,0,0,0,38
123373,2,1,0,0,0,0,0,0,0,0,0,0
123374,1,1,0,0,0,0,10,0,0,0,10,0
123374,2,1,0,0,0,0,0,0,0,0,0,0
123374,3,1,0,0,0,0,0,0,0,0,0,0
123375,1,1,0,0,0,7,0,0,0,0,0,0
123375,2,1,25,0,0,0,0,0,0,0,0,0
123376,0,1,0,0,0,0,0,0,0,0,0,0
123376,1,1,0,0,0,0,0,0,0,17,0,0
123377,1,1,0,0,0,0,0,0,0,0,0,0
123378,0,1,0,15,0,0,0,0,0,0,0,0
123378,1,1,0,0,6,0,0,0,0,0,0,0
123379,0,1,0,0,0,0,0,0,0,0,0,0
123379,1,1,0,0,17,0,0,0,0,0,0,0
123380,1,1,0,2,35,5,27,21,22,11,15,21
123380,2,1,12,35,19,11,0,0,20,0,13,9
123381,1,1,22,22,22,22,22,22,22,22,22,22
123381,2,1,0,0,0,0,0,0,0,0,0,0
123382,1,1,0,0,0,25,0,0,0,10,0,19
123383,1,1,0,0,0,0,0,0,0,0,0,0
123384,1,1,0,0,0,0,0,0,0,0,0,0
123385,1,1,0,0,0,0,0,0,0,0,0,0
123385,2,1,0,0,0,0,0,0,0,0,0,0
123386,0,1,0,0,0,0,0,0,0,0,0,0
123386,1,1,0,0,0,25,0,0,0,0,0,0
123387,0,1,0,0,0,0,0,0,0,0,0,0
123387,1,1,0,0,0,0,0,0,0,0,0,0
123388,1,1,5,5,5,5,5,5,5,5,5,5
123388,2,1,0,0,0,0,0,0,0,0,0,0
123389,1,1,14,10,0,6,34,9,29,17,13,27
123390,1,1,18,18,18,18,18,18,18,18,18,18
123391,0,1,10,0,0,25,0,0,0,16,0,5
123391,1,1,0,0,0,0,0,0,17,0,0,0
123392,1,1,0,0,0,0,0,0,0,0,0,0
123393,1,1,19,19,19,19,19,19,19,19,19,19
123394,1,1,0,0,15,23,0,9,0,0,0,7
123396,1,1,12,12,12,12,12,12,12,12,12,12
123397,1,1,0,0,20,0,13,39,0,0,0,0
123398,1,1,2,2,2,2,2,2,2,2,2,2
123399,0,1,43,43,43,43,43,43,43,43,43,43
123399,1,1,0,0,0,0,0,0,0,0,0,0
123400,0,1,0,0,0,0,0,0,0,0,0,0
123400,1,1,0,0,0,0,0,0,0,0,0,0
123401,1,1,20,0,0,0,0,0,0,0,19,0
123401,2,1,0,0,0,0,0,0,0,0,0,0
123401,3,1,0,0,0,0,0,0,0,0,0,0
123402,1,1,0,0,0,0,4,0,15,0,0,12
123403,0,1,0,0,0,0,0,0,0,0,0,0
123403,1,1,0,0,0,0,0,0,0,0,0,0
123404,1,1,0,0,0,0,0,0,0,0,0,0
123404,2,1,0,0,0,0,0,0,0,0,0,0
123406,1,1,0,0,0,0,0,0,0,0,0,0
123406,2,1,0,0,0,12,0,0,0,0,0,0
123407,1,1,0,0,0,0,0,0,0,0,0,0
123409,1,1,0,0,0,27,5,0,0,0,0,0
123409,2,1,0,0,0,16,0,0,0,0,0,0
123410,1,1,8,8,8,8,8,8,8,8,8,8
123411,0,1,24,14,34,16,0,27,0,17,37,11
123411,1,1,0,0,0,0,0,0,0,0,0,0
123412,1,1,0,0,17,0,0,0,0,10,20,10
123412,2,1,0,0,0,0,0,0,0,0,0,0
123413,1,1,0,0,0,7,0,0,0,0,31,17
123413,2,1,0,0,0,0,0,0,0,0,0,8
123413,3,1,0,0,0,0,0,0,0,0,0,0
123414,1,1,0,0,0,0,0,0,0,0,12,0
123414,2,1,0,0,21,0,0,0,21,0,0,0
123415,0,1,0,0,0,0,0,0,15,0,0,0
123415,1,1,8,0,0,0,21,0,0,0,8,0
123416,0,1,0,0,0,0,0,0,0,0,0,0
123416,1,1,0,0,0,0,0,0,0,0,0,0
123417,0,1,15,0,0,0,0,0,0,0,0,0
123417,1,1,0,0,0,0,0,0,0,0,0,0
123418,0,1,0,0,0,0,0,0,0,0,0,0
123418,1,1,0,0,0,0,0,0,0,0,0,0
123418,2,1,0,0,0,0,0,0,0,0,0,0
123419,1,1,0,18,0,0,0,0,0,0,0,0
123419,2,1,0,0,0,0,0,0,0,0,0,0
123420,0,1,12,12,12,12,12,12,12,12,12,12
123420,1,1,0,0,0,0,0,0,0,0,0,0
123421,1,1,13,13,13,13,13,13,13,13,13,13
123421,2,1,0,0,0,0,0,0,0,0,0,0
123422,1,1,0,0,0,0,0,0,0,0,0,0
123422,2,1,0,0,0,0,0,7,0,0,0,0
123423,1,1,0,18,19,30,26,35,0,0,37,0
123424,1,1,11,0,26,9,15,10,0,0,0,0
123426,1,1,8,0,0,0,0,0,0,0,0,0
123426,2,1,0,0,0,0,0,0,0,0,0,0
123426,3,1,0,0,0,0,0,0,0,0,0,0
123426,4,1,0,0,0,0,0,0,0,0,0,0
123428,0,1,0,21,18,0,0,0,24,0,0,31
123428,1,1,0,0,0,0,0,0,0,0,11,0
123429,1,1,10,0,0,5,0,27,0,21,12,0
123430,0,1,24,24,24,24,24,24,24,24,24,24
123430,1,1,0,0,0,30,0,0,0,0,0,0
123431,1,1,0,0,0,0,0,0,0,0,0,0
123431,2,1,0,0,0,0,0,0,0,0,0,0
123431,3,1,0,0,14,0,0,0,0,0,0,0
123431,4,1,0,0,0,0,0,0,0,0,0,0
123432,0,1,0,0,0,0,0,0,0,0,0,0
123432,1,1,0,0,0,0,0,0,0,0,0,0
123433,0,1,19,19,19,19,19,19,19,19,19,19
123433,1,1,0,0,7,0,0,0,0,0,0,0
123434,0,1,0,0,0,21,0,0,20,14,12,0
123434,1,1,0,17,0,0,0,0,0,0,0,0
123435,0,1,0,0,23,0,0,0,0,0,0,12
123435,1,1,0,0,0,0,0,0,0,0,0,0
123436,1,1,0,0,0,0,0,0,0,0,0,0
123436,2,1,0,0,0,0,0,0,0,0,0,0
123436,3,1,0,15,0,0,0,0,0,0,0,0
123437,1,1,28,21,0,19,23,0,2,0,6,9
123438,1,1,0,0,0,0,0,0,0,0,0,0
123438,2,1,0,0,0,0,0,0,23,0,0,0
123439,1,1,0,0,0,0,0,0,0,0,0,0
123439,2,1,0,0,28,0,18,9,0,4,0,0
123440,1,1,0,0,0,0,0,0,0,0,0,0
123440,2,1,0,0,0,0,0,0,0,0,0,0
123441,0,1,0,0,0,0,0,0,0,0,0,7
123441,1,1,15,0,0,0,0,0,11,0,12,0
123442,1,1,25,25,25,25,25,25,25,25,25,25
123443,1,1,0,0,0,0,0,0,0,0,0,0
123443,2,1,0,0,0,0,0,0,0,0,0,0
123444,1,1,0,0,0,0,0,0,8,0,0,0
123444,2,1,0,0,0,0,0,0,0,0,0,0
123445,0,1,0,19,0,0,0,0,0,7,0,32
123445,1,1,0,0,10,0,0,0,0,0,0,0
123447,1,1,0,0,0,0,0,0,18,0,0,0
123447,2,1,0,0,0,0,0,0,0,0,0,0
123448,0,1,0,0,0,0,0,0,0,0,0,0
123448,1,1,0,0,0,0,16,0,0,0,0,0
123449,0,1,10,0,0,0,0,0,0,8,0,0
123449,1,1,28,0,0,0,0,0,0,0,0,0
123450,1,1,0,0,0,0,0,0,0,0,0,19
123450,2,1,0,0,0,0,0,0,0,0,0,0
123451,1,1,0,0,0,0,0,0,0,0,0,0
123451,2,1,0,0,0,0,0,0,0,0,0,0
123451,3,1,0,0,0,0,0,0,0,0,0,0
123452,1,1,0,0,0,0,0,0,0,0,0,0
123452,2,1,0,0,0,0,0,0,0,0,0,0
123453,1,1,7,24,30,0,0,17,0,0,0,0
123453,2,1,5,2,0,0,0,0,0,0,15,3
123454,0,1,35,35,35,35,35,35,35,35,35,35
123454,1,1,0,0,0,0,0,0,0,0,0,0
123455,0,1,43,43,43,43,43,43,43,43,43,43
123455,1,1,0,0,0,0,0,14,0,0,0,0
123456,1,1,0,0,0,0,0,0,0,0,0,0
123456,2,1,0,0,0,0,0,0,0,0,0,0
123457,1,1,0,0,0,0,0,0,23,0,0,0
123458,0,1,0,0,0,27,0,0,0,0,0,6
123458,1,1,0,0,12,0,0,0,0,0,0,0
123459,1,1,0,0,0,0,0,0,0,0,0,0
123459,2,1,0,0,0,0,0,0,0,0,0,0
123460,0,1,27,27,0,9,17,0,0,0,52,18
123460,0,2,0,0,0,0,0,0,0,18,0,0
123460,1,1,0,0,0,0,0,0,0,0,0,0
123461,1,1,0,0,0,0,0,0,0,0,0,0
123461,2,1,0,0,0,0,0,0,0,0,0,0
123462,1,1,0,0,0,0,0,0,0,0,0,0
123462,2,1,0,0,0,0,0,0,0,0,0,0
123462,3,1,0,0,0,0,0,0,0,0,0,0
123463,1,1,0,0,0,20,0,23,23,0,0,0
123463,2,1,0,0,0,0,0,0,0,0,0,0
123464,1,1,13,28,25,0,15,25,23,0,0,10
123464,2,1,0,0,0,0,0,0,0,0,0,0
123465,1,1,0,0,0,0,0,0,0,0,0,0
123465,2,1,0,0,0,0,0,0,0,0,0,0
123466,1,1,0,0,0,0,0,0,0,0,0,0
123466,2,1,0,0,0,0,0,0,0,0,0,0
123467,1,1,0,0,0,0,0,0,0,23,0,0
123468,1,1,0,0,0,0,0,0,0,0,0,0
123468,2,1,0,0,0,0,0,0,0,0,0,0
123469,0,1,10,10,10,10,10,10,10,10,10,10
123469,1,1,0,0,0,0,0,0,0,0,0,0
123470,1,1,0,0,0,0,0,0,0,0,0,9
123470,2,1,0,0,0,0,0,0,0,0,0,0
123471,1,1,0,0,0,13,0,22,20,14,25,17
123471,2,1,0,0,17,0,0,0,0,24,0,0
123471,3,1,0,0,0,0,0,0,0,0,0,0
123472,1,1,0,0,12,0,24,12,7,7,0,0
123474,0,1,0,0,0,0,18,0,25,0,0,0
123474,0,2,0,0,0,0,0,0,0,0,0,0
123474,1,1,0,12,0,0,22,0,0,0,0,0
123475,1,1,0,0,0,0,0,0,0,21,0,0
123475,2,1,5,0,0,0,0,0,0,0,23,0
123476,0,1,0,0,0,0,0,0,0,0,0,0
123476,1,1,0,0,0,0,0,0,0,0,0,0
123477,0,1,0,0,0,0,0,0,0,0,20,0
123477,0,2,16,0,0,0,0,0,0,0,0,0
123477,1,1,0,0,0,0,0,0,0,0,0,0
123478,1,1,0,0,0,0,0,0,0,0,0,0
123478,2,1,0,0,0,0,0,0,0,0,0,0
123479,0,1,0,0,0,0,0,0,0,0,0,0
123479,1,1,0,0,0,17,18,0,0,20,0,10
123480,1,1,0,0,0,0,0,0,0,0,0,0
123480,2,1,0,0,0,0,0,0,0,0,0,0
123480,3,1,0,0,0,0,0,0,0,0,0,15
123480,4,1,0,8,0,0,0,0,0,0,0,8
123480,5,1,22,0,0,0,0,0,0,0,0,0
123480,6,1,0,0,0,0,0,0,0,0,0,0
123481,0,1,0,0,0,0,0,0,0,0,0,0
123481,1,1,0,0,0,0,0,7,0,5,0,0
123482,1,1,0,0,0,0,11,0,0,0,0,14
123482,2,1,0,0,0,0,0,0,0,0,0,0
123482,3,1,0,0,0,0,4,0,0,0,0,0
123483,1,1,0,0,0,0,0,0,0,0,0,0
123484,1,1,11,0,0,0,0,0,0,0,0,0
123484,2,1,0,0,0,0,0,0,0,0,0,21
123484,3,1,0,15,0,0,0,0,0,0,0,0
123485,1,1,0,0,0,0,7,0,0,0,0,0
123485,2,1,0,0,0,0,0,0,0,0,0,0
123486,0,1,0,0,0,0,0,0,0,0,0,19
123486,1,1,7,7,7,7,7,7,7,7,7,7
123487,1,1,0,0,0,11,0,10,30,0,0,11
123488,1,1,0,0,0,0,0,0,0,0,0,0
123489,1,1,14,0,6,10,32,8,0,16,26,0
123489,2,1,0,0,0,0,0,0,7,0,0,0
123490,0,1,22,29,17,22,6,12,40,9,34,23
123490,1,1,0,0,0,28,0,0,0,0,0,0
123492,1,1,0,25,0,0,0,0,0,0,0,0
123493,0,1,29,29,29,29,29,29,29,29,29,29
123493,1,1,14,14,14,14,14,14,14,14,14,14
123494,1,1,13,16,22,0,15,26,12,0,0,0
123495,1,1,0,18,0,0,0,0,5,8,18,0
123496,1,1,21,21,21,21,21,21,21,21,21,21
123496,2,1,0,0,0,0,0,0,0,0,0,0
123497,1,1,18,19,6,33,18,7,0,24,7,10
123498,1,1,0,0,0,0,0,0,0,0,0,0
123498,2,1,0,0,0,0,0,0,0,0,0,0
123499,1,1,0,27,33,15,9,0,0,0,0,0
123500,1,1,0,0,0,0,0,0,0,0,0,0
123500,2,1,0,0,0,0,0,0,0,0,0,0
123501,1,1,0,0,0,33,0,18,0,0,0,0
123501,2,1,0,0,0,0,0,0,0,0,0,0
123502,0,1,0,0,0,34,0,0,2,0,27,0
123502,1,1,0,18,0,0,0,0,0,0,0,0
123503,0,1,30,0,0,12,23,0,0,24,10,0
123503,1,1,0,0,0,0,0,0,0,0,0,0
123504,1,1,0,0,0,0,0,0,0,0,0,0
123504,2,1,0,0,0,0,0,0,0,15,0,0
123505,0,1,28,26,19,0,10,14,0,7,33,0
123505,1,1,0,0,0,0,0,0,0,0,0,0
123506,1,1,51,24,16,30,26,29,21,8,32,8
123507,1,1,15,15,15,15,15,15,15,15,15,15
123510,0,1,0,0,0,0,0,0,0,0,0,0
123510,1,1,7,12,0,9,0,0,0,0,20,7
123511,0,1,0,0,0,0,0,0,0,0,0,0
123511,1,1,0,0,19,0,22,0,0,0,0,0
123512,1,1,26,0,0,0,0,0,0,0,0,23
123512,2,1,0,0,0,0,0,0,0,0,0,0
123513,1,1,0,0,0,0,0,0,0,0,0,0
123513,2,1,0,0,0,0,0,0,0,0,0,0
123514,0,1,16,16,16,16,16,16,16,16,16,16
123514,1,1,0,0,0,0,0,0,0,0,0,0
123515,0,1,0,0,0,0,0,0,0,0,0,0
123515,1,1,0,0,0,0,17,0,0,0,0,0
123516,1,1,14,14,14,14,14,14,14,14,14,14
123517,0,1,0,23,0,0,0,0,0,0,0,0
123517,1,1,0,0,0,0,0,0,0,25,0,0
123518,1,1,14,14,14,14,14,14,14,14,14,14
123518,2,1,4,10,19,0,18,0,14,6,0,0
123519,0,1,9,27,0,22,8,0,0,0,25,0
123519,0,2,0,0,0,0,0,0,0,0,0,0
123519,1,1,0,0,0,0,0,0,24,0,0,0
123520,0,1,0,0,0,0,0,0,0,0,0,0
123520,1,1,0,0,0,0,16,0,0,0,0,0
123521,1,1,0,0,0,0,0,0,0,0,0,0
123521,2,1,0,0,0,0,20,16,8,0,0,0
123522,1,1,15,0,17,17,0,20,21,16,19,0
123522,2,1,0,0,0,0,0,0,0,0,0,0
123523,1,1,8,3,0,0,0,12,0,19,24,0
123523,2,1,0,16,0,0,0,0,0,0,0,0
123524,1,1,0,0,15,15,8,0,0,0,0,11
123524,2,1,0,0,26,0,0,0,16,32,0,35
123525,1,1,0,0,0,0,0,0,0,0,0,0
123526,1,1,0,0,15,0,0,0,0,0,0,0
123527,0,1,0,17,25,14,0,0,0,39,0,0
123527,1,1,0,0,0,0,0,0,0,0,0,8
123528,0,1,32,0,28,32,0,0,0,0,6,0
123528,1,1,0,0,0,0,0,0,0,0,0,0
123529,0,1,26,26,26,26,26,26,26,26,26,26
123529,1,1,0,0,0,0,0,0,0,0,0,0
123530,0,1,0,0,0,0,0,0,0,0,0,0
123530,1,1,0,0,0,0,0,0,0,0,0,0
123531,1,1,0,0,0,0,0,0,0,0,0,0
123531,2,1,0,0,0,0,0,0,0,0,0,0
123532,1,1,0,0,0,0,12,0,18,0,0,0
123532,2,1,0,0,0,0,0,14,0,0,0,0
123533,0,1,0,0,0,0,0,0,12,0,0,0
123533,1,1,0,0,0,0,0,0,0,0,25,0