ST_CASE,VEH_NO,PER_NO,P1,P2,P3,P4,P5,P6,P7,P8,P9,P10
123534,1,1,0,0,10,0,0,12,0,15,36,0
123535,1,1,0,3,0,0,0,0,0,0,0,0
123535,2,1,0,0,0,0,0,0,0,0,0,0
123536,1,1,0,0,0,0,0,0,0,0,0,0
123537,1,1,0,0,0,0,0,0,0,0,0,0
123537,2,1,0,0,0,0,0,0,0,0,0,0
123539,1,1,0,0,0,0,0,0,0,0,0,0
123540,1,1,0,9,0,39,0,0,0,34,11,0
123541,1,1,17,17,17,17,17,17,17,17,17,17
123542,0,1,0,0,0,0,0,0,0,0,0,0
123542,1,1,0,0,0,0,0,7,0,0,16,0
123543,1,1,0,0,0,0,0,0,8,26,24,0
123543,2,1,0,0,0,0,0,0,0,0,0,0
123544,1,1,25,10,23,7,19,6,9,33,0,16
123544,2,1,0,0,19,0,0,0,0,0,0,0
123545,0,1,0,0,0,0,0,0,0,0,0,0
123545,1,1,0,0,0,0,0,0,0,0,0,0
123548,0,1,0,0,0,0,0,0,0,0,0,0
123548,1,1,0,0,0,0,0,0,0,0,0,0
123549,1,1,0,0,0,0,0,0,0,0,0,0
123549,2,1,0,0,0,0,0,0,0,0,0,0
123550,1,1,0,6,26,0,9,0,0,0,0,0
123551,1,1,0,0,8,16,15,0,0,20,10,27
123552,0,1,0,0,0,0,0,0,0,0,0,0
123552,1,1,0,9,0,0,14,0,0,17,0,10
123553,1,1,0,0,0,0,23,0,21,13,14,17
123554,0,1,0,0,0,0,0,0,0,0,0,0
123554,1,1,0,0,0,0,0,0,0,0,0,0
123555,0,1,30,30,30,30,30,30,30,30,30,30
123555,1,1,10,0,2,0,7,12,0,12,0,0
123556,1,1,0,0,0,0,0,0,0,0,0,0
123557,1,1,0,0,0,17,0,0,23,0,0,0
123558,1,1,0,0,0,0,0,0,7,0,0,17
123559,1,1,0,0,0,0,0,0,0,0,0,0
123560,0,1,0,0,0,0,0,0,0,0,0,0
123560,1,1,0,0,0,0,0,0,0,0,0,0
123561,1,1,0,0,0,0,10,15,23,0,0,0
123562,1,1,0,0,0,0,0,0,0,0,0,0
123562,2,1,0,0,0,0,0,0,0,0,0,0
123563,1,1,0,0,10,0,0,0,0,0,0,0
123563,2,1,0,0,0,0,0,0,0,0,0,0
123563,3,1,0,0,0,0,0,0,0,0,0,0
123564,0,1,0,0,0,0,0,0,0,0,0,0
123564,1,1,0,0,0,0,0,0,13,0,0,0
123565,0,1,0,0,0,0,0,0,0,0,0,0
123565,1,1,0,0,0,0,0,0,0,29,0,0
123566,0,1,0,0,0,0,0,0,0,0,0,0
123566,1,1,0,0,15,17,0,0,0,0,0,0
123567,1,1,0,0,0,0,0,0,0,0,0,0
123567,2,1,0,0,0,0,0,0,0,0,0,0
123568,1,1,0,0,0,0,0,0,0,0,0,0
123569,1,1,0,0,0,0,0,0,0,0,0,0
123570,1,1,0,0,0,0,0,0,0,0,0,0
123571,1,1,0,0,0,0,0,0,0,0,0,0
123571,2,1,0,0,0,0,0,0,0,0,0,0
123573,1,1,10,10,10,10,10,10,10,10,10,10
123574,1,1,16,16,16,16,16,16,16,16,16,16
123576,1,1,7,9,10,10,9,12,29,31,41,13
123577,1,1,9,9,0,0,31,13,5,10,3,10
123578,1,1,13,13,13,13,13,13,13,13,13,13
123578,2,1,0,0,0,0,0,0,0,0,0,0
123578,3,1,0,0,0,0,0,0,0,0,0,0
123579,1,1,18,18,18,18,18,18,18,18,18,18
123580,1,1,0,0,0,0,0,0,0,0,0,0
123580,2,1,0,0,0,0,0,0,0,0,0,0
123581,1,1,21,21,21,21,21,21,21,21,21,21
123581,2,1,0,0,0,0,15,0,0,0,0,0
123581,3,1,21,0,0,0,0,0,0,0,0,0
123582,1,1,0,0,0,0,0,0,0,0,0,0
123582,2,1,0,0,0,0,0,0,0,7,0,0
123582,3,1,0,0,0,0,0,0,0,0,0,0
123583,1,1,0,0,0,0,0,0,0,0,0,0
123583,2,1,0,0,0,0,0,0,0,0,0,0
123584,1,1,0,0,0,0,0,0,0,0,0,0
123584,2,1,0,0,0,0,0,0,0,0,0,0
123585,1,1,0,0,0,0,0,0,0,0,0,0
123586,0,1,0,0,0,0,0,0,37,0,0,0
123586,1,1,0,18,0,18,19,5,11,0,0,8
123587,1,1,0,0,0,0,6,20,6,0,0,0
123587,2,1,0,0,0,0,0,0,0,0,0,0
123588,1,1,0,0,0,0,0,0,0,17,0,0
123589,1,1,0,0,0,0,0,0,0,0,19,0
123589,2,1,0,0,0,0,0,0,0,0,0,49
123590,0,1,0,0,21,15,0,0,0,0,0,0
123590,1,1,0,16,0,36,21,19,0,0,0,0
123591,0,1,0,0,0,0,20,16,0,0,0,0
123591,1,1,0,0,0,0,0,0,0,0,0,0
123592,0,1,0,0,38,0,0,0,5,17,0,0
123592,1,1,0,0,0,10,0,0,0,0,0,0
123593,1,1,19,19,19,19,19,19,19,19,19,19
123595,1,1,0,0,0,0,0,0,0,0,0,0
123596,0,1,23,23,23,23,23,23,23,23,23,23
123596,1,1,0,0,0,0,0,0,0,0,0,0
123597,1,1,0,0,0,0,0,0,0,0,0,0
123597,2,1,0,0,0,0,0,0,0,0,0,0
123599,0,1,0,21,18,5,0,0,0,0,9,30
123599,1,1,0,0,0,0,0,0,0,0,28,0
123600,1,1,23,0,0,0,0,10,0,0,0,0
123600,2,1,0,0,0,0,0,11,0,0,3,0
123600,3,1,0,0,0,0,0,0,0,0,0,0
123602,0,1,0,0,0,0,0,0,0,0,0,0
123602,1,1,0,37,0,20,0,16,0,0,0,0
123603,0,1,8,11,0,0,0,17,0,11,0,11
123603,1,1,7,0,0,0,0,0,0,0,0,0
123604,1,1,0,11,0,0,23,0,25,16,0,0
123605,1,1,8,1,4,11,14,25,21,21,15,14
123605,2,1,0,0,0,0,0,0,0,0,0,0
123606,1,1,18,12,6,11,14,23,13,9,12,18
123606,2,1,0,0,0,0,0,0,0,0,0,0
123607,1,1,21,21,21,21,21,21,21,21,21,21
123607,2,1,0,0,0,0,0,0,26,0,0,0
123607,3,1,0,0,0,0,0,0,0,0,0,0
123608,1,1,0,27,0,0,0,0,15,0,0,0
123608,2,1,0,0,0,10,0,16,0,0,21,14
123609,1,1,0,0,0,0,0,0,0,0,0,0
123609,2,1,0,0,0,0,0,0,0,0,0,0
123610,1,1,0,0,0,0,0,0,0,0,0,0
123610,2,1,2,2,2,2,2,2,2,2,2,2
123611,1,1,0,19,0,0,0,0,0,0,0,0
123612,1,1,0,0,0,0,0,0,0,0,0,0
123613,0,1,0,27,27,28,0,0,0,3,0,0
123613,1,1,10,0,0,19,0,0,0,0,0,0
123614,1,1,0,0,0,0,0,0,0,0,0,0
123614,2,1,0,0,16,0,0,0,0,0,0,0
123614,3,1,0,0,0,0,0,0,0,0,0,0
123615,1,1,0,0,0,0,0,0,0,0,0,0
123615,2,1,0,0,0,29,0,0,0,0,0,0
123616,1,1,10,0,0,15,0,0,4,15,0,0
123617,1,1,0,0,0,0,0,0,0,0,0,0
123617,2,1,0,0,0,0,0,0,0,0,8,0
123618,1,1,0,0,22,18,0,0,13,0,12,24
123619,1,1,0,0,17,0,0,8,16,0,0,0
123619,2,1,0,0,0,0,0,0,0,0,0,0
123620,1,1,0,0,0,0,0,0,0,17,0,0
123620,2,1,0,0,0,0,0,0,0,0,0,0
123621,1,1,0,0,0,0,0,0,22,0,0,0
123621,2,1,0,0,0,0,0,0,0,0,0,0
123622,0,1,0,0,0,0,0,0,0,0,0,0
123622,1,1,0,0,0,0,0,0,0,0,0,0
123623,1,1,0,0,0,0,0,0,0,0,0,0
123623,2,1,0,0,0,0,0,0,9,0,0,0
123624,1,1,0,0,0,0,0,0,0,0,0,0
123624,2,1,0,0,0,0,0,0,0,0,0,0
123625,1,1,0,0,0,0,0,0,0,0,0,0
123625,2,1,0,0,0,0,0,0,0,0,0,0
123626,1,1,28,0,0,0,0,0,0,0,0,0
123626,2,1,0,18,26,14,0,0,0,0,28,0
123627,1,1,5,22,0,27,39,10,15,0,0,0
123628,1,1,0,0,0,0,0,0,0,0,0,0
123629,1,1,23,21,0,0,27,21,22,0,0,0
123630,1,1,13,13,0,0,0,0,0,0,0,0
123631,0,1,22,18,0,41,0,30,27,0,5,12
123631,1,1,0,0,0,0,0,19,0,0,0,0
123632,1,1,0,0,0,21,0,0,0,24,0,0
123632,2,1,0,0,0,0,0,0,0,0,0,0
123633,0,1,0,0,0,0,0,0,0,0,0,0
123633,1,1,0,0,0,0,0,0,0,0,0,0
123634,1,1,22,23,0,0,0,0,0,0,0,0
123634,2,1,16,0,20,0,0,0,0,0,0,17
123635,0,1,0,0,17,19,13,0,0,0,0,25
123635,1,1,0,18,0,0,0,0,0,0,0,15
123636,0,1,5,0,0,0,0,3,0,0,0,0
123636,1,1,0,0,0,12,0,0,0,0,0,0
123637,1,1,31,0,0,0,0,0,0,0,21,0
123637,2,1,0,0,0,0,0,0,0,0,0,0
123638,1,1,13,18,18,7,19,14,34,11,27,20
123639,0,1,28,37,11,9,9,0,23,26,15,11
123639,1,1,0,0,0,0,0,11,0,0,0,0
123640,1,1,9,0,0,0,0,0,0,0,0,0
123640,2,1,0,0,0,0,0,0,0,0,0,0
130001,0,1,1,1,1,1,1,1,1,1,1,1
130001,1,1,0,0,0,0,0,0,0,0,0,0
130002,1,1,32,8,12,18,21,26,19,28,21,17
130003,0,1,17,0,33,0,0,0,0,0,19,0
130003,1,1,0,0,0,0,0,0,0,0,0,0
130004,1,1,0,0,0,0,19,0,0,0,0,0
130004,2,1,0,0,0,0,0,0,0,0,0,0
130005,1,1,0,0,0,0,0,0,0,0,0,30
130006,1,1,17,17,17,17,17,17,17,17,17,17
130007,0,1,0,0,0,0,0,0,0,0,0,0
130007,1,1,0,16,0,0,0,0,0,0,0,0
130008,1,1,0,0,0,15,0,0,0,0,0,0
130008,2,1,0,0,0,0,0,0,0,0,0,0
130009,0,1,0,0,0,0,0,0,0,0,0,0
130009,1,1,0,0,0,0,0,0,0,0,0,0
130011,1,1,15,0,3,0,17,21,22,8,0,16
130012,0,1,0,0,0,0,0,0,0,0,0,0
130012,1,1,0,0,0,0,0,26,0,0,0,0
130013,0,1,0,0,0,0,0,0,0,0,0,0
130013,1,1,19,10,0,0,9,13,13,0,0,0
130014,1,1,0,0,0,0,0,0,0,27,0,0
130014,2,1,0,23,0,20,0,0,10,0,0,8
130015,1,1,0,17,21,6,0,0,0,0,25,20
130015,2,1,0,6,0,9,13,0,22,0,0,0
130016,1,1,0,0,0,0,0,0,0,0,0,0
130017,1,1,19,0,3,31,21,13,13,33,18,4
130017,2,1,0,0,0,14,25,0,0,0,0,0
130018,1,1,23,23,23,23,23,23,23,23,23,23
130019,1,1,0,0,0,0,0,0,0,0,0,0
130019,2,1,0,0,31,0,0,0,0,0,0,5
130020,0,1,0,0,0,0,0,0,0,0,0,0
130020,1,1,0,0,0,0,0,0,0,0,0,0
130021,1,1,0,0,0,0,0,15,0,0,17,12
130022,1,1,0,14,0,0,0,0,0,7,0,0
130023,1,1,0,0,0,0,0,0,0,0,0,0
130024,1,1,0,34,0,0,12,0,0,0,0,0
130025,0,1,0,0,0,0,0,0,0,0,0,0
130025,1,1,0,0,0,0,0,0,0,0,0,0
130026,0,1,0,0,0,0,0,0,24,0,0,28
130026,1,1,0,0,0,0,0,0,0,0,12,0
130027,0,1,15,15,15,15,15,15,15,15,15,15
130027,1,1,3,0,17,10,0,0,5,10,0,10
130028,1,1,18,18,18,18,18,18,18,18,18,18
130029,1,1,0,0,24,0,0,0,0,0,0,0
130029,2,1,0,0,0,0,0,0,0,17,0,0
130029,3,1,0,0,0,0,0,0,0,0,0,0
130030,1,1,0,0,0,0,0,0,0,0,0,0
130030,2,1,16,16,16,16,16,16,16,16,16,16
130031,1,1,0,0,0,0,0,0,0,0,0,0
130031,2,1,0,0,0,0,0,0,0,0,7,0
130032,0,1,10,0,0,0,9,0,29,0,0,14
130032,1,1,5,19,0,0,0,0,14,19,19,18
130033,0,1,0,0,0,21,0,0,0,14,0,0
130033,1,1,0,0,11,6,0,0,0,0,0,0
130033,2,1,0,0,0,0,0,0,0,0,0,0
130034,0,1,0,0,21,0,12,18,8,0,0,0
130034,1,1,0,0,0,0,13,11,0,0,0,0
130035,1,1,0,0,0,0,0,9,0,0,0,0
130036,1,1,0,0,0,0,0,0,0,0,0,0
130037,0,1,0,0,13,24,0,0,0,0,19,13
130037,1,1,20,9,0,0,0,0,0,0,0,0
130038,1,1,0,0,0,0,0,0,0,0,0,0
130038,2,1,0,0,0,0,0,0,0,0,0,0
130039,1,1,0,15,0,0,0,12,0,0,17,17
130040,1,1,0,0,0,0,0,0,0,0,0,0
130040,2,1,0,0,0,0,0,0,0,0,9,0
130042,0,1,27,0,0,45,0,0,17,0,0,0
130042,1,1,25,0,0,0,0,0,0,0,0,0
130043,1,1,0,0,10,0,0,0,14,0,0,0
130044,1,1,24,24,24,24,24,24,24,24,24,24
130045,1,1,0,0,0,0,0,0,0,0,0,0
130046,0,1,23,0,21,0,0,0,10,0,0,10
130046,1,1,0,0,0,0,0,0,0,0,0,0
130047,1,1,0,0,0,0,0,0,0,0,0,0
130047,2,1,0,0,0,0,0,0,0,11,3,0
130048,1,1,0,0,0,0,0,0,0,0,0,0
130049,1,1,0,0,0,0,0,0,0,0,0,0
130049,2,1,0,0,0,0,0,0,0,0,0,0
130050,1,1,0,0,0,0,0,0,0,0,0,0
130050,2,1,0,0,7,0,0,0,0,0,0,0
130051,1,1,0,0,14,0,0,0,0,0,0,0
130051,2,1,0,0,0,0,0,0,0,0,0,0
130051,3,1,0,0,0,0,0,0,0,0,0,0
130052,0,1,0,0,0,0,0,0,8,0,0,0
130052,1,1,0,0,0,0,0,0,0,0,0,0
130053,1,1,16,16,16,16,16,16,16,16,16,16
130054,1,1,0,0,0,16,0,0,0,0,0,0
130054,2,1,0,0,15,0,0,0,0,0,17,0
130055,1,1,0,0,0,0,0,0,0,0,0,0
130055,2,1,0,0,0,0,0,0,0,0,0,0
130056,1,1,0,0,0,0,0,0,0,0,0,0
130057,1,1,0,0,0,0,0,0,0,0,0,0
130057,2,1,0,0,0,0,0,0,0,0,0,0
130058,0,1,32,32,32,32,32,32,32,32,32,32
130058,1,1,0,0,0,0,0,0,0,0,0,0
130059,1,1,0,5,43,0,0,0,0,0,0,0
130059,2,1,0,0,0,6,0,0,0,0,0,0
130060,1,1,0,0,0,0,0,0,0,0,0,11
130060,2,1,0,0,0,0,0,0,0,0,0,0
130061,1,1,32,32,32,32,32,32,32,32,32,32
130062,1,1,20,20,20,20,20,20,20,20,20,20
130063,1,1,0,0,0,0,22,0,0,0,0,0
130065,0,1,0,0,0,0,13,0,33,35,22,0
130065,1,1,0,0,0,22,0,20,0,0,0,0
130066,0,1,10,10,10,10,10,10,10,10,10,10
130066,1,1,0,0,0,0,0,0,0,0,0,0
130067,1,2,10,10,19,0,0,15,24,23,19,19
130068,1,1,0,0,0,0,0,0,0,0,0,0
130069,1,1,16,16,16,16,16,16,16,16,16,16
130070,1,1,0,18,0,20,0,0,13,0,25,0
130071,1,1,0,0,0,0,0,0,0,0,0,0
130071,2,1,0,0,0,0,0,0,0,0,0,0
130073,1,1,0,0,0,0,0,0,0,8,0,8
130074,1,1,0,0,0,19,0,0,0,0,15,0
130075,1,1,17,17,17,17,17,17,17,17,17,17
130076,1,1,0,0,0,0,0,0,0,0,0,0
130076,2,1,0,15,0,0,0,0,0,0,0,0
130077,0,1,0,0,0,0,0,0,0,0,0,0
130077,1,1,0,0,0,0,0,0,0,0,0,0
130078,1,1,0,0,31,0,14,0,0,0,0,0
130079,1,1,0,12,0,0,0,0,29,26,0,10
130080,1,1,31,31,31,31,31,31,31,31,31,31
130081,1,1,0,0,0,0,0,0,0,0,0,0
130081,2,1,0,0,0,0,0,18,0,0,0,0
130082,1,1,13,13,13,13,13,13,13,13,13,13
130082,2,1,0,0,0,0,0,0,0,0,0,0
130083,1,1,0,0,0,13,0,0,0,0,0,0
130083,2,1,0,0,0,0,0,0,0,0,0,0
130084,1,1,0,0,0,0,0,0,0,0,0,0
130085,0,1,29,0,0,0,31,0,0,11,24,0
130085,1,1,0,0,0,0,0,0,0,0,0,0
130086,1,1,0,0,0,0,0,0,0,0,0,0
130086,2,1,0,0,0,0,0,0,0,0,0,0
130087,1,1,6,0,24,17,0,0,0,0,21,24
130088,1,1,0,19,0,0,0,0,0,0,7,0
130089,1,1,0,15,0,0,0,0,0,0,0,0
130089,2,1,0,0,0,0,0,0,0,0,0,0
130090,1,1,0,9,0,21,0,0,7,26,0,0
130091,1,1,0,0,0,0,0,0,0,0,0,0
130091,2,1,0,0,0,4,0,0,0,0,6,0
130092,1,1,27,0,0,0,0,0,6,0,0,0
130092,2,1,0,0,0,0,0,0,0,0,0,0
130093,0,1,0,0,4,0,17,0,0,0,34,0
130093,1,1,0,0,0,0,0,0,0,0,0,0
130094,1,1,10,18,0,0,0,0,20,5,14,21
130094,2,1,0,0,0,0,0,0,0,0,0,0
130095,0,1,13,23,18,43,19,17,0,27,20,16
130095,1,1,0,36,18,21,16,16,3,6,18,18
130096,1,1,0,0,0,0,0,0,0,0,0,0
130097,1,1,10,0,10,0,0,0,0,10,0,0
130098,1,1,0,0,6,11,0,8,18,14,0,21
130099,1,1,28,13,0,0,6,0,14,0,0,0
130100,1,1,0,0,0,0,0,0,0,0,0,0
130101,0,1,0,0,0,0,21,0,0,0,0,0
130101,1,1,0,0,12,0,0,0,0,0,0,0
130102,1,1,0,0,0,0,0,0,0,0,0,0
130102,2,1,0,0,0,0,0,0,0,13,0,0
130103,1,1,0,0,0,0,0,0,0,0,0,0
130103,2,1,0,0,0,0,0,0,0,0,0,0
130104,1,1,0,0,0,0,0,0,0,0,0,0
130104,2,1,0,0,0,0,0,13,0,0,0,0
130105,1,1,0,0,0,0,0,0,0,0,0,0
130105,2,1,0,0,0,0,0,0,0,0,8,0
130106,1,1,24,24,24,24,24,24,24,24,24,24
130106,2,1,0,0,0,0,0,0,0,0,0,0
130107,0,1,0,21,0,0,29,0,0,16,7,0
130107,1,1,0,0,0,0,0,0,0,0,2,0
130108,1,1,0,0,0,0,0,0,0,0,0,0
130108,2,1,0,0,0,21,0,0,0,0,0,0
130109,1,1,4,4,4,4,4,4,4,4,4,4
130110,1,1,0,0,0,0,0,0,0,0,0,0
130111,1,1,0,0,0,0,7,0,0,0,0,0
130112,1,1,5,0,17,9,15,0,0,18,8,0
130113,1,1,0,0,0,9,0,0,0,0,0,0
130114,1,1,0,0,0,0,0,0,0,0,0,0
130115,1,1,0,0,0,0,0,0,0,0,0,0
130116,0,1,0,0,0,8,35,0,18,13,43,6
130116,1,1,0,0,0,0,0,0,0,0,0,0
130117,0,1,8,0,0,0,0,0,0,0,0,14
130117,1,1,0,0,0,0,0,0,0,0,0,0
130118,0,1,17,0,0,10,0,13,0,0,0,0
130118,1,1,0,0,0,0,0,0,0,0,0,0
130119,1,1,0,22,0,0,0,0,21,0,0,0
130120,0,1,0,0,0,0,0,0,28,0,0,0
130120,1,1,0,0,0,24,0,0,0,0,0,0
130121,1,1,0,0,0,0,0,0,0,0,0,0
130121,2,1,0,0,0,0,0,0,0,0,0,0
130122,0,1,0,44,20,0,0,0,0,0,0,0
130122,1,1,0,0,0,0,0,13,0,0,0,0
130124,1,1,0,0,0,0,0,0,0,0,0,0
130124,2,1,0,0,0,0,0,0,0,0,0,0
130125,1,1,0,0,0,0,0,0,0,0,0,0
130126,0,1,0,0,0,0,0,0,0,0,0,0
130126,1,1,9,0,25,19,9,3,9,7,0,14
130127,0,1,32,17,46,21,0,18,20,26,17,20
130127,1,1,0,0,0,0,0,0,15,0,0,0
130127,2,1,0,0,0,0,0,0,0,0,0,0
130127,3,1,0,0,0,0,0,0,0,0,0,0
130128,1,1,0,0,0,0,16,0,0,0,27,10
130128,2,1,0,19,0,0,0,22,0,0,0,0
130129,0,1,0,0,0,0,0,0,0,0,0,0
130129,0,2,0,0,0,0,0,0,0,0,0,0
130129,0,3,0,0,0,0,0,0,0,0,0,0
130129,0,4,0,0,0,0,0,0,0,0,0,0
130129,0,5,0,0,0,9,4,0,0,0,0,0
130129,0,6,19,0,0,0,24,0,0,0,0,0
130129,0,7,0,0,0,0,0,0,0,0,0,0
130129,1,1,29,9,14,0,11,0,10,0,0,6
130129,2,1,0,0,0,0,0,0,0,0,0,0
130130,1,1,0,0,25,0,0,0,0,0,0,0
130131,1,1,0,0,20,0,0,0,0,0,0,9
130131,2,1,0,0,0,0,0,0,0,0,0,0
130132,0,1,28,12,0,0,17,0,0,0,0,0
130132,1,1,11,0,9,11,18,19,11,0,4,10
130133,1,1,16,16,16,16,16,16,16,16,16,16
130133,2,1,0,0,0,0,16,0,0,0,31,0
130134,0,1,10,10,10,10,10,10,10,10,10,10
130134,2,1,0,0,0,0,0,0,0,0,0,0
130135,0,1,16,0,0,0,0,0,0,0,0,0
130135,1,1,19,19,10,17,20,9,5,34,13,0
130136,1,1,12,0,34,0,16,0,0,0,28,0
130136,2,1,0,0,0,0,0,0,0,0,6,0
130136,3,1,0,0,0,0,16,8,0,0,0,0
130136,4,1,0,0,0,0,0,0,10,0,0,0
130137,1,1,0,0,0,0,0,0,0,0,0,0
130138,1,1,0,0,0,0,0,0,0,0,0,0
130138,2,1,0,0,0,0,0,0,0,0,0,0
130138,3,1,0,0,0,0,0,0,0,0,0,0
130139,0,1,17,0,15,0,24,0,0,0,18,14
130139,1,1,0,0,0,0,0,0,0,0,0,0
130140,1,1,0,24,17,0,11,20,0,25,0,0
130141,1,1,11,0,0,0,0,0,0,0,0,0
130142,1,1,16,18,19,21,10,16,27,21,23,6
130142,2,1,0,26,21,11,0,10,3,8,12,7
130143,1,1,0,37,0,0,0,0,0,0,0,0
130144,1,1,0,0,0,0,6,12,0,0,0,0
130144,2,1,9,0,0,0,0,0,0,0,0,0
130145,1,1,16,8,0,14,16,16,0,9,16,0
130145,2,1,0,0,0,0,0,0,0,0,0,0
130146,1,1,0,0,0,0,0,0,0,0,0,0
130146,2,1,0,0,0,0,0,0,0,0,0,0
130147,1,1,0,0,0,0,19,27,21,11,0,0
130148,1,1,0,0,0,0,0,0,0,0,0,0
130148,2,1,0,0,0,0,0,0,0,0,0,0
130149,0,1,0,0,0,0,0,0,29,0,15,14
130149,1,1,0,0,0,0,0,0,0,0,0,0
130150,1,1,11,11,11,11,11,11,11,11,11,11
130151,1,1,0,0,0,0,0,0,0,0,0,0
130151,2,1,0,0,0,0,0,0,0,0,0,0
130152,1,1,0,0,0,0,17,0,0,0,0,0
130152,2,1,0,0,0,0,0,0,0,0,0,0
130153,1,1,16,16,16,16,16,16,16,16,16,16
130153,2,1,0,0,0,0,0,0,0,12,0,0
130154,1,1,22,22,22,22,22,22,22,22,22,22
130155,0,1,9,9,9,9,9,9,9,9,9,9
130155,1,1,0,0,0,15,0,0,0,0,6,0
130156,1,1,0,0,20,0,11,0,0,0,0,0
130156,2,1,0,0,0,0,25,0,0,0,0,0
130157,1,1,0,0,0,7,0,0,0,0,17,0
130157,2,1,0,0,0,0,0,0,0,0,9,19
130158,1,1,0,0,0,0,0,0,0,0,0,36
130159,1,1,0,0,0,0,3,0,0,0,0,0
130160,1,1,0,0,0,0,0,0,0,0,0,0
130161,0,1,0,0,0,0,0,6,0,0,0,0
130161,1,1,0,0,0,0,0,0,0,0,0,0
130162,1,1,13,13,22,13,0,0,0,0,32,9
130165,1,1,0,0,0,0,0,0,0,0,0,0
130165,2,1,0,0,0,0,0,0,0,0,0,0
130166,1,1,2,2,2,2,2,2,2,2,2,2
130166,2,1,0,0,0,0,0,0,0,0,0,0
130167,1,1,0,18,0,0,11,22,24,0,20,25
130168,1,1,0,0,0,8,0,0,0,0,0,0
130170,1,1,0,0,0,0,0,0,0,0,0,0
130171,1,1,0,0,0,0,0,0,0,0,0,0
130172,1,1,0,0,0,0,0,0,0,0,0,0
130173,1,1,0,0,0,0,0,0,0,0,0,0
130173,2,1,0,0,0,0,0,0,0,0,0,0
130173,3,1,0,0,0,0,0,0,0,0,0,0
130173,4,1,0,0,0,0,0,0,0,0,0,11
130173,5,1,0,0,0,0,0,8,0,0,0,0
130173,6,1,0,0,0,0,0,0,0,10,0,0
130173,7,1,0,0,0,0,0,0,0,0,0,0
130173,8,1,0,0,0,0,0,0,0,0,0,0
130173,9,1,0,0,0,0,0,0,0,0,0,0
130173,10,1,0,0,0,0,0,0,0,22,0,0
130173,11,1,0,0,0,0,0,3,0,0,0,0
130173,12,1,0,0,0,0,0,0,0,0,0,0
130174,1,1,0,0,0,0,0,24,25,23,28,4
130175,0,1,0,0,0,0,0,0,0,0,0,0
130175,1,1,0,0,0,0,0,0,0,0,0,0
130176,1,1,7,0,0,36,20,0,0,0,33,0
130176,2,1,0,19,0,6,13,0,16,0,0,22
130177,1,1,0,0,0,0,0,0,0,0,0,7
130178,1,1,15,15,15,15,15,15,15,15,15,15
130179,0,1,0,0,0,0,16,0,0,0,45,19
130179,1,1,13,0,9,0,6,29,4,26,11,9
130180,1,1,17,17,17,17,17,17,17,17,17,17
130180,2,1,0,0,0,0,0,0,0,0,0,0
130181,1,1,0,0,7,0,18,0,0,11,0,0
130181,2,1,0,11,0,0,0,0,0,0,0,0
130182,0,1,0,0,0,0,0,0,0,0,0,0
130182,1,1,0,0,0,0,0,0,0,0,0,0
130182,2,1,0,0,0,0,0,0,0,0,0,0
130183,1,1,0,15,0,0,34,0,0,0,0,0
130183,2,1,26,0,0,17,18,0,11,0,0,0
130184,1,1,0,0,0,0,0,0,0,0,0,0
130184,2,1,0,0,0,0,0,0,0,0,0,0
130185,1,1,0,0,0,0,0,0,0,0,0,0
130186,0,1,0,0,0,0,0,0,0,0,0,0
130186,1,1,0,0,0,0,0,0,0,0,0,0
130187,1,1,0,26,22,0,16,9,0,0,12,16
130188,1,1,5,0,12,0,0,0,0,0,0,0
130189,1,1,0,0,0,0,0,0,0,0,0,0
130190,1,1,20,0,0,0,23,0,9,16,10,0
130190,2,1,0,0,0,0,13,0,18,0,0,0
130191,1,1,0,0,0,0,0,0,0,0,0,26
130191,2,1,0,0,0,0,0,0,0,0,0,0
130191,3,1,0,20,0,0,0,0,0,0,0,0
130192,1,2,0,0,0,0,0,0,0,0,0,0
130192,2,1,0,0,0,0,0,0,0,0,0,0
130193,0,1,10,10,10,10,10,10,10,10,10,10
130193,1,1,0,0,0,0,0,0,0,0,0,0
130194,1,1,0,0,0,0,0,0,0,0,0,0
130195,1,1,10,22,18,0,20,0,0,13,0,16
130195,2,1,0,0,0,0,0,0,0,0,0,0
130196,1,1,0,0,0,0,0,0,0,0,0,0
130197,0,1,0,0,0,0,0,0,0,0,0,27
130197,1,1,0,0,0,16,0,0,0,0,0,0
130198,1,1,0,0,13,0,0,0,0,0,0,0
130198,2,1,0,0,0,0,0,0,0,0,0,0
130199,1,1,0,0,0,0,0,0,0,0,0,0
130200,0,1,0,0,0,24,0,0,0,0,23,0
130200,1,1,0,0,0,0,0,0,0,0,0,0
130201,1,1,0,0,0,0,0,0,0,0,0,0
130201,2,1,0,0,0,0,0,0,0,0,0,0
130202,1,1,0,0,0,0,0,0,0,0,0,0
130202,2,1,0,0,0,0,0,0,0,0,0,0
130202,3,1,0,0,0,0,0,0,0,0,0,0
130203,0,1,6,6,6,6,6,6,6,6,6,6
130203,1,1,0,0,0,0,0,0,0,0,0,0
130204,1,1,20,20,20,20,20,20,20,20,20,20
130205,1,1,31,31,31,31,31,31,31,31,31,31
130206,1,1,7,0,26,13,0,0,26,0,16,0
130207,1,1,0,0,0,0,0,14,0,0,0,0
130207,2,1,0,0,0,0,0,0,0,0,0,0