ST_CASE,VEH_NO,PER_NO,P1,P2,P3,P4,P5,P6,P7,P8,P9,P10
130208,1,1,21,21,21,21,21,21,21,21,21,21
130209,1,1,0,0,20,0,0,0,0,0,0,0
130209,2,1,0,0,0,0,0,0,0,0,0,0
130209,3,1,0,0,0,0,0,0,0,0,0,0
130210,1,1,9,9,9,9,9,9,9,9,9,9
130211,1,1,0,0,23,0,0,0,0,0,0,0
130212,1,1,36,36,36,36,36,36,36,36,36,36
130213,0,1,0,12,0,0,0,0,0,20,0,0
130213,1,1,0,0,0,0,0,0,0,0,0,0
130214,1,1,24,24,24,24,24,24,24,24,24,24
130214,2,1,0,0,0,0,0,0,0,0,0,0
130215,1,1,0,0,0,0,0,0,0,0,0,0
130215,2,1,0,0,0,0,0,0,0,0,0,0
130216,1,1,0,12,0,0,7,14,8,0,0,0
130217,0,1,0,0,0,23,0,0,0,0,0,0
130217,1,1,0,0,23,0,0,0,0,0,29,0
130218,1,1,0,0,0,0,0,0,0,0,0,0
130218,2,1,0,0,0,0,0,0,0,0,0,0
130219,0,1,0,0,0,0,17,0,0,12,0,32
130219,1,1,0,0,0,0,0,0,0,0,0,0
130220,1,1,29,7,34,24,0,0,0,7,31,0
130221,0,1,0,7,0,0,0,0,0,0,0,0
130221,1,1,0,0,0,0,0,16,0,0,0,0
130222,1,1,0,0,0,0,0,0,0,0,0,0
130223,1,1,0,0,0,0,0,0,17,0,0,0
130224,1,1,0,0,0,15,0,0,0,0,0,0
130224,2,1,0,0,0,0,0,0,0,0,0,0
130225,0,1,0,0,0,0,0,0,0,0,0,0
130225,1,1,35,0,9,9,24,14,13,12,24,17
130226,1,1,0,0,0,0,0,0,0,0,0,0
130227,0,1,0,0,0,0,0,0,0,0,0,0
130227,1,1,0,0,0,0,42,0,0,0,15,0
130228,1,1,0,0,19,7,0,0,0,0,0,7
130228,2,1,0,0,0,0,0,0,0,0,0,0
130230,1,1,0,13,0,0,0,0,5,11,0,9
130231,1,1,0,3,0,0,0,0,0,0,0,0
130233,1,1,0,0,0,0,0,0,0,0,0,0
130233,2,1,1,1,1,1,1,1,1,1,1,1
130234,1,1,0,0,0,0,0,32,0,0,8,0
130234,2,1,0,0,0,0,0,0,0,0,29,0
130235,1,1,0,28,0,0,16,0,21,0,0,0
130236,0,1,16,16,16,16,16,16,16,16,16,16
130236,1,1,16,0,0,10,18,8,7,15,0,12
130237,0,1,0,0,0,8,14,0,19,0,14,0
130237,1,1,0,0,11,0,0,0,0,0,14,0
130238,0,1,39,39,39,39,39,39,39,39,39,39
130238,0,2,0,0,0,0,0,0,0,0,0,0
130238,1,1,0,0,0,0,0,0,0,0,0,0
130239,1,1,0,0,0,0,0,0,0,0,0,0
130240,1,1,0,0,0,0,0,0,0,0,0,0
130240,2,1,0,0,0,0,0,0,0,0,0,0
130241,1,1,36,26,28,37,9,17,16,5,3,4
130241,2,1,0,0,12,0,0,0,0,0,0,0
130242,1,1,0,0,0,0,0,0,0,0,0,0
130242,2,1,0,0,0,0,0,0,0,0,0,0
130243,1,1,23,23,23,23,23,23,23,23,23,23
130243,2,1,0,0,0,0,0,0,0,0,0,0
130244,1,1,0,0,0,0,0,0,0,0,0,0
130244,2,1,0,0,1,0,0,0,0,0,0,0
130245,1,1,0,0,0,0,0,0,0,0,0,0
130245,2,1,0,0,0,0,0,0,0,0,0,0
130246,1,1,0,0,0,0,0,0,0,0,0,0
130246,2,1,0,0,0,0,0,0,0,0,0,0
130247,1,1,0,0,0,0,0,0,0,0,0,0
130247,2,1,0,17,0,0,0,0,0,0,0,0
130248,0,1,7,36,46,17,0,0,36,0,16,31
130248,1,1,11,4,0,21,0,19,0,10,12,0
130248,2,1,21,18,9,28,0,28,23,0,8,12
130250,1,1,9,9,9,9,9,9,9,9,9,9
130250,2,1,0,0,0,0,0,0,0,0,0,0
130250,3,1,0,0,0,0,17,0,0,0,0,0
130251,1,1,0,0,0,0,0,0,0,0,0,0
130251,2,1,0,0,0,0,0,26,0,0,0,0
130251,3,1,0,0,0,0,0,12,0,0,0,0
130251,4,1,0,0,0,0,0,0,0,0,0,0
130251,5,1,0,0,0,0,0,0,0,0,0,0
130252,1,1,0,0,0,0,0,0,0,0,0,0
130253,1,1,12,12,12,12,12,12,12,12,12,12
130253,2,1,0,0,0,0,14,0,0,0,0,0
130254,1,1,16,16,16,16,16,16,16,16,16,16
130254,2,1,0,0,0,0,0,0,0,0,0,0
130255,1,1,0,0,0,0,0,0,0,21,0,0
130255,2,1,0,27,0,0,0,0,0,0,0,0
130255,3,1,0,0,0,0,0,0,0,0,0,0
130256,1,1,2,2,2,2,2,2,2,2,2,2
130257,1,1,0,0,0,0,0,0,0,0,0,0
130257,2,1,0,0,0,5,0,0,0,0,0,0
130258,1,1,0,0,0,0,0,0,0,0,0,0
130258,2,1,0,0,0,0,0,0,0,0,0,0
130258,3,1,0,0,0,0,0,0,0,0,0,0
130259,1,1,0,0,0,0,0,0,0,0,0,0
130259,2,1,0,0,20,0,0,0,0,0,0,0
130260,1,1,0,0,0,0,0,0,0,0,0,0
130260,2,1,0,0,0,0,0,0,0,0,0,0
130261,1,1,0,0,0,0,23,0,17,0,0,0
130261,2,1,0,0,0,0,0,0,0,0,0,0
130261,3,1,0,0,0,0,0,0,0,0,0,0
130261,4,1,0,0,0,0,0,0,0,0,0,0
130263,1,1,21,18,23,39,25,30,11,20,9,30
130263,2,1,0,22,0,0,17,19,16,0,0,21
130264,1,1,0,0,5,0,0,0,0,0,0,0
130264,2,1,0,0,0,0,0,0,0,0,0,0
130265,1,1,0,0,12,0,0,0,0,0,0,0
130266,1,1,0,14,0,0,15,0,0,0,14,0
130266,2,1,12,0,0,0,0,0,0,0,0,0
130267,1,1,32,0,17,11,0,0,0,0,0,0
130267,2,1,0,0,0,0,0,0,0,0,0,0
130268,1,1,0,0,0,0,0,0,0,0,0,0
130269,0,1,40,40,40,40,40,40,40,40,40,40
130269,1,1,0,0,0,0,0,0,0,0,0,0
130270,1,1,0,0,0,0,0,0,0,0,0,0
130271,1,1,0,0,0,0,0,0,0,0,0,0
130272,1,1,2,2,2,2,2,2,2,2,2,2
130272,2,1,0,0,0,0,0,0,15,14,0,0
130273,1,1,19,19,19,19,19,19,19,19,19,19
130273,2,1,0,0,0,0,23,0,0,0,0,19
130273,3,1,0,0,7,0,0,0,0,0,0,0
130274,1,1,0,0,0,0,0,0,0,0,0,19
130274,2,2,0,0,0,0,0,0,0,0,0,0
130275,1,1,0,0,0,0,9,10,0,8,24,7
130275,2,1,14,0,0,0,0,0,0,0,0,0
130275,3,1,0,0,0,0,0,0,0,0,0,0
130276,1,1,0,0,0,0,0,0,0,0,0,16
130276,2,1,0,0,17,0,0,0,0,0,0,0
130277,1,1,20,20,20,20,20,20,20,20,20,20
130278,1,1,0,0,0,0,0,0,0,0,0,0
130278,2,1,0,0,0,0,0,0,0,0,0,0
130278,3,1,0,0,0,0,0,0,0,0,0,0
130279,0,1,0,0,0,0,0,0,0,0,0,0
130279,1,1,0,14,0,0,0,0,0,0,0,0
130280,1,1,0,0,0,0,0,0,0,0,0,0
130281,1,1,0,0,0,0,0,0,0,0,0,0
130281,2,1,0,0,0,0,0,0,0,0,0,0
130281,3,1,0,0,0,0,0,0,0,0,0,0
130282,1,1,14,20,29,13,8,24,14,0,11,7
130283,1,1,0,0,0,0,0,0,0,0,0,0
130283,2,1,0,0,0,0,0,0,0,0,0,0
130284,1,1,0,0,0,0,0,9,0,0,0,0
130284,2,1,8,8,8,8,8,8,8,8,8,8
130284,3,1,0,0,0,0,0,0,0,21,0,0
130285,1,1,0,0,0,0,0,0,0,0,0,0
130285,2,1,0,0,0,5,0,0,0,0,0,0
130286,1,1,0,0,0,0,0,0,0,0,0,0
130286,2,1,0,0,0,0,0,0,0,0,0,0
130288,0,1,20,20,20,20,20,20,20,20,20,20
130288,1,1,0,0,0,0,0,0,0,0,0,0
130289,1,1,0,0,0,0,0,0,0,0,0,0
130289,2,1,0,0,0,13,0,0,0,0,0,0
130289,3,1,0,0,0,0,0,0,0,0,0,0
130289,4,1,0,0,0,0,0,0,0,0,0,0
130290,1,1,0,0,0,0,0,7,0,0,0,0
130291,1,1,0,0,0,0,0,0,0,0,0,0
130291,2,1,0,0,0,0,0,0,0,0,0,0
130292,0,1,0,0,0,7,0,0,0,23,20,7
130292,1,1,0,0,0,0,0,20,0,0,0,0
130293,1,1,0,27,2,0,28,66,0,0,23,22
130294,0,1,30,30,30,30,30,30,30,30,30,30
130294,1,1,8,17,0,0,24,0,0,0,0,0
130295,1,1,0,0,0,0,11,0,5,0,0,21
130295,2,1,0,0,0,0,0,0,0,0,0,24
130295,3,1,0,0,0,0,0,0,0,0,0,0
130296,1,1,0,0,0,0,0,0,0,0,0,0
130296,2,1,0,0,0,0,0,0,0,0,0,0
130297,1,1,0,0,0,0,0,0,0,0,0,0
130298,0,1,0,0,0,0,0,0,0,0,0,0
130298,1,1,0,0,0,0,0,0,0,0,0,0
130299,0,1,24,24,24,24,24,24,24,24,24,24
130299,1,1,0,0,0,0,0,0,0,0,0,0
130300,1,1,17,0,0,14,0,0,22,32,0,0
130301,1,1,0,0,0,0,0,0,0,0,0,0
130301,2,1,0,0,0,0,0,0,0,0,0,0
130302,1,1,0,0,0,0,0,0,0,0,0,0
130303,1,1,0,0,0,0,0,0,0,0,0,0
130303,2,1,0,0,14,0,0,0,0,0,0,0
130304,1,1,0,18,0,0,0,0,0,0,0,0
130304,2,1,0,0,0,0,0,0,0,0,0,0
130305,1,1,3,3,3,3,3,3,3,3,3,3
130305,2,1,18,18,18,18,18,18,18,18,18,18
130305,3,1,0,10,0,0,0,0,0,7,0,0
130305,4,1,9,9,9,9,9,9,9,9,9,9
130306,0,1,15,15,15,15,15,15,15,15,15,15
130306,1,1,0,17,0,0,10,0,14,0,15,10
130307,1,1,0,0,0,0,0,0,0,0,0,0
130307,2,1,0,0,0,0,0,0,0,0,0,0
130307,3,1,0,0,0,0,0,0,0,0,0,0
130308,1,1,0,0,0,0,0,0,0,0,0,0
130309,0,1,0,0,0,0,0,0,0,0,0,0
130309,1,1,0,0,0,0,0,0,0,0,0,0
130310,1,1,0,0,0,0,0,0,0,0,0,0
130310,2,1,0,0,0,0,0,0,12,0,0,0
130311,0,1,9,9,9,9,9,9,9,9,9,9
130311,1,1,0,0,5,0,0,0,0,0,0,0
130312,1,1,0,0,0,0,0,0,0,0,0,0
130312,2,1,0,0,0,13,24,0,0,0,15,0
130313,0,1,38,0,0,0,0,0,0,0,0,0
130313,1,1,13,0,0,0,0,0,0,0,0,0
130314,1,1,0,0,0,0,0,0,0,0,0,0
130315,1,1,0,0,0,0,0,0,0,0,0,0
130315,2,1,0,0,0,0,0,0,0,0,0,0
130316,1,1,9,9,9,9,9,9,9,9,9,9
130317,0,1,0,0,0,0,0,0,0,0,0,0
130317,1,1,0,0,6,0,0,0,0,0,8,24
130318,1,1,0,0,0,0,10,0,0,0,14,0
130318,2,1,0,0,0,0,0,0,0,0,0,0
130319,1,1,23,23,23,23,23,23,23,23,23,23
130320,1,1,6,6,6,6,6,6,6,6,6,6
130320,2,1,1,1,1,1,1,1,1,1,1,1
130321,0,1,0,0,25,0,0,0,0,0,0,0
130321,1,1,0,0,0,0,0,0,23,0,0,0
130321,2,1,0,0,0,0,0,0,0,0,0,0
130322,1,1,23,23,23,23,23,23,23,23,23,23
130322,2,1,0,0,0,0,0,0,0,0,0,0
130323,1,1,0,0,0,0,0,0,0,0,0,0
130324,0,1,0,22,20,0,21,0,46,0,0,0
130324,1,1,0,0,18,0,0,10,0,0,0,0
130325,1,1,0,0,0,0,0,0,0,15,0,0
130325,2,1,0,0,0,0,0,0,0,0,0,0
130327,1,1,0,0,0,0,0,0,28,0,0,0
130327,2,1,0,0,0,0,0,20,0,0,0,0
130328,0,1,0,0,0,0,0,0,0,0,0,0
130328,1,1,0,0,0,0,0,0,0,0,15,0
130328,2,1,0,0,0,0,0,0,0,0,0,0
130329,1,1,0,0,0,0,0,0,0,0,0,0
130330,1,1,0,0,0,0,0,0,0,0,0,0
130331,1,1,13,13,13,13,13,13,13,13,13,13
130331,2,1,0,0,0,0,0,0,0,0,0,0
130332,1,1,16,0,0,15,0,16,21,0,15,0
130333,1,1,0,0,0,0,0,0,0,0,0,0
130333,2,1,0,0,0,0,0,0,0,0,0,0
130334,1,1,2,0,0,0,3,0,0,0,0,0
130334,2,1,0,0,0,0,0,0,0,0,0,0
130334,3,1,0,0,0,0,0,0,0,0,0,0
130335,1,1,0,0,0,0,0,0,0,0,0,0
130336,1,1,0,0,0,0,0,0,0,0,0,0
130337,1,1,0,0,0,0,0,0,0,0,0,0
130337,2,1,0,0,0,0,0,0,0,0,0,0
130338,1,1,0,0,0,0,0,0,0,0,0,0
130339,0,1,16,16,16,16,16,16,16,16,16,16
130339,1,1,0,0,0,0,0,0,0,0,0,0
130340,1,1,0,0,0,0,0,0,0,0,0,0
130340,2,1,0,0,0,0,0,0,0,0,0,0
130341,1,1,0,0,0,0,0,0,0,0,0,0
130342,1,1,26,26,26,26,26,26,26,26,26,26
130342,2,1,0,0,0,0,0,0,0,0,0,0
130343,0,1,29,29,29,29,29,29,29,29,29,29
130343,1,1,0,0,7,0,0,0,0,0,0,24
130344,1,1,23,23,15,9,34,19,15,7,15,17
130345,1,1,0,8,0,0,24,0,8,0,0,0
130346,1,1,0,0,0,0,0,0,0,0,0,0
130347,1,1,0,0,0,0,0,0,0,0,0,0
130348,0,1,0,0,0,0,0,0,0,0,0,0
130348,1,1,0,0,0,0,0,0,0,13,0,0
130349,1,1,0,0,0,0,0,0,0,0,0,0
130350,1,1,0,0,0,0,0,0,0,0,0,0
130350,2,1,0,0,0,0,0,0,6,0,0,0
130351,1,1,21,21,21,21,21,21,21,21,21,21
130352,0,1,0,0,0,0,0,0,0,0,0,0
130352,1,1,26,0,4,0,0,0,0,0,0,0
130352,2,1,0,0,7,0,0,0,0,0,10,0
130353,1,1,0,0,0,0,0,9,0,0,0,0
130353,2,1,0,0,0,0,0,0,0,0,0,0
130353,3,1,0,0,0,0,0,0,0,0,0,0
130354,1,1,0,0,0,0,0,0,0,0,0,0
130354,2,1,0,0,0,0,0,0,0,0,0,0
130355,1,1,2,2,2,2,2,2,2,2,2,2
130355,2,1,0,0,0,0,0,0,0,0,0,0
130355,3,1,0,0,0,0,0,0,0,0,0,0
130357,1,1,0,0,0,0,0,0,0,0,0,0
130357,2,1,0,0,12,0,0,34,0,0,7,28
130358,1,1,50,0,13,14,18,0,0,0,0,8
130358,2,1,0,20,12,0,0,0,0,0,0,0
130359,1,1,0,0,0,0,0,0,0,0,0,15
130360,1,1,0,0,0,0,0,0,0,0,0,0
130361,0,1,24,24,24,24,24,24,24,24,24,24
130361,1,1,0,0,0,0,0,0,0,0,0,0
130362,1,1,15,15,15,15,15,15,15,15,15,15
130363,0,1,28,28,28,28,28,28,28,28,28,28
130363,1,1,0,0,0,0,0,0,19,0,0,0
130364,1,1,0,0,0,0,0,0,0,0,0,0
130364,2,1,0,0,0,0,0,0,0,0,0,0
130365,1,1,26,26,26,26,26,26,26,26,26,26
130365,2,1,0,0,0,0,0,0,0,0,13,0
130366,1,1,27,27,27,27,27,27,27,27,27,27
130367,1,1,0,0,23,0,25,21,0,0,24,0
130368,1,1,21,21,21,21,21,21,21,21,21,21
130369,1,1,17,28,13,20,0,23,0,17,41,15
130370,1,1,17,17,17,17,17,17,17,17,17,17
130370,2,1,0,0,0,0,0,0,0,0,0,0
130371,0,1,0,0,0,0,0,0,0,0,0,0
130371,1,1,0,0,19,0,0,0,0,0,0,0
130372,0,1,0,0,0,0,0,0,0,0,0,0
130372,1,1,0,0,0,0,0,0,0,0,0,0
130373,0,1,4,4,4,4,4,4,4,4,4,4
130373,1,1,0,0,0,0,0,0,0,0,0,0
130375,1,1,0,0,0,0,0,0,0,0,0,0
130375,2,1,0,0,0,0,0,0,0,21,0,9
130375,3,1,0,0,0,0,0,0,0,0,4,18
130376,1,1,6,6,6,6,6,6,6,6,6,6
130376,2,1,0,0,0,0,0,0,0,10,0,0
130377,0,1,0,0,0,0,0,0,0,0,0,0
130377,1,1,0,0,0,0,0,0,0,0,0,0
130378,1,1,0,0,0,0,0,0,0,0,0,0
130378,2,1,0,0,0,0,0,0,0,0,0,0
130379,1,1,0,0,0,0,0,0,0,0,0,0
130379,2,1,0,0,0,0,0,0,0,0,6,0
130380,1,1,0,0,0,0,0,0,0,0,0,0
130380,2,1,0,0,0,0,0,0,0,0,0,0
130381,1,1,0,0,0,0,0,0,0,0,0,0
130382,1,1,0,0,0,0,0,0,0,0,0,0
130383,0,1,0,0,16,0,21,0,0,0,0,0
130383,1,1,0,0,0,0,0,0,0,0,0,0
130384,1,1,28,28,28,28,28,28,28,28,28,28
130384,2,1,0,0,0,0,0,2,0,0,0,0
130385,1,1,5,5,5,5,5,5,5,5,5,5
130386,1,1,14,0,0,0,0,0,0,0,0,0
130386,2,1,0,18,0,0,0,0,0,0,0,0
130386,3,1,0,0,0,0,0,0,0,0,0,0
130387,1,1,0,0,0,0,0,0,0,0,0,0
130388,1,1,0,12,0,16,0,0,0,0,0,0
130388,2,1,13,5,0,0,0,0,16,0,0,0
130389,0,1,0,0,0,0,0,0,0,0,0,0
130389,1,1,0,0,0,0,0,0,0,0,0,0
130390,1,1,0,0,0,0,0,0,0,0,0,0
130390,2,1,0,0,0,0,0,0,0,0,0,0
130391,1,1,0,0,0,0,0,0,0,0,0,0
130392,1,1,0,0,0,0,0,0,0,0,0,0
130392,2,1,0,0,0,0,0,0,0,0,0,27
130394,1,1,0,0,0,0,0,0,0,0,0,0
130394,2,1,0,0,22,0,0,0,0,0,0,0
130395,1,1,0,0,0,0,0,0,0,0,0,0
130396,1,1,18,11,36,28,3,16,13,20,3,21
130397,1,1,0,17,19,0,0,4,0,0,0,14
130398,0,1,0,0,0,0,0,0,0,0,0,0
130398,1,1,0,0,0,0,0,0,0,0,0,0
130398,2,1,0,9,0,0,0,18,0,0,0,0
130399,1,1,0,0,0,0,0,0,0,0,0,0
130399,2,1,22,0,0,8,27,0,0,0,0,0
130400,1,1,0,0,0,18,0,11,0,0,0,7
130401,1,1,0,0,0,0,0,0,0,0,0,20
130401,2,1,0,0,0,0,0,0,0,0,13,0
130402,0,1,0,0,0,0,0,0,0,0,0,0
130402,1,1,0,27,6,9,0,18,0,27,39,14
130403,1,1,0,0,0,0,0,0,0,0,0,0
130403,2,1,0,0,0,0,0,0,0,0,0,0
130404,1,1,0,0,0,0,0,0,0,0,0,0
130404,2,1,0,0,0,0,0,0,0,0,0,0
130404,3,1,0,0,0,0,0,17,0,0,0,0
130404,4,1,0,0,0,0,0,0,0,0,0,0
130404,5,1,0,0,0,0,0,0,0,0,0,0
130405,1,1,0,0,0,0,0,0,0,0,0,0
130405,2,1,0,0,0,0,0,0,0,0,0,0
130406,1,1,23,23,23,23,23,23,23,23,23,23
130407,1,1,6,27,0,10,0,20,20,10,0,0
130407,3,1,13,0,0,6,0,0,0,0,0,0
130407,4,1,0,0,0,0,0,0,0,0,0,0
130408,1,2,4,4,4,4,4,4,4,4,4,4
130409,1,1,30,30,30,30,30,30,30,30,30,30
130409,2,1,0,0,0,0,0,0,0,0,0,0
130410,1,1,0,0,0,0,0,0,0,0,21,0
130411,1,1,0,0,0,0,0,0,0,0,0,0
130411,2,1,0,0,0,0,0,0,0,0,0,0
130412,1,1,0,14,18,0,0,0,0,0,0,0
130412,2,1,0,0,0,0,0,0,0,0,0,0
130413,1,1,0,0,0,0,0,0,0,0,0,0
130413,2,1,0,0,0,0,0,0,0,0,0,0
130414,1,1,0,0,0,0,0,0,0,0,0,0
130415,1,1,25,25,25,25,25,25,25,25,25,25
130416,1,1,12,0,0,0,0,0,0,0,7,0
130416,2,1,0,0,0,0,0,0,0,0,0,0
130417,1,1,15,15,15,15,15,15,15,15,15,15
130418,1,1,0,0,0,0,0,0,0,0,0,0
130418,2,1,0,0,0,0,0,0,0,0,0,0
130418,3,1,0,0,25,0,0,0,0,0,0,0
130419,1,1,0,0,0,0,0,0,0,0,0,0
130419,2,1,0,0,0,0,0,0,0,0,18,0
130420,1,1,0,0,0,0,0,0,0,0,0,0
130420,2,1,0,0,0,0,0,0,0,0,0,0
130421,1,1,0,0,24,0,0,0,0,0,0,0
130422,0,1,0,0,0,28,22,8,0,27,0,0
130422,1,1,13,13,13,13,13,13,13,13,13,13
130423,1,1,0,0,0,0,0,0,0,21,0,0
130423,2,1,0,0,18,0,20,0,27,0,12,5
130423,3,1,0,0,0,0,0,0,0,0,0,0
130423,4,1,8,0,12,0,0,0,0,0,0,11
130424,1,1,15,0,15,0,14,0,0,0,11,0
130425,1,1,0,0,0,0,0,0,0,0,0,0
130426,1,1,12,12,12,12,12,12,12,12,12,12
130426,2,1,0,0,0,0,0,0,0,0,0,0
130427,1,1,17,17,17,17,17,17,17,17,17,17
130428,1,1,0,0,0,0,0,0,0,0,0,0
130428,2,1,0,0,0,0,0,0,0,0,0,0
130429,1,1,0,0,0,0,0,0,0,0,0,0
130429,2,1,0,0,0,0,27,9,18,0,0,0
130430,1,1,0,0,0,0,0,0,10,0,0,0
130430,2,1,0,0,0,0,0,0,0,0,0,0
130431,0,1,0,0,11,0,0,38,26,0,19,18
130431,1,1,0,0,0,0,0,0,21,0,0,0
130432,1,1,0,0,0,0,0,0,0,0,0,0
130432,2,1,0,0,0,0,0,0,0,0,0,6
130433,1,1,16,0,22,27,17,24,0,18,8,9
130433,2,1,0,0,0,0,0,0,0,0,0,0
130434,0,1,0,0,0,0,26,0,22,0,0,0
130434,1,1,0,0,0,0,8,0,0,0,0,0
130435,1,1,0,0,0,18,0,0,0,0,0,0
130435,2,1,4,0,3,0,0,2,0,0,0,2
130436,0,1,0,0,0,0,9,0,0,9,6,0
130436,1,1,0,0,0,0,0,0,0,0,0,0
130437,1,1,0,0,0,0,0,0,0,0,0,0
130438,1,1,0,18,0,0,0,0,0,0,0,0
130438,2,1,0,0,0,0,0,0,0,0,0,0
130439,1,1,0,0,0,0,0,0,0,0,0,0
130440,0,1,11,11,11,11,11,11,11,11,11,11
130440,1,1,0,0,0,0,0,0,12,0,0,0
130440,2,1,0,0,0,0,0,0,0,13,0,4
130441,1,1,22,22,22,22,22,22,22,22,22,22
130442,0,1,0,0,0,0,0,0,0,0,0,0
130442,1,1,0,0,0,0,0,0,0,0,0,0
130443,1,1,12,19,30,24,0,0,0,0,26,22
130443,2,1,0,0,0,0,0,0,0,0,0,0
130444,1,1,0,0,0,0,0,11,0,0,0,0
130444,2,1,0,0,0,0,0,0,0,0,0,0
130445,1,1,0,0,0,0,0,0,0,0,0,0
130447,1,1,0,0,0,0,0,0,0,0,0,0
130448,1,1,0,0,0,0,0,0,0,0,0,0
130449,1,1,14,14,14,14,14,14,14,14,14,14
130450,1,1,0,21,0,0,18,0,29,19,0,9
130451,1,1,0,0,0,0,0,4,0,0,0,0
130451,2,1,0,0,0,0,0,0,0,0,0,0
130452,1,1,18,18,18,18,18,18,18,18,18,18
130453,1,1,0,0,0,0,0,0,0,0,9,0
130454,1,1,0,0,0,0,0,0,0,0,0,0
130456,1,1,0,0,0,0,0,0,0,0,0,0
130456,2,1,0,0,0,0,0,0,0,0,0,0
130457,1,1,0,0,0,0,0,0,19,0,0,0
130457,2,1,0,0,0,0,0,0,0,0,0,0
130458,0,1,0,0,0,0,0,0,0,0,0,0
130458,1,1,0,0,0,0,0,0,0,0,0,0
130459,0,1,4,0,0,0,32,18,0,0,19,22
130459,1,1,0,0,0,0,0,0,0,21,10,0
130460,0,1,0,0,18,15,0,0,0,22,0,0
130460,1,1,0,0,0,0,0,0,0,0,0,0
130462,0,1,0,0,16,19,20,0,0,0,0,29
130462,1,1,0,0,0,0,0,0,0,0,0,13
130463,0,1,0,9,16,17,0,0,24,31,0,26
130463,1,1,11,0,0,0,0,0,0,0,0,0
130463,2,1,0,0,0,0,0,0,0,0,0,0
130463,3,1,0,0,0,0,12,19,0,0,0,0
130464,0,1,0,0,30,0,0,0,10,0,13,0
130464,1,1,0,0,0,0,0,0,0,25,0,0
130464,2,1,0,26,17,0,0,9,0,0,15,0
130465,0,1,0,0,27,0,0,0,0,0,10,13
130465,1,1,0,15,0,0,31,0,0,19,0,0
130466,1,1,0,0,0,0,0,0,0,0,0,17
130466,2,1,0,16,0,0,0,0,0,0,0,0
130467,1,1,5,0,30,0,0,0,30,5,0,0
130467,2,1,0,0,0,0,0,0,0,0,0,0
130469,1,1,0,0,0,0,0,0,0,0,0,0
130469,2,1,0,0,0,0,0,0,0,0,0,0
130469,3,1,0,0,0,0,0,0,0,0,0,0
130470,1,1,31,0,0,20,4,0,0,0,0,7
130471,1,1,0,0,0,0,10,0,0,0,13,21
130471,2,1,9,0,0,0,0,0,0,0,0,0
130472,1,1,17,17,17,17,17,17,17,17,17,17
130473,1,1,16,18,8,24,16,11,0,0,0,0
130474,1,1,23,11,16,23,16,25,19,22,9,25
130475,1,1,0,15,5,15,23,0,0,0,6,0
130475,2,1,0,0,0,0,0,0,0,0,0,0
130476,1,1,0,0,0,11,0,0,20,0,0,0
130476,2,1,0,0,0,0,0,0,0,0,21,0
130477,1,1,3,3,3,3,3,3,3,3,3,3
130478,0,1,0,0,0,0,0,28,0,11,20,25
130478,1,1,0,0,0,0,21,0,0,0,30,0
130479,1,1,0,6,0,0,0,0,0,21,7,0
130479,2,1,0,0,0,0,0,0,0,0,0,0
130479,3,1,0,0,0,0,0,8,0,0,0,0
130480,1,1,0,0,0,0,0,0,0,0,0,0
130480,2,1,0,0,0,0,0,0,0,0,0,21
130480,3,1,0,0,0,0,0,0,0,0,6,0
130481,1,1,0,18,0,0,0,0,0,0,0,0
130482,0,1,0,17,0,0,0,0,19,0,12,17
130482,1,1,0,0,0,0,9,11,0,0,0,0
130483,1,1,0,0,0,0,0,0,0,0,0,0
130484,1,1,0,0,0,0,0,0,0,0,0,0
130484,2,1,21,13,21,29,23,21,18,8,22,19
130485,1,1,0,22,26,8,0,9,17,10,12,17
130486,1,1,0,0,0,0,0,0,0,0,0,0
130487,1,1,0,0,0,0,0,0,0,0,0,0
130487,2,1,0,0,0,0,0,0,0,0,0,15
130488,1,1,10,26,5,18,0,18,0,21,15,17
130489,1,1,0,0,0,0,0,0,0,0,0,0
130489,2,1,0,0,0,0,0,0,0,31,0,0
130490,1,1,0,0,0,0,0,0,0,0,0,0
130490,2,1,0,0,0,0,0,0,0,0,0,0
130491,1,1,0,0,0,0,0,0,0,0,20,0
130491,2,1,0,0,0,0,0,0,0,0,0,0
130491,3,1,0,0,0,0,0,0,0,0,0,0
130492,1,1,0,0,0,0,0,0,0,7,0,0
130493,1,1,0,0,0,0,0,28,0,0,0,0
130493,2,1,0,0,0,0,0,0,0,0,0,0
130494,1,1,0,0,0,0,0,0,0,0,0,0
130495,1,1,0,0,0,0,0,0,0,0,0,0
130495,2,1,0,0,0,0,0,0,0,0,0,0
130496,1,1,0,0,0,0,0,0,0,0,0,0
130496,2,1,0,0,0,0,0,0,0,0,0,0
130497,1,1,0,0,0,0,0,0,0,0,0,0
130497,2,1,0,0,0,0,0,0,0,0,0,0
130498,0,1,0,0,20,0,0,0,0,16,0,0
130498,1,1,0,0,0,0,0,0,0,0,0,0
130499,1,1,0,0,0,0,0,0,0,0,0,0
130499,2,1,0,0,2,0,0,0,0,0,0,0
130500,1,1,0,0,0,0,0,0,0,0,0,0
130500,2,1,0,0,0,0,0,0,0,0,0,0
130501,1,1,15,15,15,15,15,15,15,15,15,15
130502,1,1,0,0,0,0,0,0,0,0,0,0
130503,1,1,20,20,20,20,20,20,20,20,20,20
130503,2,1,0,0,0,0,13,0,0,0,0,0
130504,1,1,0,0,0,0,0,21,0,0,0,8