ST_CASE,VEH_NO,PER_NO,P1,P2,P3,P4,P5,P6,P7,P8,P9,P10
131134,1,1,0,0,0,0,0,0,17,8,0,0
131135,1,1,0,0,0,0,0,0,0,0,0,0
131135,2,1,0,0,0,0,0,0,0,0,0,0
131136,1,1,0,0,0,0,0,0,0,0,0,0
131136,2,1,7,0,0,0,0,0,0,0,0,0
131136,3,1,0,0,0,0,0,0,0,0,0,0
131137,1,1,12,0,0,0,0,0,0,0,0,0
131138,0,1,0,0,0,0,0,0,0,0,0,0
131138,1,1,0,11,0,0,0,0,0,0,0,0
131139,1,1,0,0,0,0,0,0,0,0,0,0
131139,2,1,0,0,0,0,0,0,0,0,0,0
131140,1,1,0,0,0,0,0,0,0,0,0,0
131140,2,1,0,0,0,0,0,0,0,0,0,0
131141,1,1,0,0,0,0,0,0,0,0,0,0
131141,2,1,0,0,0,0,0,0,0,0,0,0
131142,1,1,0,0,0,0,0,0,0,12,0,0
131142,2,1,0,0,7,20,0,0,0,0,0,0
131142,3,1,0,0,0,0,0,0,0,0,0,0
131143,1,1,0,0,0,9,0,0,0,20,0,0
131144,1,1,0,0,20,0,0,0,0,0,0,0
131144,2,1,0,0,0,0,0,6,0,8,0,0
131145,1,1,0,0,0,0,0,0,0,0,0,0
131146,1,1,0,0,0,0,0,0,0,0,0,0
131146,2,1,0,0,0,0,0,0,0,0,0,0
131147,1,1,0,0,0,0,0,0,0,0,0,0
131148,1,1,21,21,21,21,21,21,21,21,21,21
131149,1,1,10,18,5,4,6,26,0,28,0,12
131150,1,1,7,7,7,7,7,7,7,7,7,7
131152,1,1,0,0,0,0,0,0,0,0,0,0
131152,2,1,0,0,0,0,0,0,0,0,0,0
131153,1,1,0,0,0,0,11,0,0,0,0,28
131153,2,1,0,0,0,0,0,0,0,0,0,0
131154,1,1,0,0,0,0,12,0,0,0,22,0
131155,1,1,0,0,0,0,0,0,0,0,0,0
131155,2,1,0,0,0,0,0,0,15,0,15,0
131156,1,1,0,0,0,0,0,0,0,0,0,0
131156,2,1,0,0,0,0,0,0,0,0,0,0
131157,0,1,12,12,12,12,12,12,12,12,12,12
131157,1,1,0,0,0,0,0,0,0,0,0,0
131157,2,1,0,0,0,0,0,0,0,0,0,0
131158,0,1,0,35,0,0,0,0,0,37,41,0
131158,0,2,0,14,0,0,0,0,0,0,0,13
131158,0,3,0,0,0,0,0,0,0,0,8,0
131158,2,1,0,18,0,0,0,0,0,0,0,0
131160,1,1,0,0,0,0,0,0,0,25,0,0
131161,1,1,0,0,0,0,0,0,0,0,0,0
131161,2,1,0,0,0,0,0,0,0,0,0,0
131162,1,1,0,0,0,0,0,0,0,0,0,0
131164,1,1,0,0,0,0,0,0,0,0,0,0
131164,2,1,0,0,0,0,0,0,0,0,0,0
131165,1,1,0,0,0,0,0,0,0,0,0,24
131165,2,1,0,0,0,0,0,0,28,0,0,0
131166,1,1,0,0,0,0,0,0,0,0,0,0
131167,0,1,0,0,13,0,0,0,0,0,0,0
131167,1,1,0,0,0,0,0,0,0,0,0,0
131168,1,1,16,0,0,0,0,0,13,0,0,0
131169,1,1,0,0,0,0,0,0,0,0,0,0
131169,2,1,0,0,0,0,0,0,0,0,0,0
131170,1,1,0,0,0,0,0,0,0,0,0,0
131170,2,1,0,0,0,0,0,0,0,0,0,0
131171,1,1,0,0,0,0,0,0,4,0,0,0
131171,2,1,0,0,16,0,0,0,13,0,24,12
131171,3,1,0,0,0,0,0,0,0,0,0,0
131172,0,1,35,35,35,35,35,35,35,35,35,35
131172,1,1,0,17,0,0,0,0,0,0,0,0
131173,1,1,0,0,30,0,0,0,0,0,0,0
131174,1,1,0,0,0,0,0,0,0,0,0,0
131176,1,1,0,0,0,0,0,0,0,0,0,0
131176,2,1,0,32,0,0,0,0,0,0,0,0
131177,1,1,0,0,0,0,0,0,0,0,0,0
131177,2,1,0,0,0,0,0,0,0,0,0,0
131178,1,1,0,0,0,0,0,0,0,0,0,0
131178,2,1,0,0,0,0,0,0,2,0,0,0
131179,1,1,0,10,0,0,0,0,0,0,0,0
131179,2,1,0,0,0,0,0,0,26,0,0,0
131179,3,1,0,0,0,0,0,0,0,0,0,0
131179,4,1,0,0,0,0,0,0,0,0,20,0
131179,5,1,0,0,0,0,0,0,0,0,0,0
131180,1,1,0,0,0,0,0,0,0,0,0,0
131181,1,1,0,0,0,0,0,0,0,0,0,0
131181,2,1,0,0,0,0,0,0,0,0,0,0
131181,3,1,0,0,0,0,0,0,0,0,0,0
131182,1,1,0,0,0,0,0,0,0,0,0,0
131183,1,1,18,0,31,0,0,0,0,0,0,17
131184,0,1,34,34,34,34,34,34,34,34,34,34
131184,1,1,0,0,0,0,0,0,0,0,0,0
131185,1,1,0,0,0,0,0,0,0,0,0,0
131185,2,1,0,0,0,0,0,0,0,0,0,0
131185,3,1,0,0,0,0,0,0,0,9,0,0
131186,1,1,0,0,0,0,0,0,0,0,0,0
131186,2,1,0,0,0,0,0,0,0,0,0,0
131187,1,1,0,0,0,0,0,0,0,0,0,0
131187,2,1,0,0,0,0,0,0,0,0,0,0
131188,0,1,0,0,0,0,0,0,0,0,0,0
131188,1,1,0,0,0,0,0,0,0,0,0,0
131189,1,1,0,0,0,0,0,0,0,0,0,0
131189,2,1,0,0,0,0,0,0,0,0,0,0
131190,1,1,14,14,14,14,14,14,14,14,14,14
131191,0,1,5,5,5,5,5,5,5,5,5,5
131191,1,1,0,17,0,0,0,0,0,0,0,0
131192,1,1,0,4,0,0,0,0,0,0,0,0
131192,2,1,0,0,0,0,0,0,0,0,0,0
131193,1,1,0,0,0,0,3,0,0,0,0,0
131193,2,1,33,0,0,0,0,0,0,0,0,0
131194,0,1,0,0,0,0,0,0,0,0,0,0
131194,1,1,0,0,0,0,0,0,0,0,0,0
131195,1,1,0,0,0,0,0,0,0,0,0,0
131196,1,1,0,0,0,0,0,0,0,0,0,0
131196,2,1,0,0,0,0,0,0,0,0,0,0
131198,1,1,0,0,0,0,0,0,0,0,0,0
131199,1,1,0,0,0,0,0,0,0,0,0,0
131199,2,1,0,0,0,0,0,0,0,0,0,0
131200,1,1,0,0,0,0,0,0,0,30,0,0
131201,1,1,0,0,0,0,0,0,0,0,0,0
131201,2,1,0,15,0,0,0,0,0,0,0,0
131203,1,1,0,0,0,0,0,0,0,0,0,0
131203,2,1,0,0,0,0,0,0,0,0,0,0
131204,1,1,0,0,0,0,0,0,0,0,0,0
131204,2,1,0,0,0,0,0,0,0,0,0,0
131205,1,1,25,8,17,24,0,10,12,0,17,4
131207,0,1,0,0,0,0,0,0,0,0,0,0
131207,1,1,0,0,0,0,0,0,0,0,0,0
131208,1,1,0,0,0,0,0,0,0,0,0,0
131208,2,1,0,0,0,0,0,0,0,0,0,0
131209,1,1,0,0,0,0,0,0,0,0,0,0
131209,2,1,0,0,0,0,0,0,0,0,0,0
131210,1,1,0,0,0,0,0,0,0,0,0,0
131210,2,1,0,0,0,0,0,0,0,0,0,0
131211,1,1,0,0,0,0,0,0,0,0,0,0
131212,0,1,0,16,0,0,0,0,0,0,0,0
131213,0,1,0,0,0,0,0,0,0,0,0,0
131213,1,1,0,0,0,0,0,0,0,0,0,0
131214,0,1,0,22,0,0,0,0,7,0,0,0
131214,1,1,0,0,0,0,0,0,0,0,0,0
131215,1,1,13,13,13,13,13,13,13,13,13,13
131216,1,1,0,0,0,0,0,0,0,0,0,0
131216,2,1,0,0,0,0,0,0,0,0,0,0
131217,0,1,30,30,30,30,30,30,30,30,30,30
131217,1,1,0,0,0,5,0,0,0,0,0,0
131218,0,1,0,0,0,0,0,0,0,0,0,0
131218,1,1,0,12,0,2,0,0,0,0,0,0
131219,0,1,0,0,0,0,0,0,0,0,0,0
131219,1,1,0,0,20,0,0,7,0,17,18,0
131220,1,1,0,0,0,0,0,0,0,0,0,0
131220,2,1,0,0,0,0,0,0,0,0,0,0
131220,3,1,0,0,0,2,0,0,0,0,0,0
131221,1,1,0,17,0,0,0,0,11,0,0,0
131221,2,1,0,0,0,0,0,0,0,17,16,0
131222,1,1,24,24,24,24,24,24,24,24,24,24
131223,1,1,0,0,0,0,0,0,0,0,0,0
131224,1,1,0,0,0,0,0,0,0,0,0,0
131224,2,1,0,0,0,0,0,0,0,0,0,0
131225,0,1,0,0,16,0,0,0,0,34,0,0
131225,1,1,0,0,0,0,0,0,0,0,0,0
131226,1,1,0,24,0,0,0,0,0,0,0,0
131226,2,1,0,0,0,0,0,0,0,0,0,0
131227,1,1,0,0,0,0,0,0,0,0,0,0
131227,2,1,0,0,0,0,0,0,0,0,0,0
131228,1,1,0,0,0,0,0,0,0,0,0,0
131230,1,1,0,0,0,0,0,0,0,0,0,0
131230,2,1,0,0,0,0,0,0,0,0,0,0
131231,1,1,11,11,11,11,11,11,11,11,11,11
131231,2,1,11,0,0,0,0,0,0,6,9,0
131231,3,1,0,0,24,0,7,0,0,15,0,0
131232,1,1,7,9,12,0,3,0,0,0,0,0
131233,1,1,0,0,0,0,0,0,0,0,11,19
131234,1,1,0,0,0,0,0,0,16,0,0,0
131235,1,1,0,0,0,0,0,0,0,0,0,0
131235,2,1,0,0,0,0,0,0,0,0,0,0
131236,1,1,0,0,0,0,0,0,0,0,0,0
131237,1,1,27,0,9,24,0,0,14,22,0,5
131238,1,1,0,0,0,20,13,0,0,22,0,0
131239,0,1,0,0,0,0,0,0,0,0,0,0
131239,1,1,0,0,0,0,0,0,0,0,0,0
131240,1,1,0,0,0,0,0,16,0,33,0,0
131240,2,1,15,15,15,15,15,15,15,15,15,15
131240,3,1,0,0,0,0,0,0,0,0,0,11
131241,0,1,0,0,0,0,0,0,0,0,0,0
131241,1,1,0,0,0,0,0,0,0,0,0,0
131242,1,1,13,7,0,0,0,0,0,11,0,0
131243,1,1,10,29,0,8,0,6,0,19,21,0
131244,1,1,0,0,0,0,0,0,0,0,0,0
131244,2,1,0,0,0,0,0,0,0,0,0,0
131245,0,1,0,0,0,0,0,0,0,0,0,18
131246,1,1,0,0,0,0,4,0,0,7,0,0
131247,0,1,0,0,0,0,0,0,0,0,0,29
131247,1,1,0,0,0,0,0,0,0,0,0,0
131248,0,1,0,0,0,0,0,0,0,0,0,0
131248,1,1,0,0,0,0,0,0,0,0,0,0
131249,1,1,0,26,0,0,0,0,0,0,0,0
131250,0,1,0,0,0,0,0,0,0,0,0,0
131250,1,1,11,11,11,11,11,11,11,11,11,11
131250,2,1,0,0,0,0,0,0,0,0,0,0
131250,4,1,0,0,0,0,0,0,0,0,0,0
131251,1,1,27,27,27,27,27,27,27,27,27,27
131252,0,1,32,32,32,32,32,32,32,32,32,32
131252,1,1,8,8,8,8,8,8,8,8,8,8
131254,0,1,0,0,0,0,0,0,0,0,21,0
131254,1,1,0,0,0,0,0,0,0,0,0,0
131255,1,1,15,0,0,0,0,0,0,0,0,0
131255,2,1,26,0,0,0,0,0,0,0,0,0
131256,0,1,15,15,15,15,15,15,15,15,15,15
131256,1,1,0,0,0,0,0,0,0,16,0,8
131257,1,1,0,0,0,0,0,0,0,0,0,29
131258,1,1,14,14,14,14,14,14,14,14,14,14
131258,2,1,0,0,0,0,0,0,0,0,18,0
131259,1,1,0,0,0,0,0,0,0,0,0,0
131260,1,1,6,0,9,0,0,0,13,0,0,0
131260,2,1,0,0,0,22,0,0,0,0,0,0
131261,1,1,0,0,0,0,0,0,0,0,0,0
131261,2,1,0,0,0,0,0,0,0,0,0,0
131262,1,1,0,0,0,0,0,0,0,0,0,0
131263,1,1,15,0,0,19,0,0,0,0,0,0
131264,1,1,0,0,16,0,0,0,0,0,0,0
131265,1,1,0,0,0,0,0,0,0,0,0,0
131265,2,1,0,0,0,25,0,0,0,0,0,0
131266,1,1,16,16,16,16,16,16,16,16,16,16
131267,0,1,10,10,10,10,10,10,10,10,10,10
131267,1,1,0,22,0,0,0,0,0,31,0,0
131268,1,1,0,0,0,16,0,0,0,0,0,0
131269,1,1,0,0,0,0,0,0,0,0,0,0
131269,2,1,0,0,0,0,0,0,0,0,0,0
131270,1,1,0,0,0,0,28,0,0,0,0,0
131271,1,1,0,0,0,0,0,35,0,0,0,0
131272,1,1,17,0,12,0,0,0,0,0,0,0
131272,2,1,0,0,0,0,0,0,0,0,0,0
131272,3,1,0,0,0,0,0,0,0,0,11,0
131273,1,1,0,13,0,0,0,0,0,0,0,0
131274,0,1,1,1,1,1,1,1,1,1,1,1
131274,1,1,0,0,0,0,0,0,0,0,0,0
131275,1,1,0,0,0,0,0,0,0,0,0,0
131275,2,1,15,0,0,0,0,0,0,0,0,0
131276,1,1,34,34,34,34,34,34,34,34,34,34
131277,1,1,0,0,0,0,0,0,0,0,0,0
131277,2,1,0,0,0,0,0,0,0,0,0,0
131279,1,1,20,20,20,20,20,20,20,20,20,20
131280,0,1,0,0,0,0,0,0,0,0,0,0
131280,1,1,4,4,4,4,4,4,4,4,4,4
131281,1,1,0,0,0,0,0,0,0,0,0,0
131282,1,1,0,0,0,0,0,0,0,0,0,0
131282,2,1,0,0,0,0,0,0,0,0,0,0
131283,0,1,0,0,0,0,0,0,0,0,0,0
131283,1,1,0,0,0,0,0,0,0,0,0,0
131284,1,1,0,0,0,21,0,0,13,0,0,0
131284,2,1,0,0,0,0,0,0,0,0,0,0
131285,0,1,1,1,1,1,1,1,1,1,1,1
131285,1,1,0,12,0,0,0,0,0,0,0,0
131285,2,1,0,20,0,0,0,0,0,0,0,0
131286,1,1,0,0,0,0,0,0,0,0,0,0
131287,1,1,0,0,0,0,0,0,0,0,0,0
131287,2,1,0,0,0,0,0,0,0,0,0,0
131288,1,1,17,17,17,17,17,17,17,17,17,17
131288,2,1,0,0,0,0,0,14,0,0,0,0
131289,1,1,0,5,0,21,0,0,0,15,0,0
131290,1,1,0,0,0,0,0,0,0,0,0,1
131290,2,1,0,0,0,0,0,0,0,0,0,0
131290,3,1,0,0,0,0,0,0,0,0,0,0
131291,2,1,0,0,0,0,0,0,0,0,0,0
131291,3,1,0,0,0,0,0,0,0,0,0,0
131292,1,1,0,0,0,0,0,0,0,0,0,0
131292,2,1,12,0,0,0,0,11,0,0,12,17
131292,3,1,0,0,0,0,0,0,0,0,3,0
131292,4,1,0,0,0,0,0,0,0,0,0,0
131293,1,1,0,0,0,0,0,0,0,0,19,0
131294,0,1,0,0,0,0,0,0,0,0,0,0
131295,1,1,0,0,10,0,28,0,0,0,0,0
131295,2,1,0,0,0,0,0,0,0,0,15,0
131295,3,1,0,18,0,0,0,0,0,12,0,0
131296,0,1,0,0,0,0,0,0,0,0,0,0
131296,0,2,0,0,0,0,12,0,0,0,0,0
131296,1,1,0,0,0,0,0,0,0,0,0,12
131297,1,1,0,0,0,0,0,0,0,0,0,0
131298,1,1,0,24,0,0,16,0,0,0,0,0
131299,1,1,0,0,0,0,0,0,0,0,0,0
131300,1,1,0,0,0,0,0,0,0,0,0,0
131300,2,1,0,0,0,10,0,0,0,0,0,11
131301,1,1,0,0,0,0,0,0,0,5,0,0
131301,2,1,0,0,0,0,0,0,0,0,0,0
131302,0,1,0,0,0,0,0,0,0,0,0,0
131302,1,1,0,0,0,0,0,0,0,0,0,0
131303,1,1,0,17,0,0,0,0,0,0,0,0
131303,2,1,0,0,0,0,0,0,0,0,0,0
131304,1,1,0,0,0,0,0,0,0,0,0,0
131304,2,1,0,0,0,0,0,0,0,0,0,0
131305,1,1,11,11,11,11,11,11,11,11,11,11
131305,2,1,0,0,16,0,0,21,0,0,0,0
131306,1,1,31,31,31,31,31,31,31,31,31,31
131307,1,1,0,0,0,0,0,0,0,0,0,0
131307,2,1,0,0,0,0,0,0,0,0,0,0
131307,3,1,0,0,0,0,0,0,0,0,0,0
131307,4,1,0,0,0,0,0,0,0,0,0,0
131307,5,1,0,0,0,0,0,0,0,0,0,0
131307,6,1,0,0,0,0,0,0,0,0,0,0
131307,7,1,0,0,0,0,0,0,0,0,0,0
131307,8,1,0,0,0,0,0,15,0,0,0,0
131308,1,1,0,0,0,0,0,0,0,0,0,0
131308,2,1,0,0,0,0,0,0,0,0,0,0
131308,3,1,0,0,0,0,0,0,0,0,0,0
131308,4,1,0,0,0,0,0,0,0,0,0,0
131309,1,1,0,0,0,21,0,0,0,0,0,0
131309,2,1,0,0,0,0,0,0,0,0,0,0
131310,1,1,0,0,0,0,0,0,0,0,0,0
131310,2,1,4,4,4,4,4,4,4,4,4,4
131311,1,1,0,0,0,0,0,0,0,0,0,0
131311,2,1,3,3,3,3,3,3,3,3,3,3
131312,1,1,19,19,19,19,19,19,19,19,19,19
131313,1,1,0,0,0,0,0,0,0,0,0,0
131313,2,1,0,0,0,0,0,0,0,0,0,0
131314,1,1,19,19,19,19,19,19,19,19,19,19
131315,0,1,0,0,0,0,0,0,23,9,0,0
131315,1,1,0,0,0,0,0,0,0,0,0,0
131316,1,1,0,0,0,0,0,0,0,0,0,0
131316,2,1,0,0,0,0,0,0,0,0,0,0
131317,1,1,0,0,0,0,0,0,0,0,0,0
131318,1,1,0,0,0,0,0,0,0,0,0,0
131318,2,1,0,0,0,0,0,0,0,0,0,0
131319,1,1,3,10,0,0,0,12,0,15,0,0
131319,2,1,8,8,8,8,8,8,8,8,8,8
131320,1,1,0,0,0,0,0,0,0,0,0,0
131320,2,1,0,0,0,0,0,0,0,0,0,0
131321,1,1,0,0,0,0,0,0,0,0,0,0
131321,2,1,0,0,0,0,0,0,0,0,0,0
131321,3,1,0,0,0,0,0,0,0,0,0,0
131322,1,1,0,0,0,0,0,0,0,0,0,0
131323,1,1,0,0,0,0,0,0,0,0,0,0
131324,1,1,21,0,0,17,0,16,0,0,0,0
131325,1,1,18,0,0,0,0,0,0,0,0,0
131326,1,1,0,0,0,0,0,0,0,0,0,0
131326,2,1,0,0,0,0,0,0,0,0,0,0
131327,1,1,22,22,22,22,22,22,22,22,22,22
131327,2,1,21,0,0,0,0,0,0,0,0,0
131328,1,1,0,0,0,0,0,0,0,0,0,0
131328,2,1,0,0,0,0,0,0,0,0,0,0
131328,3,1,0,0,0,0,0,0,0,0,0,0
131329,1,1,0,0,0,2,0,0,0,0,0,0
131329,2,1,0,0,0,0,0,0,0,0,0,0
131330,0,1,0,0,0,0,0,0,0,0,0,0
131330,1,1,0,0,0,0,0,0,0,0,0,0
131331,1,1,0,0,0,0,0,0,0,0,0,0
131331,2,1,0,0,0,0,0,0,0,0,0,0
131332,1,1,0,0,0,0,0,0,0,0,0,0
131332,2,1,1,1,1,1,1,1,1,1,1,1
131333,1,1,0,0,0,0,0,16,0,0,22,0
131333,2,1,0,0,0,0,0,0,0,0,0,0
131334,1,1,0,0,0,0,0,0,0,0,0,0
131334,2,1,2,2,2,2,2,2,2,2,2,2
131335,1,1,12,12,12,12,12,12,12,12,12,12
131335,2,1,0,0,0,0,0,0,0,0,0,0
131336,0,1,0,0,0,0,0,0,0,0,0,0
131336,1,1,0,0,0,11,0,0,0,0,0,0
131337,1,1,0,0,0,0,0,0,0,0,0,0
131337,2,1,0,0,0,0,0,0,0,0,0,0
131337,3,1,0,0,0,0,0,0,0,0,0,0
131338,1,1,0,0,0,0,0,0,0,0,0,0
131339,1,1,0,0,0,0,0,0,0,0,0,0
131339,2,1,0,0,0,0,0,0,0,0,0,0
131339,3,1,0,0,0,0,0,16,0,0,0,0
131340,1,1,0,0,0,24,0,0,0,0,0,0
131341,1,1,0,0,0,0,0,0,0,0,0,0
131341,2,1,0,0,0,0,0,0,0,26,0,0
131341,3,1,0,0,0,0,0,0,0,0,0,0
131342,1,1,0,0,16,0,0,0,0,0,0,0
131342,2,1,0,0,0,0,0,0,0,0,0,0
131343,1,1,5,5,5,5,5,5,5,5,5,5
131343,2,1,0,0,0,0,0,0,0,0,0,0
131344,1,1,10,10,10,10,10,10,10,10,10,10
131345,1,1,24,24,24,24,24,24,24,24,24,24
131346,0,1,0,0,0,0,0,0,0,0,0,0
131346,1,1,0,0,0,0,0,0,0,0,0,0
131347,1,1,11,0,0,0,0,0,0,0,0,0
131347,2,1,0,0,0,0,0,0,0,0,0,0
131347,3,1,7,0,0,0,0,0,0,0,0,0
131348,0,1,0,0,0,0,0,0,12,0,29,0
131348,1,1,0,0,0,0,0,0,0,0,0,17
131349,0,1,0,0,0,0,0,0,0,0,0,0
131349,1,1,0,0,0,0,0,0,0,0,0,0
131350,0,1,0,0,0,0,26,0,0,0,0,0
131350,1,1,0,0,0,0,0,0,0,0,0,0
131351,0,1,35,35,35,35,35,35,35,35,35,35
131351,1,1,0,0,0,0,0,0,0,0,0,0
131352,1,1,0,0,0,0,0,0,0,31,0,0
131352,2,1,0,0,0,0,0,0,0,0,0,0
131353,1,1,0,0,15,0,0,0,0,0,0,0
131353,2,1,0,0,0,0,0,0,0,0,0,0
131353,3,1,0,0,0,0,0,0,0,20,0,0
131354,1,1,0,0,0,0,0,0,0,0,0,0
131354,2,1,0,0,23,0,0,0,0,0,0,0
131355,1,1,18,18,18,18,18,18,18,18,18,18
131356,0,1,0,0,0,0,0,0,0,0,0,0
131356,1,1,0,0,0,0,0,0,0,0,0,0
131357,1,1,0,0,0,0,0,0,0,0,0,0
131357,2,1,9,0,0,0,0,0,0,0,0,0
131358,1,1,26,26,26,26,26,26,26,26,26,26
131359,1,1,0,0,0,0,0,0,0,0,0,5
131359,2,1,0,0,0,0,0,0,0,0,0,0
131360,1,1,21,21,21,21,21,21,21,21,21,21
131360,2,1,30,0,0,0,0,0,0,0,0,25
131361,1,1,0,0,0,0,0,0,0,0,0,0
131361,2,1,0,0,0,0,0,0,0,0,0,0
131362,1,1,0,0,0,0,0,0,0,0,0,12
131362,2,1,0,13,0,0,0,19,24,0,0,0
131362,3,1,24,0,0,29,0,0,0,0,0,0
131363,0,1,6,6,6,6,6,6,6,6,6,6
131363,1,1,0,0,0,0,0,0,0,0,0,0
131364,0,1,0,0,0,0,0,0,0,0,0,0
131364,1,1,0,0,0,0,0,9,0,0,0,0
131366,1,1,21,21,21,21,21,21,21,21,21,21
131367,1,1,0,0,0,0,0,0,0,0,0,0
131367,2,1,0,0,0,0,0,0,0,0,0,0
131368,1,1,0,0,0,0,0,0,0,0,0,0
131368,2,1,0,0,0,0,0,0,0,0,0,0
131368,3,1,0,0,0,14,0,0,0,0,0,10
131369,0,1,0,0,0,0,0,0,0,0,0,0
131369,1,1,0,0,0,0,0,0,0,0,0,0
131370,1,1,0,0,0,0,0,0,0,0,0,0
131371,1,1,11,11,11,11,11,11,11,11,11,11
131372,1,1,0,0,0,0,11,0,0,0,51,0
131373,1,1,0,0,0,0,0,0,0,0,0,0
131374,1,1,0,0,0,0,0,7,0,0,0,0
131375,0,1,0,0,0,0,0,0,0,0,0,0
131375,1,1,0,0,0,0,0,0,0,0,0,0
131376,0,1,0,0,0,0,0,0,0,0,0,0
131376,1,1,0,0,0,0,0,0,0,0,0,0
131377,0,1,0,0,0,0,4,0,0,0,13,0
131377,1,1,0,0,0,0,0,0,0,0,0,0
131378,1,1,0,0,0,0,0,0,0,0,0,0
131378,2,1,9,0,0,0,0,0,0,13,0,0
131379,1,1,0,0,0,0,0,0,0,0,0,0
131380,1,1,22,22,22,22,22,22,22,22,22,22
131381,1,1,0,0,0,0,0,0,0,0,0,0
131381,2,1,0,0,0,0,0,0,0,0,0,0
131382,1,1,2,2,2,2,2,2,2,2,2,2
131383,1,1,37,37,37,37,37,37,37,37,37,37
131383,2,1,0,0,0,14,0,0,0,0,0,0
131383,3,1,0,0,0,0,0,0,0,0,0,0
131384,1,1,0,0,0,0,0,0,0,0,0,0
131384,2,1,0,0,0,0,0,0,0,0,0,0
131385,1,1,0,0,0,0,0,0,0,0,0,0
131385,2,1,0,0,0,0,0,0,0,0,0,0
131386,1,1,0,0,14,0,8,0,0,10,0,2
131387,1,1,0,0,7,0,0,0,0,0,0,0
131387,2,1,0,0,0,0,0,0,0,0,0,21
131388,1,1,0,0,0,0,0,0,0,0,0,0
131389,0,1,0,0,0,0,0,0,0,0,0,0
131389,1,1,0,0,0,0,0,0,0,0,0,0
131390,1,1,0,0,0,0,0,0,0,0,0,0
131390,2,1,0,0,0,0,0,0,0,0,0,0
131391,1,1,22,22,22,22,22,22,22,22,22,22
131392,1,1,3,3,3,3,3,3,3,3,3,3
131393,0,1,0,0,0,0,0,0,0,0,0,0
131393,1,1,0,0,0,0,0,0,0,0,0,0
131394,0,1,0,0,0,0,0,0,0,0,9,0
131394,1,1,0,0,0,0,0,0,20,0,0,0
131395,0,1,34,34,34,34,34,34,34,34,34,34
131395,1,1,0,14,0,0,0,0,0,17,0,0
131396,0,1,0,0,0,0,0,0,0,0,0,0
131396,1,1,0,0,0,0,0,0,0,0,0,0
131397,1,1,27,27,27,27,27,27,27,27,27,27
131397,2,1,0,0,0,0,0,0,0,0,0,0
131398,0,1,0,0,0,0,0,0,0,0,0,0
131398,1,1,0,0,0,0,0,0,0,0,0,0
131398,2,1,0,0,0,0,0,0,0,0,0,0
131399,1,1,0,0,0,0,0,0,0,0,0,0
131400,1,1,0,12,0,12,0,0,0,0,0,0
131400,2,1,0,0,0,0,0,0,0,0,0,0
131401,1,1,0,0,0,0,0,0,0,0,0,0
131403,1,1,3,3,3,3,3,3,3,3,3,3
131404,1,1,0,0,0,0,0,0,0,0,0,0
131404,2,1,0,0,0,0,7,0,0,0,0,0
131405,1,1,21,0,3,11,20,0,0,0,7,7
131406,0,1,0,0,0,0,0,0,0,0,0,0
131406,1,1,0,0,0,0,0,5,0,0,14,0
131407,1,1,14,0,0,0,0,7,0,0,0,0
131407,2,1,0,13,0,0,0,0,0,0,0,0
131408,1,1,0,0,0,0,0,0,0,0,0,0
131409,1,1,0,0,0,0,0,0,0,0,0,0
131410,0,1,0,0,0,0,0,0,0,0,0,0
131410,1,1,0,10,0,0,0,0,0,10,0,0
131411,1,1,0,0,0,0,0,0,0,0,0,0
131411,2,1,0,0,0,0,0,31,0,0,0,0
131412,1,1,0,0,4,0,0,0,0,0,0,0
131412,2,1,0,0,0,0,0,15,0,0,0,0
131413,0,1,0,0,0,30,0,0,24,0,0,0
131413,1,1,0,0,0,0,0,0,0,0,0,0
131414,0,1,35,35,35,35,35,35,35,35,35,35
131414,1,1,0,0,5,0,17,7,0,0,12,0
131415,1,1,0,0,0,0,0,0,0,0,0,0
131415,2,1,0,0,0,0,0,0,0,0,0,0
131416,1,1,0,0,0,0,0,0,0,0,0,0
131416,2,1,0,0,0,0,0,0,0,0,0,0
131417,1,1,0,0,0,0,0,0,0,0,0,0
131417,2,1,0,0,0,19,0,0,0,0,0,0
131417,3,1,0,0,0,0,0,0,0,0,0,0
131418,1,1,0,0,0,0,0,18,0,0,0,0
131418,2,1,0,0,0,0,0,0,0,0,0,0
131419,1,1,0,0,0,0,0,0,0,0,0,0
131419,2,1,13,0,0,0,0,0,0,0,0,0
131420,1,1,6,6,6,6,6,6,6,6,6,6
131421,1,1,0,0,0,0,0,0,0,0,0,0
131421,2,1,0,0,0,0,0,0,0,0,0,0
131422,1,1,0,0,0,0,0,0,0,0,0,0
131422,2,1,0,0,0,0,0,0,0,0,0,0
131422,3,1,0,28,0,0,0,0,0,16,0,0
131423,1,1,0,0,0,0,0,0,0,0,0,0
131423,2,1,0,0,0,0,0,0,0,0,0,0
131424,1,1,0,0,0,0,0,0,0,0,0,0
131424,2,1,0,0,0,0,0,0,0,0,0,0
131425,1,1,0,0,0,0,36,0,0,0,0,0
131426,1,1,0,0,0,0,0,0,0,24,0,0
131427,1,1,0,0,9,3,0,0,12,0,0,0
131428,1,1,0,0,0,0,0,0,0,0,0,0
131428,2,1,0,0,0,0,0,0,0,0,0,25
131428,3,1,0,37,0,0,0,0,0,0,0,0
131429,1,1,0,0,0,0,0,0,0,0,0,0
131429,2,1,0,0,0,0,0,0,0,0,0,0
131430,1,1,0,0,0,9,8,0,0,0,0,0
131431,1,1,0,0,0,0,0,0,0,0,0,0
131431,2,1,0,0,0,0,0,0,8,0,0,0
131432,1,1,0,0,0,0,0,0,0,0,0,0
131433,1,1,0,0,0,0,0,0,0,0,0,0
131434,1,1,0,0,0,0,0,0,0,0,0,0
131434,2,1,0,0,0,0,0,0,0,0,0,0
131434,3,1,0,0,0,0,0,0,0,0,0,0
131435,0,1,0,0,0,0,0,0,0,0,0,0
131435,1,1,0,0,0,0,0,0,0,0,0,0