ST_CASE,VEH_NO,PER_NO,P1,P2,P3,P4,P5,P6,P7,P8,P9,P10
170559,1,1,0,0,0,0,0,0,0,0,0,0
170560,1,1,8,8,8,8,8,8,8,8,8,8
170561,1,1,11,11,11,11,11,11,11,11,11,11
170562,1,1,0,0,16,0,0,0,0,0,0,14
170562,2,1,0,0,0,0,0,0,0,0,0,0
170563,0,1,0,0,0,0,0,0,0,0,0,0
170563,1,1,20,0,15,0,11,13,10,14,18,0
170564,0,1,0,0,0,0,0,0,0,0,0,0
170564,1,1,0,0,0,0,0,19,0,4,0,0
170565,1,1,0,0,0,0,0,0,0,0,0,0
170565,2,1,0,0,0,0,0,0,0,0,0,0
170566,1,1,0,0,6,0,0,0,0,0,0,21
170567,1,1,17,17,17,17,17,17,17,17,17,17
170568,1,1,0,0,0,0,0,0,0,0,0,0
170568,2,1,3,0,0,0,0,0,0,0,0,0
170569,1,1,1,1,1,1,1,1,1,1,1,1
170569,2,1,0,0,0,0,0,0,0,0,0,0
170570,1,1,21,21,21,21,21,21,21,21,21,21
170570,2,1,0,0,0,0,0,0,0,0,0,0
170571,0,1,0,24,0,0,21,0,0,0,18,0
170571,1,1,0,0,0,0,0,0,0,0,0,0
170572,1,1,0,0,0,0,0,0,0,0,18,0
170572,2,1,0,0,0,0,0,0,0,40,28,0
170573,1,1,0,0,0,0,0,0,0,0,0,0
170574,1,1,12,0,0,0,0,0,0,0,0,0
170574,2,1,0,0,0,0,0,0,0,0,0,0
170575,1,1,18,17,45,15,16,7,24,11,16,18
170575,2,1,0,15,21,0,8,12,17,0,28,26
170575,3,1,0,14,16,0,0,0,15,0,0,0
170575,4,1,0,0,16,7,0,0,0,0,0,0
170575,5,1,0,0,0,0,0,35,3,0,0,9
170575,6,1,0,27,0,26,15,0,0,0,0,0
170576,1,1,0,0,0,0,0,0,0,0,0,0
170576,2,1,0,0,0,0,0,0,0,2,0,0
170577,1,1,18,18,18,18,18,18,18,18,18,18
170578,1,1,0,0,27,0,22,0,0,0,10,6
170578,2,1,0,0,0,0,0,5,0,0,0,0
170579,1,1,30,30,30,30,30,30,30,30,30,30
170579,2,1,0,0,0,0,0,0,0,0,0,0
170580,1,1,0,0,0,0,0,0,0,0,0,0
170580,2,1,0,0,0,0,0,0,0,0,0,0
170581,1,1,23,23,23,23,23,23,23,23,23,23
170581,2,1,14,23,11,24,10,25,9,22,15,10
170582,0,1,22,22,22,22,22,22,22,22,22,22
170582,1,1,13,13,13,13,13,13,13,13,13,13
170583,1,1,0,0,0,0,0,0,0,0,0,0
170583,2,1,0,0,0,0,0,0,0,0,0,0
170584,1,1,0,0,0,0,0,0,15,29,32,0
170585,1,1,27,27,27,27,27,27,27,27,27,27
170586,1,1,0,0,0,44,29,8,0,10,0,0
170586,2,1,0,19,0,18,0,0,12,0,0,0
170587,1,1,0,0,0,0,0,0,0,0,0,0
170587,2,1,0,0,0,0,0,0,0,0,0,0
170587,3,1,0,0,0,0,0,0,0,0,0,0
170588,0,1,13,13,13,13,13,13,13,13,13,13
170588,1,1,0,0,0,0,0,0,0,0,0,0
170589,1,1,0,0,0,0,0,0,0,0,0,0
170589,2,1,0,0,0,0,0,0,0,0,0,0
170590,1,1,11,11,11,11,11,11,11,11,11,11
170590,2,1,0,0,0,34,0,0,0,0,0,0
170590,3,1,19,15,0,24,0,0,0,0,0,0
170590,4,1,0,0,12,0,0,0,0,0,23,0
170590,5,1,10,0,0,0,0,0,0,0,0,6
170591,1,1,21,11,12,0,7,0,16,14,0,0
170591,2,1,27,27,27,27,27,27,27,27,27,27
170592,1,1,35,35,35,35,35,35,35,35,35,35
170593,1,1,13,13,13,13,13,13,13,13,13,13
170593,2,1,0,0,17,0,0,0,0,0,0,0
170593,3,1,0,17,0,0,0,0,0,0,0,16
170593,4,1,0,0,0,0,0,0,0,0,21,0
170594,0,1,0,0,0,0,0,0,0,0,0,0
170594,1,1,0,0,0,0,0,0,0,0,0,0
170595,1,1,0,0,0,0,0,0,0,0,0,0
170595,2,1,0,10,0,43,0,23,16,8,0,19
170595,3,1,0,0,0,0,0,0,0,0,0,0
170596,1,1,0,0,0,0,0,0,0,0,0,0
170596,2,1,0,0,0,0,0,0,0,0,0,0
170597,1,1,5,17,12,10,17,30,2,36,12,14
170597,2,1,20,0,0,0,0,0,0,0,0,0
170597,3,1,0,0,0,0,0,0,0,0,0,0
170598,1,1,29,29,29,29,29,29,29,29,29,29
170599,1,1,0,0,0,0,0,9,19,0,0,15
170601,0,1,0,0,0,0,0,21,0,0,0,0
170601,0,2,5,0,0,0,0,11,32,0,13,0
170601,1,1,10,0,3,16,8,8,4,11,0,0
170602,1,1,0,0,0,0,0,0,0,0,0,0
170602,2,1,0,0,0,0,0,0,0,0,0,0
170604,0,1,0,15,0,29,0,0,0,0,0,0
170604,1,1,0,0,0,0,0,0,0,0,0,0
170605,1,1,0,0,0,0,31,0,0,0,0,0
170606,1,1,0,0,0,0,0,0,0,0,0,0
170606,2,1,0,0,0,0,0,0,0,0,0,0
170607,1,1,0,33,19,14,41,30,17,16,26,0
170608,1,1,21,18,13,19,14,0,2,0,0,15
170608,2,1,0,0,0,0,0,0,0,0,0,0
170609,1,1,0,0,0,0,0,0,2,0,0,24
170610,1,1,0,11,0,0,5,0,0,0,0,0
170610,2,1,0,0,0,0,0,0,0,0,0,0
170610,3,1,0,0,0,0,0,0,0,0,0,0
170611,1,1,0,0,0,0,0,0,20,0,0,20
170612,1,1,21,21,21,21,21,21,21,21,21,21
170612,2,1,0,0,0,0,0,0,0,0,0,0
170613,1,1,0,0,0,0,0,0,0,0,0,0
170613,2,1,0,0,0,0,0,0,0,0,0,0
170613,3,1,0,0,0,0,0,0,0,0,0,0
170614,0,1,0,11,30,30,0,0,5,0,0,0
170614,1,1,0,0,0,0,0,0,0,0,29,11
170614,2,1,4,0,0,11,16,0,0,0,14,0
170615,1,1,0,0,0,13,0,0,0,0,15,0
170616,1,1,0,0,0,0,0,0,0,0,0,0
170616,2,1,0,0,0,0,0,0,0,0,0,0
170617,1,1,0,0,0,0,0,0,0,0,0,0
170618,0,1,0,26,0,0,22,27,0,24,0,0
170619,1,1,0,0,0,0,0,0,0,0,0,0
170619,2,1,0,0,0,0,0,0,27,0,0,0
170620,1,1,0,0,0,0,0,0,0,0,0,0
170620,2,1,0,0,0,0,0,0,0,0,0,0
170621,1,1,0,0,0,0,0,0,0,0,0,0
170622,1,1,0,0,0,0,0,0,0,0,27,0
170622,2,1,0,0,0,0,0,0,0,0,0,0
170623,1,1,19,19,19,19,19,19,19,19,19,19
170624,1,1,0,0,0,0,0,0,0,0,0,0
170624,2,1,0,0,0,0,0,0,0,0,0,0
170625,0,1,0,0,0,0,0,0,0,0,0,0
170625,1,1,0,8,0,0,0,12,0,12,0,0
170626,1,1,20,0,0,15,30,9,0,0,0,0
170626,2,1,0,0,0,0,0,0,0,0,0,0
170627,1,1,0,0,0,0,0,0,0,0,0,0
170628,1,1,18,0,0,15,27,7,13,18,18,3
170629,1,1,0,0,0,0,0,0,0,0,0,0
170629,2,1,0,0,0,0,0,0,0,0,0,0
170630,1,1,0,0,0,0,0,0,0,0,0,0
170630,2,1,0,0,0,0,0,0,0,0,0,0
170632,1,1,0,0,0,0,0,0,0,0,0,0
170632,2,1,0,0,0,0,0,0,0,0,0,0
170633,1,1,0,0,0,0,0,9,0,0,6,0
170634,1,1,0,0,0,0,0,0,0,0,0,0
170634,2,1,0,0,0,0,0,0,0,0,0,0
170635,1,1,0,0,0,0,0,0,0,0,0,0
170635,2,1,0,0,0,0,0,0,0,0,0,0
170636,1,1,0,0,10,9,10,6,0,0,18,0
170637,1,1,0,0,0,0,0,0,0,0,0,0
170638,1,1,0,14,21,10,13,20,0,24,10,4
170639,0,1,24,21,40,11,13,10,0,0,0,0
170639,1,1,0,6,0,7,20,0,7,11,0,5
170640,1,1,17,17,17,17,17,17,17,17,17,17
170640,2,1,0,18,6,0,0,6,0,0,35,0
170640,3,1,0,0,36,11,0,0,0,0,11,0
170640,4,1,0,0,7,0,9,0,0,0,0,13
170641,1,1,5,5,5,5,5,5,5,5,5,5
170641,2,1,0,0,0,0,0,0,0,0,0,0
170642,1,1,0,0,0,0,0,0,0,0,0,0
170643,1,1,0,0,0,0,0,0,0,0,0,0
170644,1,1,0,0,0,0,0,0,0,0,0,0
170644,2,1,0,0,0,0,0,0,0,0,0,0
170644,3,1,0,0,0,0,0,0,0,0,0,0
170645,1,1,19,0,20,9,28,5,16,13,14,11
170645,2,1,0,14,0,0,0,0,0,0,0,0
170646,1,1,10,0,0,0,0,0,0,0,0,0
170647,1,1,0,5,7,0,18,0,7,11,14,0
170647,2,1,0,0,0,0,0,0,0,0,0,0
170648,1,1,0,0,12,0,12,19,0,16,28,13
170649,0,1,17,17,17,17,17,17,17,17,17,17
170649,1,1,0,0,0,17,0,0,21,0,0,18
170649,2,1,0,0,0,0,0,0,0,0,0,0
170650,1,1,3,3,3,3,3,3,3,3,3,3
170651,1,1,7,0,26,0,0,14,0,9,0,16
170651,2,1,0,0,0,0,0,0,0,0,0,0
170652,0,1,7,7,7,7,7,7,7,7,7,7
170652,1,1,0,0,0,0,0,0,0,0,0,0
170653,1,1,0,0,22,0,0,9,0,0,15,0
170653,2,1,9,0,8,0,0,0,0,0,0,0
170655,1,1,0,0,0,0,0,0,0,0,0,0
170655,2,1,0,0,0,0,0,0,0,0,0,0
170656,1,1,0,0,0,0,0,11,0,0,15,0
170656,2,1,0,0,0,0,15,0,11,0,0,0
170657,1,1,17,0,0,6,0,0,0,0,11,0
170657,2,1,11,0,8,0,8,17,28,0,24,9
170657,3,1,31,6,0,15,0,0,11,0,0,0
170658,1,1,0,0,0,0,0,0,0,0,0,0
170658,2,1,0,0,0,0,0,0,0,0,0,0
170658,3,1,0,16,0,0,0,0,4,0,0,0
170658,4,1,0,0,0,0,0,0,0,0,0,0
170659,1,1,0,0,0,0,0,0,0,0,0,0
170660,1,1,16,16,16,16,16,16,16,16,16,16
170660,2,1,0,0,0,0,0,0,0,16,0,0
170661,1,1,0,0,0,0,0,0,0,0,0,0
170662,1,1,0,0,0,0,0,0,0,0,0,0
170663,1,1,0,0,22,17,30,0,8,15,0,15
170664,1,1,19,19,19,19,19,19,19,19,19,19
170665,1,1,0,0,0,0,0,0,0,0,0,0
170665,2,1,0,0,0,0,0,0,0,0,0,0
170666,1,1,0,0,0,0,0,0,0,0,0,0
170666,2,1,0,0,0,0,0,0,0,0,0,0
170667,1,1,0,0,16,0,0,11,20,14,0,0
170668,0,1,0,0,0,0,0,0,0,0,0,0
170668,0,2,0,0,0,0,0,0,0,0,0,0
170668,1,1,0,0,0,0,0,0,0,0,28,0
170669,1,1,17,0,0,3,12,0,6,0,34,14
170670,1,1,0,92,0,8,11,13,31,22,0,0
170671,1,1,0,0,0,0,0,0,0,0,0,0
170671,2,1,0,0,0,0,0,0,0,0,0,0
170671,3,1,0,0,0,0,0,0,0,0,4,12
170672,1,1,0,0,0,0,0,0,0,0,0,0
170673,1,1,0,0,0,0,0,0,0,0,0,0
170673,2,1,0,0,0,0,0,0,0,0,0,0
170673,3,1,0,0,0,0,0,0,0,0,0,0
170674,0,1,0,0,0,0,0,0,0,0,0,0
170674,0,2,0,0,0,0,0,0,0,0,0,0
170674,1,1,0,0,0,0,0,0,0,0,0,0
170675,1,1,9,20,21,19,14,6,17,9,19,25
170676,1,1,0,0,0,0,0,0,0,0,0,0
170677,1,1,5,5,5,5,5,5,5,5,5,5
170677,2,1,25,0,10,0,7,0,0,0,0,0
170678,1,1,0,7,26,7,12,16,0,26,9,3
170679,1,1,10,10,10,10,10,10,10,10,10,10
170680,1,1,0,0,0,0,0,0,0,0,0,0
170681,1,1,0,0,0,0,0,0,0,0,0,0
170682,1,1,20,20,20,20,20,20,20,20,20,20
170683,1,1,0,0,0,0,0,0,0,0,0,0
170684,1,1,17,17,17,17,17,17,17,17,17,17
170685,1,1,0,0,0,0,0,0,0,0,0,0
170686,1,1,2,2,2,2,2,2,2,2,2,2
170686,2,1,0,0,0,0,0,0,0,0,0,0
170688,1,1,16,20,16,7,17,10,17,28,24,22
170688,2,1,0,0,0,0,0,0,0,0,0,0
170689,1,1,13,13,13,13,13,13,13,13,13,13
170689,2,1,17,0,0,0,4,0,0,0,0,0
170689,3,1,0,0,0,0,0,0,0,0,0,0
170689,4,1,0,0,0,0,0,0,0,0,0,0
170689,5,1,0,0,0,0,0,0,0,0,0,0
170690,1,1,15,15,15,15,15,15,15,15,15,15
170691,1,1,20,20,20,20,20,20,20,20,20,20
170692,1,1,0,0,0,0,0,0,0,0,0,0
170692,2,1,0,0,0,0,0,0,0,0,0,0
170692,3,1,0,0,0,0,0,7,0,0,0,0
170693,1,1,1,1,1,1,1,1,1,1,1,1
170693,2,1,0,0,0,0,0,0,0,0,0,0
170694,1,1,7,0,0,0,0,10,0,0,14,0
170694,2,1,0,0,0,0,0,0,0,0,0,0
170695,1,1,0,0,0,0,0,0,0,0,0,0
170695,2,1,0,0,0,13,0,19,0,0,0,0
170696,1,1,0,0,0,0,0,0,0,0,0,0
170696,2,1,0,0,0,0,0,0,0,0,0,0
170697,1,1,17,17,17,17,17,17,17,17,17,17
170698,1,1,0,0,0,0,0,0,0,0,0,0
170699,1,1,0,0,0,0,0,0,0,0,0,0
170700,1,1,0,0,0,0,0,0,0,0,0,0
170700,2,1,15,15,15,15,15,15,15,15,15,15
170701,1,1,0,0,0,0,0,0,0,0,0,0
170701,2,1,0,0,0,0,0,0,0,0,0,0
170702,1,1,0,0,0,17,12,0,0,15,0,0
170702,2,1,0,0,0,21,0,9,0,0,20,0
170703,0,1,0,0,0,32,0,0,0,0,0,33
170703,1,1,7,17,12,0,21,8,29,19,8,0
170704,1,1,15,15,15,15,15,15,15,15,15,15
170705,1,1,19,6,14,0,10,13,17,0,0,14
170705,2,1,0,0,0,0,0,0,0,0,0,0
170706,1,1,0,0,0,0,0,0,0,0,0,0
170707,1,1,16,16,16,16,16,16,16,16,16,16
170708,0,1,0,0,0,0,0,0,11,28,0,0
170708,1,1,0,0,23,5,0,17,0,0,0,10
170709,0,1,0,0,0,0,0,0,0,0,0,0
170709,0,2,0,0,0,0,0,0,0,0,0,0
170709,0,3,0,0,0,0,31,0,0,0,0,0
170709,1,1,0,0,0,0,0,0,0,0,0,0
170710,1,1,17,17,17,17,17,17,17,17,17,17
170711,1,1,0,0,0,0,0,0,0,0,0,0
170712,1,1,0,0,0,0,0,0,0,0,0,0
170712,2,1,0,0,0,0,0,0,0,0,0,0
170712,3,1,0,0,0,0,0,0,0,0,0,0
170713,1,1,5,5,5,5,5,5,5,5,5,5
170713,2,1,0,0,13,0,0,0,0,0,0,0
170714,1,1,0,0,0,0,0,0,0,0,0,0
170714,2,1,0,0,0,0,0,0,0,0,0,0
170715,0,1,0,0,21,0,0,0,15,0,0,0
170715,1,1,19,0,0,9,0,0,0,2,0,0
170716,1,1,0,0,0,0,0,0,0,0,0,0
170716,2,1,0,0,0,0,0,0,0,0,0,0
170717,1,1,0,0,0,0,0,13,10,13,25,11
170717,2,1,0,0,6,0,0,22,19,9,0,15
170718,1,1,0,0,0,0,0,0,0,0,0,0
170718,2,1,0,0,0,0,0,0,0,0,0,0
170718,3,1,0,0,0,0,0,0,0,0,3,0
170719,1,1,0,0,0,0,0,0,0,0,0,0
170719,2,1,0,0,0,0,0,0,0,0,0,0
170722,1,1,0,0,0,0,0,0,0,0,0,0
170722,2,1,0,0,0,0,0,0,0,0,0,0
170722,3,1,0,0,0,0,0,0,0,0,0,0
170723,0,1,0,0,0,0,0,0,0,0,0,0
170723,1,1,0,0,0,19,0,0,0,0,0,0
170724,1,1,0,0,15,0,0,0,19,0,0,0
170725,1,1,0,0,0,17,0,0,0,0,0,0
170726,0,1,0,0,0,0,0,0,0,0,0,0
170726,1,1,0,0,0,0,0,0,0,0,0,0
170727,1,1,14,0,0,11,0,10,0,0,4,40
170727,2,1,7,0,0,16,0,0,0,0,0,9
170728,1,1,4,4,4,4,4,4,4,4,4,4
170728,2,1,0,13,0,0,0,0,0,0,0,0
170728,3,1,0,0,9,0,0,20,22,0,0,8
170729,1,1,0,0,0,0,0,0,0,0,0,0
170729,2,1,0,24,0,20,28,16,0,22,25,21
170730,1,1,16,16,16,16,16,16,16,16,16,16
170730,2,1,0,0,0,0,0,0,0,6,0,0
170730,3,1,15,0,0,0,0,10,6,11,14,0
170731,1,1,14,14,14,14,14,14,14,14,14,14
170732,1,1,11,11,11,11,11,11,11,11,11,11
170732,2,1,0,0,0,0,0,0,0,0,0,12
170733,1,1,28,28,28,28,28,28,28,28,28,28
170734,1,1,13,13,13,13,13,13,13,13,13,13
170734,2,1,12,0,0,0,7,0,11,23,16,18
170735,1,2,24,14,0,0,30,0,16,15,0,16
170736,0,1,6,6,6,6,6,6,6,6,6,6
170736,1,1,14,10,0,18,10,0,0,11,35,19
170737,1,1,12,0,0,19,0,0,0,0,0,19
170737,2,1,8,8,8,8,8,8,8,8,8,8
170738,1,1,0,0,0,0,0,0,0,0,0,17
170739,1,1,33,33,33,33,33,33,33,33,33,33
170740,0,1,0,0,23,13,0,0,0,0,0,0
170740,1,1,0,0,0,0,0,0,0,0,0,0
170741,0,1,0,0,0,0,0,0,0,0,0,15
170741,1,1,0,0,0,0,0,0,0,0,0,0
170742,0,1,15,15,15,15,15,15,15,15,15,15
170742,1,1,0,0,0,0,0,0,0,0,0,0
170743,1,1,0,0,0,0,0,0,0,0,0,0
170744,0,1,0,0,0,0,0,0,0,0,0,0
170744,1,1,0,0,0,0,26,10,10,0,20,13
170745,1,1,0,0,0,0,0,0,0,0,0,0
170745,2,1,0,0,0,0,0,0,0,0,0,0
170746,1,1,0,0,0,0,0,13,0,0,16,0
170748,1,1,0,0,0,0,0,0,0,0,0,0
170748,2,1,0,0,0,0,0,0,0,0,0,0
170749,1,1,0,0,0,0,0,0,0,0,0,0
170749,2,1,0,0,0,0,0,0,0,0,0,0
170750,0,1,0,0,0,0,0,0,0,0,0,0
170750,1,1,17,27,19,0,15,20,13,0,12,36
170751,1,1,21,21,21,21,21,21,21,21,21,21
170752,1,1,0,0,0,0,0,0,0,0,0,2
170753,0,1,9,0,0,16,0,0,0,0,11,0
170753,1,1,0,0,0,0,0,0,0,0,0,0
170755,1,1,0,0,0,15,0,11,9,9,0,0
170756,1,1,0,0,0,0,0,0,0,0,0,0
170756,2,1,0,0,0,0,0,0,0,0,0,0
170756,3,1,0,0,0,0,0,0,0,0,0,0
170757,1,1,0,0,0,0,0,0,0,0,0,0
170758,1,1,17,17,17,17,17,17,17,17,17,17
170758,2,1,4,4,4,4,4,4,4,4,4,4
170759,1,1,0,0,0,25,23,0,13,0,0,0
170760,1,1,13,16,10,5,25,0,4,4,19,21
170760,2,1,0,0,0,0,0,0,0,0,0,0
170760,3,1,0,0,0,0,0,0,0,0,0,0
170761,1,1,0,0,0,0,0,0,0,0,0,0
170762,1,1,0,0,0,0,0,0,0,0,0,0
170762,2,1,0,0,0,0,0,0,0,0,0,0
170763,1,1,18,18,18,18,18,18,18,18,18,18
170763,2,1,0,0,0,0,0,0,0,0,0,0
170764,1,1,0,0,0,0,0,0,0,0,0,0
170764,2,1,0,0,0,0,0,0,0,0,0,0
170765,1,1,0,24,14,0,0,0,0,0,0,0
170765,2,1,0,0,0,4,0,0,0,0,0,0
170765,3,1,0,0,0,0,0,0,0,0,0,0
170766,1,1,0,0,0,0,0,0,0,0,0,0
170766,2,1,0,0,0,0,0,0,0,30,0,0
170767,1,1,0,0,0,0,27,0,0,0,0,0
170767,2,1,0,0,0,0,0,0,0,0,0,0
170768,1,1,4,0,0,0,0,14,0,0,0,0
170769,1,1,0,10,2,0,0,24,0,12,0,11
170770,0,1,0,0,0,0,14,0,16,23,0,30
170770,1,1,0,0,0,0,0,0,0,0,0,0
170771,0,1,0,0,12,0,0,0,0,0,0,10
170771,1,1,0,14,5,12,8,17,6,18,0,0
170772,1,1,1,1,1,1,1,1,1,1,1,1
170773,1,1,0,0,0,0,0,0,0,0,0,0
170773,2,1,0,0,0,0,0,0,0,0,0,0
170774,0,1,36,36,36,36,36,36,36,36,36,36
170774,1,1,0,0,0,0,0,0,0,0,0,0
170775,1,1,0,0,0,0,0,0,0,0,0,0
170776,1,1,0,0,0,0,0,0,0,0,0,0
170777,1,1,24,24,24,24,24,24,24,24,24,24
170778,1,1,0,0,0,0,0,0,0,0,0,0
170779,1,1,13,0,0,14,0,6,21,0,0,0
170780,1,1,7,25,12,15,11,9,0,14,19,8
170780,2,1,14,0,0,14,0,11,0,0,0,0
170782,1,1,0,0,25,10,30,23,26,21,0,17
170785,1,1,0,0,0,0,0,0,0,0,0,0
170785,2,1,0,27,27,0,0,0,0,16,0,0
170786,1,1,0,0,0,0,0,13,0,0,0,0
170786,2,1,0,0,0,0,0,0,0,0,0,0
170787,1,1,5,5,5,5,5,5,5,5,5,5
170787,2,1,0,0,0,0,0,0,0,0,0,0
170789,1,1,6,6,6,6,6,6,6,6,6,6
170791,1,1,0,0,0,0,0,0,0,0,0,0
170792,1,1,3,3,3,3,3,3,3,3,3,3
170792,2,1,0,0,0,0,0,0,0,0,0,0
170793,1,1,0,0,0,0,0,0,0,0,0,0
170793,2,1,0,0,0,0,0,0,0,0,0,0
170794,1,1,17,17,17,17,17,17,17,17,17,17
170794,2,1,0,0,0,0,0,0,0,0,0,0
170795,1,1,0,0,0,0,20,0,0,23,17,15
170795,2,1,11,0,0,15,0,0,30,0,0,6
170797,1,1,0,0,0,0,0,0,0,9,0,0
170797,2,1,6,0,0,0,0,22,0,15,22,17
170798,0,1,0,0,0,0,0,0,0,0,0,0
170798,1,1,0,0,0,0,0,36,0,0,10,0
170798,3,1,0,0,0,0,28,0,0,0,0,24
170798,4,1,0,0,16,4,0,0,20,5,0,0
170798,5,1,0,11,0,0,0,0,0,0,0,16
170799,1,1,0,0,0,0,0,9,0,24,0,28
170800,0,1,0,0,0,0,0,0,0,0,0,0
170800,1,1,0,0,0,0,0,0,0,0,0,0
170801,0,1,0,0,24,0,45,0,0,0,0,0
170801,1,1,0,0,0,0,0,0,0,0,0,0
170802,0,1,0,0,0,0,0,0,0,0,0,0
170802,1,1,0,0,0,0,0,0,0,0,0,0
170803,1,1,0,0,0,0,0,0,0,0,0,0
170803,2,1,0,0,0,0,0,0,0,0,0,0
170803,3,1,0,0,0,0,15,0,12,0,0,0
170804,0,1,0,0,0,0,18,0,0,0,13,15
170804,1,1,0,0,0,0,0,0,0,0,15,0
170805,1,1,0,0,0,0,0,0,0,0,0,0
170806,1,1,0,0,0,0,0,0,0,0,0,0
170806,2,1,0,0,0,0,0,0,0,0,0,0
170806,3,1,0,0,0,0,0,0,0,0,0,0
170807,1,1,0,12,26,0,26,0,22,0,0,43
170808,0,1,0,0,0,0,0,0,0,0,0,0
170808,1,1,8,0,16,2,9,0,13,18,9,0
170809,0,1,0,0,0,0,0,0,0,0,0,0
170809,1,1,11,11,11,11,11,11,11,11,11,11
170810,1,1,0,0,0,0,0,0,0,0,0,0
170810,2,1,0,8,14,5,0,0,0,0,0,13
170811,1,1,4,4,4,4,4,4,4,4,4,4
170812,1,1,26,26,26,26,26,26,26,26,26,26
170813,0,1,0,0,0,9,0,0,0,0,37,0
170813,1,1,0,0,0,0,0,0,0,0,0,0
170814,0,1,0,0,0,0,0,0,0,0,0,0
170814,1,1,7,5,0,0,0,2,0,0,0,0
170816,1,1,0,0,0,0,0,11,27,8,15,14
170816,2,1,0,0,0,0,0,0,0,0,0,0
170816,3,1,0,0,0,10,0,0,0,0,0,0
170816,4,1,0,0,0,0,0,0,0,0,0,0
170817,1,1,0,0,0,0,0,0,0,0,0,0
170817,2,1,0,0,9,0,0,0,0,0,0,0
170818,0,1,0,0,0,0,0,0,0,0,0,11
170818,1,1,0,0,0,0,0,16,0,0,0,0
170818,2,1,24,0,0,0,0,20,0,0,10,16
170819,0,1,0,0,0,0,0,0,30,0,0,2
170819,1,1,0,0,0,0,0,0,0,0,0,0
170820,1,1,0,0,0,0,0,0,0,0,0,0
170820,2,1,27,15,6,0,11,21,0,0,0,8
170821,1,1,17,17,17,17,17,17,17,17,17,17
170821,2,1,0,0,0,23,0,0,0,0,0,0
170822,0,1,24,24,24,24,24,24,24,24,24,24
170822,1,1,19,0,13,16,0,0,11,10,0,10
170823,1,1,2,2,2,2,2,2,2,2,2,2
170825,1,1,13,0,10,0,0,3,25,0,0,0
170826,1,1,21,21,21,21,21,21,21,21,21,21
170827,1,1,17,17,17,17,17,17,17,17,17,17
170827,2,1,0,0,0,0,0,0,0,0,0,0
170828,0,1,0,0,0,0,0,0,0,0,0,0
170828,1,1,0,0,0,0,0,0,0,0,0,0
170829,1,1,32,32,32,32,32,32,32,32,32,32
170831,1,1,12,12,12,12,12,12,12,12,12,12
170833,1,1,0,0,0,0,0,0,0,0,19,0
170834,0,1,0,0,0,0,10,17,0,0,0,0
170834,1,1,3,0,0,2,1,10,8,7,6,0
170835,0,1,37,13,4,9,14,24,3,6,16,0
170835,1,1,0,0,21,0,29,0,0,0,0,0
170836,1,1,0,0,0,0,0,0,0,0,0,0
170838,1,1,0,0,21,0,34,18,27,0,0,0
170838,2,1,0,0,0,20,0,0,0,0,0,19
170839,1,1,0,0,0,0,0,0,0,0,0,0
170840,1,1,0,0,0,0,0,0,0,0,0,0
170841,1,1,0,0,0,0,0,0,0,0,0,0
170841,2,1,0,0,0,0,0,0,0,0,0,0
170842,1,1,0,0,0,0,0,0,0,0,0,0
170842,2,1,0,0,0,0,0,0,0,0,5,0
170843,1,1,0,0,0,0,0,0,0,0,0,0
170844,0,1,0,35,0,0,0,0,0,0,0,0
170844,1,1,0,8,0,0,43,5,0,0,0,6
170845,1,1,14,14,14,14,14,14,14,14,14,14
170845,2,1,0,0,0,0,0,0,0,0,0,0
170846,1,1,17,6,20,13,16,24,8,0,0,3
170847,1,1,31,31,31,31,31,31,31,31,31,31
170847,2,1,0,0,0,0,0,0,0,0,0,0
170848,1,1,0,0,0,0,0,0,0,0,0,0
170848,2,1,0,0,0,0,0,0,0,0,0,0
170849,1,1,17,17,17,17,17,17,17,17,17,17
170849,2,1,0,0,0,0,0,0,0,0,0,0
170850,0,1,15,0,0,18,0,0,32,20,33,0
170850,1,1,0,0,0,0,0,0,0,0,0,0
170851,1,1,16,27,6,11,21,30,8,19,16,16
170853,0,1,12,12,12,12,12,12,12,12,12,12
170853,1,1,0,0,0,0,0,0,0,0,0,0
170854,1,1,16,16,16,16,16,16,16,16,16,16
170855,1,1,2,2,2,2,2,2,2,2,2,2
170856,1,1,13,3,12,18,28,34,31,34,16,24
170857,1,1,32,32,32,32,32,32,32,32,32,32
170858,1,1,4,4,4,4,4,4,4,4,4,4
170859,1,1,0,16,0,0,0,0,0,0,0,0
170859,2,1,0,0,0,0,0,0,0,0,0,0
170860,1,1,13,6,9,17,12,0,0,16,21,0
170861,1,1,0,0,0,15,0,0,0,0,0,0
170862,0,1,15,8,0,29,0,0,0,0,0,0
170862,1,1,6,0,13,0,0,0,0,0,0,0
170863,1,1,0,0,9,0,0,0,0,0,0,0
170863,2,1,8,0,0,14,16,0,0,7,0,0
170864,1,1,17,17,17,17,17,17,17,17,17,17
170865,1,1,0,24,0,0,0,0,0,23,0,0