ST_CASE,VEH_NO,PER_NO,P1,P2,P3,P4,P5,P6,P7,P8,P9,P10
171166,1,1,0,0,0,0,0,0,0,0,0,0
171167,1,1,19,19,19,19,19,19,19,19,19,19
171168,0,1,0,0,0,0,0,0,0,0,0,0
171168,1,1,0,0,0,0,0,14,15,0,0,0
171169,1,1,0,0,0,0,0,0,0,0,0,0
171169,2,1,0,0,0,0,0,0,0,0,0,0
171170,0,1,0,0,0,0,0,0,0,0,0,0
171170,1,1,0,14,0,0,14,0,0,0,0,0
171171,1,1,6,0,0,0,0,0,0,0,15,0
171171,2,1,0,0,0,0,0,0,0,0,0,0
171172,1,1,0,0,0,0,0,0,0,0,0,34
171173,1,1,0,0,0,0,0,0,0,22,0,0
171174,1,1,30,0,0,0,10,14,17,0,0,25
171174,2,1,0,0,20,0,0,0,0,0,0,13
171175,1,1,0,0,0,0,13,0,0,0,0,0
171175,2,1,0,5,0,0,0,12,0,0,0,0
171176,1,1,0,0,0,0,0,0,0,0,0,0
171176,2,1,0,0,0,0,0,0,0,0,0,0
171177,1,1,0,0,0,0,0,0,0,0,0,0
171178,0,1,0,0,0,6,0,0,0,0,21,0
171178,1,1,22,8,5,0,9,20,0,10,0,19
171180,1,1,18,18,18,18,18,18,18,18,18,18
171181,1,1,0,0,0,0,0,0,0,16,0,0
171181,2,1,0,0,0,0,0,0,0,0,0,0
171182,1,1,20,0,30,29,9,26,0,13,0,0
171183,1,1,16,16,16,16,16,16,16,16,16,16
171184,0,1,12,0,0,19,0,0,0,12,0,15
171184,1,1,11,13,0,5,0,0,0,10,9,7
171185,0,1,0,0,0,0,0,0,25,0,0,27
171185,1,1,7,0,10,12,18,7,0,13,0,11
171186,1,1,13,0,0,0,0,0,22,0,6,0
171187,1,1,0,0,0,0,0,0,0,0,0,0
171188,0,1,0,0,0,0,0,0,0,0,0,0
171188,1,1,0,0,0,0,0,0,0,0,0,0
171189,0,1,49,49,49,49,49,49,49,49,49,49
171189,1,1,0,0,0,0,0,0,0,0,0,0
171190,1,1,3,7,16,0,18,0,17,3,22,17
171191,1,1,22,14,22,15,12,11,17,19,39,25
171192,1,1,0,0,0,0,0,0,0,0,0,0
171192,2,1,0,0,15,32,0,0,0,0,0,14
171193,1,1,0,0,0,0,0,0,0,0,0,0
171194,1,1,21,21,21,21,21,21,21,21,21,21
171195,1,1,0,0,0,0,0,0,0,0,0,0
171195,2,1,0,0,0,0,0,0,0,0,0,0
171196,1,1,0,31,6,0,12,0,0,0,9,0
171196,2,1,24,7,0,0,0,0,0,30,0,17
171197,0,1,5,0,0,19,0,0,0,21,0,0
171197,1,1,0,0,0,0,0,0,0,0,0,0
171198,1,1,7,12,7,0,9,2,0,7,0,0
171198,2,1,0,0,0,0,0,0,0,0,0,0
171198,3,1,0,0,11,0,0,14,0,0,0,17
171198,4,1,0,0,0,0,0,0,0,23,0,0
171198,5,1,0,0,0,0,0,0,0,0,16,0
171198,6,1,0,0,0,21,0,0,0,0,0,0
171198,7,1,0,0,0,0,0,0,0,0,0,0
171199,1,1,0,0,0,0,0,0,0,0,0,0
171199,2,1,0,0,0,0,0,0,0,0,0,0
171200,1,1,0,0,10,0,0,0,0,0,22,11
171200,2,1,0,25,14,24,0,0,0,0,0,0
171201,1,1,0,0,0,0,0,0,0,0,0,0
171202,0,1,0,14,19,0,0,0,29,18,8,0
171202,1,1,0,0,13,0,0,0,0,0,0,0
171203,0,1,8,25,0,16,0,0,6,0,0,0
171203,1,1,0,0,0,0,23,0,0,0,0,0
171204,1,1,0,0,0,0,0,0,0,0,0,0
171204,2,1,0,0,0,0,0,0,0,0,0,0
171205,0,1,3,0,9,0,0,13,13,10,0,0
171205,1,1,0,0,0,0,15,0,0,0,0,0
171206,1,1,5,5,5,5,5,5,5,5,5,5
171207,1,1,0,24,0,0,0,21,0,14,0,4
171208,1,1,0,0,0,0,0,0,0,9,0,2
171209,1,1,24,0,0,0,19,0,21,0,0,0
171209,2,1,0,0,0,0,0,0,0,0,0,0
171210,1,1,0,0,0,15,28,34,11,25,13,0
171211,1,1,22,0,0,10,0,0,0,0,0,0
171211,2,1,15,0,0,0,0,0,0,0,0,0
171212,1,1,0,0,11,0,0,0,27,0,0,0
171213,1,1,0,0,0,5,19,0,0,0,6,0
171213,2,1,0,0,0,8,0,0,0,16,0,0
171214,0,1,0,0,0,0,0,0,0,0,0,0
171214,1,1,0,0,0,0,0,0,0,0,0,0
171215,1,1,0,17,0,0,18,0,0,0,0,0
171215,2,1,0,0,0,0,0,0,0,8,0,0
171216,1,1,0,0,0,0,0,0,0,0,0,10
171216,2,1,0,0,0,0,0,0,0,0,0,0
171217,1,1,0,0,0,0,0,0,0,0,0,0
171217,2,1,0,0,0,0,0,0,0,0,0,0
171218,1,1,7,4,6,13,20,28,12,25,0,0
171218,2,1,0,0,0,0,0,0,0,0,0,0
171219,0,1,0,0,19,0,0,0,0,34,38,0
171219,1,1,0,0,0,0,0,0,0,0,0,0
171220,1,1,0,0,6,0,0,0,0,0,0,0
171221,0,1,44,9,26,38,24,34,42,13,22,25
171221,1,1,0,0,0,0,0,0,0,0,0,0
171222,1,1,35,0,0,0,0,23,0,18,0,0
171223,1,1,6,0,0,21,16,14,18,0,21,22
171224,1,1,0,0,24,0,0,0,0,0,10,0
171224,2,1,0,12,0,0,26,24,0,31,18,0
171225,1,1,0,0,23,0,0,27,0,0,0,0
171226,0,1,13,13,13,13,13,13,13,13,13,13
171226,1,1,0,0,16,0,0,0,0,0,0,0
171227,0,1,0,0,0,0,0,0,0,0,29,32
171227,1,1,0,0,7,0,0,0,15,0,0,0
171228,1,1,27,0,0,0,10,0,0,0,0,0
171229,1,1,17,0,0,12,0,14,0,0,0,0
171229,2,1,0,0,0,4,0,14,0,0,0,0
171229,3,1,0,0,0,0,0,0,0,0,0,0
171230,1,1,0,0,15,0,0,0,0,0,0,0
171230,2,1,13,0,0,3,0,0,0,0,0,0
171231,1,1,0,0,0,0,0,0,0,0,0,0
171233,1,1,0,0,0,0,0,0,0,0,0,0
171233,2,1,0,0,0,0,0,0,0,0,0,0
171235,1,1,0,0,0,0,0,0,0,0,0,0
171235,2,1,0,18,0,0,0,0,0,0,31,0
171236,1,1,0,0,0,0,0,0,0,0,0,0
171236,2,1,0,0,0,0,0,0,0,0,0,0
171236,3,1,0,0,0,0,0,0,0,0,0,0
171237,1,1,16,16,16,16,16,16,16,16,16,16
171238,1,1,0,0,0,0,0,0,0,0,0,0
171238,2,1,0,0,0,0,0,0,0,0,0,0
171239,1,1,16,16,16,16,16,16,16,16,16,16
171240,1,1,9,9,9,9,9,9,9,9,9,9
171241,0,1,33,0,15,0,20,5,0,0,25,26
171241,1,1,17,15,0,6,0,0,0,0,0,0
171242,1,1,0,26,0,0,0,0,0,0,17,0
171243,1,1,0,17,20,0,10,0,21,0,0,0
171244,0,1,0,0,0,0,27,0,0,0,0,14
171244,1,1,0,0,0,0,15,0,0,0,0,0
171245,1,1,0,0,0,0,0,11,13,0,0,0
171245,2,1,0,0,18,0,0,0,0,0,0,6
171247,1,1,0,0,0,0,0,0,0,0,0,0
171247,2,1,0,0,0,0,0,0,0,0,0,0
171248,0,1,0,0,24,19,0,0,0,17,2,7
171248,1,1,7,7,7,7,7,7,7,7,7,7
171249,0,1,0,17,0,21,0,35,0,6,0,0
171249,1,1,0,18,28,0,0,6,0,0,6,0
171250,0,1,0,0,0,0,25,0,8,41,0,5
171250,1,1,0,0,0,0,0,3,0,0,0,0
171250,2,1,12,0,16,0,3,0,0,0,0,0
171251,1,1,21,21,21,21,21,21,21,21,21,21
171253,1,1,3,7,0,0,5,0,17,0,0,0
171253,2,1,14,17,22,0,0,0,0,0,0,6
171253,3,1,0,0,0,0,0,0,0,0,0,0
171257,0,1,0,0,0,0,0,0,0,0,0,0
171257,1,1,0,0,0,0,0,0,0,0,0,0
171258,1,1,7,0,0,0,0,0,0,0,0,0
171259,1,1,0,9,0,0,17,0,0,0,0,0
171259,2,1,0,0,0,0,0,0,0,0,0,0
171259,3,1,0,0,0,0,0,0,0,0,0,0
171260,1,1,22,0,9,19,21,7,0,0,0,43
171261,1,1,0,0,0,0,0,0,0,0,0,0
171262,1,1,0,0,0,0,0,0,0,0,0,0
171262,2,1,0,0,0,0,0,0,19,0,0,0
171263,1,1,0,20,0,12,0,0,16,0,9,0
171264,1,1,16,0,0,0,0,0,0,0,0,0
171264,2,1,0,20,0,0,0,8,0,0,0,0
171265,1,1,19,19,26,0,32,0,0,0,0,0
171267,1,1,19,0,0,9,0,9,0,0,23,26
171268,0,1,0,0,0,0,0,0,0,24,0,0
171268,1,1,0,0,0,0,0,0,0,0,0,0
171269,1,1,15,10,0,22,0,17,19,11,0,0
171271,1,1,0,15,10,10,0,16,16,10,5,14
171272,0,1,0,0,0,9,0,0,0,0,25,0
171272,1,1,0,0,16,0,5,26,0,1,0,0
171272,2,1,0,0,9,30,0,0,5,26,0,0
171272,3,1,0,0,22,0,0,0,0,9,7,0
171273,0,1,0,0,36,0,33,0,0,0,0,0
171273,0,2,0,0,0,0,0,7,0,0,0,0
171273,1,1,0,0,29,0,0,0,0,0,0,20
171273,4,1,0,0,6,0,0,0,0,0,0,6
171275,1,1,17,5,0,12,0,12,12,22,24,12
171276,1,1,2,2,2,2,2,2,2,2,2,2
171276,2,1,0,0,0,0,0,0,0,0,0,0
171276,3,1,0,0,0,0,0,0,0,0,0,0
171276,4,1,0,0,0,0,0,0,0,0,0,0
171277,0,1,0,10,0,0,0,0,0,0,0,0
171277,1,1,0,0,0,0,6,0,5,0,0,13
171278,1,1,0,0,9,26,0,0,0,0,0,0
171279,1,1,2,0,8,10,20,0,19,0,18,16
171280,1,1,0,0,0,0,0,0,0,0,0,0
171280,2,1,0,0,0,0,0,0,0,0,0,0
171281,0,1,0,0,0,0,0,13,0,0,0,25
171281,1,1,7,8,7,8,29,9,0,8,17,10
171282,1,1,32,19,12,16,0,0,19,9,3,0
171283,1,1,0,0,0,13,10,0,0,0,8,8
171283,2,1,0,0,0,0,0,0,0,0,0,0
180001,1,1,0,0,0,0,13,21,0,0,0,19
180002,1,1,0,0,0,0,0,0,0,0,0,0
180002,2,1,0,0,0,0,0,0,0,0,0,0
180003,1,1,0,0,0,0,0,0,11,0,0,10
180004,1,1,33,33,33,33,33,33,33,33,33,33
180004,2,1,0,0,0,0,0,0,0,0,0,0
180005,1,1,0,0,0,0,0,0,0,0,0,0
180006,1,1,26,0,0,19,11,13,18,0,0,0
180007,1,1,0,0,0,0,0,0,0,0,0,0
180007,2,1,0,0,0,0,0,0,0,0,0,38
180008,0,1,0,0,0,0,0,0,0,0,0,0
180008,1,1,0,0,0,0,0,0,0,0,0,0
180008,2,1,3,3,3,3,3,3,3,3,3,3
180009,1,1,13,13,13,13,13,13,13,13,13,13
180009,2,1,0,0,0,0,0,0,0,0,0,0
180010,1,1,22,22,22,22,22,22,22,22,22,22
180011,1,1,0,0,0,0,0,0,0,0,0,0
180011,2,1,0,0,0,0,0,0,0,0,0,0
180011,3,1,0,0,0,0,0,0,0,0,0,0
180012,1,1,31,31,31,31,31,31,31,31,31,31
180013,1,1,25,25,25,25,25,25,25,25,25,25
180014,0,1,18,32,0,18,22,0,0,0,0,0
180014,1,1,0,0,0,0,0,0,0,0,0,0
180015,1,1,0,0,0,0,0,0,0,0,0,0
180015,2,1,0,0,0,0,0,0,0,0,0,0
180015,3,1,0,0,0,0,0,0,0,0,0,0
180016,1,1,0,0,0,0,0,0,0,0,0,0
180016,2,1,0,0,0,0,0,0,0,0,0,0
180017,1,1,0,0,0,0,0,0,0,0,0,0
180017,2,1,0,0,0,0,0,0,0,0,0,0
180018,1,1,0,0,0,0,6,28,0,0,0,0
180018,2,1,0,0,0,0,0,0,0,0,0,0
180018,3,1,8,8,8,8,8,8,8,8,8,8
180019,1,1,0,23,26,0,0,9,0,8,13,0
180019,2,1,0,0,0,0,0,0,0,0,0,0
180020,1,1,0,0,0,0,0,0,0,0,0,0
180022,1,1,0,0,0,0,0,0,0,0,0,0
180022,2,1,0,0,0,0,0,0,0,0,0,0
180022,3,1,0,0,0,0,0,0,0,0,0,0
180022,4,1,0,0,0,0,0,0,0,0,0,0
180022,5,1,0,0,0,0,0,0,0,0,0,0
180022,6,1,0,0,0,0,0,0,0,0,0,0
180023,1,1,2,2,2,2,2,2,2,2,2,2
180023,2,1,0,0,0,0,0,0,0,0,0,0
180023,3,1,0,0,0,0,0,0,0,0,0,0
180023,4,1,0,0,0,0,0,0,0,0,0,0
180023,5,1,0,0,0,0,0,0,0,0,0,0
180024,1,1,0,0,0,0,0,0,0,0,0,0
180025,1,1,0,0,0,27,19,0,0,20,0,0
180026,1,1,0,0,0,0,0,0,0,0,0,0
180026,2,1,0,0,0,0,0,0,0,0,0,0
180027,1,1,0,25,26,0,28,0,5,0,0,7
180028,1,1,0,0,0,0,0,0,26,0,0,11
180028,2,1,0,0,0,0,0,0,0,0,0,0
180029,1,1,0,0,0,0,0,0,0,0,0,0
180030,1,1,0,0,0,0,0,0,0,0,0,0
180030,2,1,0,0,0,0,0,0,0,0,0,0
180031,1,1,0,25,4,10,0,17,0,0,0,0
180031,2,1,0,0,0,0,0,0,0,0,0,0
180032,1,1,0,0,0,0,0,0,0,0,0,0
180033,1,1,0,0,0,0,0,0,0,0,0,0
180033,2,1,0,0,0,0,0,0,0,0,0,0
180034,1,1,0,0,0,0,0,0,0,0,0,0
180034,2,1,0,0,0,0,0,0,0,0,0,16
180034,3,1,0,0,0,0,0,0,0,0,0,20
180035,0,1,0,0,0,0,0,0,0,0,0,0
180035,1,1,0,0,0,0,0,0,0,0,0,0
180036,1,1,0,0,0,0,0,0,0,0,0,0
180036,2,1,0,0,0,0,0,0,0,0,0,0
180037,1,1,0,0,0,0,0,0,0,0,0,0
180037,2,1,0,0,0,0,0,0,0,0,0,0
180038,1,1,0,0,0,0,0,30,0,0,0,0
180039,1,1,0,0,0,0,0,0,0,0,0,0
180039,2,1,0,0,0,0,0,0,0,0,0,0
180039,3,1,0,0,0,0,0,0,0,0,0,0
180040,1,1,0,16,0,9,0,20,18,20,0,15
180041,1,1,13,15,0,27,0,10,0,0,0,21
180042,1,1,19,19,19,19,19,19,19,19,19,19
180042,2,1,0,0,0,0,0,0,0,0,0,0
180043,1,1,0,0,0,0,0,0,0,0,0,0
180044,0,1,20,20,20,20,20,20,20,20,20,20
180044,1,1,17,0,30,14,17,13,0,0,11,15
180045,1,1,7,7,7,7,7,7,7,7,7,7
180046,1,1,0,0,0,0,0,0,0,0,0,0
180047,1,1,0,0,23,0,0,0,0,9,0,0
180048,0,1,7,7,7,7,7,7,7,7,7,7
180048,1,1,0,0,0,0,0,0,0,0,0,0
180049,1,1,0,0,14,26,6,0,0,0,23,0
180050,0,1,41,41,41,41,41,41,41,41,41,41
180050,1,1,0,0,0,0,0,0,0,0,0,0
180051,0,1,0,0,0,0,0,0,0,0,0,0
180051,1,1,0,0,0,0,0,0,0,0,0,0
180052,1,1,0,0,30,0,0,0,0,0,0,0
180053,1,1,0,0,0,0,16,0,0,0,0,0
180054,0,1,2,2,2,2,2,2,2,2,2,2
180054,1,1,0,0,0,0,0,0,0,0,0,0
180055,1,1,0,0,0,0,0,0,0,0,0,0
180056,1,1,0,0,0,0,0,0,0,0,0,0
180056,2,1,0,0,5,0,0,0,0,17,0,0
180057,1,1,0,0,0,0,0,0,0,0,0,0
180058,1,1,0,0,0,0,14,9,14,0,4,0
180058,2,1,21,0,22,25,0,10,0,0,0,0
180059,1,1,0,18,0,0,14,0,0,0,0,24
180060,1,1,0,0,21,0,0,0,0,0,0,0
180060,2,1,0,0,0,0,0,0,0,0,0,0
180061,0,1,0,0,0,0,0,0,0,0,0,0
180061,0,2,0,0,0,0,0,17,30,0,0,14
180061,1,1,0,0,0,0,0,0,0,0,0,0
180062,1,1,0,0,0,0,0,0,0,0,0,0
180063,1,1,0,0,0,0,0,0,0,0,0,0
180064,1,1,22,22,22,22,22,22,22,22,22,22
180065,1,1,0,0,0,0,0,0,0,0,0,0
180066,0,1,0,0,0,0,0,0,0,0,0,0
180066,1,1,0,0,0,0,0,0,0,0,0,0
180067,1,1,0,0,0,0,0,0,0,0,0,0
180067,2,1,0,0,26,0,0,0,34,0,0,0
180068,1,1,15,15,15,15,15,15,15,15,15,15
180068,2,1,0,0,0,0,0,0,0,0,0,0
180069,1,1,0,0,7,0,13,11,0,0,0,0
180070,0,1,41,41,41,41,41,41,41,41,41,41
180070,1,1,0,0,0,0,0,0,0,0,0,0
180071,1,1,0,0,0,0,0,0,0,0,0,19
180072,1,1,0,0,0,0,0,0,0,0,0,0
180072,2,1,0,0,0,0,0,0,0,0,0,0
180073,0,1,0,0,0,20,0,0,0,14,0,15
180073,1,1,0,0,0,0,0,0,0,0,0,0
180074,0,1,0,0,17,0,15,13,0,31,33,0
180074,1,1,0,0,0,0,0,0,0,0,0,0
180074,2,1,0,0,0,0,0,0,0,0,0,0
180075,1,1,0,25,18,19,0,0,0,26,0,18
180076,1,1,0,0,0,0,0,0,0,0,0,0
180076,2,1,0,0,0,0,0,0,0,0,0,0
180076,3,1,0,0,0,0,0,0,0,0,0,0
180077,1,1,0,4,0,0,0,0,0,0,0,0
180077,2,1,7,15,26,0,0,23,14,22,0,5
180077,3,1,0,25,0,0,0,0,15,0,10,0
180077,4,1,0,0,0,0,0,0,0,0,0,0
180078,1,1,17,17,17,17,17,17,17,17,17,17
180078,2,1,0,0,0,0,0,0,0,0,0,0
180079,1,1,0,0,0,0,0,0,0,0,0,0
180079,2,1,0,0,0,0,0,0,0,0,0,0
180080,1,1,0,0,0,0,0,0,0,0,0,0
180081,1,1,0,0,0,0,0,0,0,0,0,0
180081,2,1,0,0,0,0,0,0,0,0,0,0
180082,1,1,0,0,0,0,0,0,0,0,0,0
180083,1,1,0,0,0,0,5,0,0,0,12,0
180084,1,1,0,0,0,0,0,0,0,0,0,0
180085,1,1,0,4,18,0,0,0,17,21,0,0
180085,2,1,0,0,23,0,7,22,36,14,17,19
180086,1,1,0,0,0,0,0,0,0,0,0,0
180086,2,1,0,0,0,0,0,0,0,0,0,0
180086,3,1,0,0,0,0,0,0,0,0,0,0
180086,4,1,11,0,0,0,0,0,0,0,0,0
180087,1,1,0,0,0,4,0,3,0,11,0,11
180087,2,1,0,0,0,0,0,0,0,0,0,0
180088,0,1,0,0,0,0,0,0,0,0,0,0
180088,1,1,0,0,15,0,0,15,6,0,19,0
180089,1,1,0,0,0,0,0,0,6,0,0,0
180089,2,1,0,0,0,0,11,0,0,0,0,0
180090,1,1,0,0,0,0,6,14,0,0,20,12
180090,2,1,0,0,0,0,0,0,0,0,0,0
180091,1,1,0,0,0,0,0,0,0,0,0,0
180092,1,1,0,0,0,0,0,0,0,0,0,0
180093,1,1,0,0,0,0,0,0,0,0,0,0
180094,1,1,0,0,0,0,0,0,0,0,0,0
180095,1,1,0,0,0,0,0,0,0,0,0,0
180095,2,1,0,0,0,0,0,0,0,0,0,0
180096,1,1,0,0,0,0,0,0,0,0,0,0
180097,1,1,12,12,12,12,12,12,12,12,12,12
180098,1,1,0,0,0,0,0,0,0,0,0,0
180098,2,1,0,0,0,0,0,0,0,0,0,0
180099,0,1,0,0,0,0,0,0,0,0,0,0
180099,1,1,0,0,0,0,0,0,0,0,0,0
180100,1,1,0,0,0,0,0,0,0,0,0,0
180101,1,1,0,0,0,0,0,0,0,0,0,0
180101,2,1,2,2,2,2,2,2,2,2,2,2
180101,3,1,0,0,0,0,0,0,0,0,0,0
180102,1,1,20,11,23,0,16,0,14,0,0,9
180103,1,1,0,0,0,0,0,0,0,0,0,0
180103,2,1,0,0,0,0,0,0,0,0,0,0
180104,1,1,23,23,23,23,23,23,23,23,23,23
180105,1,1,0,0,0,0,0,0,0,0,0,0
180105,2,1,0,0,0,0,0,0,0,0,0,0
180106,1,1,0,0,0,0,0,0,0,0,0,0
180106,2,1,0,0,0,0,0,0,0,0,0,0
180107,1,1,15,15,15,15,15,15,15,15,15,15
180107,2,1,0,0,0,0,0,0,0,0,0,0
180108,1,1,0,0,0,0,0,0,0,0,0,0
180108,2,1,32,32,32,32,32,32,32,32,32,32
180109,0,1,0,0,0,0,0,0,0,0,0,0
180109,1,1,0,0,0,0,0,0,15,0,0,0
180110,1,1,0,0,0,0,0,0,0,0,0,0
180110,2,1,0,0,0,0,0,0,0,0,0,0
180111,1,1,9,0,0,15,0,0,40,12,0,13
180112,1,1,0,0,0,0,0,0,0,0,0,0
180112,2,1,0,0,0,0,0,0,0,0,0,0
180113,1,1,0,0,0,0,0,0,0,0,0,0
180114,0,1,9,9,9,9,9,9,9,9,9,9
180114,1,1,0,0,0,9,15,19,25,0,0,0
180115,0,1,0,0,0,0,0,0,0,0,0,0
180115,1,1,0,0,0,0,0,0,0,0,0,0
180116,1,1,0,0,0,0,0,0,0,0,0,0
180117,1,1,0,0,0,0,0,0,0,15,0,0
180117,2,1,0,0,0,0,0,0,0,0,0,0
180118,1,1,0,13,0,21,0,10,5,31,22,0
180119,1,1,0,0,0,0,0,0,0,0,0,0
180119,2,1,0,0,0,0,0,0,0,0,0,0
180120,1,1,15,0,0,0,18,8,42,0,0,22
180121,1,1,21,0,21,0,0,0,4,17,0,0
180122,1,1,0,0,0,0,0,0,0,0,0,0
180122,2,1,0,0,0,0,0,0,0,0,0,0
180123,1,1,0,0,0,0,0,0,0,0,0,0
180123,2,1,0,0,0,0,0,0,0,0,0,0
180124,0,1,30,0,0,0,18,35,18,21,0,0
180124,1,1,0,0,0,0,0,0,0,0,0,0
180125,1,1,8,23,0,0,28,0,0,0,0,12
180126,1,1,0,0,0,0,0,0,0,0,0,0
180126,2,1,0,0,0,0,0,0,0,0,0,0
180126,3,1,0,0,0,0,0,0,0,0,0,0
180127,1,1,0,0,0,0,0,0,0,0,0,0
180127,2,1,0,0,0,0,0,0,0,0,0,0
180127,3,1,25,0,0,0,0,16,0,9,0,9
180128,0,1,33,0,0,19,0,0,0,0,8,0
180128,1,1,0,0,0,0,0,0,0,0,0,0
180129,0,1,28,24,0,18,0,0,0,35,0,0
180129,1,1,0,0,0,0,0,0,0,0,0,0
180130,0,1,0,0,0,0,0,0,0,0,0,0
180130,1,1,0,0,0,0,0,0,0,0,0,0
180131,1,1,20,20,20,20,20,20,20,20,20,20
180131,2,1,0,0,0,0,0,0,0,0,0,0
180132,1,1,0,0,0,0,0,0,0,0,0,0
180133,1,1,0,0,0,0,0,0,0,0,0,0
180133,2,1,0,0,0,0,0,0,0,0,0,0
180134,1,1,0,0,0,0,0,0,0,0,0,0
180134,2,1,0,0,0,0,0,0,0,0,0,0
180134,3,1,0,0,0,0,0,0,0,0,0,0
180135,1,1,0,0,0,0,0,0,0,0,0,0
180135,2,1,0,0,0,0,0,0,0,0,0,0
180136,1,1,0,0,0,0,0,0,0,0,0,0
180136,2,1,0,0,0,0,0,0,0,0,0,0
180136,3,1,0,0,0,0,0,0,0,0,0,0
180137,1,1,0,12,0,0,0,0,0,0,0,0
180137,2,1,0,0,0,0,0,0,0,0,0,0
180137,3,1,0,0,0,0,0,0,0,0,0,0
180138,1,1,0,0,59,0,0,0,5,0,25,0
180139,1,1,0,0,0,0,14,0,0,0,0,0
180140,1,1,0,0,0,0,0,0,0,0,0,0
180140,2,1,0,0,0,0,0,0,0,0,0,0
180141,1,1,14,14,14,14,14,14,14,14,14,14
180142,1,1,0,0,0,0,0,0,0,0,0,0
180143,1,1,0,0,0,0,0,0,0,0,0,0
180143,2,1,4,4,4,4,4,4,4,4,4,4
180144,1,1,0,0,0,0,0,0,0,0,0,0
180144,2,1,0,0,0,0,0,0,0,0,0,0
180145,1,1,22,22,22,22,22,22,22,22,22,22
180146,1,1,0,0,17,0,0,0,0,0,0,0
180147,1,1,25,0,0,13,20,9,0,11,0,14
180147,2,1,0,0,0,0,0,0,0,0,0,0
180148,1,1,0,0,0,0,0,0,0,0,0,0
180148,2,1,0,0,0,0,0,0,0,0,0,0
180149,1,1,17,0,0,0,0,0,0,0,0,0
180149,2,1,0,0,0,0,0,0,0,0,0,0
180150,0,1,26,15,51,0,0,0,0,0,0,0
180150,1,1,15,0,4,15,8,7,0,0,9,23
180151,1,1,0,0,0,0,0,0,0,0,0,0
180152,1,1,0,0,0,0,0,0,0,0,0,0
180152,2,1,1,1,1,1,1,1,1,1,1,1
180153,1,1,0,0,0,0,0,0,0,0,0,0
180153,2,1,0,0,0,0,0,0,0,0,0,33
180154,1,1,18,18,18,18,18,18,18,18,18,18
180155,1,1,0,0,0,0,0,0,0,0,0,0
180155,2,1,0,0,0,0,0,0,0,0,0,0
180155,3,1,0,0,0,0,0,0,0,0,0,0
180156,1,1,0,0,0,0,0,0,0,0,0,0
180157,1,1,0,0,0,0,0,0,0,0,0,0
180157,2,1,0,0,0,0,0,0,15,0,0,0
180158,1,1,0,17,0,0,7,0,23,0,0,9
180159,1,1,0,0,0,0,0,0,0,0,0,0
180159,2,1,0,0,0,5,0,0,7,0,0,0
180160,1,1,0,0,0,0,0,0,0,0,0,0
180160,2,1,0,0,0,0,0,0,0,0,0,0
180161,0,1,31,31,31,31,31,31,31,31,31,31
180161,1,1,9,0,5,0,14,6,13,13,2,0
180162,1,1,5,5,5,5,5,5,5,5,5,5
180162,2,1,0,0,0,0,0,0,0,0,0,0
180163,1,1,0,0,6,0,0,0,0,0,0,0
180163,2,1,0,0,0,0,0,18,0,0,0,8
180164,1,1,0,0,0,0,0,0,0,0,0,0
180164,2,1,0,0,0,0,0,0,0,0,0,0
180165,1,1,0,0,0,0,0,0,0,0,0,0
180165,2,1,0,0,0,0,0,0,0,0,0,0
180166,1,1,0,0,0,0,6,15,21,0,0,0
180166,2,1,0,0,0,0,0,0,0,0,0,0
180167,1,1,0,0,0,0,0,0,0,0,0,0
180167,2,1,0,0,0,0,0,0,0,0,0,0
180168,1,1,0,0,10,0,0,0,0,0,0,0
180169,1,1,0,0,9,0,0,0,0,0,0,23
180170,1,1,0,0,0,0,0,0,0,0,0,0
180171,1,1,0,0,0,0,0,0,0,0,0,0
180171,2,1,0,0,0,0,0,0,0,0,0,0
180172,1,1,0,0,0,0,0,0,0,0,0,0
180172,2,1,0,0,0,0,0,0,0,0,0,0
180172,3,1,0,0,0,0,0,0,0,0,0,0
180173,1,1,9,0,0,0,0,28,0,0,31,29
180174,1,1,17,17,17,17,17,17,17,17,17,17
180174,2,1,0,0,0,0,0,0,0,0,0,0
180175,1,1,10,20,25,28,4,0,0,0,0,0
180175,2,1,0,0,0,0,0,0,0,0,0,0
180175,3,1,0,0,0,0,0,11,0,0,19,0
180176,1,1,0,0,0,0,0,0,0,0,0,0
180176,2,1,0,0,0,0,0,0,0,0,0,0
180177,1,1,0,0,2,21,0,0,0,0,0,0
180177,2,1,0,0,0,0,0,0,0,0,0,0
180178,1,1,16,19,0,0,14,0,32,0,13,27
180179,0,1,0,15,0,14,30,0,0,17,0,0
180179,1,1,0,0,0,0,0,0,0,0,0,0
180180,1,1,0,0,0,0,0,0,0,0,0,0
180180,2,1,0,0,0,0,0,0,0,0,0,0
180181,1,1,0,0,0,0,0,0,0,0,0,0
180182,0,1,0,0,0,0,0,0,0,0,0,0
180182,1,1,0,0,0,0,0,0,0,10,0,0
180183,1,1,0,33,0,13,18,0,18,18,17,0
180184,1,1,0,0,0,0,0,0,0,0,0,0
180184,2,1,0,0,0,0,0,0,0,0,0,0
180184,3,1,0,0,0,0,0,0,0,0,0,0
180184,4,1,0,0,0,0,0,0,0,0,0,0
180185,1,1,0,0,0,0,0,0,0,0,0,0
180186,1,1,0,0,0,0,0,0,0,0,0,0
180186,2,1,0,0,0,0,0,0,0,0,0,0
180186,3,1,0,0,0,0,0,0,0,0,0,0
180187,1,1,0,0,0,0,0,0,0,0,0,0
180187,2,1,0,0,0,0,0,0,0,0,0,0
180188,1,1,18,18,18,18,18,18,18,18,18,18