ST_CASE,VEH_NO,PER_NO,P1,P2,P3,P4,P5,P6,P7,P8,P9,P10
180778,1,1,0,0,0,0,0,0,0,0,0,0
180779,1,1,0,0,0,0,0,0,0,0,0,0
180780,1,1,1,1,1,1,1,1,1,1,1,1
180780,2,1,0,0,0,0,0,0,0,0,0,0
180781,1,1,0,0,0,0,0,0,0,0,0,0
180781,2,1,0,0,0,0,0,17,0,0,0,0
180782,1,1,6,0,0,0,0,0,0,0,0,0
180782,2,1,0,0,0,0,0,0,0,0,0,0
180783,1,1,0,0,0,0,0,0,0,0,0,0
180784,1,1,11,0,0,0,0,0,0,0,0,0
180784,2,1,0,0,0,0,0,0,0,0,11,0
180786,0,1,0,0,0,0,0,0,0,0,0,0
180786,1,1,0,0,20,4,0,0,0,0,0,0
180787,1,1,0,0,0,0,0,0,0,0,0,0
180787,2,1,0,0,0,0,3,0,0,0,0,0
180788,0,1,11,11,11,11,11,11,11,11,11,11
180788,1,1,9,21,14,19,0,18,4,0,0,6
180789,1,1,13,13,13,13,13,13,13,13,13,13
180790,1,1,0,0,0,0,0,0,0,0,0,0
180791,1,1,3,0,0,0,0,0,0,0,22,0
180792,1,1,0,12,37,0,0,15,4,0,6,13
180793,1,1,0,0,0,0,0,0,0,0,0,0
180794,1,1,8,22,0,0,6,14,14,0,22,0
180795,1,1,9,9,9,9,9,9,9,9,9,9
180795,2,1,13,13,13,13,13,13,13,13,13,13
180796,1,1,0,0,0,0,0,0,0,16,24,0
180797,1,1,0,0,19,0,0,0,0,17,0,6
180798,1,1,14,0,0,0,15,4,0,17,0,0
180799,1,1,0,0,0,0,0,0,0,0,0,0
180799,2,1,0,0,0,0,0,0,0,0,0,0
180800,1,1,6,0,11,0,15,0,14,23,9,0
180800,2,1,0,0,0,0,0,25,12,9,0,0
180801,1,1,5,0,0,0,0,0,0,0,0,0
180802,1,1,31,11,0,7,0,26,0,0,0,18
180803,0,1,27,27,27,27,27,27,27,27,27,27
180803,1,1,0,0,0,0,0,0,0,0,0,0
180804,1,1,12,12,12,12,12,12,12,12,12,12
180804,2,1,0,0,0,0,0,0,0,0,0,0
180805,1,1,12,22,16,27,0,19,15,18,0,7
180806,1,1,0,0,0,0,0,0,0,0,0,0
180806,2,1,0,0,0,0,0,0,0,0,0,0
180806,3,1,0,0,0,0,0,0,0,0,0,0
180807,1,1,0,0,0,0,0,0,0,0,0,0
180807,2,1,0,0,0,0,0,0,0,0,0,0
180808,1,1,36,36,36,36,36,36,36,36,36,36
180809,1,1,15,15,15,15,15,15,15,15,15,15
180809,2,1,0,0,0,0,0,0,0,0,0,0
180809,3,1,0,0,0,0,0,0,0,0,0,0
180810,1,1,0,0,10,15,17,11,0,14,31,20
180810,2,1,8,16,10,28,11,5,7,20,10,6
180811,0,1,10,0,0,0,0,16,0,20,14,0
180811,1,1,0,0,0,0,0,0,0,0,0,0
180812,1,1,0,20,0,0,0,0,0,0,0,0
180812,2,1,0,0,0,0,0,0,0,0,0,0
180812,3,1,0,0,0,0,0,0,0,0,0,0
180814,1,1,0,0,18,0,0,0,0,0,0,0
180814,2,1,0,0,0,0,0,0,0,0,0,0
180816,1,1,28,28,28,28,28,28,28,28,28,28
180816,2,1,0,0,0,0,0,0,0,0,0,0
180817,1,1,0,0,0,0,0,0,0,0,0,0
180818,1,1,0,0,0,0,0,0,0,0,0,15
180818,2,1,0,29,0,22,9,0,19,0,0,0
180819,0,1,0,0,0,0,0,0,0,0,0,0
180819,1,1,0,0,0,0,0,0,0,0,0,0
180820,1,1,0,0,0,0,0,0,0,0,0,0
180820,2,1,0,0,0,0,0,0,0,0,0,0
180821,1,1,0,0,0,0,0,0,0,0,0,0
180821,2,1,0,0,0,0,0,0,0,0,0,0
180822,1,1,19,13,24,8,20,12,32,24,0,13
180823,1,1,0,22,0,0,10,0,0,0,0,29
180824,0,1,0,0,0,0,18,27,9,25,22,0
180824,1,1,0,0,0,0,0,0,0,0,23,0
180825,1,1,0,0,0,0,0,0,0,0,0,0
180825,2,1,0,0,0,0,0,0,0,0,0,0
180826,1,1,19,19,19,19,19,19,19,19,19,19
180826,2,1,0,0,0,0,0,0,0,0,0,0
180827,1,1,7,24,19,15,0,13,11,14,12,0
180828,1,1,0,0,8,12,34,11,11,18,0,0
180829,1,1,0,0,0,0,0,0,0,0,0,0
180829,2,1,0,35,0,0,0,0,0,0,17,24
180830,0,1,10,10,10,10,10,10,10,10,10,10
180830,1,1,0,0,0,0,0,0,0,0,0,0
180831,1,1,0,0,0,0,0,0,0,0,0,0
180831,2,1,0,0,0,0,0,0,0,0,0,0
180832,1,1,0,14,0,0,0,0,31,24,16,0
180833,1,2,22,15,10,6,6,0,0,13,0,9
180834,1,1,0,0,0,0,0,0,0,0,0,0
180834,2,1,0,0,0,0,0,8,0,0,0,0
180835,1,1,22,0,0,0,0,9,0,13,0,0
180835,2,1,0,0,0,0,0,0,8,0,0,0
180836,1,1,0,0,0,0,0,0,0,0,0,0
180837,1,1,12,15,31,42,10,28,18,15,10,39
180837,2,1,0,0,0,0,0,0,0,0,0,0
180837,3,1,0,0,0,0,0,0,0,0,0,0
180839,0,1,0,0,0,0,0,0,0,0,0,0
180839,1,1,18,0,27,12,6,0,7,14,4,0
180840,1,1,0,0,0,0,0,0,7,0,0,0
180841,1,1,0,0,0,0,0,8,0,0,0,0
180841,2,1,0,0,0,0,0,0,0,0,0,0
180842,1,1,0,13,0,0,0,0,0,20,0,0
180843,1,1,25,25,0,0,0,0,0,0,0,0
180844,1,1,0,0,0,0,0,0,0,0,0,0
180845,1,1,0,0,0,0,0,0,0,0,0,0
180846,1,1,0,0,0,0,0,0,0,0,0,0
180846,2,1,0,0,0,0,0,0,0,0,0,0
180846,3,1,0,0,0,0,0,0,0,0,0,0
180847,1,1,13,0,0,0,0,0,0,0,0,0
180847,2,1,0,0,0,0,0,0,0,0,0,0
180847,3,1,0,0,0,0,0,0,0,0,9,0
180848,1,1,29,29,29,29,29,29,29,29,29,29
180849,1,1,0,0,0,0,0,0,0,0,0,0
180849,2,1,0,0,0,0,0,0,0,0,0,0
180850,1,1,0,0,0,0,0,0,0,0,0,0
180850,2,1,23,0,0,0,0,0,0,0,0,0
180851,1,1,23,42,0,20,17,22,0,0,19,0
180851,2,1,0,23,0,10,0,0,0,0,0,0
180852,1,1,0,0,0,0,0,0,0,0,0,0
180852,2,1,0,0,0,0,0,0,0,0,0,0
180853,1,1,0,0,0,2,0,25,0,0,0,12
180854,0,1,0,0,0,0,0,0,0,0,0,0
180854,1,1,0,0,0,0,0,0,0,0,0,0
180855,1,1,0,0,0,0,0,0,0,0,0,0
180856,1,1,20,23,0,0,0,0,12,0,0,11
180857,1,1,0,0,0,19,0,0,0,0,22,0
180857,2,1,36,30,0,14,0,0,0,9,0,28
180858,1,1,0,0,0,0,0,0,0,0,0,0
180858,2,1,0,0,0,0,0,0,0,0,0,0
180858,3,1,0,0,0,8,0,0,0,0,0,0
180859,1,1,0,0,0,0,0,0,0,0,0,0
180860,1,1,0,0,0,0,0,0,0,12,5,12
180861,1,1,0,0,0,0,0,0,0,0,0,0
180862,1,1,0,0,0,0,0,0,0,0,0,0
180862,2,1,0,0,0,0,0,0,0,0,0,0
180863,1,1,15,3,11,6,20,13,32,11,16,20
180864,0,1,0,0,0,0,0,0,0,0,0,0
180864,1,1,0,0,0,0,0,0,0,0,4,0
180865,1,1,0,0,0,0,0,0,14,10,0,0
180866,1,1,0,0,9,21,0,0,0,29,0,0
180867,1,1,0,15,33,12,10,0,0,0,0,0
180868,0,1,15,0,0,0,0,0,0,0,0,11
180868,1,1,0,0,0,0,0,0,0,0,0,0
180869,0,1,0,0,0,19,0,0,0,0,26,17
180869,1,1,0,0,0,0,0,0,0,0,20,0
180870,1,1,0,0,0,0,0,0,0,36,0,21
180870,2,1,0,0,0,0,0,0,0,0,0,0
180871,1,1,0,0,0,0,0,0,0,0,2,0
180871,2,1,0,0,0,0,0,0,0,0,0,0
180872,0,1,0,9,0,22,14,16,0,0,0,0
180872,1,1,8,0,0,0,11,8,7,4,0,24
180873,1,1,0,0,0,0,0,0,0,0,0,0
180874,1,1,0,0,0,0,0,0,0,0,0,0
180874,2,1,0,0,0,0,0,0,0,0,0,0
180874,3,1,0,0,0,0,0,0,0,0,0,0
180874,4,1,0,0,0,0,0,0,0,0,0,0
180875,0,1,0,0,0,0,0,0,0,11,0,0
180875,1,1,3,17,5,0,9,6,0,14,0,7
180876,1,1,0,8,0,0,7,12,0,7,15,20
180877,0,1,25,25,25,25,25,25,25,25,25,25
180877,1,1,0,0,0,0,0,23,0,0,0,4
180878,0,1,0,0,0,23,0,33,21,0,19,28
180878,1,1,8,0,11,13,20,19,0,10,0,2
190001,1,1,23,23,23,23,23,23,23,23,23,23
190002,1,1,0,0,0,17,0,0,20,0,0,37
190003,1,1,6,0,0,17,19,28,0,17,20,17
190004,1,1,0,0,25,0,0,0,0,15,44,0
190004,2,1,0,0,0,16,0,0,0,0,0,16
190005,1,1,0,0,0,0,0,0,0,0,0,0
190005,2,1,0,0,0,0,0,0,0,0,0,0
190006,0,1,0,29,0,20,0,0,30,0,6,0
190006,1,1,0,0,0,0,0,12,0,0,16,0
190007,1,1,0,14,21,5,0,0,0,0,0,32
190008,1,1,0,0,0,0,0,0,0,0,0,0
190008,2,1,0,0,0,0,0,0,0,0,0,12
190009,1,1,18,18,18,18,18,18,18,18,18,18
190009,2,1,0,0,0,0,0,0,0,0,0,0
190010,1,1,0,0,0,0,0,0,0,0,0,0
190010,2,1,0,0,0,0,0,0,0,0,0,0
190011,1,1,21,21,21,21,21,21,21,21,21,21
190012,1,5,7,10,0,0,14,34,30,4,0,20
190013,1,1,0,0,0,0,0,0,28,0,0,0
190013,2,1,0,5,0,0,0,0,0,0,0,0
190013,3,1,0,0,17,0,0,0,0,0,0,0
190014,1,1,0,0,24,32,0,0,15,0,17,0
190015,1,1,0,0,0,37,0,0,0,0,0,0
190015,2,1,0,0,0,0,0,4,0,0,0,0
190015,3,1,0,0,0,0,0,0,0,0,0,0
190016,1,1,0,0,0,0,9,0,13,0,0,27
190016,2,1,0,0,0,0,0,0,0,0,0,0
190017,1,1,0,8,0,0,0,2,0,0,0,0
190017,2,1,0,11,0,0,0,0,0,0,0,0
190017,3,1,0,0,0,0,0,20,0,17,17,0
190017,5,1,0,0,0,0,0,0,0,0,0,0
190017,6,1,0,0,0,0,0,0,0,0,0,0
190017,7,1,0,0,0,0,0,0,0,0,0,0
190017,8,1,0,4,0,0,0,0,0,0,0,0
190017,9,1,0,0,0,3,0,0,0,0,0,0
190017,10,1,0,0,0,0,0,0,0,0,0,0
190017,11,1,19,0,0,0,0,0,0,0,0,0
190017,12,1,0,0,0,0,8,0,0,0,3,0
190018,1,1,0,0,0,0,0,0,0,0,5,0
190018,2,1,0,0,0,0,0,0,0,0,0,0
190019,1,1,1,1,1,1,1,1,1,1,1,1
190019,2,1,21,21,21,21,21,21,21,21,21,21
190020,1,1,8,8,8,8,8,8,8,8,8,8
190021,1,1,10,0,5,23,27,0,0,8,10,5
190021,2,1,0,0,0,0,0,0,0,0,0,0
190022,0,1,0,18,0,0,9,0,33,0,0,0
190022,1,1,6,6,6,6,6,6,6,6,6,6
190023,1,1,0,0,0,0,0,0,0,0,0,0
190024,1,1,0,0,0,0,0,0,0,0,0,0
190024,2,1,0,0,3,0,0,0,0,0,0,0
190025,1,1,0,0,0,0,0,0,0,0,0,0
190025,2,1,0,0,0,0,0,0,0,0,0,0
190026,1,1,0,0,0,0,0,0,0,0,0,0
190026,2,1,0,0,0,0,0,0,0,0,20,23
190026,3,1,0,0,0,0,0,0,8,0,23,0
190027,1,1,14,14,14,14,14,14,14,14,14,14
190027,2,1,0,0,0,0,0,0,0,5,0,0
190028,1,1,0,0,0,0,0,0,0,0,0,0
190029,1,1,0,0,0,0,0,0,0,0,0,0
190030,1,1,0,0,0,0,0,0,0,0,0,0
190031,1,1,0,0,0,0,0,0,0,0,0,0
190031,2,1,0,0,0,0,0,0,0,0,0,0
190032,1,1,0,0,18,34,0,0,0,14,0,20
190033,1,1,0,0,0,0,13,8,0,0,0,29
190033,2,1,0,17,0,0,28,0,25,15,0,0
190034,1,1,16,16,16,16,16,16,16,16,16,16
190034,2,1,5,21,8,27,0,0,15,0,20,18
190035,1,1,0,14,12,0,14,0,24,0,0,0
190035,2,1,0,0,0,0,0,0,0,0,0,0
190036,0,1,8,28,0,25,0,0,19,0,0,41
190036,1,1,17,0,15,0,0,0,0,0,0,0
190037,1,1,0,0,0,0,0,0,0,0,0,0
190038,1,1,40,0,0,0,0,15,0,0,4,0
190039,1,1,0,0,0,0,0,0,0,0,15,0
190039,2,1,0,0,0,0,0,0,5,0,0,0
190040,1,1,0,21,17,5,13,24,0,0,5,0
190041,1,1,14,15,3,6,26,14,12,27,18,25
190042,1,1,8,0,0,17,20,16,0,0,0,22
190043,1,1,0,21,0,15,0,0,0,0,25,0
190043,2,1,5,5,5,5,5,5,5,5,5,5
190044,1,1,0,0,8,28,23,0,15,0,5,15
190045,0,1,0,0,0,0,0,0,0,0,0,0
190045,1,1,13,21,0,0,0,3,0,14,17,0
190046,1,1,8,0,0,0,0,0,0,0,0,0
190046,2,1,0,0,0,6,0,0,0,0,0,0
190047,1,1,23,23,23,23,23,23,23,23,23,23
190048,0,1,0,0,22,22,0,0,32,0,0,0
190048,1,1,0,0,0,0,0,0,0,0,0,0
190049,1,1,0,0,0,0,0,0,0,0,0,0
190049,2,1,0,0,0,0,0,0,0,0,0,0
190050,1,1,0,0,0,0,0,0,0,0,0,0
190050,2,1,23,34,0,0,0,0,0,0,21,0
190051,1,1,0,0,0,0,0,0,0,0,0,0
190052,1,1,0,0,0,0,0,0,0,0,0,0
190052,2,1,0,0,0,0,0,0,0,0,0,23
190053,1,1,0,0,0,0,0,0,0,0,0,0
190054,1,1,33,33,33,33,33,33,33,33,33,33
190054,2,1,18,22,0,0,0,0,0,0,0,0
190055,1,1,0,0,0,0,0,0,0,0,0,8
190055,2,1,0,0,0,23,22,23,0,10,18,0
190056,1,1,15,0,0,0,0,0,0,0,33,17
190057,1,1,4,4,4,4,4,4,4,4,4,4
190057,2,1,0,0,0,0,0,0,0,0,0,0
190058,1,1,0,0,0,0,0,0,0,0,0,0
190058,2,1,16,16,16,16,16,16,16,16,16,16
190059,0,1,0,0,16,21,13,0,0,0,26,16
190059,1,1,0,0,0,0,0,0,0,0,0,0
190060,1,1,0,0,0,0,0,0,0,0,0,0
190060,2,1,0,0,0,0,0,0,0,0,0,0
190061,1,1,0,0,0,0,0,0,0,0,0,0
190062,1,1,24,24,24,24,24,24,24,24,24,24
190063,1,1,3,3,3,3,3,3,3,3,3,3
190063,2,1,0,0,0,0,0,0,0,0,0,0
190064,1,1,0,0,14,0,7,0,0,14,0,0
190064,2,1,4,4,4,4,4,4,4,4,4,4
190064,3,1,0,0,0,0,0,0,9,0,11,0
190066,1,1,0,0,0,0,15,20,0,8,0,0
190067,1,1,8,8,8,8,8,8,8,8,8,8
190068,1,1,29,0,25,0,0,0,0,13,25,29
190070,1,1,0,0,0,0,0,17,0,0,0,0
190070,2,1,0,0,0,0,0,0,0,0,0,0
190071,0,1,0,0,0,0,30,0,26,0,3,0
190071,1,1,0,0,21,0,12,4,0,0,4,26
190072,1,1,9,9,9,9,9,9,9,9,9,9
190073,1,1,10,10,10,10,10,10,10,10,10,10
190074,1,1,0,0,0,0,0,0,0,0,0,0
190074,2,1,0,21,24,13,4,0,0,6,0,0
190074,3,1,13,0,0,0,0,0,28,0,0,0
190075,1,1,19,0,0,28,4,0,3,7,0,0
190076,1,1,4,4,4,4,4,4,4,4,4,4
190077,1,1,0,0,0,0,0,0,0,0,0,0
190077,2,1,0,0,0,0,0,0,0,0,0,0
190078,1,1,0,0,0,0,25,21,0,15,44,25
190078,2,1,0,0,6,0,16,0,0,0,0,0
190078,3,1,0,0,0,0,30,44,0,13,0,0
190078,4,1,0,13,0,0,0,0,15,0,0,0
190078,5,1,0,0,25,0,13,8,44,0,0,0
190079,1,1,0,0,0,0,0,0,0,0,0,28
190079,2,1,0,0,28,11,0,0,0,0,0,0
190080,1,1,0,0,0,0,0,0,0,0,0,0
190080,2,1,0,0,0,0,0,0,22,0,0,0
190081,1,1,0,0,0,10,0,0,0,0,0,19
190082,1,1,24,24,24,24,24,24,24,24,24,24
190083,1,1,0,0,0,0,0,0,0,0,0,0
190083,2,1,0,0,0,0,9,0,0,0,0,0
190084,1,1,16,16,16,16,16,16,16,16,16,16
190085,0,1,13,13,13,13,13,13,13,13,13,13
190085,1,1,0,0,12,19,29,16,0,13,19,0
190086,1,1,0,0,0,0,0,0,0,0,0,0
190086,2,1,0,0,0,0,0,0,4,0,0,0
190087,0,1,0,0,0,0,0,19,0,0,0,0
190087,1,1,7,7,10,15,0,29,15,0,0,0
190088,1,1,12,12,12,12,12,12,12,12,12,12
190088,2,1,20,12,9,0,0,0,0,0,0,0
190089,0,1,0,0,0,0,0,0,0,0,0,0
190089,1,1,0,0,0,12,0,19,0,0,0,0
190090,1,1,0,0,0,0,0,0,0,0,0,0
190090,2,1,0,0,0,0,0,0,0,0,0,0
190091,1,1,0,0,0,0,0,0,0,0,0,0
190091,2,1,0,0,17,0,0,0,0,0,0,27
190092,1,1,0,0,0,0,0,0,0,0,0,0
190092,2,1,0,0,0,0,0,0,0,0,0,0
190093,1,1,0,0,0,0,0,0,0,0,0,0
190093,2,1,0,0,0,0,0,0,0,0,0,0
190094,0,1,0,0,0,0,3,0,0,0,0,0
190094,1,1,0,0,0,0,0,0,0,0,0,0
190095,1,1,2,2,2,2,2,2,2,2,2,2
190095,2,1,0,0,0,0,0,0,0,0,0,0
190095,3,1,0,0,0,0,0,0,17,0,0,0
190096,1,1,0,0,0,0,0,0,0,0,0,0
190096,2,1,0,0,0,0,0,0,0,0,0,0
190097,1,1,0,0,0,0,0,0,0,0,0,0
190097,2,1,0,8,0,0,0,0,0,0,0,0
190098,1,1,0,0,0,0,13,0,0,15,0,0
190098,2,1,0,0,0,0,0,0,0,0,11,0
190099,1,1,29,29,29,29,29,29,29,29,29,29
190100,1,1,0,0,0,0,0,0,0,0,0,0
190100,2,1,0,0,0,0,0,0,18,0,0,0
190101,1,1,0,0,0,0,0,0,0,0,0,0
190101,2,1,0,0,0,0,0,0,16,0,0,0
190102,0,1,0,0,0,0,0,0,0,0,0,0
190102,1,1,13,13,13,13,13,13,13,13,13,13
190103,1,1,13,13,13,13,13,13,13,13,13,13
190103,2,1,0,0,0,0,0,10,0,0,0,0
190104,1,1,13,0,0,0,0,21,0,0,10,0
190105,1,1,0,0,0,0,0,0,0,0,0,0
190106,1,1,0,0,0,0,0,0,0,0,0,0
190107,1,1,0,0,0,0,0,0,0,0,0,0
190107,2,1,0,13,0,0,0,20,18,0,0,17
190108,1,1,0,0,0,0,0,0,22,13,36,17
190109,1,1,2,2,2,2,2,2,2,2,2,2
190109,2,1,0,0,0,0,0,16,0,18,0,16
190109,3,1,0,0,0,0,0,0,0,0,0,0
190110,0,1,0,0,0,0,0,31,0,36,16,10
190111,0,1,11,11,11,11,11,11,11,11,11,11
190111,1,1,22,22,22,22,22,22,22,22,22,22
190112,0,1,0,0,0,0,0,0,0,0,0,0
190112,1,1,0,3,19,25,25,12,0,46,0,0
190113,1,1,0,25,0,0,0,0,0,8,0,20
190114,1,1,0,0,0,0,0,0,0,0,0,0
190115,1,1,20,20,20,20,20,20,20,20,20,20
190116,1,1,19,19,19,19,19,19,19,19,19,19
190117,1,1,0,0,0,15,0,14,0,0,0,0
190117,2,1,0,3,0,0,29,0,0,30,0,0
190118,0,1,3,3,3,3,3,3,3,3,3,3
190118,1,1,0,0,27,0,0,15,0,12,8,0
190119,1,1,0,0,0,0,0,0,0,0,0,0
190119,2,1,0,4,4,4,0,0,0,0,0,0
190120,1,1,0,0,10,0,0,0,0,16,0,0
190121,1,1,13,13,13,13,13,13,13,13,13,13
190122,1,1,0,0,0,0,0,0,0,0,0,0
190123,1,1,0,0,15,7,0,0,0,0,0,0
190123,2,1,5,12,0,12,0,0,0,0,0,0
190124,1,1,14,18,0,0,19,0,0,0,0,26
190125,1,1,0,0,0,0,0,0,0,0,0,0
190125,2,1,0,0,0,0,0,0,0,0,0,0
190125,3,1,0,0,0,0,0,0,0,0,0,0
190126,1,1,0,0,0,27,0,0,0,0,0,0
190126,2,1,0,0,0,0,0,0,0,0,0,0
190127,1,1,5,0,0,21,27,0,20,14,0,0
190128,1,1,0,0,0,0,0,0,0,0,0,0
190128,2,1,0,0,0,0,0,0,0,0,0,0
190129,1,1,0,0,0,0,0,0,0,0,0,0
190130,1,1,9,9,9,9,9,9,9,9,9,9
190131,1,1,26,26,26,26,26,26,26,26,26,26
190132,0,1,36,0,0,0,0,0,0,0,0,0
190132,1,1,0,0,0,0,0,0,0,0,0,0
190133,1,1,0,0,0,0,0,0,0,0,0,0
190133,2,1,0,0,0,0,0,0,0,0,0,0
190134,1,1,6,0,11,5,0,13,0,0,5,0
190134,2,1,0,13,0,0,0,0,0,0,0,0
190135,1,1,21,16,0,0,0,0,0,2,0,0
190135,2,1,0,0,12,22,7,0,0,0,13,0
190136,0,1,0,0,0,0,0,0,0,0,9,0
190136,1,1,0,0,0,0,0,0,0,0,0,0
190137,1,1,0,34,0,0,0,20,0,33,5,26
190138,1,1,7,0,0,0,0,0,0,23,0,0
190139,1,1,14,14,14,14,14,14,14,14,14,14
190140,1,1,12,0,0,0,0,4,13,0,0,24
190141,1,1,0,18,0,0,0,0,0,0,0,18
190142,0,1,0,0,0,0,0,0,0,0,0,0
190142,1,1,25,25,25,25,25,25,25,25,25,25
190143,1,1,0,0,0,0,0,0,0,0,0,0
190143,2,1,0,0,12,0,0,0,0,0,0,0
190144,1,1,0,0,0,0,0,0,0,0,0,0
190144,2,1,0,0,0,0,0,0,0,0,0,0
190145,1,1,0,0,0,0,0,0,0,0,0,0
190146,1,1,0,0,0,0,0,0,0,0,0,0
190146,2,1,17,0,0,0,0,0,0,0,0,16
190147,1,1,11,0,0,0,19,0,0,0,0,0
190148,1,1,0,0,0,0,0,0,0,0,0,0
190148,2,1,0,0,0,0,0,17,0,0,0,0
190149,1,1,15,15,15,15,15,15,15,15,15,15
190150,1,1,0,0,0,0,0,0,0,0,0,0
190150,2,1,0,0,18,0,0,0,8,0,0,0
190150,3,1,0,0,0,0,0,0,18,26,13,9
190151,1,1,0,0,0,0,0,0,29,1,0,0
190151,2,1,0,0,0,17,0,25,0,0,13,18
190152,1,1,0,0,0,20,0,0,0,17,0,0
190152,2,1,0,22,0,0,0,24,0,0,0,0
190153,1,1,19,19,19,19,19,19,19,19,19,19
190154,1,1,0,4,0,0,16,0,0,0,0,0
190154,2,1,0,0,0,0,0,0,0,0,0,0
190155,1,1,13,13,13,13,13,13,13,13,13,13
190156,1,1,0,0,0,0,0,0,0,0,0,0
190156,2,1,0,0,0,0,0,0,0,0,0,0
190157,0,1,0,0,0,16,0,0,0,0,0,0
190157,0,2,0,0,0,0,0,17,0,0,0,22
190157,0,3,0,0,44,0,16,0,0,0,0,0
190157,0,4,0,0,0,0,0,0,0,0,0,0
190157,1,1,0,0,0,0,0,0,0,0,0,0
190158,1,1,4,4,4,4,4,4,4,4,4,4
190159,1,1,2,2,2,2,2,2,2,2,2,2
190160,1,1,0,0,0,0,0,0,0,0,0,0
190160,2,1,0,0,0,0,0,0,0,0,0,0
190161,1,1,0,0,0,0,0,0,0,0,0,0
190162,1,1,0,0,0,0,0,0,24,31,14,0
190162,2,1,0,0,0,0,0,0,0,0,0,0
190163,1,1,0,0,0,0,0,0,4,0,0,0
190163,2,1,0,0,0,0,30,0,0,14,0,23
190164,1,1,0,0,0,0,0,0,0,0,0,0
190164,2,1,0,7,23,0,13,0,0,0,20,0
190165,1,1,19,10,16,0,0,26,0,0,0,10
190166,1,1,0,0,0,0,0,0,0,0,0,0
190166,2,1,0,0,0,0,0,0,0,0,0,0
190167,1,1,17,17,17,17,17,17,17,17,17,17
190168,1,1,16,16,3,16,9,9,0,11,11,15
190169,1,1,13,12,7,15,19,5,25,19,16,8
190170,1,1,16,16,16,16,16,16,16,16,16,16
190171,1,1,14,11,0,0,12,0,20,0,37,0
190172,1,1,26,0,0,0,15,26,0,0,0,0
190173,1,1,19,19,19,19,19,19,19,19,19,19
190174,1,1,0,0,0,0,0,0,0,0,0,0
190174,2,1,0,0,0,0,0,0,0,0,0,24
190175,1,1,16,16,16,16,16,16,16,16,16,16
190176,1,1,19,19,19,19,19,19,19,19,19,19
190177,0,1,0,0,0,0,0,0,0,0,0,0
190177,1,1,0,0,0,0,15,5,24,0,0,0
190178,1,1,6,6,6,6,6,6,6,6,6,6
190179,0,1,0,28,0,0,20,0,0,57,24,6
190179,2,1,0,0,0,24,0,0,0,0,0,0
190179,3,1,0,0,0,0,0,0,0,0,0,0
190180,0,1,0,0,0,0,0,0,0,0,0,0
190180,1,1,0,30,0,0,0,0,15,0,0,0
190181,1,1,0,0,0,0,0,0,0,0,0,0
190181,2,1,0,0,0,7,0,0,16,4,0,0
190182,1,1,0,0,0,0,0,0,0,0,0,0
190182,2,1,8,8,8,8,8,8,8,8,8,8
190183,1,1,0,0,0,0,0,0,0,0,0,0
190184,1,1,0,14,12,0,29,0,0,10,12,0
190185,0,1,0,0,0,20,0,0,0,49,0,0
190185,1,1,0,0,0,0,14,0,0,0,21,14
190186,1,1,0,0,0,0,0,0,0,0,0,0
190186,2,1,0,0,0,9,0,0,0,19,0,0
190186,3,1,0,0,0,0,0,0,0,0,0,0
190186,4,1,0,0,0,0,0,0,0,0,0,0
190187,1,1,0,27,0,0,0,0,0,11,0,0
190187,2,1,0,0,0,0,0,0,0,0,0,0
190188,0,1,18,18,18,18,18,18,18,18,18,18
190188,1,1,4,4,4,4,4,4,4,4,4,4
190189,1,1,0,0,0,8,0,0,16,0,0,0
190189,2,1,0,0,0,0,14,0,0,0,7,0
190190,1,1,0,0,0,0,0,0,0,0,0,0
190190,2,1,0,0,0,0,0,0,0,0,0,0
190191,1,1,0,0,0,0,0,0,0,0,0,0
190192,1,1,16,0,0,0,6,0,0,0,19,16
190193,1,1,19,19,19,19,19,19,19,19,19,19
190194,1,1,0,0,20,16,0,7,0,13,0,0
190195,1,1,0,0,0,0,0,0,0,0,0,0
190195,2,1,0,0,23,0,0,14,0,0,0,0
190196,1,1,0,13,0,15,0,0,0,0,0,0
190197,1,1,0,0,0,0,0,0,0,0,0,0
190198,1,1,14,14,14,14,14,14,14,14,14,14
190198,2,1,0,0,0,0,0,21,0,0,0,0
190199,1,1,0,0,0,0,0,0,0,0,0,0
190199,2,1,0,0,0,0,0,0,0,0,0,0
190200,1,1,15,0,0,0,0,0,0,0,0,0
190200,2,1,0,0,0,0,0,0,0,0,16,21
190201,1,1,21,21,21,21,21,21,21,21,21,21
190202,1,1,0,15,0,0,0,0,0,23,15,0
190203,1,1,0,0,0,0,0,25,0,0,11,0
190204,1,1,0,0,0,0,0,0,0,0,0,0
190204,2,1,0,0,0,0,0,0,0,0,0,0
190205,1,1,0,0,0,0,0,0,0,0,9,0
190205,2,1,10,0,3,0,0,0,0,0,0,0
190206,1,1,0,0,0,0,0,0,0,0,0,0
190206,2,1,0,0,0,0,0,0,0,0,0,0
190207,1,1,0,9,17,0,30,12,0,24,20,0
190208,1,1,11,0,0,0,0,0,0,0,4,23