ST_CASE,VEH_NO,PER_NO,P1,P2,P3,P4,P5,P6,P7,P8,P9,P10
210426,3,1,0,0,0,14,0,0,0,0,0,0
210427,1,1,0,0,0,0,0,0,0,0,0,0
210427,2,1,0,0,0,0,0,0,0,0,0,0
210428,1,1,0,0,0,0,0,0,0,0,0,0
210429,1,1,0,0,0,0,0,0,0,0,0,0
210430,1,1,0,0,0,0,0,0,0,0,0,0
210431,1,1,0,0,0,0,0,0,0,0,0,0
210432,1,1,0,0,0,0,0,0,0,0,0,0
210433,1,1,16,16,16,16,16,16,16,16,16,16
210434,0,1,0,0,0,0,0,0,0,0,0,0
210434,1,1,0,0,0,0,0,0,0,0,0,0
210435,1,1,0,0,0,0,0,0,0,0,0,0
210435,2,1,0,0,0,0,0,0,0,0,0,0
210436,1,1,21,0,0,0,0,30,0,0,0,13
210437,1,1,0,0,0,0,0,0,0,0,0,0
210438,0,1,0,0,0,0,0,0,0,0,0,0
210438,1,1,0,0,16,14,20,20,13,22,10,0
210439,0,1,0,0,0,0,0,0,0,0,0,0
210439,1,1,0,0,0,0,0,0,0,0,0,0
210440,0,1,0,0,0,0,0,0,0,0,0,0
210440,1,1,0,0,0,0,0,0,0,0,0,0
210441,1,1,9,9,9,9,9,9,9,9,9,9
210442,1,1,0,0,0,0,0,0,0,0,0,0
210443,0,1,0,0,0,0,0,0,0,0,0,0
210443,1,1,0,26,0,0,14,0,0,0,0,9
210444,1,1,21,21,21,21,21,21,21,21,21,21
210445,1,1,18,18,18,18,18,18,18,18,18,18
210446,0,1,0,0,0,0,0,0,0,0,0,0
210446,1,1,0,0,20,0,0,10,28,15,0,0
210446,2,1,0,24,8,0,29,0,0,0,0,10
210447,1,1,0,0,0,0,0,0,0,0,0,0
210447,2,1,0,0,0,0,0,0,0,0,0,0
210448,1,1,0,0,0,0,0,0,0,0,0,0
210448,2,1,0,0,0,0,0,0,0,0,0,0
210449,0,1,6,6,6,6,6,6,6,6,6,6
210449,1,1,0,0,0,0,0,0,0,0,0,0
210450,0,1,0,0,0,0,0,0,0,0,0,0
210450,1,1,21,0,6,0,12,28,9,4,0,13
210451,1,1,0,0,0,0,0,0,0,0,0,0
210451,2,1,0,0,0,0,0,0,0,0,0,18
210452,1,1,0,0,0,0,0,0,0,0,0,0
210453,1,1,20,20,20,20,20,20,20,20,20,20
210454,0,1,0,0,0,0,0,0,0,0,0,0
210454,1,1,0,0,0,0,0,0,0,0,0,0
210454,2,1,0,0,0,0,0,0,0,0,0,0
210455,1,1,0,0,11,0,3,0,6,0,27,19
210456,1,1,8,23,26,3,19,27,7,19,9,16
210457,1,1,0,0,0,0,0,0,0,0,0,0
210458,1,2,17,0,0,0,0,0,0,0,0,0
210459,1,1,0,0,0,0,0,0,0,0,0,0
210459,2,1,0,0,0,0,0,0,0,0,0,0
210460,1,1,0,0,0,20,0,0,0,29,7,0
210461,1,1,0,0,0,0,0,0,0,0,0,0
210461,2,1,0,0,0,0,0,0,0,0,0,0
210462,1,1,0,0,0,0,0,0,0,0,0,0
210462,2,1,0,0,0,0,0,0,0,0,0,0
210463,1,1,0,0,0,0,0,0,0,0,0,0
210464,1,1,0,0,0,0,0,0,0,0,0,0
210464,2,1,13,0,0,0,0,0,0,0,0,0
210465,1,1,0,0,0,0,0,0,0,0,0,0
210466,1,1,0,0,0,0,0,0,0,0,0,0
210466,3,1,0,0,0,0,0,0,0,0,0,0
210466,4,1,0,0,0,0,0,0,0,0,0,0
210467,1,1,0,0,0,0,0,0,0,0,0,0
210467,2,1,0,0,0,21,0,0,0,0,0,0
210468,1,1,0,0,0,0,0,0,0,0,0,0
210468,2,1,0,0,0,0,0,0,0,0,0,0
210469,1,1,0,0,0,0,0,0,0,0,0,0
210469,2,1,0,19,0,0,0,0,0,0,5,0
210470,1,1,24,14,23,12,10,3,10,19,13,9
210471,1,1,0,0,0,0,0,0,0,0,0,0
210472,1,1,0,0,0,0,0,0,0,0,0,0
210472,2,1,0,0,0,0,0,0,0,0,0,0
210473,1,1,0,0,0,0,0,0,0,0,0,0
210473,2,1,0,0,0,0,0,0,0,0,0,0
210474,1,1,7,7,7,7,7,7,7,7,7,7
210474,2,1,0,0,0,0,0,0,0,0,0,0
210475,1,1,17,17,17,17,17,17,17,17,17,17
210476,1,1,15,15,15,15,15,15,15,15,15,15
210477,0,1,15,0,13,0,0,0,23,0,0,0
210477,1,1,0,0,0,0,0,0,0,0,0,0
210478,1,1,0,0,0,0,0,0,0,0,0,0
210479,1,1,26,26,26,26,26,26,26,26,26,26
210480,1,1,13,13,13,13,13,13,13,13,13,13
210481,1,1,16,16,16,16,16,16,16,16,16,16
210482,1,1,17,17,17,17,17,17,17,17,17,17
210483,1,1,0,0,0,0,0,0,0,0,0,0
210483,2,1,0,0,0,0,0,0,0,0,0,0
210484,0,1,0,0,0,0,0,0,0,0,0,0
210484,1,1,0,0,0,0,0,0,0,0,0,0
210485,1,1,0,0,0,0,0,0,0,0,0,0
210485,2,1,0,0,0,0,0,0,0,0,0,0
210486,1,1,0,0,0,0,0,0,0,0,0,0
210486,2,1,0,0,0,0,0,0,0,0,0,0
210487,1,1,0,0,0,0,0,0,0,0,0,0
210487,2,1,0,0,0,0,0,0,0,0,0,0
210488,1,1,0,0,0,0,0,0,0,0,0,0
210488,2,1,0,0,0,0,0,0,0,0,0,0
210489,1,1,0,0,0,0,0,0,0,0,0,0
210489,2,1,0,0,0,0,0,0,0,0,0,0
210489,3,1,0,0,0,0,0,0,0,0,0,0
210490,1,1,0,0,0,0,0,0,0,16,0,17
210491,0,1,0,0,0,0,0,0,0,0,0,0
210491,1,1,0,0,0,0,0,0,0,0,0,0
210493,1,1,0,0,0,0,0,0,0,0,0,0
210493,2,1,0,0,0,0,0,0,0,0,0,0
210493,3,1,0,0,0,0,0,0,0,0,0,0
210494,1,1,0,0,0,0,0,0,0,0,0,0
210495,1,1,0,0,0,0,0,0,0,0,0,0
210495,2,1,0,0,0,0,0,0,0,0,0,0
210496,1,1,0,0,0,0,0,0,3,0,0,0
210497,1,1,0,0,0,0,0,0,0,0,0,0
210497,2,1,0,0,0,0,0,0,0,0,0,0
210497,3,1,0,0,0,0,0,0,0,0,0,0
210498,0,1,16,29,0,0,0,27,0,0,0,24
210498,1,1,0,0,0,0,0,0,0,0,0,0
210499,1,1,0,0,0,0,0,0,0,0,0,0
210500,0,1,0,0,0,0,36,0,0,0,34,0
210500,1,1,0,0,0,0,0,0,0,0,0,0
210501,1,1,30,30,30,30,30,30,30,30,30,30
210502,1,1,13,13,13,13,13,13,13,13,13,13
210503,1,1,7,7,7,7,7,7,7,7,7,7
210503,2,1,0,7,0,0,0,0,0,5,21,22
210504,1,1,0,0,0,0,0,0,0,0,0,0
210505,1,1,0,0,0,0,0,0,0,0,0,0
210505,2,1,0,0,0,0,0,0,0,0,0,0
210506,1,1,0,0,0,0,0,0,0,0,0,0
210506,2,1,0,0,0,0,0,0,0,0,0,0
210506,3,1,0,0,0,0,0,0,0,0,0,0
210507,1,1,12,12,12,12,12,12,12,12,12,12
210508,0,1,29,29,29,29,29,29,29,29,29,29
210508,1,1,0,0,0,23,0,0,0,0,0,0
210509,1,1,0,0,0,0,0,0,0,0,0,0
210509,2,1,0,0,0,0,0,0,0,0,0,0
210510,1,1,28,28,28,28,28,28,28,28,28,28
210511,1,1,0,0,0,0,0,0,0,0,0,0
210512,1,1,0,0,0,0,0,0,0,0,0,0
210512,2,1,0,0,0,0,0,0,0,0,0,0
210513,1,1,0,0,0,0,0,0,0,0,0,0
210513,2,1,0,0,0,0,0,0,0,0,0,0
210514,1,1,16,16,16,16,16,16,16,16,16,16
210514,2,1,0,0,0,0,0,0,0,0,0,0
210515,1,1,0,0,0,0,0,0,0,14,0,0
210515,2,1,9,9,9,9,9,9,9,9,9,9
210516,0,1,0,0,0,0,0,0,0,0,0,0
210516,1,1,0,0,0,0,0,0,0,0,0,0
210517,1,1,0,0,0,0,0,0,0,0,0,0
210518,1,1,0,0,0,0,0,0,0,0,0,0
210519,1,1,16,16,16,16,16,16,16,16,16,16
210519,2,1,0,0,0,0,0,0,0,0,0,0
210519,3,1,0,0,0,0,0,0,0,0,0,0
210520,1,1,0,0,0,0,0,0,0,0,0,0
210520,2,1,0,0,0,0,0,0,0,0,0,0
210521,1,1,0,0,0,0,0,0,0,0,0,0
210521,2,1,0,0,0,0,0,0,0,0,0,0
210522,1,1,0,0,0,0,0,0,0,0,0,0
210522,2,1,0,0,0,0,0,0,0,0,0,0
210523,1,1,0,0,0,0,0,0,0,0,0,0
210523,2,1,0,0,0,0,0,0,0,0,0,0
210524,1,1,0,0,0,17,0,0,0,0,0,0
210525,1,1,7,7,7,7,7,7,7,7,7,7
210525,2,1,0,0,0,0,0,0,0,0,0,0
210526,1,1,0,0,0,0,0,0,0,0,0,0
210526,2,1,0,0,0,0,0,0,0,0,0,0
210526,4,1,0,0,0,0,0,0,0,0,0,0
210527,1,1,0,0,8,0,0,0,12,22,9,15
210528,1,1,0,0,0,0,0,0,0,0,0,0
210529,1,1,25,25,25,25,25,25,25,25,25,25
210530,1,1,0,0,0,0,0,0,0,0,0,0
210530,2,1,0,0,0,0,0,0,0,0,0,0
210531,1,1,0,0,0,0,0,0,0,0,0,0
210531,2,1,0,0,0,0,0,0,0,0,0,0
210532,1,1,0,0,0,0,0,0,0,0,0,0
210533,1,1,0,9,0,0,0,0,0,0,0,0
210533,2,1,0,0,0,0,0,0,0,0,0,0
210533,3,1,0,0,0,13,0,0,0,0,0,0
210533,4,1,0,0,0,0,0,13,22,0,0,0
210533,5,1,0,0,0,0,0,0,0,0,0,0
210534,1,1,11,22,20,13,0,9,0,6,0,0
210535,1,1,19,6,0,0,0,0,0,0,46,0
210536,1,1,20,20,20,20,20,20,20,20,20,20
210537,1,1,18,24,18,51,17,16,14,22,19,35
210538,1,1,0,0,0,0,0,0,0,0,0,0
210538,2,1,0,0,0,0,0,0,0,0,0,0
210539,1,1,0,0,0,8,0,0,0,0,0,0
210539,2,1,0,0,0,0,0,0,0,0,0,0
210540,1,1,0,0,0,0,0,0,0,0,0,0
210540,2,1,0,0,0,0,0,0,0,0,0,0
210540,3,1,0,0,0,0,0,0,0,0,0,0
210541,1,1,0,0,0,0,0,0,0,0,0,0
210542,1,1,0,0,0,0,0,0,0,0,0,0
210543,1,1,0,0,0,0,0,0,0,0,0,0
210543,2,1,0,0,0,0,0,0,0,0,12,0
210544,1,1,0,0,0,0,0,0,0,0,0,0
210544,2,1,15,15,15,15,15,15,15,15,15,15
210544,3,1,0,0,0,0,0,0,0,0,0,16
210545,1,1,0,0,0,0,0,0,0,0,0,0
210545,2,1,8,8,8,8,8,8,8,8,8,8
210546,1,1,0,0,0,0,0,0,0,0,0,0
210546,2,1,0,0,0,0,0,0,0,0,0,0
210547,1,1,12,28,18,0,18,14,22,18,14,28
210548,1,1,21,21,21,21,21,21,21,21,21,21
210549,0,1,0,12,0,0,19,0,0,43,31,13
210549,1,1,15,19,0,0,0,0,0,0,0,0
210549,2,1,0,0,0,17,0,0,0,0,0,0
210550,1,1,0,0,0,0,0,0,0,0,0,0
210550,2,1,0,0,0,0,0,19,16,0,0,0
210551,1,1,0,0,0,0,0,0,0,0,0,0
210552,0,1,0,0,0,0,0,0,0,0,0,0
210552,1,1,0,0,0,0,0,0,0,0,0,0
210553,0,1,0,0,0,0,0,0,0,0,0,0
210553,1,1,0,0,0,0,0,0,0,0,0,0
210553,2,1,0,0,0,0,0,14,10,0,0,0
210553,3,1,0,0,0,0,0,0,21,0,0,0
210553,4,1,0,18,0,0,0,0,0,17,0,0
210554,1,1,0,0,0,0,0,0,0,0,0,0
210554,2,1,0,0,0,0,0,0,0,0,0,0
210555,1,1,0,0,0,0,0,0,0,0,0,0
210556,0,1,0,0,0,0,0,0,0,0,0,0
210556,1,1,0,0,0,0,0,0,0,0,0,0
210557,1,1,0,0,0,0,0,0,0,0,0,0
210557,2,1,0,0,0,0,0,0,0,0,0,0
210558,0,1,0,0,0,0,0,0,0,0,0,0
210558,1,1,0,0,0,0,0,0,0,0,0,0
210559,1,1,12,9,5,9,12,17,0,0,0,11
210560,1,1,16,16,16,16,16,16,16,16,16,16
210561,1,1,23,23,23,23,23,23,23,23,23,23
210562,1,1,24,24,24,24,24,24,24,24,24,24
210563,1,1,0,0,0,0,0,0,0,0,0,0
210564,1,1,0,0,0,0,0,0,0,0,0,0
210564,2,1,0,26,0,0,0,0,0,0,0,0
210565,1,1,0,0,0,0,0,0,0,0,0,0
210565,2,1,0,0,14,0,0,0,0,0,0,0
210566,1,1,28,28,28,28,28,28,28,28,28,28
210566,2,1,2,2,2,2,2,2,2,2,2,2
210566,3,1,0,0,36,18,0,0,0,0,14,9
210567,1,1,0,0,0,0,0,0,0,0,0,0
210568,1,1,0,0,0,0,0,0,0,0,0,0
210568,2,1,0,0,0,0,0,0,0,0,0,0
210569,1,1,0,0,0,0,0,0,0,0,0,0
210570,1,1,4,4,4,4,4,4,4,4,4,4
210571,1,1,15,15,15,15,15,15,15,15,15,15
210572,1,1,0,0,0,0,0,0,0,0,0,0
210572,2,1,0,0,0,0,0,0,0,0,0,0
210573,1,1,0,0,0,0,0,0,0,0,0,0
210573,2,1,0,0,0,0,0,0,0,0,0,0
210574,1,1,0,0,0,0,21,0,0,17,0,0
210575,1,1,0,0,0,0,0,0,0,0,0,0
210575,2,1,0,0,0,0,0,0,0,0,0,0
210576,1,1,0,0,0,0,0,20,0,0,0,0
210577,1,1,0,0,0,18,0,21,0,0,0,0
210578,0,1,0,0,0,0,0,0,0,0,0,0
210578,1,1,0,0,0,0,0,0,0,0,0,0
210579,1,1,0,0,0,0,0,0,0,0,0,30
210580,1,1,0,0,0,0,0,0,0,0,0,0
210581,1,1,0,0,0,0,0,0,0,0,0,0
210582,1,1,19,19,19,19,19,19,19,19,19,19
210582,2,1,2,2,2,2,2,2,2,2,2,2
210583,1,1,22,22,22,22,22,22,22,22,22,22
210584,1,1,0,0,0,0,0,0,0,0,0,0
210585,0,1,26,26,26,26,26,26,26,26,26,26
210585,1,1,0,0,0,0,0,0,0,0,0,0
210586,1,1,21,21,21,21,21,21,21,21,21,21
210587,1,1,0,0,0,0,0,0,0,0,0,0
210588,1,1,0,0,0,0,0,0,0,0,0,0
210589,1,1,0,0,0,0,0,0,0,0,0,0
210589,2,1,0,0,0,0,0,0,0,0,0,0
210590,1,1,0,0,0,0,0,0,0,0,0,0
210590,2,1,0,0,0,0,0,0,0,0,0,0
210591,1,1,0,0,0,0,0,0,0,0,0,0
210592,1,1,0,0,0,0,0,0,0,0,0,0
210592,2,1,0,0,0,0,0,0,0,0,0,0
210593,1,1,17,17,17,17,17,17,17,17,17,17
210594,1,1,0,0,0,0,0,0,0,0,0,0
210594,2,1,0,0,0,0,0,0,0,0,0,0
210595,1,1,8,8,8,8,8,8,8,8,8,8
210596,1,1,0,0,0,0,0,0,0,0,0,0
210596,2,1,0,0,0,0,0,0,0,0,0,0
210597,1,1,0,0,0,0,0,0,0,0,0,0
210598,1,1,0,0,0,0,0,0,0,0,0,0
210599,1,1,0,0,0,0,0,0,0,0,0,0
210599,2,1,0,0,0,0,0,0,0,0,0,0
210600,0,1,44,44,44,44,44,44,44,44,44,44
210600,1,1,0,18,0,5,14,0,26,0,15,0
210600,2,1,0,0,0,0,0,0,0,0,0,0
210601,1,1,0,0,0,0,0,0,0,0,0,0
210602,1,1,0,0,0,0,0,6,0,0,0,0
210603,1,1,0,0,0,0,0,0,0,0,0,0
210603,2,1,0,0,0,0,0,0,0,0,0,0
210604,1,1,0,0,0,0,0,0,0,0,0,0
210604,2,1,0,0,0,0,0,0,0,0,0,0
210605,0,1,19,19,19,19,19,19,19,19,19,19
210605,1,1,24,0,0,0,0,0,15,0,0,0
210606,1,1,0,0,0,0,0,0,0,0,0,0
210607,1,1,0,0,0,0,0,0,0,0,0,0
210607,2,1,0,0,0,0,0,0,0,0,0,0
210608,0,1,0,0,0,0,0,0,0,0,0,0
210608,1,1,0,0,0,0,0,0,0,0,0,0
210609,1,1,0,0,0,0,0,0,0,0,0,0
210609,2,1,0,0,0,0,0,0,0,0,0,0
210610,1,1,0,0,0,0,0,0,0,0,0,0
210610,2,1,0,0,0,0,0,0,0,0,0,0
210611,1,1,0,9,0,0,0,0,0,0,0,0
210611,2,1,0,0,0,0,0,0,0,0,0,0
210612,1,1,0,0,0,0,0,0,0,0,0,0
210612,2,1,0,0,0,0,0,0,0,0,0,0
210613,1,1,0,0,0,0,0,0,0,0,0,0
210613,2,1,0,0,0,0,0,0,0,0,0,0
210613,3,1,9,0,0,0,0,0,0,0,0,0
210614,1,1,0,0,0,0,0,0,0,0,0,0
210614,2,1,0,0,0,0,0,0,0,0,0,0
210614,3,1,0,0,0,0,0,0,0,0,0,0
210615,1,1,0,0,0,0,0,0,0,0,0,0
210615,2,1,0,0,0,0,0,0,0,0,0,0
210616,1,1,12,21,14,24,0,19,0,11,16,38
210617,1,1,0,0,0,0,0,0,0,0,0,0
210618,1,1,20,20,20,20,20,20,20,20,20,20
210619,1,1,0,0,0,0,0,0,0,0,0,0
210620,0,1,0,0,0,0,0,0,0,0,0,0
210620,1,1,11,0,0,6,14,6,20,0,16,0
210621,1,1,0,0,0,0,0,0,0,0,0,0
210621,2,1,0,0,0,0,0,0,0,0,0,0
210622,0,1,0,0,0,13,0,0,18,26,0,0
210622,1,1,0,0,0,0,0,0,0,15,0,0
210623,1,1,0,0,0,0,0,0,0,0,0,0
210623,2,1,0,0,0,0,0,0,0,0,0,0
210624,0,1,0,0,0,0,0,0,0,0,0,0
210624,2,1,0,0,0,0,0,16,23,0,0,0
210625,1,1,0,0,0,0,0,0,0,0,0,0
210626,1,1,0,0,0,0,0,0,0,0,0,0
210626,2,1,0,0,0,0,0,0,5,0,0,0
210627,0,1,0,0,0,0,0,0,0,0,0,0
210627,1,1,0,0,0,0,0,0,0,0,0,0
210628,1,1,0,0,0,0,0,0,0,0,0,0
210629,1,1,0,0,0,0,0,0,0,0,0,0
210629,2,1,0,0,0,0,0,0,0,0,0,0
210630,1,1,0,0,0,0,0,0,0,0,0,0
210630,2,1,0,0,0,0,0,0,0,0,0,0
210631,1,1,0,0,10,0,0,0,0,0,0,0
210632,1,1,0,0,0,0,0,0,0,0,0,0
210632,2,1,0,0,0,0,0,0,0,0,0,0
210633,1,1,10,10,10,10,10,10,10,10,10,10
210633,2,1,0,0,0,0,0,0,0,0,0,0
210633,3,1,0,0,0,14,0,0,0,0,0,0
210634,1,1,0,0,0,0,0,0,0,0,0,0
210634,2,1,0,0,0,0,0,0,0,0,0,0
210635,1,1,24,24,24,24,24,24,24,24,24,24
210636,1,1,0,0,0,0,0,0,0,0,0,0
210636,2,1,0,0,0,0,0,0,0,0,0,0
210637,1,1,25,25,25,25,25,25,25,25,25,25
210637,2,1,0,0,0,0,0,0,0,0,0,0
210638,1,1,20,16,0,0,0,0,0,0,0,0
210639,1,1,0,0,0,0,0,0,0,0,0,0
210639,2,1,0,0,0,0,0,0,0,0,0,0
210640,1,1,0,18,0,0,0,9,0,0,0,0
210641,1,1,25,25,25,25,25,25,25,25,25,25
210642,1,1,0,0,0,0,0,0,0,0,0,0
210642,2,1,0,0,0,0,0,0,0,0,0,0
210643,1,1,20,20,20,20,20,20,20,20,20,20
210643,2,1,0,0,0,0,0,0,0,0,0,0
210644,1,1,0,0,0,0,0,0,0,0,0,0
210645,1,1,2,2,2,2,2,2,2,2,2,2
210645,2,1,0,0,0,0,0,0,0,0,0,0
210646,1,1,0,0,0,0,0,0,0,0,0,0
210646,2,1,0,0,0,0,0,0,0,0,0,0
210647,1,1,0,0,0,0,0,0,0,0,0,0
210647,2,1,0,0,0,0,0,0,0,0,0,0
210647,3,1,0,0,0,0,0,0,0,0,0,0
210648,0,1,0,0,0,0,0,0,0,0,0,0
210648,1,1,0,12,0,0,0,0,0,0,13,0
210649,1,1,0,0,0,0,0,0,0,0,0,0
210649,2,1,0,0,0,0,0,0,0,0,0,0
210650,1,1,0,0,0,0,0,0,0,0,0,0
210650,2,1,0,0,0,0,0,0,0,0,0,0
210651,1,1,22,22,22,22,22,22,22,22,22,22
210651,2,1,0,0,0,0,0,0,0,0,0,0
210652,0,1,0,0,0,0,0,0,0,0,0,0
210652,1,1,0,0,0,0,0,0,0,0,0,0
210653,1,1,0,0,0,0,0,16,0,0,0,0
210654,1,1,0,0,0,0,0,0,0,0,0,0
210654,2,1,0,0,0,0,0,0,0,0,0,0
210654,3,1,0,0,0,0,0,0,0,0,0,0
210655,1,1,0,0,0,0,0,0,0,0,0,0
210656,1,1,15,0,8,0,0,0,0,0,0,9
210657,1,1,13,13,13,13,13,13,13,13,13,13
210657,2,1,0,0,0,0,0,0,0,0,0,0
210658,1,1,9,0,0,14,0,0,0,18,0,0
210659,1,1,0,0,0,0,0,0,0,0,0,0
210660,1,1,0,0,0,0,0,0,0,0,0,0
210661,1,1,0,0,0,0,0,0,0,0,0,0
210662,1,1,0,0,0,0,0,0,0,0,0,0
210663,1,1,0,0,11,0,17,0,1,0,0,0
210664,1,1,19,19,19,19,19,19,19,19,19,19
210665,1,1,22,0,5,9,0,10,11,23,24,0
210665,2,1,0,0,0,0,0,0,0,0,0,0
210666,1,1,0,0,0,0,0,0,0,0,27,0
210667,1,1,19,19,19,19,19,19,19,19,19,19
210667,2,1,0,0,0,0,0,0,0,0,0,0
210668,1,1,22,22,22,22,22,22,22,22,22,22
210669,1,1,16,16,16,16,16,16,16,16,16,16
210670,1,1,11,11,11,11,11,11,11,11,11,11
210671,0,1,0,0,0,0,0,0,0,0,0,0
210672,1,1,20,20,20,20,20,20,20,20,20,20
210672,2,1,0,0,0,0,0,0,0,0,0,0
210673,1,1,0,0,0,0,0,0,0,0,0,0
210673,2,1,0,0,0,0,0,0,0,0,0,0
210674,0,1,0,0,0,0,0,0,0,0,0,0
210674,1,1,0,0,0,0,0,0,0,0,0,0
210675,1,1,13,13,13,13,13,13,13,13,13,13
210675,2,1,0,0,0,0,0,0,0,0,0,0
210676,1,1,0,13,0,0,0,0,0,0,0,0
210676,2,1,0,0,0,0,0,0,0,0,0,0
210676,3,1,0,0,0,0,0,0,0,0,0,0
210677,1,1,0,0,0,0,0,0,0,0,0,0
210677,2,1,0,0,0,0,0,0,0,17,0,0
210678,0,1,25,25,25,25,25,25,25,25,25,25
210678,1,1,0,0,0,0,0,0,0,0,0,0
210679,1,1,0,0,0,0,0,0,0,0,0,0
210680,1,1,0,0,0,0,0,0,0,0,0,0
210680,2,1,0,0,0,0,0,0,0,0,0,0
210681,1,1,0,0,0,0,0,0,0,0,0,0
210681,2,1,0,0,0,0,0,0,0,0,0,0
210681,3,1,0,0,0,0,0,0,0,0,0,0
210681,4,1,0,0,0,0,0,0,0,0,0,0
210682,1,1,0,0,0,0,0,0,0,0,0,0
210682,2,1,0,0,0,0,0,0,0,0,0,0
210683,1,1,0,0,0,0,0,0,0,0,0,0
210683,2,1,0,0,0,0,0,0,0,0,0,0
210683,3,1,0,0,0,0,0,0,0,0,0,0
210684,1,1,6,6,6,6,6,6,6,6,6,6
210685,0,1,0,0,0,0,0,0,0,0,0,0
210685,1,1,0,0,0,0,0,0,7,0,0,18
210686,0,1,0,0,0,0,0,0,0,0,0,0
210686,1,1,0,0,0,0,0,0,0,0,0,0
210687,1,1,18,18,18,18,18,18,18,18,18,18
210688,1,1,0,0,0,0,0,0,0,0,0,0
210689,1,1,0,0,0,0,0,0,0,0,0,0
210689,2,1,0,0,0,0,0,0,0,0,0,0
210690,1,1,0,0,0,0,0,0,0,0,0,0
210690,2,1,0,0,0,0,0,0,0,0,0,0
210691,1,1,0,0,0,0,0,0,0,0,0,0
210691,2,1,0,0,0,0,0,0,0,10,0,0
210692,1,1,12,12,12,12,12,12,12,12,12,12
210692,2,1,0,0,0,0,0,0,0,0,0,0
210693,1,1,0,0,0,0,0,0,0,0,0,0
210693,2,1,0,0,0,0,0,0,0,0,0,0
210694,1,1,9,9,9,9,9,9,9,9,9,9
210695,1,1,0,33,20,0,0,0,22,0,0,0
210695,2,1,27,0,0,0,0,0,0,0,0,0
210696,1,1,8,8,8,8,8,8,8,8,8,8
210697,1,1,0,0,0,0,0,0,0,0,0,0
210697,2,1,0,0,0,0,0,0,0,0,0,0
210698,1,1,0,0,0,0,0,0,0,0,0,0
210698,2,1,0,0,0,0,0,0,0,0,0,0
210699,1,1,0,0,0,0,0,0,0,0,0,0
210700,0,1,0,0,0,0,0,0,0,0,0,0
210700,1,1,0,0,0,0,0,0,0,0,0,0
210701,1,1,30,30,30,30,30,30,30,30,30,30
210702,1,1,0,0,0,0,0,0,0,0,0,0
210703,1,1,0,0,0,0,0,0,0,0,0,0
210704,1,1,0,0,0,0,0,0,0,0,0,0
210704,3,1,0,0,29,0,0,11,0,0,0,0
210705,0,1,0,0,0,0,0,0,0,0,0,0
210705,1,1,0,0,0,0,0,0,0,0,0,0
210706,1,1,0,0,9,0,0,0,0,0,0,0
210707,1,1,0,0,0,0,0,0,0,0,0,0
210707,2,1,0,0,0,0,0,0,0,0,0,0
210708,1,1,22,22,22,22,22,22,22,22,22,22
210709,1,1,14,14,14,14,14,14,14,14,14,14
210709,2,1,0,0,0,0,0,7,0,0,0,0
210710,1,1,0,0,0,0,0,0,0,0,0,0
210711,1,1,0,0,0,0,0,0,0,0,0,0
210711,2,1,0,0,0,0,0,0,0,0,0,0
210711,3,1,0,0,0,0,0,0,0,0,0,0
210711,4,1,0,0,0,0,0,0,0,0,0,0
210712,1,1,0,0,0,0,0,0,0,0,0,0
210713,1,1,0,0,0,0,0,0,0,0,0,0
210714,0,1,9,9,9,9,9,9,9,9,9,9
210714,1,1,0,22,0,0,0,0,0,0,0,0
210714,2,1,0,0,0,0,0,0,0,0,0,0
210715,1,1,0,0,0,0,0,0,0,0,0,0
210716,1,1,0,0,0,6,0,0,18,0,24,0
210716,2,1,14,0,0,0,0,0,0,0,0,0
210717,0,1,0,0,0,0,0,0,0,0,0,0
210717,1,1,18,9,0,22,0,5,0,7,0,5
210718,1,1,0,0,0,0,0,0,0,0,0,0
210718,2,1,0,0,0,0,0,0,0,0,0,0
210719,1,1,0,0,0,12,0,0,0,0,0,0
210719,2,1,0,0,0,0,0,0,0,0,0,0
210720,1,1,0,9,0,0,0,0,0,0,0,0
210720,2,1,0,0,0,0,0,0,0,0,0,0
210721,1,1,43,43,43,43,43,43,43,43,43,43
210722,1,1,0,0,0,11,0,0,0,0,0,0
210723,1,1,0,0,0,0,0,0,0,0,0,0
210724,1,1,46,10,9,0,0,16,0,0,0,0
210725,1,1,22,23,22,19,11,27,20,22,21,22
210726,1,1,0,0,0,0,0,0,0,0,0,0
210727,1,1,0,0,0,0,0,0,0,0,0,0
210727,2,1,0,0,0,0,0,0,0,0,0,0
210728,1,1,15,0,0,0,0,0,0,0,0,0
210729,1,1,0,0,0,0,0,0,0,0,0,0
210729,2,1,0,0,0,0,0,0,0,0,0,0
210730,1,1,0,0,0,0,0,0,0,0,0,0
210730,2,1,0,0,0,0,0,0,0,0,0,0
210731,0,1,10,0,0,0,0,7,12,0,0,11
210731,1,1,0,0,0,0,0,0,0,0,0,0
210732,1,1,0,0,8,0,0,13,0,0,0,0
210732,2,1,0,0,0,0,0,0,0,0,0,0
210732,3,1,0,0,0,0,0,0,0,0,0,0
210733,1,1,0,0,0,0,0,0,0,0,0,0
210734,1,1,0,0,0,4,0,19,0,0,0,0
210735,0,1,0,0,0,0,0,0,0,0,0,0
210735,1,1,0,0,0,13,13,20,0,0,0,0
210736,1,1,0,0,0,11,6,19,15,0,0,0
210736,2,1,0,0,0,0,0,0,0,0,0,0
210737,1,1,0,0,0,0,0,0,0,0,0,0
210737,2,1,0,0,0,0,0,0,0,0,0,0
210737,3,1,0,0,0,0,0,0,0,0,0,0
210738,1,1,0,0,0,0,0,0,0,0,0,0
210739,1,1,0,0,0,0,0,0,0,13,0,0