ST_CASE,VEH_NO,PER_NO,P1,P2,P3,P4,P5,P6,P7,P8,P9,P10
220590,4,1,0,0,0,0,19,0,0,0,0,0
220590,5,1,0,0,0,0,4,0,0,17,0,14
220591,1,1,0,0,0,0,0,28,0,0,0,0
220592,1,1,1,1,1,1,1,1,1,1,1,1
220593,0,1,0,0,0,0,0,0,0,0,16,0
220593,1,1,12,12,12,12,12,12,12,12,12,12
220594,0,1,0,0,0,0,0,0,0,0,0,0
220594,1,1,0,0,0,0,0,0,0,0,0,0
220595,0,1,22,22,22,22,22,22,22,22,22,22
220595,1,1,0,0,0,0,0,0,0,0,0,0
220596,0,1,0,0,0,0,0,0,0,0,0,0
220596,1,1,0,0,0,0,0,0,0,0,0,0
220597,1,1,0,0,0,0,0,0,0,0,0,0
220598,1,1,0,0,0,0,0,0,0,0,0,0
220598,2,1,0,0,0,0,0,0,0,0,0,0
220599,0,1,0,0,0,0,0,0,0,0,0,0
220599,1,1,0,0,0,0,0,0,0,0,0,0
220600,1,1,0,0,0,0,0,0,0,0,0,0
220600,2,1,0,0,0,0,0,0,0,0,0,0
220601,1,1,0,0,0,0,0,0,0,0,0,0
220602,1,1,28,28,28,28,28,28,28,28,28,28
220603,1,1,0,0,0,0,0,0,0,0,0,0
220603,2,1,0,0,0,0,0,0,0,0,0,0
220604,1,1,25,25,25,25,25,25,25,25,25,25
220605,0,1,0,0,0,0,0,0,0,0,0,0
220605,1,1,8,9,11,7,7,6,5,21,0,4
220606,0,1,36,36,36,36,36,36,36,36,36,36
220606,1,1,8,14,12,12,0,9,13,7,0,0
220607,1,1,17,0,0,0,0,0,0,0,14,0
220608,1,1,0,0,0,0,0,0,0,0,0,0
220609,1,1,0,0,0,0,0,0,0,0,0,0
220609,2,1,0,0,0,0,0,0,0,0,0,0
220610,1,1,0,0,0,0,0,0,0,0,0,0
220611,1,1,0,0,0,0,0,0,0,0,0,0
220611,2,1,0,0,0,0,0,0,0,0,0,0
220612,0,1,0,0,0,0,0,0,0,0,0,0
220612,1,1,20,20,20,20,20,20,20,20,20,20
220613,1,1,0,0,0,0,35,0,0,0,0,0
220613,2,1,0,0,12,0,0,0,5,0,0,20
220614,1,1,0,0,0,0,27,0,0,0,0,0
220615,0,1,19,19,19,19,19,19,19,19,19,19
220615,1,1,0,0,0,0,0,0,0,0,0,0
220616,1,1,0,0,0,0,0,0,0,0,0,0
220616,2,1,0,0,0,0,0,0,0,0,0,0
220617,1,1,20,20,20,20,20,20,20,20,20,20
220618,1,1,0,0,0,0,0,0,0,0,0,0
220619,1,1,0,0,0,0,0,0,0,0,0,0
220621,1,1,0,18,0,0,0,0,7,0,0,0
220622,1,1,0,0,0,0,0,0,0,0,0,0
220623,1,1,25,25,25,25,25,25,25,25,25,25
220624,1,1,0,0,0,0,0,0,0,0,0,0
220625,1,1,11,11,11,11,11,11,11,11,11,11
220626,1,1,26,26,26,26,26,26,26,26,26,26
220626,2,1,0,0,0,0,0,0,0,0,0,0
220627,1,1,0,17,0,0,0,0,0,0,13,0
220627,2,1,0,0,0,0,0,0,0,0,15,0
220628,1,1,0,9,11,10,10,30,0,0,8,17
220629,1,1,29,29,29,29,29,29,29,29,29,29
220629,2,1,0,0,0,0,0,0,0,0,0,0
220630,1,1,0,0,0,0,0,0,0,0,0,0
220631,0,1,0,11,0,0,0,0,0,0,0,6
220631,1,1,0,0,0,0,0,0,0,0,0,0
220632,1,1,0,0,0,0,12,0,0,0,0,13
220632,2,1,0,0,0,0,0,0,0,0,0,0
220633,1,1,25,25,25,25,25,25,25,25,25,25
220633,2,1,0,0,0,0,0,0,0,0,0,0
220634,1,1,0,0,0,0,0,0,0,0,0,0
220634,2,1,0,0,0,0,0,0,0,0,0,0
220635,1,1,0,0,0,0,0,0,0,0,0,0
220635,2,1,0,0,0,0,0,0,0,0,0,0
220636,1,1,23,0,0,0,0,0,0,20,21,0
220636,2,1,0,0,0,0,0,0,0,0,0,0
220636,3,1,0,0,0,0,0,0,0,0,0,0
220636,4,1,0,0,0,0,0,0,0,0,0,0
220637,1,1,0,0,0,0,0,0,0,0,0,0
220638,1,1,0,0,0,0,0,0,0,0,0,0
220638,2,1,0,0,0,0,0,0,0,0,0,0
220639,1,1,0,0,0,0,0,0,0,0,0,0
220639,2,1,0,0,0,0,0,0,0,0,0,0
220639,3,1,0,0,0,0,0,0,0,0,13,0
220640,1,1,0,0,0,0,9,15,0,0,28,0
220640,2,1,0,0,0,0,0,0,0,0,0,0
220641,0,1,0,0,0,0,0,0,0,0,0,0
220641,0,2,0,0,26,0,0,0,0,0,0,0
220641,1,1,0,0,0,0,0,0,0,0,0,0
220641,2,1,0,0,0,0,0,0,0,0,0,0
220642,1,1,0,0,0,0,0,0,0,0,0,0
220642,2,1,0,0,0,0,0,0,0,0,0,0
220642,3,1,0,0,0,0,0,0,0,0,0,0
220642,4,1,0,0,0,0,0,0,0,0,0,0
220642,5,1,0,0,0,0,0,0,0,0,0,0
220642,6,1,0,0,0,0,0,0,0,0,0,0
220642,7,1,0,0,0,0,0,0,0,0,0,0
220642,8,1,0,0,0,0,0,0,0,0,0,0
220642,9,1,0,0,0,0,0,0,0,0,0,0
220643,1,1,22,22,22,22,22,22,22,22,22,22
220643,2,1,6,6,6,6,6,6,6,6,6,6
220644,0,1,0,0,0,0,0,0,0,0,0,0
220644,1,1,0,0,0,0,0,0,0,0,0,0
220645,1,1,0,0,0,0,0,0,0,0,0,0
220645,2,1,0,0,0,0,0,0,0,0,0,0
220646,1,1,0,0,0,0,0,0,0,0,0,0
220646,2,1,0,0,0,0,0,0,0,0,0,0
220647,1,1,0,0,0,0,0,0,0,0,0,0
220647,2,1,0,0,0,0,0,0,0,0,0,0
220647,3,1,0,0,0,0,0,0,0,0,0,0
220648,1,1,16,16,16,16,16,16,16,16,16,16
220649,1,1,13,13,13,13,13,13,13,13,13,13
220650,1,1,0,0,0,0,0,0,0,0,0,0
220650,2,1,0,0,0,0,0,0,0,0,0,0
220651,1,1,0,0,0,0,0,0,0,0,0,0
220651,2,1,0,0,0,0,0,0,0,0,0,0
220652,1,1,0,0,0,0,0,0,0,0,0,0
220652,2,1,0,0,0,0,0,0,0,0,0,0
220653,0,1,0,0,0,0,0,0,0,0,0,0
220653,1,1,0,0,0,0,0,8,0,0,0,0
220653,2,1,0,0,0,0,0,0,0,0,0,0
220654,1,1,0,0,0,0,0,0,0,0,0,0
220654,2,1,0,0,0,0,0,0,0,0,0,0
220654,3,1,0,0,0,0,0,0,0,0,0,0
220655,1,1,18,18,18,18,18,18,18,18,18,18
220655,2,1,0,0,0,0,7,0,0,0,0,0
220656,0,1,0,0,0,0,0,0,0,0,0,0
220656,0,2,0,0,0,0,0,0,0,0,0,0
220656,1,1,0,0,0,0,0,0,0,0,0,0
220657,0,1,0,0,0,0,0,0,0,0,0,0
220657,1,1,0,0,0,0,0,0,0,0,0,0
220658,1,1,11,11,11,11,11,11,11,11,11,11
220659,0,1,0,0,0,0,0,0,0,0,0,5
220659,0,2,0,0,0,0,0,0,0,0,0,0
220659,1,1,0,0,0,0,0,0,0,0,0,0
220660,1,1,0,0,0,0,0,0,0,0,0,0
220660,2,1,0,0,0,0,0,0,0,0,0,0
220661,0,1,0,0,0,0,0,0,0,0,0,19
220661,1,1,0,0,0,0,0,0,0,0,0,0
220662,0,1,0,0,0,0,10,0,0,25,7,0
220662,1,1,0,0,0,0,0,0,0,0,0,0
220663,0,1,0,0,0,0,0,0,0,0,0,0
220663,1,1,6,0,0,0,0,25,0,12,0,9
220664,0,1,0,8,0,0,0,0,0,15,0,0
220664,1,1,0,0,0,0,0,0,0,0,0,0
220665,1,1,13,13,13,13,13,13,13,13,13,13
220666,1,1,24,24,24,24,24,24,24,24,24,24
220667,0,1,0,0,0,0,0,0,0,0,0,0
220667,1,1,0,0,0,0,0,0,0,0,0,0
220668,0,1,0,0,0,0,0,0,0,0,0,0
220668,1,1,0,0,0,0,0,0,0,0,0,0
220669,0,1,8,8,8,8,8,8,8,8,8,8
220669,1,1,0,0,0,0,0,0,0,0,0,0
220670,1,1,0,0,0,0,0,0,0,0,0,0
220670,2,1,0,0,0,0,0,0,0,0,0,0
220671,1,1,0,0,0,0,0,0,0,0,0,0
220671,2,1,0,0,0,0,0,0,0,0,0,0
220672,1,1,13,13,13,13,13,13,13,13,13,13
220672,2,1,0,0,0,0,0,0,0,0,0,0
220673,0,1,26,26,26,26,26,26,26,26,26,26
220673,1,1,14,14,14,14,14,14,14,14,14,14
220674,1,1,0,0,0,0,0,0,0,0,0,0
220674,2,1,0,0,0,0,0,0,0,0,0,0
220675,1,1,24,24,24,24,24,24,24,24,24,24
220675,2,1,20,20,20,20,20,20,20,20,20,20
220675,3,1,0,0,0,0,0,0,0,0,0,0
220676,1,1,0,0,0,0,0,0,0,0,0,0
220676,2,1,0,0,0,0,0,0,0,0,0,0
220676,3,1,0,0,0,0,0,0,0,0,0,0
220676,4,1,0,0,0,0,0,0,0,0,0,0
220676,5,1,0,0,0,0,0,0,0,0,0,0
220677,1,1,0,0,0,0,0,0,0,0,0,0
220678,1,1,7,7,7,7,7,7,7,7,7,7
220679,1,1,0,0,0,0,0,0,0,0,0,0
220680,1,1,0,0,0,0,0,0,0,0,0,0
220680,2,1,0,19,0,0,0,0,0,0,0,0
220681,1,1,0,0,0,0,0,0,0,0,0,0
220682,1,1,22,22,22,22,22,22,22,22,22,22
220683,0,1,0,0,0,0,0,0,0,0,0,0
220683,1,1,19,19,19,19,19,19,19,19,19,19
220684,0,1,0,0,0,0,0,0,0,0,0,0
220684,1,1,0,0,0,0,0,0,0,0,0,0
220685,0,1,0,0,0,0,0,0,0,0,0,0
220685,1,1,11,4,3,12,14,23,0,0,4,10
220686,1,1,16,16,16,16,16,16,16,16,16,16
220687,1,1,17,0,45,0,13,8,11,0,0,32
220688,1,1,24,24,24,24,24,24,24,24,24,24
220689,1,1,12,12,12,12,12,12,12,12,12,12
220691,1,1,0,0,0,0,0,0,0,0,0,0
220692,1,1,0,0,0,0,0,0,0,0,0,0
220693,0,1,0,0,0,0,0,0,0,0,0,0
220693,1,1,0,0,0,0,0,0,0,0,0,0
220694,1,1,12,12,12,12,12,12,12,12,12,12
220695,0,1,0,0,0,0,0,0,0,0,0,0
220695,1,1,8,8,8,8,8,8,8,8,8,8
220696,0,1,0,0,0,0,0,0,0,0,0,0
220696,1,1,13,13,13,13,13,13,13,13,13,13
220697,0,1,0,0,0,0,0,0,0,0,0,0
220697,1,1,0,0,0,0,0,0,0,0,0,0
220698,0,1,0,0,0,0,0,0,0,0,0,0
220698,1,1,0,0,0,0,0,0,0,0,0,0
220700,1,1,19,19,19,19,19,19,19,19,19,19
220701,1,1,19,19,19,19,19,19,19,19,19,19
220702,1,1,0,0,0,0,0,0,0,0,0,0
220703,0,1,0,0,0,0,0,0,0,0,0,0
220703,1,1,3,21,13,0,0,8,24,5,0,8
220704,0,1,30,0,0,0,0,31,0,0,0,24
220704,1,1,21,0,10,11,10,5,13,12,0,8
220705,1,1,16,16,16,16,16,16,16,16,16,16
220706,1,1,25,25,25,25,25,25,25,25,25,25
220707,0,1,11,11,11,11,11,11,11,11,11,11
220707,1,1,0,0,0,0,0,0,0,0,0,0
220708,1,1,18,18,18,18,18,18,18,18,18,18
220708,2,1,0,0,0,0,0,0,0,0,0,0
220709,1,1,34,15,18,5,0,0,0,0,0,0
220709,2,1,0,0,0,0,0,0,0,0,0,0
220709,3,1,0,0,0,0,0,0,0,0,0,0
220710,0,1,0,0,0,0,0,0,0,0,0,0
220710,1,1,12,8,3,0,5,0,11,14,18,13
220711,1,1,0,0,0,0,0,0,0,0,0,0
220711,2,1,0,0,0,0,0,0,0,0,0,0
220712,1,1,22,22,22,22,22,22,22,22,22,22
220712,2,1,8,8,8,8,8,8,8,8,8,8
220713,1,1,22,22,22,22,22,22,22,22,22,22
220713,2,1,0,0,0,0,0,0,0,0,0,0
220713,3,1,0,0,0,0,0,0,0,0,0,0
220714,1,1,0,0,0,0,0,0,0,0,0,13
220714,2,1,0,0,0,0,0,0,0,0,0,0
220714,3,1,0,30,0,0,0,0,0,0,0,0
220714,4,1,0,0,0,0,33,0,0,0,0,0
220715,1,1,0,0,0,0,0,0,0,0,0,0
220715,2,1,0,0,0,0,0,0,0,0,0,0
220716,1,1,0,0,0,0,0,0,0,0,0,0
220716,2,1,0,0,0,0,0,0,0,0,0,0
220717,1,1,10,10,10,10,10,10,10,10,10,10
220717,2,1,0,0,0,0,0,0,0,0,0,0
220718,0,1,0,0,0,0,0,0,0,0,0,0
220718,1,1,0,0,0,0,0,0,0,7,0,0
220719,1,1,9,9,9,9,9,9,9,9,9,9
220720,1,1,5,5,5,5,5,5,5,5,5,5
220720,2,1,0,0,0,0,0,0,0,0,0,0
220721,1,1,30,30,30,30,30,30,30,30,30,30
220721,2,1,0,0,0,0,0,0,0,0,0,0
220722,0,1,0,0,0,11,0,30,0,0,20,0
220722,1,1,0,0,0,0,0,0,0,0,0,0
220722,2,1,0,0,0,0,0,0,0,0,0,0
220722,3,1,0,0,0,0,0,0,0,0,0,0
220723,1,1,16,16,16,16,16,16,16,16,16,16
220724,0,1,0,0,0,0,0,0,0,0,15,8
220724,1,1,0,0,0,0,0,0,0,0,0,0
220725,0,1,36,36,36,36,36,36,36,36,36,36
220725,1,1,0,0,0,0,0,0,0,0,0,0
220726,1,1,0,0,0,0,0,0,0,0,0,0
220727,0,1,17,17,17,17,17,17,17,17,17,17
220727,1,1,5,5,5,5,5,5,5,5,5,5
220728,0,1,21,21,21,21,21,21,21,21,21,21
220728,1,1,24,3,0,0,21,0,0,16,0,0
220729,1,1,0,23,0,17,0,0,0,0,11,16
220730,1,1,0,0,0,0,0,0,0,0,0,0
220730,2,1,0,0,0,0,0,0,0,0,0,0
220731,1,1,0,0,0,0,21,0,0,0,0,0
220732,1,1,0,21,0,0,0,0,0,0,31,0
220732,2,1,0,0,0,0,0,0,0,0,0,0
220733,0,1,0,0,0,0,0,0,0,0,0,0
220733,1,1,19,19,19,19,19,19,19,19,19,19
220734,1,1,0,19,0,0,0,0,0,0,0,0
220735,0,1,0,0,0,0,0,0,0,0,0,0
220735,1,1,0,0,0,0,0,0,0,0,0,0
220736,1,1,0,0,0,0,0,0,0,0,0,0
220737,1,1,0,0,0,0,0,0,0,0,0,0
220738,0,1,18,18,18,18,18,18,18,18,18,18
220738,1,1,0,0,0,0,0,0,0,0,0,0
220739,1,1,18,18,18,18,18,18,18,18,18,18
220740,0,1,10,0,27,17,0,18,0,0,6,0
220740,1,1,0,0,0,0,0,0,0,0,0,0
220741,1,1,0,0,0,0,0,0,0,0,0,0
220741,2,1,0,0,0,0,0,0,0,0,0,0
220742,1,1,23,23,23,23,23,23,23,23,23,23
220743,1,1,10,10,10,10,10,10,10,10,10,10
220743,2,1,0,0,0,0,0,0,0,0,0,0
220744,1,1,0,0,0,3,3,0,2,8,0,0
220744,2,1,0,0,0,0,0,0,0,0,0,0
220745,1,1,11,11,11,11,11,11,11,11,11,11
220745,2,1,0,0,0,0,0,0,0,0,0,0
220746,0,1,30,48,0,16,0,34,25,0,0,0
220746,1,1,0,0,0,0,0,0,0,0,0,0
220746,2,1,0,0,0,0,0,0,0,0,0,0
220746,3,1,0,0,0,0,0,0,0,0,0,0
220747,1,1,0,0,0,0,0,0,0,0,0,0
220747,2,1,0,0,0,0,0,0,0,0,0,0
220748,1,1,14,14,14,14,14,14,14,14,14,14
220748,2,1,1,1,1,1,1,1,1,1,1,1
220749,1,1,0,0,0,0,0,0,0,0,0,0
220750,1,1,15,15,15,15,15,15,15,15,15,15
220750,2,1,0,0,0,0,0,0,0,0,0,0
220750,3,1,0,0,0,11,0,0,0,10,0,0
220751,1,1,17,0,4,16,0,25,0,0,9,14
220751,2,1,0,0,20,0,0,0,0,12,0,0
220752,1,1,0,0,0,0,0,0,0,0,0,0
220752,2,1,0,0,0,0,0,0,0,0,0,0
220753,1,1,22,22,22,22,22,22,22,22,22,22
220753,2,1,0,0,0,0,0,0,0,0,0,0
220753,3,1,0,0,0,0,0,0,0,0,0,0
220754,1,1,0,0,0,0,0,0,0,0,0,0
220754,2,1,0,0,0,0,0,0,0,0,0,0
220754,3,1,0,0,0,0,0,0,0,0,0,0
220754,4,1,0,0,0,0,0,0,0,0,0,0
220754,5,1,0,0,0,0,0,0,0,0,0,0
220755,1,1,0,0,0,0,0,0,0,0,0,0
220755,2,1,0,0,0,0,0,0,0,0,0,0
220756,1,1,0,0,0,0,0,0,0,0,0,0
220756,2,1,0,0,0,0,0,0,0,0,0,0
220757,1,1,0,0,0,0,0,0,0,0,0,0
220757,2,1,0,0,0,0,0,0,0,0,0,0
220757,3,1,0,0,0,0,0,0,0,0,0,0
220758,1,1,0,0,0,0,0,0,0,0,0,0
220758,2,1,0,0,0,0,0,0,0,0,0,0
220759,1,1,4,4,4,4,4,4,4,4,4,4
220759,2,1,0,0,0,0,0,0,0,0,22,0
220760,1,1,10,10,10,10,10,10,10,10,10,10
220760,2,1,15,15,15,15,15,15,15,15,15,15
220761,0,1,26,26,26,26,26,26,26,26,26,26
220761,1,1,0,0,0,0,0,0,0,0,0,20
220762,1,1,16,16,16,16,16,16,16,16,16,16
220762,2,1,0,0,0,0,0,0,0,0,0,0
220763,1,1,0,0,0,0,0,0,0,0,0,0
220764,1,1,0,0,0,0,0,0,0,0,0,0
220766,0,1,0,0,0,0,0,0,0,0,0,0
220766,1,1,0,0,0,0,0,0,0,0,0,0
220767,1,1,22,18,18,0,24,0,8,13,0,0
220768,1,1,0,0,0,0,0,0,18,0,8,0
220769,1,1,5,5,5,5,5,5,5,5,5,5
220769,2,1,37,0,0,0,0,0,0,0,7,0
220770,1,1,18,18,18,18,18,18,18,18,18,18
220772,1,1,19,19,19,19,19,19,19,19,19,19
220773,1,1,7,7,7,7,7,7,7,7,7,7
220774,1,1,33,33,33,33,33,33,33,33,33,33
220775,0,1,0,0,0,0,0,0,0,0,0,0
220775,1,1,0,0,0,0,0,0,0,0,0,0
220776,1,1,0,0,0,0,0,0,0,0,0,0
220776,2,1,0,0,0,0,0,0,0,0,0,0
220776,3,1,0,0,0,0,0,0,0,0,0,0
220777,1,1,0,0,0,0,0,0,0,0,0,0
220777,2,1,0,0,0,0,0,0,0,17,0,0
220778,1,1,22,22,22,22,22,22,22,22,22,22
220778,2,1,0,0,0,0,0,0,0,0,0,0
220779,0,1,18,18,18,18,18,18,18,18,18,18
220779,1,1,0,0,0,0,0,0,0,0,0,0
220780,0,1,0,0,0,0,0,0,0,0,0,0
220780,1,1,0,0,0,0,0,0,0,0,0,0
220781,0,1,0,0,0,0,0,0,0,0,0,0
220781,1,1,8,8,8,8,8,8,8,8,8,8
220782,1,1,17,17,17,17,17,17,17,17,17,17
220782,2,1,0,0,0,0,0,0,0,0,0,0
220783,1,1,0,0,0,0,0,0,0,0,0,0
220783,2,1,0,0,0,0,0,0,0,0,0,0
220784,0,1,0,0,0,0,0,0,0,0,0,0
220784,1,1,0,0,0,0,0,0,0,0,0,0
220785,1,1,0,0,0,0,0,0,0,0,0,0
220785,2,1,0,0,0,0,0,0,0,0,0,0
220786,1,1,0,0,0,0,0,0,0,0,0,0
220786,2,1,0,0,0,0,0,0,0,0,0,0
220787,0,1,0,0,0,0,0,0,0,0,0,0
220787,2,1,21,21,21,21,21,21,21,21,21,21
220788,1,1,0,0,0,0,0,0,0,0,0,0
220788,2,1,0,0,0,0,0,0,0,0,0,0
220789,0,1,12,12,12,12,12,12,12,12,12,12
220789,1,1,0,0,0,0,0,0,0,0,0,0
220790,1,1,13,0,0,0,0,15,9,0,13,0
220790,2,1,0,0,0,0,0,0,0,0,0,0
220791,1,1,0,0,0,0,0,0,0,0,0,0
220791,2,1,0,0,0,0,0,0,0,0,0,0
220792,1,1,0,0,0,0,0,0,0,0,0,0
220792,2,1,0,0,0,0,0,0,0,0,0,0
220794,1,1,22,22,22,22,22,22,22,22,22,22
220794,2,1,1,1,1,1,1,1,1,1,1,1
220795,1,1,0,0,0,3,0,17,0,0,0,0
220795,2,1,0,0,1,0,9,0,0,0,0,0
220796,0,1,0,0,0,0,0,0,0,0,0,0
220796,1,1,0,0,0,0,0,0,0,0,0,0
220797,1,1,0,0,0,0,0,0,0,0,0,0
220797,2,1,0,0,0,0,0,0,0,0,0,0
220798,1,1,0,0,0,0,0,0,0,0,0,0
220798,2,1,0,0,0,0,0,0,0,0,0,0
220799,1,1,0,0,0,0,0,0,0,0,0,0
220799,2,1,2,2,2,2,2,2,2,2,2,2
220800,1,1,0,0,0,0,0,0,0,0,0,0
220800,2,1,0,0,0,0,0,0,0,0,0,0
220801,1,1,23,23,23,23,23,23,23,23,23,23
220802,1,1,0,0,0,0,0,0,0,0,0,0
220802,2,1,0,0,0,0,0,0,0,0,0,0
220803,0,1,0,0,0,0,0,0,0,0,0,0
220803,1,1,8,8,8,8,8,8,8,8,8,8
220804,1,1,20,20,20,20,20,20,20,20,20,20
220805,1,1,0,0,0,0,0,0,0,0,0,0
220806,0,1,14,14,14,14,14,14,14,14,14,14
220806,1,1,12,12,12,12,12,12,12,12,12,12
220807,0,1,0,0,0,0,0,0,0,0,0,0
220807,1,1,0,0,0,0,0,0,0,0,0,0
220807,2,1,0,0,0,0,0,0,0,0,21,0
220808,1,1,18,18,18,18,18,18,18,18,18,18
220809,1,1,14,14,14,14,14,14,14,14,14,14
220809,2,1,0,0,0,0,0,0,0,0,13,0
220810,1,1,22,22,22,22,22,22,22,22,22,22
220811,1,1,28,11,0,0,0,0,0,0,0,0
220811,2,1,0,25,0,0,0,0,0,0,0,0
220812,1,1,0,0,0,0,0,0,0,0,0,0
220813,1,1,0,0,0,0,0,0,0,0,0,0
220813,2,1,0,0,0,9,0,0,0,17,0,0
220813,3,1,0,0,0,0,0,0,0,0,0,0
220814,1,1,1,1,1,1,1,1,1,1,1,1
220814,2,1,0,0,0,0,0,0,0,0,0,0
220815,0,1,5,5,5,5,5,5,5,5,5,5
220815,1,1,0,0,0,0,0,0,0,0,0,0
220816,1,1,0,14,0,0,0,0,13,0,0,0
220816,2,1,0,0,0,0,0,0,0,0,0,0
220817,1,1,0,0,0,0,0,0,0,0,16,0
220818,1,1,0,0,0,0,0,0,0,0,0,0
220818,2,1,0,0,0,0,0,0,0,0,0,0
220819,1,1,19,19,19,19,19,19,19,19,19,19
220819,2,1,0,0,0,0,0,0,0,0,0,0
220821,1,1,24,24,24,24,24,24,24,24,24,24
220822,0,1,24,24,24,24,24,24,24,24,24,24
220822,1,1,0,0,0,0,0,0,0,0,0,0
220823,0,1,20,20,20,20,20,20,20,20,20,20
220823,1,1,0,0,0,0,0,0,0,0,0,0
220824,1,1,13,13,13,13,13,13,13,13,13,13
220824,2,1,0,0,0,0,0,0,0,0,0,0
220825,1,1,0,0,0,0,0,0,0,0,0,0
220825,2,1,0,0,0,0,0,0,0,0,0,0
220825,3,1,0,0,0,0,0,0,0,0,0,0
220826,1,1,0,0,0,0,0,0,0,0,0,19
220827,1,1,0,0,0,0,0,0,0,0,0,0
220828,1,1,0,27,0,0,0,0,0,0,0,0
220828,2,1,12,14,18,0,18,6,8,0,0,27
220828,3,1,0,0,0,0,0,0,0,0,0,0
220829,1,1,0,0,0,0,0,0,0,0,0,0
220830,0,1,22,22,22,22,22,22,22,22,22,22
220830,1,1,8,0,0,0,13,0,0,0,0,5
220831,1,1,0,0,0,0,0,0,0,0,0,0
220832,1,1,0,0,0,0,0,0,0,0,0,0
220832,2,1,0,0,0,0,0,0,0,0,0,0
220833,1,1,0,0,0,0,0,0,0,0,0,0
220833,2,1,0,0,0,0,0,0,0,0,0,0
220834,0,1,23,23,23,23,23,23,23,23,23,23
220834,1,1,0,0,0,20,10,0,0,0,0,0
220835,1,1,0,0,0,0,0,0,0,11,0,0
220835,2,1,0,0,0,0,0,0,0,0,0,0
220836,0,1,15,15,15,15,15,15,15,15,15,15
220836,1,1,4,4,4,4,4,4,4,4,4,4
220837,1,1,14,14,14,14,14,14,14,14,14,14
220838,1,1,8,8,8,8,8,8,8,8,8,8
220838,2,1,0,0,0,0,0,0,0,0,0,0
220839,0,1,0,0,0,0,0,0,0,0,0,0
220839,1,1,0,0,0,0,0,0,23,0,0,0
220840,1,1,0,0,0,0,0,0,0,0,0,0
220841,1,1,40,40,40,40,40,40,40,40,40,40
220841,2,1,0,0,0,0,0,0,0,0,0,0
220841,3,1,0,0,0,0,0,0,0,0,0,0
220841,4,1,0,0,0,0,0,0,0,0,0,0
220842,1,1,14,14,14,14,14,14,14,14,14,14
220842,2,1,0,0,0,0,0,0,0,0,0,0
220842,3,1,0,0,0,0,0,0,0,0,0,0
220843,0,1,0,0,0,0,0,0,0,0,0,0
220843,0,2,15,14,16,0,0,0,0,20,8,14
220843,1,1,0,0,0,0,0,0,0,0,0,0
220843,2,1,21,21,21,21,21,21,21,21,21,21
220844,1,1,9,9,9,9,9,9,9,9,9,9
220844,2,1,14,14,14,14,14,14,14,14,14,14
220844,3,1,10,10,10,10,10,10,10,10,10,10
220845,1,1,0,0,0,0,0,0,0,0,0,0
220845,2,1,0,0,0,0,0,0,0,0,0,0
220846,0,1,11,11,11,11,11,11,11,11,11,11
220846,0,2,21,21,21,21,21,21,21,21,21,21
220846,1,1,4,0,0,0,0,0,0,0,0,0
220847,1,1,0,0,0,0,0,0,0,0,0,0
220847,2,1,0,0,0,0,0,0,0,0,0,0
220848,1,1,0,0,0,0,0,0,0,0,0,0
220849,0,1,0,0,0,0,0,0,0,0,0,0
220849,2,1,0,19,14,0,0,25,2,0,20,0
220850,1,1,0,0,0,0,0,0,0,0,0,0
220850,2,1,0,0,0,0,0,0,0,0,0,0
220850,3,1,0,0,0,0,0,0,0,0,0,0
220851,1,1,0,0,0,0,0,0,0,0,0,0
220851,2,1,0,0,0,0,0,0,0,0,0,0
220852,1,1,0,0,0,28,0,0,0,0,0,0
220852,2,1,0,0,0,0,0,0,0,0,0,0
220852,3,1,0,0,0,0,0,0,0,8,0,0
220853,1,1,0,0,0,0,0,0,0,0,0,0
220853,2,1,0,0,0,0,0,0,0,0,0,0
220853,3,1,0,0,0,0,0,0,0,0,0,0
220853,4,1,0,0,0,0,0,0,0,0,0,0
220853,5,1,0,0,0,0,0,0,0,0,0,0
220854,0,1,13,13,13,13,13,13,13,13,13,13
220854,1,1,0,0,0,0,0,0,3,0,0,0
220855,1,1,0,0,0,0,0,0,0,0,0,0
220855,2,1,0,0,0,0,0,0,0,0,0,0
220856,1,1,0,0,0,0,0,9,0,0,0,0
220856,2,1,0,0,0,0,0,0,0,0,0,0
220857,1,1,0,18,0,19,0,21,0,0,0,0
220858,1,1,0,0,0,29,24,22,8,0,0,17
220859,1,1,0,0,0,0,0,0,0,0,0,0
220859,2,1,0,0,0,0,0,0,0,0,0,0
220859,3,1,0,0,0,0,0,0,0,0,0,0
220859,4,1,0,0,0,0,0,0,0,0,0,0
220860,1,1,0,0,0,0,0,0,0,0,0,0
220860,2,1,0,0,0,0,0,0,0,0,0,0
220861,1,1,22,22,22,22,22,22,22,22,22,22
220861,2,1,0,0,0,0,0,0,0,0,0,0
220862,1,1,0,0,0,0,0,0,0,0,0,0
220863,1,1,0,0,0,0,0,0,0,0,0,0
220865,1,1,0,0,0,0,0,0,0,0,0,0
220865,2,1,0,0,0,0,0,0,0,0,0,0