ST_CASE,VEH_NO,PER_NO,P1,P2,P3,P4,P5,P6,P7,P8,P9,P10
220866,0,1,30,30,30,30,30,30,30,30,30,30
220866,1,1,0,0,0,0,0,0,0,0,0,0
220867,1,1,0,0,0,0,0,0,0,0,0,0
220867,2,1,0,0,0,0,0,0,0,0,0,0
220868,1,1,0,0,0,0,0,0,0,0,0,0
220868,2,1,0,0,0,0,0,0,0,0,0,0
220869,1,1,5,5,5,5,5,5,5,5,5,5
220869,2,1,16,16,16,16,16,16,16,16,16,16
220870,1,1,0,0,0,0,0,0,0,0,0,0
220871,1,1,0,18,13,20,19,25,0,0,0,0
220872,1,1,0,0,0,0,0,0,0,0,0,0
220872,2,1,0,0,0,0,0,0,0,0,0,0
220873,1,1,17,17,17,17,17,17,17,17,17,17
220873,2,1,6,5,9,17,21,12,21,9,23,16
220874,0,1,0,19,0,0,0,0,0,0,0,0
220874,1,1,3,5,0,9,8,0,5,13,0,24
220875,1,1,12,12,12,12,12,12,12,12,12,12
220876,1,1,13,13,13,13,13,13,13,13,13,13
220877,1,1,0,0,0,0,0,2,0,0,0,2
220878,0,1,3,3,3,3,3,3,3,3,3,3
220878,1,1,0,0,5,0,19,0,9,19,0,8
220879,1,1,4,4,4,4,4,4,4,4,4,4
220880,0,1,0,0,0,0,22,0,0,0,0,0
220880,1,1,0,0,0,0,0,0,0,0,0,0
220881,1,1,0,0,0,0,0,0,0,0,0,0
220882,1,1,0,0,0,0,0,0,0,0,0,0
220882,2,1,0,0,0,0,0,0,0,0,0,0
220883,1,1,0,0,0,0,0,0,0,0,0,0
220883,2,1,0,0,0,0,0,0,0,0,0,0
220884,1,1,0,0,0,0,0,0,0,0,0,0
220884,2,1,0,0,0,0,0,0,0,0,0,0
220885,1,1,0,0,0,0,0,0,0,0,0,0
220885,2,1,0,0,0,0,0,0,0,0,0,0
220886,1,1,0,0,0,0,0,0,0,0,0,0
220886,2,1,0,0,0,26,0,0,0,0,0,0
220886,3,1,0,0,0,0,0,0,0,0,0,0
220886,4,1,0,0,0,0,0,0,0,0,0,0
220887,0,1,0,0,0,0,0,0,0,0,0,0
220887,1,1,13,29,6,0,0,0,13,9,11,0
220888,0,1,23,23,23,23,23,23,23,23,23,23
220888,1,1,4,4,4,4,4,4,4,4,4,4
220889,0,1,0,0,0,0,0,0,0,0,0,0
220889,1,1,14,13,4,14,18,0,0,7,0,11
220890,1,1,0,0,0,0,0,0,0,0,0,0
220891,0,1,0,0,0,0,22,0,0,0,0,0
220891,1,1,0,0,0,0,0,0,0,0,0,0
220892,1,1,0,0,0,0,0,0,0,0,0,0
220893,0,1,2,2,2,2,2,2,2,2,2,2
220893,1,1,0,0,0,0,0,0,0,0,0,0
220894,1,1,5,5,5,5,5,5,5,5,5,5
220895,1,1,0,17,21,0,0,22,0,0,0,14
220896,0,1,0,0,0,0,0,12,0,0,0,0
220896,1,1,0,0,8,24,10,11,4,17,25,0
220897,1,1,0,0,8,0,0,22,23,0,0,29
220898,1,1,0,20,0,0,0,0,0,0,0,12
220899,0,1,3,0,29,0,0,0,0,24,14,0
220899,1,1,0,7,11,21,0,0,0,13,17,9
220900,0,1,0,0,0,0,0,0,0,0,0,0
220900,1,1,0,0,0,0,0,0,0,0,0,0
220901,1,4,0,0,0,14,0,0,0,22,0,3
220902,0,1,0,0,0,0,0,0,0,0,0,0
220902,1,1,0,3,0,11,16,13,4,7,0,0
230001,1,1,0,0,0,0,0,0,12,0,0,8
230001,2,1,0,0,0,0,0,0,0,0,0,0
230001,3,1,0,19,0,0,0,0,0,0,0,0
230002,1,1,0,0,0,0,0,0,0,0,0,0
230002,2,1,0,0,0,0,0,0,0,0,0,0
230003,1,1,0,0,0,0,0,0,0,0,4,0
230004,0,1,27,0,24,0,16,0,26,25,0,0
230004,1,1,0,0,0,0,0,0,0,0,0,0
230005,1,1,0,0,0,0,0,0,0,0,0,0
230005,2,1,0,0,0,0,0,0,0,0,0,0
230005,3,1,0,0,0,0,0,0,0,0,0,0
230006,1,1,0,0,16,24,0,0,0,0,0,0
230006,2,1,0,11,0,0,11,0,0,0,6,0
230007,1,1,25,25,25,25,25,25,25,25,25,25
230008,2,1,0,0,18,0,0,0,0,16,0,0
230009,1,1,0,0,0,0,0,0,0,0,0,0
230010,1,1,32,32,32,32,32,32,32,32,32,32
230011,1,1,11,11,11,11,11,11,11,11,11,11
230012,1,1,17,17,17,17,17,17,17,17,17,17
230013,0,1,14,14,14,14,14,14,14,14,14,14
230013,1,1,0,0,0,0,0,0,0,0,0,0
230014,1,1,0,0,0,0,0,0,0,0,0,0
230015,1,1,0,0,0,0,0,0,0,0,0,0
230015,2,1,0,0,0,0,0,0,0,0,0,0
230016,1,1,0,0,0,0,0,0,0,0,0,0
230016,2,1,0,0,0,0,0,0,0,0,0,0
230017,0,1,12,8,54,0,5,0,20,25,20,0
230017,1,1,0,0,0,0,0,0,0,0,0,0
230018,1,1,25,25,25,25,25,25,25,25,25,25
230019,1,1,15,15,15,15,15,15,15,15,15,15
230021,1,1,0,0,0,0,0,0,0,0,0,0
230021,2,1,0,0,0,0,0,0,0,0,0,0
230022,1,1,0,0,0,0,0,0,0,0,0,0
230023,1,1,0,0,0,0,0,0,0,0,0,0
230024,0,1,0,0,0,0,0,0,0,0,0,0
230024,1,1,0,0,0,0,0,0,0,0,0,0
230025,1,1,0,0,0,0,0,0,0,0,0,0
230026,1,1,1,1,1,1,1,1,1,1,1,1
230027,1,1,0,0,0,0,0,0,0,0,0,0
230029,1,1,0,0,0,0,0,0,0,0,0,0
230030,1,1,5,5,5,5,5,5,5,5,5,5
230030,2,1,0,0,0,0,0,0,0,0,0,0
230031,1,1,0,0,0,0,0,0,0,0,0,0
230032,0,1,24,24,24,24,24,24,24,24,24,24
230032,1,1,0,0,0,0,0,0,0,0,0,0
230033,1,1,0,0,0,0,0,0,0,0,0,0
230033,2,1,0,0,0,0,0,0,0,0,0,0
230034,1,1,11,11,11,11,11,11,11,11,11,11
230035,1,1,16,16,16,16,16,16,16,16,16,16
230036,1,1,1,1,1,1,1,1,1,1,1,1
230037,0,1,0,0,0,0,0,0,0,0,0,0
230037,0,2,0,0,0,0,0,0,0,0,0,0
230037,0,3,0,0,0,0,0,0,0,0,0,0
230037,1,1,0,0,0,0,0,0,0,0,0,0
230038,1,1,11,11,11,11,11,11,11,11,11,11
230039,1,1,20,20,20,20,20,20,20,20,20,20
230040,1,1,0,0,0,0,0,0,0,0,0,0
230040,2,1,0,0,0,0,0,0,0,0,0,0
230041,1,1,0,0,0,0,0,0,0,0,0,0
230041,2,1,0,0,0,0,0,0,9,0,4,0
230042,1,1,20,7,11,15,7,23,23,12,33,23
230043,1,1,0,0,0,0,0,0,0,0,0,0
230043,2,1,0,0,0,0,0,0,0,0,0,0
230044,1,1,0,0,0,0,0,0,0,0,0,0
230044,2,1,0,0,0,0,0,0,0,0,0,0
230045,1,1,0,0,0,0,0,0,0,0,0,0
230045,2,1,0,0,0,0,0,0,0,0,0,0
230045,3,1,0,0,0,0,0,0,0,0,0,0
230046,1,1,0,0,0,0,0,0,0,0,0,0
230046,2,1,0,0,0,0,0,0,0,0,22,0
230047,1,1,4,4,4,4,4,4,4,4,4,4
230048,1,1,8,8,8,8,8,8,8,8,8,8
230049,1,1,0,0,0,0,0,0,0,0,0,0
230049,2,1,0,0,0,0,0,0,0,0,0,0
230050,1,1,0,0,0,0,0,0,0,0,0,0
230050,2,1,0,0,0,0,0,0,0,0,0,0
230051,1,1,0,0,0,0,0,0,0,0,0,0
230052,1,1,16,16,16,16,16,16,16,16,16,16
230053,1,1,15,15,15,15,15,15,15,15,15,15
230054,1,1,0,0,0,0,0,0,0,0,0,0
230054,2,1,0,0,0,0,0,0,0,6,0,7
230055,1,1,26,26,26,26,26,26,26,26,26,26
230056,1,1,22,0,0,0,16,0,0,0,0,0
230056,2,1,0,0,0,0,0,0,0,0,0,0
230056,3,1,0,0,0,0,0,0,0,0,0,0
230057,1,1,0,0,19,0,0,0,23,0,0,0
230058,1,1,0,0,0,0,0,0,0,0,0,0
230059,1,1,0,0,0,0,0,0,0,0,0,0
230060,1,1,27,27,27,27,27,27,27,27,27,27
230061,1,1,8,0,0,26,0,0,14,29,0,0
230062,1,1,0,0,0,0,0,0,0,0,0,0
230063,1,1,0,0,0,0,0,0,0,0,0,0
230063,2,1,0,0,0,0,0,0,0,0,0,0
230064,1,1,0,0,0,0,11,0,13,10,0,11
230065,1,1,0,0,0,0,9,16,0,9,0,17
230065,2,1,0,10,0,0,6,0,0,0,0,0
230066,1,1,0,0,0,0,0,0,0,0,0,0
230067,1,1,0,0,0,0,0,0,0,0,0,0
230068,1,1,1,1,1,1,1,1,1,1,1,1
230068,2,1,0,10,0,0,0,0,0,0,0,0
230069,1,1,0,0,0,0,0,0,0,0,0,0
230069,2,1,0,0,8,0,0,0,0,0,0,0
230070,1,1,6,6,6,6,6,6,6,6,6,6
230071,1,1,17,17,17,17,17,17,17,17,17,17
230072,1,1,22,22,22,22,22,22,22,22,22,22
230073,1,1,0,0,0,0,0,0,0,28,0,0
230073,2,1,0,0,0,0,0,22,0,3,0,12
230074,1,1,0,0,0,0,0,0,0,0,0,0
230074,2,1,0,0,4,0,0,0,0,0,0,17
230074,3,1,0,0,0,0,0,0,0,0,0,0
230075,0,1,4,4,4,4,4,4,4,4,4,4
230075,1,1,0,0,0,21,0,0,0,0,0,0
230076,0,1,0,0,0,0,0,0,0,0,0,0
230076,0,2,0,0,0,0,0,0,0,12,0,0
230076,1,1,0,0,0,0,0,0,0,0,0,0
230076,2,1,24,0,10,0,17,0,15,0,7,0
230077,1,1,0,0,0,18,7,0,24,0,30,0
230078,1,1,12,28,18,20,24,8,0,18,22,19
230079,1,1,19,19,19,19,19,19,19,19,19,19
230080,1,1,19,19,19,19,19,19,19,19,19,19
230080,2,1,0,0,0,0,0,0,0,0,0,0
230081,1,1,0,0,0,0,0,0,0,0,0,0
230081,2,1,0,0,11,0,7,6,0,15,0,0
230082,1,1,13,13,13,13,13,13,13,13,13,13
230083,0,1,0,0,0,0,0,0,0,0,0,0
230083,1,1,4,4,4,4,4,4,4,4,4,4
230084,1,1,0,0,0,0,0,0,0,0,0,0
230084,2,1,17,17,17,17,17,17,17,17,17,17
230085,1,1,0,0,0,0,0,0,0,0,0,0
230086,1,1,24,24,24,24,24,24,24,24,24,24
230087,1,1,0,0,0,0,0,0,0,0,0,0
230087,2,1,0,0,0,0,0,0,0,0,0,0
230088,1,1,0,0,0,0,0,0,0,0,0,20
230088,2,1,0,0,0,0,0,0,0,0,0,0
230088,3,1,0,0,0,0,0,0,0,0,0,0
230089,0,1,3,0,0,0,5,0,0,0,0,14
230089,1,1,0,0,0,0,0,0,0,0,7,0
230090,1,1,0,0,0,0,0,21,0,0,0,0
230091,0,1,15,0,8,35,0,0,0,0,15,0
230091,1,1,20,26,5,0,0,29,0,36,0,0
230092,1,1,16,0,34,20,0,29,0,14,13,0
230094,0,1,0,0,0,0,0,0,0,0,0,0
230094,1,1,0,0,0,0,0,0,19,0,0,0
230095,1,1,17,16,3,0,0,0,0,0,0,0
230095,2,1,0,0,0,0,0,0,0,0,0,0
230095,3,1,5,0,27,10,20,0,0,0,0,0
230096,0,1,0,20,0,0,0,0,0,0,0,0
230096,1,1,0,0,0,0,0,0,0,0,0,0
230097,1,1,0,0,0,0,0,0,0,0,0,0
230097,2,1,20,0,0,0,0,0,0,0,0,0
230098,1,1,0,0,0,0,0,0,0,0,0,0
230099,1,1,0,0,35,0,0,0,13,0,0,0
230099,2,1,0,0,0,0,0,0,0,0,0,0
230099,3,1,0,0,0,0,0,0,0,0,0,0
230100,1,1,21,21,21,21,21,21,21,21,21,21
230101,1,1,21,21,21,21,21,21,21,21,21,21
230102,1,1,0,0,0,0,0,0,0,0,0,0
230103,0,1,0,0,0,0,14,0,25,2,0,0
230103,1,1,0,0,0,0,0,0,0,0,0,0
230103,2,1,0,0,0,0,0,0,0,0,0,0
230104,1,1,0,0,0,0,14,0,0,0,0,0
230104,2,1,0,0,0,0,0,18,0,0,0,0
230105,1,1,0,0,0,0,0,0,0,0,0,28
230105,2,1,0,0,0,0,0,0,0,0,0,6
230106,1,1,0,0,0,0,0,0,0,0,0,0
230106,2,1,0,0,0,0,0,0,0,0,0,0
230107,1,1,29,17,13,19,20,13,29,32,0,21
230108,1,1,0,0,27,0,0,0,0,28,0,0
230109,1,1,29,29,29,29,29,29,29,29,29,29
230109,2,1,0,0,0,0,0,0,0,0,0,0
230110,1,1,3,3,3,3,3,3,3,3,3,3
230110,2,1,9,0,18,1,0,0,0,0,0,0
230110,3,1,0,0,0,0,0,0,0,0,0,0
230111,1,1,0,0,0,0,0,0,0,0,0,0
230112,0,1,0,0,0,0,0,0,0,0,0,0
230112,1,1,0,8,0,0,0,0,0,7,22,0
230113,1,1,25,23,20,5,30,30,10,12,33,34
230114,1,1,0,0,0,0,0,0,0,0,0,0
230114,2,1,0,0,0,3,0,0,0,0,0,0
230114,3,1,0,0,0,0,0,0,0,0,0,0
230115,0,1,0,0,0,0,0,0,0,0,0,0
230115,1,1,3,3,3,3,3,3,3,3,3,3
230116,0,1,0,0,17,0,0,3,0,21,0,0
230116,1,1,0,0,0,0,0,0,0,0,0,0
230117,1,1,0,0,0,34,20,0,0,0,0,0
230118,1,1,8,8,8,8,8,8,8,8,8,8
230119,1,1,0,0,0,0,0,23,13,0,26,0
230120,1,1,4,4,4,4,4,4,4,4,4,4
230121,1,1,0,0,0,0,0,0,0,0,0,0
230121,2,1,0,0,0,14,0,0,0,0,0,0
230122,1,1,0,0,0,16,0,0,0,16,0,15
230123,0,1,0,0,0,0,0,0,0,0,0,0
230123,1,1,0,0,0,0,0,0,0,0,0,0
230124,1,1,0,0,22,0,0,0,0,18,0,13
230125,1,1,0,0,0,0,0,0,0,0,0,0
230126,1,1,0,0,0,0,0,0,0,0,0,0
230126,2,1,0,0,0,0,0,0,0,0,0,0
230126,3,1,0,0,0,0,0,0,0,0,0,0
230127,0,1,49,10,0,0,30,28,0,0,0,15
230127,1,1,0,0,0,0,0,0,0,0,0,0
230128,1,1,0,0,0,0,0,0,0,0,0,0
230129,1,1,0,0,0,0,0,0,0,0,0,0
230129,2,1,0,0,0,0,0,0,0,0,0,0
230130,1,1,3,3,3,3,3,3,3,3,3,3
230131,1,1,30,30,30,30,30,30,30,30,30,30
230132,1,1,0,0,0,0,0,0,0,0,0,0
230132,2,1,0,0,0,29,0,0,0,0,0,14
230133,1,1,27,0,0,0,0,0,0,30,0,23
230133,2,1,0,0,29,0,13,0,0,25,0,0
230134,1,1,0,0,0,23,0,0,0,29,0,0
230134,2,1,0,0,0,0,0,0,0,0,0,0
230135,1,1,0,0,0,0,0,0,0,0,0,0
230135,2,1,0,0,0,0,0,0,0,0,0,0
230136,1,1,0,0,0,0,0,0,0,0,0,0
230137,1,1,18,18,18,18,18,18,18,18,18,18
230137,2,1,0,0,0,0,0,0,0,0,0,0
230138,1,1,0,0,0,0,0,0,0,0,0,0
240001,1,1,11,11,11,11,11,11,11,11,11,11
240002,1,1,20,20,20,20,20,20,20,20,20,20
240003,1,1,2,2,2,2,2,2,2,2,2,2
240005,0,1,31,31,31,31,31,31,31,31,31,31
240005,1,1,0,0,0,0,0,0,0,0,0,0
240006,1,1,10,0,16,16,0,0,0,0,0,3
240008,1,1,0,0,0,0,39,14,7,0,0,0
240008,2,1,0,11,0,0,0,0,0,0,0,0
240009,1,1,0,0,9,0,0,0,0,0,0,0
240009,2,1,0,0,0,0,0,0,0,0,0,0
240009,3,1,0,0,0,0,0,0,0,0,0,0
240009,4,1,0,0,0,0,0,0,0,0,0,0
240010,1,1,20,9,18,0,0,8,9,41,0,0
240011,1,1,7,0,0,0,26,0,0,0,16,0
240011,2,1,0,0,0,0,0,0,0,0,0,0
240012,1,1,5,0,20,10,18,0,0,0,0,0
240013,1,1,0,0,0,0,0,0,0,0,0,0
240013,2,1,0,0,0,0,0,0,0,0,0,0
240014,1,1,0,16,10,41,0,0,6,17,0,24
240015,0,1,10,10,10,10,10,10,10,10,10,10
240015,1,1,0,4,0,0,7,6,9,0,15,3
240017,1,1,21,21,21,21,21,21,21,21,21,21
240018,1,1,0,0,0,0,0,0,0,0,0,0
240018,2,1,0,0,0,0,0,0,0,0,0,0
240019,0,1,0,0,0,0,0,0,0,0,0,0
240019,1,1,0,0,0,0,0,0,0,0,0,0
240020,1,1,10,8,24,26,25,24,14,31,14,14
240020,2,1,17,0,0,0,0,0,0,0,0,15
240021,1,1,0,0,0,0,0,0,0,0,0,0
240021,2,1,0,0,0,0,0,0,0,0,0,0
240022,0,1,0,0,0,0,0,0,0,0,0,0
240022,1,1,10,0,0,0,14,0,5,0,0,18
240023,0,1,29,23,10,0,11,37,31,5,35,40
240023,1,1,0,0,0,0,0,0,0,0,0,0
240024,1,1,0,0,0,0,0,0,0,0,0,0
240025,1,1,0,0,0,0,0,0,0,0,0,0
240025,2,1,0,0,0,0,13,0,0,0,0,0
240025,3,1,0,0,0,0,0,0,0,0,0,0
240026,1,1,0,0,0,0,0,0,0,0,0,0
240027,1,1,12,12,12,12,12,12,12,12,12,12
240027,2,1,0,0,0,0,0,0,0,0,0,0
240028,0,1,0,0,0,0,0,0,0,0,0,0
240028,1,1,20,0,0,0,0,0,0,0,0,17
240029,1,1,0,0,0,0,0,0,0,0,0,0
240029,2,1,0,0,0,0,0,0,0,0,0,0
240029,3,1,0,0,0,0,0,0,0,0,0,0
240029,4,1,0,0,0,0,0,0,0,0,0,0
240029,5,1,0,0,0,0,0,0,0,0,0,0
240029,6,1,0,0,0,0,0,0,0,0,0,0
240030,0,1,0,0,0,0,0,0,0,0,0,0
240030,0,2,0,0,0,0,0,0,0,0,0,0
240030,1,1,0,0,0,0,0,0,0,0,0,0
240031,0,1,6,6,6,6,6,6,6,6,6,6
240031,1,1,0,0,0,0,0,0,0,0,11,0
240032,1,1,0,0,0,0,0,0,0,0,0,0
240033,1,1,2,2,2,2,2,2,2,2,2,2
240034,0,1,0,0,0,0,29,0,0,9,0,0
240034,1,1,0,0,0,0,0,0,0,0,27,0
240035,1,1,0,0,0,0,0,0,0,0,0,0
240035,2,1,22,22,22,22,22,22,22,22,22,22
240036,0,1,0,0,0,0,0,0,0,0,0,0
240036,1,1,0,0,0,0,22,0,0,0,0,0
240037,0,1,0,0,0,0,0,0,0,0,0,0
240037,1,1,0,0,0,0,0,0,0,0,0,0
240038,1,1,11,0,0,12,0,0,5,15,0,0
240038,2,1,0,0,0,0,0,0,0,0,0,0
240039,1,1,0,0,0,0,0,0,0,0,0,0
240040,1,1,15,15,15,15,15,15,15,15,15,15
240040,2,1,0,0,0,0,0,0,0,0,0,0
240041,1,1,27,27,27,27,27,27,27,27,27,27
240041,2,1,10,0,0,0,0,0,0,0,0,0
240042,1,1,0,0,0,14,0,0,0,0,0,0
240042,2,1,0,0,0,0,0,0,0,0,0,0
240043,0,1,19,19,19,19,19,19,19,19,19,19
240043,1,1,0,0,0,0,0,0,0,0,0,8
240044,1,1,0,0,0,0,0,0,0,0,0,0
240045,1,1,20,20,20,20,20,20,20,20,20,20
240046,0,1,0,0,0,0,0,0,0,0,0,0
240046,1,1,0,0,0,0,0,0,0,0,0,0
240047,0,1,0,0,0,0,0,0,0,0,0,0
240047,1,1,0,0,21,0,0,0,0,0,0,0
240048,1,1,14,6,0,14,22,16,0,10,0,5
240048,2,1,9,0,0,0,0,0,0,0,0,7
240048,3,1,0,0,0,0,0,0,0,0,0,0
240049,1,1,19,19,19,19,19,19,19,19,19,19
240050,1,1,0,0,0,0,0,0,0,0,0,0
240050,2,1,0,0,0,0,0,0,0,0,0,0
240051,1,1,0,13,0,11,0,8,15,16,31,0
240052,1,1,0,0,0,0,0,0,0,0,0,0
240053,0,1,0,0,0,0,0,0,0,0,0,0
240053,1,1,0,0,0,0,0,0,0,0,0,0
240054,0,1,30,30,30,30,30,30,30,30,30,30
240054,1,1,0,0,0,0,0,0,0,0,0,0
240055,1,1,22,22,22,22,22,22,22,22,22,22
240055,2,1,0,0,0,5,0,0,0,0,0,0
240056,0,1,6,6,6,6,6,6,6,6,6,6
240056,1,1,0,0,0,0,0,0,0,0,0,0
240057,0,1,0,0,0,15,0,25,0,22,0,0
240057,1,1,0,0,0,0,12,0,0,0,0,0
240058,1,1,0,0,0,0,0,0,0,0,0,0
240059,0,1,0,0,0,0,0,0,0,0,0,0
240059,1,1,19,8,13,8,0,0,10,19,12,29
240060,1,1,0,0,0,0,0,0,0,0,0,0
240061,1,1,19,19,19,19,19,19,19,19,19,19
240061,2,1,0,0,0,0,0,0,0,0,0,0
240062,1,1,0,0,0,0,0,0,0,0,0,0
240063,1,1,0,0,0,0,0,0,0,0,0,0
240064,1,1,14,14,14,14,14,14,14,14,14,14
240065,0,1,0,0,0,0,0,0,0,0,0,0
240065,1,1,0,0,0,0,0,0,0,0,0,0
240066,1,1,0,0,0,0,0,0,0,0,0,0
240066,2,1,0,0,0,0,0,0,0,0,0,0
240067,1,1,0,0,14,0,0,0,0,0,0,0
240067,2,1,9,9,9,9,9,9,9,9,9,9
240068,1,1,13,13,13,13,13,13,13,13,13,13
240068,2,1,0,0,0,0,0,17,0,0,0,0
240069,1,1,20,20,20,20,20,20,20,20,20,20
240069,2,1,0,0,0,0,0,0,0,0,0,0
240070,1,1,0,0,0,0,0,0,0,0,0,0
240070,2,1,0,0,0,0,0,0,0,0,0,0
240071,1,1,0,0,0,0,0,0,0,0,0,0
240071,2,1,0,0,0,0,9,0,0,0,0,0
240072,1,1,0,0,0,0,0,0,0,0,0,0
240072,2,1,0,0,0,0,0,0,0,0,0,0
240073,1,1,13,13,13,13,13,13,13,13,13,13
240073,2,1,0,0,0,0,0,0,0,0,0,0
240074,0,1,14,14,14,14,14,14,14,14,14,14
240074,1,1,0,0,0,0,0,0,0,0,0,0
240075,1,1,0,0,0,0,0,0,0,0,0,0
240075,2,1,0,0,0,0,0,0,0,0,0,0
240076,1,1,24,24,24,24,24,24,24,24,24,24
240077,1,1,0,0,0,0,0,0,0,0,0,0
240077,2,1,0,0,0,0,0,0,0,0,0,0
240077,3,1,0,0,0,0,0,0,0,0,0,0
240078,1,1,0,0,0,0,0,0,0,0,0,0
240078,2,1,0,0,0,0,0,0,0,0,0,0
240078,3,1,0,0,0,0,0,0,0,0,0,0
240079,1,1,0,13,0,0,0,0,0,0,0,0
240079,2,1,0,0,5,0,0,0,0,0,0,0
240080,1,1,0,17,0,0,0,0,0,0,0,0
240080,2,1,0,0,0,0,0,0,0,0,0,0
240081,1,1,20,0,0,0,0,0,19,15,0,35
240082,1,1,6,0,0,0,0,0,0,16,0,0
240083,1,1,0,0,0,0,0,0,0,0,0,0
240083,2,1,0,0,0,0,0,0,0,0,0,0
240084,0,1,0,0,0,0,0,0,0,0,0,0
240084,1,1,0,0,0,0,0,24,0,0,0,0
240085,0,1,0,0,0,0,0,0,0,0,0,0
240085,1,1,0,0,0,0,0,0,0,0,0,0
240086,1,1,19,19,19,19,19,19,19,19,19,19
240087,1,1,0,0,0,0,0,0,0,0,0,0
240087,2,1,0,0,0,0,0,0,0,0,0,0
240088,1,1,0,0,0,0,0,0,0,0,0,0
240088,2,1,0,27,0,0,0,0,0,0,0,10
240089,1,1,0,0,0,0,19,0,0,0,0,0
240090,1,1,0,0,0,0,0,0,0,0,0,0
240091,0,1,0,0,0,0,0,0,0,0,0,0
240091,1,1,0,0,0,0,0,0,0,0,0,0
240092,1,1,0,0,0,0,0,0,0,0,0,0
240092,2,1,0,0,0,0,0,0,0,0,0,0
240092,3,1,0,0,0,0,0,0,0,0,0,0
240093,0,1,10,10,10,10,10,10,10,10,10,10
240093,1,1,0,0,0,0,0,6,0,14,0,0
240093,2,1,0,0,0,0,0,0,0,0,0,0
240093,3,1,0,0,0,0,0,0,16,0,0,0
240094,1,1,0,0,5,0,0,0,35,0,16,0
240094,2,1,0,11,0,0,0,0,0,0,9,0
240095,1,1,16,0,0,0,0,0,0,0,0,0
240095,2,1,0,0,0,0,0,0,5,0,0,0
240096,1,1,26,26,26,26,26,26,26,26,26,26
240097,0,1,26,26,26,26,26,26,26,26,26,26
240097,1,1,0,0,0,0,0,0,0,0,0,0
240098,1,1,0,0,0,0,0,0,0,0,0,0
240099,1,1,0,0,21,0,0,0,0,0,0,0
240100,1,1,0,0,0,0,0,0,0,0,0,0
240100,2,1,0,0,0,0,0,0,0,0,0,19
240101,1,1,0,0,0,0,0,0,0,0,0,0
240102,0,1,0,0,0,27,0,0,0,0,39,25
240102,1,1,0,0,0,0,0,0,0,0,0,0
240103,0,1,0,0,0,0,0,0,0,0,0,0
240103,1,1,0,0,0,0,17,0,0,0,0,0
240103,2,1,0,0,0,0,0,0,0,0,0,19
240104,0,1,0,0,0,0,0,0,0,0,0,0
240104,1,1,0,21,0,0,0,0,0,0,0,0
240105,1,1,19,19,19,19,19,19,19,19,19,19
240106,1,1,0,0,0,0,0,0,0,0,0,0
240106,2,1,0,0,0,0,0,0,0,0,0,0
240107,1,1,0,0,0,0,0,0,0,0,0,0
240108,1,1,9,6,12,0,17,0,14,17,10,10
240108,2,1,0,0,0,0,0,0,0,0,0,0
240109,1,1,19,7,0,0,16,45,0,15,17,18
240110,1,1,10,10,10,10,10,10,10,10,10,10
240110,2,1,18,0,0,0,0,0,0,0,0,0
240111,1,1,0,0,0,0,0,0,0,0,0,0
240111,2,1,0,0,0,0,0,0,0,0,24,0
240112,0,1,0,0,0,0,0,0,0,0,0,0
240112,1,1,0,0,0,0,0,0,0,0,0,0
240113,1,1,0,0,11,0,11,24,0,0,0,20
240113,2,1,0,0,0,0,0,0,0,0,0,0
240114,1,1,7,7,7,7,7,7,7,7,7,7
240115,0,1,0,0,0,0,0,0,0,0,0,0
240115,1,1,0,0,0,0,0,0,0,0,0,0
240116,1,1,0,0,0,0,0,17,0,0,0,0
240116,2,1,0,0,0,0,0,0,0,0,0,0
240117,0,1,0,0,0,0,0,0,0,0,0,0
240117,1,1,0,0,0,0,0,0,0,0,47,0
240118,1,1,0,0,0,0,0,0,0,0,0,0
240119,1,1,0,0,9,0,0,0,0,0,0,0
240119,2,1,0,0,0,0,0,9,0,0,0,0
240120,1,1,0,0,0,0,0,0,0,0,0,0
240120,2,1,0,0,0,0,0,0,0,0,31,13
240121,0,1,0,0,21,14,32,0,0,0,30,33
240121,1,1,11,15,21,0,0,0,10,15,14,14
240122,1,1,11,11,11,11,11,11,11,11,11,11
240123,1,1,0,0,12,0,19,15,0,0,0,0
240123,2,1,0,10,0,0,0,26,0,0,0,0
240124,0,1,0,0,6,0,0,0,0,0,0,0
240124,1,1,0,0,0,0,0,0,0,0,0,0
240125,1,1,22,22,22,22,22,22,22,22,22,22
240126,0,1,0,0,0,0,0,0,0,0,0,0
240126,1,1,0,0,0,0,0,0,0,0,0,12
240127,1,1,0,0,0,0,0,0,0,0,0,0
240128,1,1,0,0,0,0,0,0,0,0,0,0
240128,2,1,14,0,0,0,0,0,10,0,0,0
240129,1,1,15,28,24,12,22,21,6,37,18,16
240130,1,1,11,27,25,20,0,24,0,36,15,26
240130,2,1,0,0,0,0,0,0,0,0,0,0
240131,1,1,0,0,0,0,0,0,0,0,0,0
240132,1,1,8,8,8,8,8,8,8,8,8,8
240133,1,1,0,0,0,0,0,0,0,0,0,0
240134,1,1,12,12,12,12,12,12,12,12,12,12
240135,0,1,0,0,0,0,0,0,0,0,0,0
240135,1,1,0,0,0,0,15,0,0,0,0,0
240137,0,1,0,0,0,0,0,0,0,0,0,0