ST_CASE,VEH_NO,PER_NO,P1,P2,P3,P4,P5,P6,P7,P8,P9,P10
240424,1,1,0,0,0,0,0,10,8,0,0,11
240425,1,1,0,0,0,0,0,0,0,0,0,0
240426,1,1,22,22,22,22,22,22,22,22,22,22
240427,1,1,0,0,0,0,0,0,0,0,0,0
240428,1,1,0,0,0,0,0,0,0,0,0,0
240428,2,1,0,0,0,0,0,0,0,0,0,0
240429,1,1,0,0,12,0,0,0,0,0,0,0
240429,2,1,0,0,22,0,0,0,0,0,0,0
240430,1,1,0,0,0,0,0,0,0,0,0,0
240431,1,1,0,0,0,0,0,0,0,0,0,0
240431,2,1,0,0,0,0,0,0,0,0,0,0
240431,3,1,0,0,0,0,0,0,0,0,0,0
240432,1,1,0,0,0,0,0,0,0,0,0,0
240432,2,1,0,0,0,0,0,0,0,0,0,0
240433,1,1,23,23,23,23,23,23,23,23,23,23
240434,1,1,0,0,0,0,0,0,0,0,0,0
240435,1,1,0,0,0,0,0,0,0,0,0,0
240436,1,1,21,21,21,21,21,21,21,21,21,21
240436,2,1,0,0,0,0,0,0,0,0,0,0
240437,1,1,0,0,0,0,0,0,0,0,0,0
240437,2,1,0,0,0,0,0,0,0,0,0,0
240438,1,1,0,0,0,0,0,0,0,0,0,0
240438,2,1,0,0,0,0,0,0,0,0,0,0
240439,1,1,15,15,15,15,15,15,15,15,15,15
240440,1,1,0,0,0,0,0,0,0,0,0,0
240440,2,1,0,0,0,0,0,0,0,0,0,0
240441,1,1,24,21,6,0,4,28,0,6,20,0
240442,1,1,19,19,19,19,19,19,19,19,19,19
240442,2,1,0,0,0,0,0,0,0,0,0,0
240443,0,1,18,18,18,18,18,18,18,18,18,18
240443,1,1,4,4,4,4,4,4,4,4,4,4
240443,2,1,0,0,0,0,0,0,0,7,0,0
240444,1,1,0,0,0,0,0,0,0,0,0,0
240444,2,1,19,6,0,0,0,0,0,0,0,0
240445,1,1,0,0,17,0,0,0,0,0,0,0
240446,1,1,0,0,0,0,0,0,0,0,0,0
240446,2,1,0,0,0,0,0,0,0,0,0,0
240447,1,1,0,0,0,0,0,0,0,0,0,0
240447,2,1,0,0,0,0,0,0,0,0,0,0
240447,3,1,0,0,0,0,0,0,0,0,0,0
240448,1,1,12,12,12,12,12,12,12,12,12,12
240449,1,1,0,0,0,0,0,0,0,0,0,0
240449,2,1,0,0,0,0,0,0,0,0,0,0
240450,0,1,12,12,12,12,12,12,12,12,12,12
240450,1,1,0,0,24,0,0,0,0,18,13,15
240451,1,1,0,0,0,13,0,0,0,0,0,0
240451,2,1,0,0,0,0,0,0,0,0,0,0
240452,1,1,0,0,0,0,0,0,0,0,0,0
240453,1,1,0,0,0,0,0,0,0,0,0,0
240453,2,1,0,0,0,0,0,0,0,0,0,0
240454,1,1,26,10,21,3,17,0,3,10,13,17
240454,2,1,0,0,0,0,0,0,0,0,0,0
240455,0,1,33,33,33,33,33,33,33,33,33,33
240455,1,1,16,0,14,21,0,0,19,4,15,14
240456,1,1,0,0,0,0,0,0,0,0,14,0
240456,2,1,0,0,0,23,0,0,23,0,0,0
240457,1,1,0,0,0,0,0,0,0,4,0,0
240457,2,1,0,0,0,0,1,0,0,0,8,0
240457,3,1,0,0,0,0,0,0,0,0,0,0
240458,1,1,28,28,28,28,28,28,28,28,28,28
240458,2,1,0,17,0,0,12,0,0,0,0,0
240458,3,1,0,0,0,0,0,0,0,0,0,0
240459,1,1,19,19,19,19,19,19,19,19,19,19
240459,2,1,0,0,0,0,0,0,0,0,0,0
240460,0,1,0,0,0,0,0,0,0,0,0,0
240460,1,1,19,0,0,17,23,9,8,11,14,4
240461,1,1,0,0,0,0,0,0,0,0,0,0
240461,2,1,0,0,0,0,0,7,0,0,0,0
240462,0,1,2,2,2,2,2,2,2,2,2,2
240462,1,1,0,0,0,17,0,0,0,0,0,0
240463,1,1,19,19,19,19,19,19,19,19,19,19
240463,2,1,0,0,0,0,0,0,3,0,0,0
240464,1,1,0,0,0,0,15,0,0,0,0,0
240465,1,1,0,0,0,0,0,0,0,0,0,0
240466,0,1,0,0,0,0,0,0,0,0,0,0
240466,1,1,0,0,0,0,0,0,15,0,0,0
240467,1,1,0,0,0,0,0,0,0,0,0,0
240467,2,1,0,0,0,0,0,0,0,0,0,0
240468,1,1,0,0,0,0,0,0,0,0,0,0
240468,2,1,0,0,0,0,0,21,0,0,0,0
240469,1,1,19,0,0,0,0,15,10,0,0,0
240469,2,1,0,0,0,0,0,0,0,17,0,0
240470,1,1,0,0,0,0,0,0,0,0,0,0
240470,2,1,17,0,0,0,0,24,0,0,10,17
240471,1,1,0,0,0,0,0,23,0,0,0,0
240471,2,1,0,0,0,0,0,0,0,0,0,0
240472,1,1,0,0,0,0,0,0,0,0,0,0
240472,2,1,0,0,0,0,0,0,0,0,0,0
240473,1,1,20,20,20,20,20,20,20,20,20,20
240473,2,1,0,0,0,14,0,0,0,0,0,0
240474,1,1,19,19,19,19,19,19,19,19,19,19
240474,2,1,0,13,0,0,0,0,0,0,0,0
240475,1,1,22,22,22,22,22,22,22,22,22,22
240476,1,1,3,3,3,3,3,3,3,3,3,3
240477,0,1,22,0,0,18,0,0,0,0,0,22
240477,1,1,0,0,0,0,0,0,0,0,0,0
240478,0,1,0,26,0,0,0,0,0,28,0,7
240478,1,1,0,0,11,0,0,0,0,0,0,0
240479,1,1,0,0,0,0,0,0,0,0,0,0
240479,2,1,10,0,0,0,0,0,0,7,0,15
240480,1,1,0,0,0,0,0,0,0,0,0,0
240480,2,1,0,0,14,0,0,0,0,0,0,17
240481,1,1,0,0,0,0,0,0,0,0,0,0
240482,1,1,19,19,19,19,19,19,19,19,19,19
240483,0,1,0,0,0,0,0,0,0,0,0,0
240483,1,1,13,13,13,13,13,13,13,13,13,13
240484,1,1,10,10,10,10,10,10,10,10,10,10
240485,0,1,0,0,0,0,0,0,0,0,0,0
240485,1,1,0,0,0,0,0,5,0,0,0,0
240486,1,1,27,27,27,27,27,27,27,27,27,27
240486,2,1,0,6,0,0,0,0,0,0,0,0
240488,0,1,0,0,0,0,0,0,0,0,0,0
240488,1,1,0,0,0,0,0,0,0,0,0,13
240489,1,1,28,28,28,28,28,28,28,28,28,28
240489,2,1,0,0,0,0,17,0,0,0,0,0
240490,0,1,0,0,0,0,0,0,0,0,0,0
240490,1,1,23,16,9,11,12,20,6,0,8,20
240491,1,1,0,0,0,0,0,0,0,0,0,0
240491,2,1,0,0,0,0,0,0,0,0,0,0
240492,1,1,0,0,0,0,0,0,0,0,0,0
240492,2,1,0,0,0,0,0,0,0,0,0,0
240493,1,1,20,20,20,20,20,20,20,20,20,20
240494,1,1,0,10,0,0,0,11,0,31,0,0
240495,1,1,15,15,15,15,15,15,15,15,15,15
240495,2,1,0,0,0,0,0,0,0,0,0,0
240496,0,1,12,0,18,0,0,8,20,0,0,31
240496,1,1,0,0,0,0,0,0,0,0,0,0
240496,2,1,0,0,0,13,0,0,0,0,0,2
240496,3,1,0,0,22,0,0,0,0,0,0,0
240497,1,1,33,33,33,33,33,33,33,33,33,33
240498,1,1,0,0,0,0,0,0,0,0,0,0
240499,1,1,0,0,0,0,0,0,0,0,0,0
240500,1,1,0,0,0,0,0,0,0,0,0,0
240501,0,1,34,34,34,34,34,34,34,34,34,34
240501,1,1,0,0,19,19,10,0,0,8,3,0
240502,1,1,0,0,0,0,0,0,0,0,0,0
240503,1,1,0,0,0,0,0,0,15,0,0,0
240503,2,1,0,0,0,0,0,0,0,0,0,0
240504,1,1,23,23,23,23,23,23,23,23,23,23
240505,0,1,0,0,0,0,0,0,0,0,0,0
240505,1,1,0,0,0,0,0,0,0,0,0,0
240506,1,1,0,0,0,0,10,0,0,0,0,0
240506,2,1,0,0,0,0,0,0,0,0,0,0
240507,1,1,11,0,6,0,0,0,0,0,14,0
240507,2,1,19,0,22,29,0,29,13,0,0,21
240508,1,1,14,14,14,14,14,14,14,14,14,14
240508,2,1,0,0,0,0,0,0,0,0,0,0
240509,1,1,0,7,0,26,12,0,5,18,0,0
240509,2,1,0,0,0,0,0,0,0,0,0,0
240510,1,1,35,35,35,35,35,35,35,35,35,35
240510,2,1,2,2,2,2,2,2,2,2,2,2
240511,1,1,12,12,12,12,12,12,12,12,12,12
240511,2,1,0,0,0,0,0,0,0,0,0,0
240512,0,1,0,16,27,12,20,0,0,0,0,11
240512,1,1,0,0,0,0,0,0,0,0,0,0
240513,0,1,0,0,0,0,0,0,0,0,0,0
240513,1,1,0,0,7,12,0,19,0,0,0,16
240514,1,1,10,10,10,10,10,10,10,10,10,10
240515,1,1,0,0,0,0,0,0,0,0,0,0
240516,0,1,0,0,0,0,0,0,0,0,0,0
240516,1,1,0,21,0,0,0,0,0,0,0,0
240516,2,1,0,0,0,0,0,0,0,0,6,0
240517,0,1,12,12,12,12,12,12,12,12,12,12
240517,1,1,4,14,12,0,9,10,10,0,0,7
240518,0,1,20,20,20,20,20,20,20,20,20,20
240518,0,2,0,12,0,0,0,0,0,0,0,0
240518,1,1,17,17,17,17,17,17,17,17,17,17
240519,1,1,0,0,0,0,0,0,0,17,0,0
240519,2,1,0,0,0,0,0,0,0,0,0,0
240520,0,1,0,0,0,0,0,0,0,0,0,0
240520,1,1,0,0,0,0,0,0,0,0,0,0
240520,2,1,19,0,0,0,0,0,0,0,0,0
240520,3,1,0,0,0,0,14,0,0,0,5,0
240521,1,1,0,0,0,15,0,20,0,0,0,0
240522,1,1,0,34,9,14,0,0,19,0,0,0
240523,0,1,0,0,0,0,0,0,0,0,0,0
240523,1,1,19,16,6,9,19,14,23,17,12,26
240524,1,1,0,0,0,0,0,0,0,0,0,0
240524,2,1,11,11,11,11,11,11,11,11,11,11
240524,3,1,0,0,0,0,0,0,0,0,0,0
240525,0,1,0,0,0,0,0,0,0,0,0,0
240525,1,1,0,0,0,0,0,0,0,0,0,0
240526,1,1,19,19,19,19,19,19,19,19,19,19
240526,2,1,0,0,27,0,14,0,0,13,0,11
240527,1,1,0,0,0,0,0,0,0,0,0,0
240527,2,1,21,0,0,0,0,0,0,0,0,0
240528,0,1,0,0,0,0,0,0,0,0,0,0
240528,1,1,0,0,0,0,0,0,0,6,0,0
240529,0,1,5,5,5,5,5,5,5,5,5,5
240529,1,1,6,6,6,6,6,6,6,6,6,6
240530,0,1,0,0,0,0,0,0,0,0,0,0
240530,1,1,0,7,0,0,18,0,0,0,0,0
240531,0,1,0,0,0,0,0,0,0,0,0,0
240531,1,1,0,0,0,0,0,0,0,0,0,21
240531,2,1,6,0,18,0,0,0,0,34,0,0
240532,1,1,0,0,0,0,0,0,0,0,0,0
240532,2,1,0,0,0,0,0,0,0,0,0,0
240533,1,1,0,0,0,0,0,0,0,0,0,0
240533,2,1,0,0,0,0,0,0,0,0,0,0
240534,1,1,0,0,0,0,0,0,0,0,0,0
240534,2,1,0,0,0,0,0,0,0,0,0,0
250001,1,1,0,0,0,0,0,0,0,0,0,0
250001,2,1,0,0,0,0,0,0,0,0,0,0
250002,1,1,0,0,0,0,0,0,0,0,0,0
250002,2,1,0,0,0,0,0,0,0,0,6,0
250003,1,1,0,0,0,0,0,0,0,0,0,0
250003,2,1,0,0,0,0,0,0,0,0,0,0
250004,0,1,16,16,16,16,16,16,16,16,16,16
250004,1,1,0,0,0,19,0,0,0,0,0,0
250005,1,1,0,0,0,0,0,0,0,0,0,0
250006,1,1,24,24,24,24,24,24,24,24,24,24
250007,1,1,0,0,0,0,0,0,0,0,0,0
250007,2,1,0,0,0,0,0,0,0,0,0,0
250007,3,1,0,0,0,0,0,0,0,0,0,0
250008,1,1,8,8,8,8,8,8,8,8,8,8
250009,1,1,19,19,19,19,19,19,19,19,19,19
250009,2,1,0,0,0,0,0,0,11,0,0,0
250010,1,1,18,18,18,18,18,18,18,18,18,18
250013,1,1,15,15,15,15,15,15,15,15,15,15
250014,0,1,0,0,0,0,0,0,0,0,0,0
250014,1,1,0,0,0,0,0,0,0,0,0,0
250015,0,1,0,0,0,0,0,0,0,0,0,0
250015,1,1,0,0,7,26,0,0,0,12,11,21
250016,1,1,0,0,0,0,0,0,0,0,0,0
250016,2,1,0,0,0,0,0,0,0,0,0,0
250017,1,1,4,4,4,4,4,4,4,4,4,4
250018,0,1,0,0,0,0,0,0,0,0,0,0
250018,1,1,0,0,0,0,0,0,0,0,0,0
250019,0,1,36,36,36,36,36,36,36,36,36,36
250019,1,1,12,8,5,16,12,22,9,12,17,6
250020,1,1,0,0,0,0,13,0,0,0,0,17
250021,1,1,0,0,0,0,0,0,0,0,0,0
250022,0,1,0,0,0,0,0,0,0,0,0,0
250022,1,1,0,0,0,0,0,0,0,0,3,0
250023,1,1,12,12,12,12,12,12,12,12,12,12
250024,1,1,22,0,17,0,0,0,0,11,0,0
250024,2,1,0,0,0,0,0,0,0,0,0,0
250024,3,1,0,0,0,23,0,0,0,0,0,0
250025,0,1,0,0,0,0,0,0,0,0,0,0
250025,1,1,0,0,0,0,0,0,0,0,0,0
250026,1,1,0,0,0,0,0,0,0,0,0,0
250026,2,1,0,0,0,0,0,0,0,0,0,0
250027,1,1,17,17,17,17,17,17,17,17,17,17
250028,0,1,0,0,0,0,0,0,0,0,0,0
250028,1,1,0,0,0,0,0,0,0,0,0,0
250029,1,1,17,17,17,17,17,17,17,17,17,17
250030,1,1,22,22,22,22,22,22,22,22,22,22
250030,2,1,0,0,0,0,0,0,0,0,0,16
250031,1,1,0,0,0,0,0,0,0,0,0,0
250032,1,1,0,0,0,0,16,23,0,0,0,13
250033,1,1,34,11,15,0,18,13,26,13,13,25
250034,1,1,0,0,30,0,25,24,15,0,27,13
250034,2,1,0,15,0,0,0,0,0,0,0,0
250035,1,1,0,0,25,0,0,0,16,0,6,0
250037,1,1,16,16,16,16,16,16,16,16,16,16
250038,1,1,11,11,11,11,11,11,11,11,11,11
250038,2,1,0,0,16,0,0,0,0,0,0,0
250040,1,1,28,28,28,28,28,28,28,28,28,28
250041,1,1,0,0,0,0,0,0,0,0,0,0
250041,2,1,0,0,0,0,0,0,0,0,0,0
250042,0,1,10,10,10,10,10,10,10,10,10,10
250042,1,1,16,11,0,0,8,0,14,15,0,19
250043,1,1,41,41,41,41,41,41,41,41,41,41
250044,1,1,15,15,15,15,15,15,15,15,15,15
250045,1,1,0,12,22,0,0,30,0,0,0,0
250046,1,1,0,0,0,0,0,0,0,0,0,0
250046,2,1,25,25,25,25,25,25,25,25,25,25
250047,1,1,0,0,0,0,0,0,0,0,0,0
250047,2,1,0,0,0,0,0,0,0,0,0,0
250047,3,1,0,0,0,0,0,0,0,0,0,0
250048,0,1,41,0,12,17,0,14,13,0,0,13
250048,1,1,0,6,0,0,0,0,0,0,0,0
250049,1,1,20,20,20,20,20,20,20,20,20,20
250050,1,1,32,32,32,32,32,32,32,32,32,32
250051,0,1,3,3,3,3,3,3,3,3,3,3
250051,1,1,0,0,12,4,0,0,0,18,11,0
250052,0,1,0,0,0,0,0,0,0,0,0,0
250052,1,1,0,0,0,0,11,0,0,0,0,0
250053,1,1,30,16,8,13,13,10,15,15,35,24
250054,1,1,0,0,0,0,0,0,0,0,0,0
250055,1,1,14,14,14,14,14,14,14,14,14,14
250056,0,1,0,0,0,0,0,0,0,0,0,0
250056,1,1,3,0,0,0,0,0,0,0,0,0
250057,0,1,0,0,11,15,0,0,0,0,0,0
250058,0,1,0,0,0,0,0,0,0,0,0,0
250058,1,1,0,15,0,0,7,14,0,0,0,3
250059,1,1,0,0,0,0,0,0,0,0,0,0
250060,1,1,0,6,0,0,0,0,0,0,0,0
250060,2,1,0,0,0,0,0,0,0,0,0,0
250061,1,1,0,0,0,0,0,0,0,0,0,0
250061,2,1,0,13,15,10,26,15,44,9,3,9
250062,1,1,0,0,0,0,0,0,0,0,0,0
250062,2,1,0,0,0,0,0,0,0,0,0,0
250063,1,1,0,0,0,0,0,0,0,0,0,0
250063,2,1,0,0,0,0,0,0,0,0,0,0
250064,1,1,15,15,15,15,15,15,15,15,15,15
250065,1,1,16,16,16,16,16,16,16,16,16,16
250066,1,1,0,0,0,0,0,0,0,0,0,0
250067,1,1,0,0,0,0,0,0,0,0,0,0
250068,1,1,13,13,13,13,13,13,13,13,13,13
250069,1,1,0,0,0,0,0,0,0,0,0,0
250070,1,1,22,22,22,22,22,22,22,22,22,22
250071,0,1,0,0,0,19,21,41,0,0,0,32
250071,1,1,27,0,0,0,0,0,0,0,0,0
250072,1,1,10,10,10,10,10,10,10,10,10,10
250073,0,1,0,0,0,0,0,0,0,0,0,0
250073,1,1,10,28,0,0,0,7,0,18,0,6
250074,1,1,0,0,0,0,0,0,0,0,0,0
250075,1,1,0,0,0,0,0,0,0,0,0,0
250076,1,1,0,0,0,0,0,0,0,0,0,0
250077,1,1,26,26,26,26,26,26,26,26,26,26
250078,1,1,0,0,0,0,0,0,0,0,0,0
250078,2,1,0,0,0,0,0,0,0,0,0,0
250079,1,1,0,0,0,0,0,0,0,0,0,0
250079,2,1,0,0,0,0,0,0,0,0,0,0
250080,1,1,7,0,0,14,8,11,0,0,0,16
250081,1,1,31,31,31,31,31,31,31,31,31,31
250082,1,1,0,0,0,0,0,0,0,0,0,0
250082,2,1,0,0,0,0,0,0,0,0,0,0
250083,1,1,3,3,3,3,3,3,3,3,3,3
250084,1,1,22,0,0,0,18,21,0,14,9,0
250084,2,1,2,2,2,2,2,2,2,2,2,2
250085,1,1,0,0,0,0,0,0,0,0,0,0
250085,2,1,0,0,0,0,0,0,0,0,0,0
250086,1,1,21,21,21,21,21,21,21,21,21,21
250087,0,1,0,0,0,0,0,0,0,0,0,0
250087,1,1,0,8,0,0,5,0,0,0,0,0
250088,1,1,10,10,10,10,10,10,10,10,10,10
250088,2,1,0,0,0,0,0,0,0,0,0,5
250089,1,1,27,27,27,27,27,27,27,27,27,27
250090,1,1,12,0,0,9,0,0,0,7,14,14
250090,2,1,38,13,7,0,0,0,0,0,9,0
250091,1,1,23,23,23,23,23,23,23,23,23,23
250092,0,1,0,0,0,0,14,0,0,45,0,0
250092,1,1,8,0,0,0,0,0,0,0,0,0
250093,1,1,0,0,0,0,0,0,0,0,0,0
250094,1,1,14,14,14,14,14,14,14,14,14,14
250095,1,1,9,9,9,9,9,9,9,9,9,9
250095,2,1,0,17,0,0,0,12,0,10,0,0
250096,1,1,0,0,0,0,0,0,0,0,0,0
250097,1,1,23,23,23,23,23,23,23,23,23,23
250098,0,1,0,0,0,0,0,0,0,0,0,0
250098,1,1,0,0,0,0,3,0,0,0,0,0
250099,1,1,10,10,10,10,10,10,10,10,10,10
250100,1,1,0,0,0,0,0,0,0,0,0,0
250100,2,1,0,0,0,0,0,0,0,0,0,0
250101,1,1,9,9,9,9,9,9,9,9,9,9
250102,1,1,0,0,0,0,0,0,0,0,0,0
250103,1,1,8,8,8,8,8,8,8,8,8,8
250104,1,1,13,13,13,13,13,13,13,13,13,13
250104,2,1,12,12,16,21,0,15,0,12,0,0
250104,3,1,0,0,0,0,0,0,0,0,0,0
250105,1,1,16,16,16,16,16,16,16,16,16,16
250106,1,1,0,0,0,0,0,0,0,0,0,0
250106,2,1,0,0,0,16,0,25,0,0,0,0
250107,1,1,16,16,16,16,16,16,16,16,16,16
250107,2,1,0,0,0,0,0,0,0,0,20,0
250108,0,1,0,0,0,0,0,0,0,0,0,0
250108,1,1,0,0,0,0,0,0,0,0,0,0
250109,1,1,0,0,29,0,0,0,0,0,14,0
250110,1,1,0,0,0,0,0,0,0,0,0,0
250111,1,1,41,41,41,41,41,41,41,41,41,41
250111,2,1,0,0,0,0,0,0,0,0,0,12
250112,0,1,0,0,0,0,0,0,0,0,0,0
250112,1,1,8,0,0,0,0,0,0,0,0,0
250113,1,1,0,0,0,0,0,0,0,0,0,0
250113,2,1,0,0,0,0,0,0,0,0,0,0
250114,1,1,0,0,0,0,0,0,0,0,0,0
250115,1,1,1,1,1,1,1,1,1,1,1,1
250116,0,1,6,6,6,6,6,6,6,6,6,6
250116,1,1,14,0,11,16,0,13,9,0,7,0
250117,0,1,0,0,0,0,0,0,0,0,0,0
250117,1,1,0,0,0,0,0,0,0,0,0,0
250118,1,1,0,0,0,0,0,0,0,0,0,0
250118,2,1,0,0,0,14,0,6,0,0,0,0
250119,1,1,17,17,17,17,17,17,17,17,17,17
250120,1,1,20,0,17,7,0,11,0,0,0,0
250121,1,1,7,7,7,7,7,7,7,7,7,7
250122,1,1,0,0,0,0,0,0,0,0,0,0
250122,2,1,0,0,0,0,0,0,0,0,0,0
250123,1,1,0,0,0,0,0,0,0,0,0,0
250123,2,1,0,0,0,0,0,0,0,0,0,0
250123,3,1,0,0,0,0,0,5,0,0,0,0
250124,1,1,0,0,0,0,0,0,0,0,15,0
250124,2,1,0,0,0,0,0,0,0,0,0,0
250125,1,1,0,0,0,0,0,0,0,0,0,0
250125,2,1,0,0,0,0,0,0,0,0,0,0
250126,1,1,12,12,12,12,12,12,12,12,12,12
250126,2,1,0,0,0,0,0,0,0,0,0,0
250127,0,1,0,0,0,0,0,0,0,0,0,0
250127,1,1,0,0,0,13,0,0,0,26,0,0
250128,1,1,0,0,0,0,0,0,0,0,0,0
250129,1,1,6,6,6,6,6,6,6,6,6,6
250130,1,1,0,0,0,0,0,0,0,0,0,0
250130,2,1,0,0,0,0,0,0,0,0,0,0
250130,3,1,12,0,0,0,0,0,0,0,0,0
250131,1,1,0,0,0,0,0,0,0,0,0,0
250132,1,1,25,25,25,25,25,25,25,25,25,25
250133,0,1,0,0,0,0,0,0,0,0,0,0
250133,1,1,17,0,0,0,17,14,20,0,0,14
250134,0,1,0,0,0,0,0,0,0,0,0,0
250134,1,1,0,0,0,0,0,0,0,0,0,0
250135,1,1,23,23,23,23,23,23,23,23,23,23
250136,1,1,19,19,19,19,19,19,19,19,19,19
250137,1,1,0,0,0,0,0,0,0,0,0,0
250137,2,1,0,0,0,0,0,0,0,0,0,0
250138,0,1,0,0,0,0,0,0,0,0,0,0
250138,1,1,0,0,0,33,0,35,0,0,0,0
250139,1,1,5,0,0,12,0,0,0,14,28,0
250139,2,1,0,0,0,0,0,0,0,0,0,0
250140,1,1,0,0,0,0,0,0,0,0,0,0
250141,1,1,0,0,0,0,0,0,0,0,0,0
250141,2,1,0,0,0,0,0,0,5,29,0,0
250142,1,1,0,0,0,0,0,0,2,0,0,12
250143,1,1,13,13,13,13,13,13,13,13,13,13
250144,1,1,0,0,0,0,0,0,0,0,0,0
250144,2,1,0,0,21,20,0,0,6,22,0,0
250145,1,1,0,0,0,0,0,0,0,0,0,0
250146,1,1,0,0,0,0,0,0,0,0,0,0
250146,2,1,0,0,0,0,0,0,0,0,10,0
250146,3,1,0,22,19,0,0,0,0,0,8,21
250147,0,1,0,0,0,0,0,0,0,0,0,0
250147,1,1,0,0,18,0,0,0,0,0,0,0
250148,0,1,0,0,12,0,0,0,0,44,0,0
250148,1,1,0,0,0,0,0,0,0,0,0,0
250149,1,1,0,0,0,0,0,0,0,0,0,0
250150,1,1,0,0,0,0,0,0,0,0,0,0
250151,0,1,0,0,0,0,0,0,0,0,0,0
250151,1,1,49,0,0,0,0,0,0,0,0,0
250152,1,1,22,22,22,22,22,22,22,22,22,22
250152,2,1,0,17,14,0,15,0,0,0,0,11
250153,1,1,0,0,0,0,0,0,0,0,0,0
250154,1,1,0,10,0,0,0,0,0,0,0,0
250154,2,1,0,0,0,0,0,0,0,11,0,0
250155,1,1,0,0,0,0,0,0,0,0,0,0
250155,2,1,0,0,0,0,0,0,0,0,0,0
250156,1,1,0,0,0,0,0,0,0,0,0,0
250156,2,1,0,0,0,0,0,0,0,0,0,5
250157,0,1,0,0,0,0,0,0,0,0,0,0
250157,1,1,0,0,0,0,0,0,0,0,0,0
250158,0,1,0,0,0,0,0,0,0,0,0,0
250158,1,1,0,0,0,0,0,0,0,21,0,0
250159,1,1,27,0,0,0,0,0,0,0,0,0
250159,2,1,0,0,0,0,0,0,0,0,0,0
250160,1,1,0,0,0,0,0,0,0,0,0,0
250160,2,1,0,0,2,0,8,0,0,14,14,0
250161,1,1,0,0,0,0,0,0,0,0,0,0
250161,2,1,25,0,0,0,0,0,0,0,0,0
250162,1,1,0,0,0,0,0,0,0,0,0,0
250162,2,1,0,0,0,0,0,5,0,0,0,0
250162,3,1,0,0,0,0,0,0,0,7,0,0
250162,4,1,0,0,9,0,0,10,0,0,0,0
250162,5,1,0,0,0,8,8,0,0,0,0,0
250163,1,1,0,0,0,0,0,0,0,0,0,0
250164,1,1,0,0,0,0,0,0,0,0,0,0
250164,2,1,0,0,0,0,0,0,0,0,0,0
250165,1,1,21,21,21,21,21,21,21,21,21,21
250166,1,1,0,0,0,0,0,0,0,0,0,0
250166,2,1,0,0,0,0,0,0,0,0,0,0
250167,1,1,14,14,14,14,14,14,14,14,14,14
250168,1,1,0,0,0,0,0,0,0,0,0,0
250168,2,1,0,0,0,0,0,0,0,0,0,0
250169,1,1,0,0,0,0,0,0,0,0,0,0
250169,2,1,0,0,0,0,0,0,0,0,0,0
250170,1,1,20,20,20,20,20,20,20,20,20,20
250171,1,1,8,8,8,8,8,8,8,8,8,8
250172,1,1,21,21,21,21,21,21,21,21,21,21
250173,0,1,0,0,0,0,0,0,0,0,0,0
250173,1,1,3,3,3,3,3,3,3,3,3,3
250174,1,1,0,0,0,0,0,0,0,0,0,0
250174,2,1,25,10,0,0,0,11,7,0,11,0
250174,3,1,0,0,0,0,28,0,0,0,0,0
250175,1,1,0,0,0,0,0,0,0,0,0,0
250175,2,1,0,0,0,0,0,0,0,0,0,0
250175,3,1,0,0,0,0,0,0,0,0,19,0
250176,1,1,0,0,0,0,0,0,0,0,13,0
250176,2,1,0,0,0,0,0,0,0,0,0,0
250177,1,1,0,0,0,0,0,0,0,0,0,0
250178,1,1,19,19,19,19,19,19,19,19,19,19
250179,1,1,0,0,0,0,0,0,0,0,0,0
250179,2,1,0,0,0,0,0,0,0,0,0,0
250179,3,1,0,0,0,0,0,0,0,0,0,0
250179,4,1,0,0,16,0,0,0,0,0,0,0
250180,0,1,24,24,24,24,24,24,24,24,24,24
250180,1,1,0,0,0,0,13,31,0,0,0,0
250181,1,1,0,0,0,0,0,0,0,0,0,0
250181,2,1,14,14,14,14,14,14,14,14,14,14
250182,0,1,0,0,0,0,0,0,0,0,0,0
250182,1,1,0,36,18,0,33,0,20,16,24,0
250183,1,1,20,20,20,20,20,20,20,20,20,20
250184,1,1,0,0,0,0,0,0,0,0,0,0
250185,0,1,31,31,31,31,31,31,31,31,31,31
250185,0,2,0,0,17,0,0,0,0,0,0,0
250185,1,1,0,0,0,0,0,0,0,0,0,0
250186,0,1,0,10,0,0,0,0,12,17,0,0
250186,1,1,13,0,27,14,0,0,0,0,0,0
250187,0,1,0,0,0,0,0,0,0,0,0,0
250187,1,1,0,0,0,0,0,0,0,0,0,0
250188,1,1,0,0,0,0,0,0,0,0,0,0
250189,0,1,24,24,24,24,24,24,24,24,24,24
250189,1,1,0,0,0,0,0,0,0,0,0,0
250189,2,1,0,7,15,11,0,0,2,8,0,0
250190,1,1,0,0,11,3,6,5,14,3,2,0
250190,2,1,0,0,0,0,0,0,0,0,0,0
250190,3,1,0,5,14,0,0,0,0,0,13,0
250191,1,1,0,0,0,0,0,0,0,0,0,0