ST_CASE,VEH_NO,PER_NO,P1,P2,P3,P4,P5,P6,P7,P8,P9,P10
260090,1,1,0,0,0,0,0,0,0,0,0,0
260090,2,1,0,0,0,0,0,0,0,0,0,0
260091,1,1,0,0,0,0,0,0,0,0,0,0
260092,1,1,0,0,0,0,0,0,0,0,0,0
260092,2,1,0,0,0,0,0,0,0,0,0,0
260093,0,1,0,0,0,0,0,0,0,0,0,0
260093,1,1,10,10,10,10,10,10,10,10,10,10
260094,1,1,12,12,12,12,12,12,12,12,12,12
260095,0,1,0,0,0,0,0,0,0,0,0,0
260095,1,1,0,0,0,0,0,0,0,0,0,0
260095,2,1,0,0,0,0,0,0,0,0,0,15
260096,1,1,0,0,0,0,0,0,0,0,0,0
260097,1,1,12,12,12,12,12,12,12,12,12,12
260098,0,1,0,0,0,0,0,0,0,0,0,0
260098,1,1,0,0,0,0,0,0,0,0,0,0
260099,1,1,0,13,18,19,23,19,14,0,4,22
260100,1,1,0,0,0,0,0,0,0,0,0,0
260101,1,1,24,24,24,24,24,24,24,24,24,24
260102,0,1,0,0,0,0,0,0,0,0,0,0
260102,1,1,0,0,0,0,0,0,0,0,0,0
260103,1,1,20,20,20,20,20,20,20,20,20,20
260104,1,1,17,17,17,17,17,17,17,17,17,17
260105,0,1,0,0,0,0,0,0,0,0,0,0
260105,1,1,0,0,0,0,0,0,0,37,0,0
260106,1,1,0,0,0,0,0,0,23,0,0,0
260107,0,1,0,0,0,0,0,0,0,0,0,0
260107,1,1,0,0,0,0,0,0,0,0,0,0
260108,1,1,0,0,0,0,0,0,0,0,0,0
260109,0,1,0,4,0,0,0,0,0,0,0,0
260109,1,1,1,1,1,1,1,1,1,1,1,1
260110,1,1,0,0,0,0,0,0,0,0,0,0
260110,2,1,0,0,0,0,0,25,0,0,0,0
260111,1,1,0,0,0,0,0,0,0,0,0,0
260111,2,1,0,0,0,20,0,0,0,0,0,0
260112,1,1,0,7,0,0,0,0,0,0,0,0
260113,0,1,0,0,0,0,0,0,0,0,0,0
260113,1,1,0,0,0,0,0,0,0,0,0,0
260114,0,1,49,49,49,49,49,49,49,49,49,49
260114,0,2,18,13,21,17,14,18,25,18,22,14
260114,1,1,0,0,0,0,0,0,0,0,0,0
260115,1,1,0,0,0,0,0,0,0,0,0,0
260116,1,1,16,16,16,16,16,16,16,16,16,16
260117,1,1,0,0,0,0,0,0,0,0,0,0
260118,1,1,23,0,6,5,0,0,0,0,0,0
260119,1,1,0,0,0,0,0,0,0,0,0,0
260119,2,1,0,0,0,0,0,0,0,0,0,0
260120,1,1,0,0,0,0,0,0,0,0,0,0
260120,2,1,0,0,0,0,0,0,0,0,0,0
260121,0,1,0,0,0,0,0,0,0,0,0,0
260121,1,1,0,0,0,0,0,0,0,0,0,0
260122,1,1,0,0,0,0,0,0,0,0,0,0
260122,2,1,0,0,0,0,0,0,0,0,0,0
260123,1,1,0,0,0,0,16,9,0,26,0,0
260123,2,1,0,0,0,0,0,0,0,0,0,0
260123,3,1,0,0,0,0,0,0,0,0,0,0
260124,0,1,0,0,0,0,0,0,0,0,0,0
260124,1,1,30,0,3,0,0,0,0,0,24,0
260125,1,1,8,8,8,8,8,8,8,8,8,8
260125,2,1,0,0,0,0,0,0,0,0,0,0
260126,1,1,0,0,0,0,0,0,0,0,0,0
260126,2,1,0,0,0,0,0,0,0,0,0,0
260127,1,1,0,0,0,0,0,0,0,0,0,0
260127,2,1,0,0,0,0,0,0,0,0,0,0
260128,0,1,0,0,0,0,0,31,0,0,0,0
260128,1,1,0,0,0,0,0,0,0,0,0,11
260129,1,1,0,0,0,0,0,0,0,0,0,0
260129,2,1,12,0,0,0,0,0,0,0,0,0
260129,3,1,0,0,0,0,0,15,0,15,0,0
260130,1,1,11,11,11,11,11,11,11,11,11,11
260131,0,1,0,0,0,0,0,0,0,0,0,0
260131,1,1,0,0,0,0,0,0,0,0,0,0
260132,0,1,0,0,0,0,0,0,0,0,0,0
260132,1,1,0,0,0,0,0,0,0,0,0,0
260133,1,1,0,0,0,0,0,0,0,0,0,0
260133,2,1,0,0,0,0,0,0,0,0,0,16
260133,3,1,0,0,0,0,0,0,0,0,0,0
260134,1,1,0,0,0,0,0,0,0,0,0,0
260135,1,1,0,9,0,0,0,0,0,0,0,0
260136,1,1,0,0,0,0,0,14,0,0,0,0
260136,2,1,0,0,0,0,0,0,0,0,0,0
260137,0,1,0,0,0,0,0,36,0,0,0,0
260137,1,1,0,0,0,31,0,0,0,0,0,0
260138,1,1,0,0,30,0,0,0,0,0,0,0
260138,2,1,0,0,0,0,0,0,0,0,0,0
260139,1,1,0,0,0,0,0,4,0,0,0,0
260139,2,1,0,0,0,0,0,0,0,0,0,0
260140,1,1,0,12,0,0,0,0,0,0,0,0
260140,2,1,0,0,0,0,0,0,0,0,0,0
260141,1,1,0,0,0,0,0,0,0,0,0,0
260142,1,1,16,16,16,16,16,16,16,16,16,16
260142,2,1,0,0,0,0,0,0,0,0,0,0
260143,1,1,0,0,0,0,0,0,0,0,0,9
260144,0,1,0,0,0,0,29,0,0,0,0,0
260144,1,1,19,12,14,0,0,11,7,0,17,16
260145,1,1,36,0,0,0,0,0,0,0,0,0
260147,1,1,7,7,7,7,7,7,7,7,7,7
260147,2,1,0,0,0,0,0,0,0,15,0,0
260148,0,1,0,0,0,0,0,0,0,0,0,0
260148,1,1,0,14,2,0,0,7,13,19,12,10
260149,1,1,0,0,0,0,0,0,0,0,0,0
260149,2,1,21,0,0,0,0,0,0,0,0,0
260150,0,1,4,14,23,25,13,26,36,16,16,13
260150,1,1,0,0,0,0,0,0,0,0,0,0
260151,1,1,35,35,35,35,35,35,35,35,35,35
260151,2,1,0,0,0,0,0,0,0,0,0,0
260152,0,1,0,0,0,0,0,0,0,0,0,0
260152,1,1,0,0,0,0,0,0,0,0,0,0
260152,2,1,0,0,0,0,0,0,0,0,0,0
260153,1,1,17,17,17,17,17,17,17,17,17,17
260156,0,1,0,24,0,0,0,0,0,0,0,0
260156,1,1,0,0,0,0,0,0,0,0,0,0
260157,1,1,23,0,0,23,0,19,0,0,0,0
260157,2,1,0,0,13,0,0,30,0,14,0,0
260158,1,1,0,0,0,0,0,0,0,11,0,0
260158,2,1,0,0,0,0,0,16,0,0,19,0
260159,1,1,0,0,0,0,0,0,0,0,0,0
260159,2,1,0,0,0,0,0,0,0,0,0,10
260160,1,1,13,0,27,0,21,19,13,22,29,21
260161,1,1,18,18,18,18,18,18,18,18,18,18
260162,1,1,14,14,14,14,14,14,14,14,14,14
260163,1,1,14,14,14,14,14,14,14,14,14,14
260163,2,1,0,0,0,0,0,0,0,0,0,0
260164,1,1,1,1,1,1,1,1,1,1,1,1
260164,2,1,0,0,0,0,0,0,0,0,0,0
260165,1,1,0,0,0,0,0,0,0,0,0,0
260166,1,1,0,0,0,0,0,0,0,0,0,0
260167,1,1,0,0,0,17,0,0,15,0,0,0
260168,1,1,0,0,0,0,0,0,0,0,0,0
260168,2,1,0,0,0,0,0,0,0,0,0,0
260169,1,1,0,0,0,0,0,0,0,0,0,0
260170,0,1,0,0,0,34,0,0,0,12,0,0
260170,1,1,0,0,0,0,0,0,0,0,0,0
260171,1,1,0,0,0,0,0,0,0,0,0,0
260171,2,1,0,0,0,0,0,0,0,0,0,0
260172,1,1,0,0,0,0,0,0,0,0,0,0
260172,2,1,0,0,0,0,0,0,0,0,0,0
260173,1,1,17,17,17,17,17,17,17,17,17,17
260174,1,1,0,0,0,0,0,0,0,0,0,20
260174,2,1,0,0,0,0,0,0,0,5,0,0
260175,0,1,0,0,0,0,0,0,0,47,0,0
260175,1,1,29,0,0,0,0,0,0,0,0,0
260176,1,1,21,21,21,21,21,21,21,21,21,21
260176,2,1,26,0,0,0,0,0,10,0,0,0
260176,3,1,0,0,0,0,0,0,0,0,0,0
260177,1,1,0,0,0,0,0,0,0,0,0,0
260178,1,1,0,0,0,0,0,0,0,0,0,0
260178,2,1,0,0,0,0,0,0,0,0,0,0
260178,3,1,0,0,0,0,0,0,0,0,0,0
260179,1,1,11,11,11,11,11,11,11,11,11,11
260181,0,1,0,0,0,0,0,0,0,0,27,0
260181,1,1,0,0,0,0,0,0,0,0,0,0
260182,1,1,4,2,10,5,5,14,7,10,12,10
260182,2,1,4,4,4,4,4,4,4,4,4,4
260184,1,1,0,0,0,0,0,0,0,0,0,0
260184,2,1,0,0,0,0,0,0,27,0,0,0
260185,1,1,4,4,4,4,4,4,4,4,4,4
260186,1,1,2,2,2,2,2,2,2,2,2,2
260187,1,1,51,0,0,0,0,0,0,23,0,0
260188,1,1,0,0,0,0,0,0,0,0,0,0
260189,1,1,0,0,0,22,0,0,0,0,0,0
260190,1,1,19,17,21,0,15,15,22,12,22,13
260190,2,1,0,0,0,0,0,0,0,0,0,0
260191,1,1,41,28,5,8,18,0,25,9,9,11
260192,1,1,24,24,24,24,24,24,24,24,24,24
260193,1,1,0,0,0,0,0,24,0,17,0,0
260194,1,1,0,0,0,0,0,0,0,0,0,0
260195,1,1,18,18,18,18,18,18,18,18,18,18
260196,1,1,0,0,0,0,0,0,0,0,0,0
260196,2,1,0,0,0,0,0,0,0,0,0,0
260196,3,1,0,0,0,0,0,28,0,0,0,0
260197,1,1,0,0,0,0,0,0,0,0,0,0
260198,0,1,0,0,0,0,0,0,0,0,0,0
260198,1,1,0,0,0,0,0,0,0,0,15,0
260199,1,1,19,19,19,19,19,19,19,19,19,19
260200,1,1,0,0,0,0,0,0,0,0,0,0
260200,2,1,0,0,0,0,0,10,0,0,0,0
260201,1,1,0,0,0,0,0,0,35,0,0,0
260201,2,1,17,0,0,0,0,0,0,0,0,0
260202,1,1,0,0,0,0,0,0,0,0,0,0
260202,2,1,0,0,0,0,0,0,0,0,0,0
260203,1,1,0,0,0,0,0,0,7,0,0,0
260203,2,1,0,0,0,0,0,0,0,0,0,0
260204,1,1,19,19,19,19,19,19,19,19,19,19
260205,0,1,0,0,0,0,0,0,0,0,0,0
260205,1,1,0,0,15,0,0,0,0,0,0,0
260206,1,1,14,14,14,14,14,14,14,14,14,14
260207,1,1,0,0,0,0,0,0,0,0,0,0
260208,1,1,0,0,0,0,0,0,0,0,0,0
260209,1,1,19,19,19,19,19,19,19,19,19,19
260209,2,1,0,0,0,0,0,0,0,0,0,0
260210,0,1,0,0,0,0,0,21,0,0,0,0
260210,1,1,3,0,0,0,11,0,0,2,9,17
260211,1,1,0,0,0,0,0,0,0,0,0,0
260212,1,1,0,0,0,0,0,0,0,0,0,0
260212,2,1,0,0,0,0,0,0,0,0,0,0
260213,1,1,0,6,0,0,0,0,0,0,0,0
260213,2,1,0,0,0,0,0,0,0,0,0,2
260214,1,1,0,0,0,0,0,0,0,0,0,0
260215,1,1,9,9,9,9,9,9,9,9,9,9
260216,1,1,0,0,0,0,0,0,0,0,0,0
260216,2,1,0,0,0,0,10,0,0,0,0,0
260217,0,1,9,28,9,20,25,20,6,9,15,33
260217,1,1,0,0,0,0,0,0,0,0,0,0
260218,1,1,9,9,9,9,9,9,9,9,9,9
260219,1,1,6,24,11,29,0,7,3,18,13,24
260220,1,1,0,0,0,0,0,0,0,0,0,0
260221,1,1,10,5,13,8,20,15,25,13,10,11
260221,2,1,0,0,0,0,0,0,0,0,0,14
260222,1,1,0,0,0,0,0,0,0,0,0,0
260222,2,1,0,0,0,0,0,0,0,0,0,0
260223,1,1,49,49,49,49,49,49,49,49,49,49
260224,1,1,0,0,0,0,0,0,0,0,0,0
260224,2,1,0,0,0,0,0,23,0,0,0,0
260225,0,1,0,0,0,0,0,0,0,0,0,0
260225,1,1,0,0,0,6,18,0,0,0,0,12
260226,1,1,9,0,0,0,0,0,0,0,0,0
260226,2,1,0,0,0,16,0,7,0,0,0,0
260227,1,1,0,0,0,0,0,16,17,0,0,0
260227,2,1,0,0,0,0,0,0,0,0,0,0
260228,1,1,11,11,11,11,11,11,11,11,11,11
260228,2,1,0,0,0,0,0,0,0,0,0,0
260229,1,1,0,0,0,0,0,0,0,0,0,0
260229,2,1,0,0,0,0,0,0,0,0,0,0
260229,3,1,0,0,0,0,0,0,0,0,0,0
260230,1,1,0,0,0,0,0,0,0,0,0,0
260231,1,1,12,12,12,12,12,12,12,12,12,12
260231,2,1,0,0,0,0,0,0,0,0,0,0
260232,0,1,0,0,0,0,0,0,0,0,0,0
260232,1,1,0,0,0,0,0,0,0,0,0,0
260233,1,1,7,7,7,7,7,7,7,7,7,7
260234,1,1,0,0,0,0,9,0,0,6,0,0
260235,1,1,0,3,0,0,0,0,0,0,0,0
260235,2,1,0,0,0,9,9,0,10,41,15,0
260236,1,1,0,9,17,0,0,0,0,0,0,0
260236,2,1,0,0,0,0,0,0,0,0,0,0
260237,1,1,0,0,0,0,0,0,0,0,0,0
260238,1,1,0,0,0,0,0,0,0,0,0,0
260238,2,1,0,0,0,0,0,0,0,0,0,0
260239,1,1,0,0,0,0,0,0,0,0,0,0
260239,2,1,0,0,0,0,0,0,0,0,0,0
260240,1,1,7,7,7,7,7,7,7,7,7,7
260241,1,1,0,0,0,0,0,0,0,0,0,0
260242,1,1,0,0,0,0,0,0,0,0,0,0
260242,2,1,0,0,0,0,0,0,0,0,0,0
260243,1,1,7,7,7,7,7,7,7,7,7,7
260243,2,1,0,0,0,0,0,0,0,0,0,0
260244,1,1,0,0,0,0,0,0,0,0,0,0
260244,2,1,0,0,0,0,0,0,0,0,0,0
260245,1,1,0,0,0,0,0,0,0,30,0,0
260245,2,1,0,0,0,0,0,0,0,0,0,0
260246,1,1,8,0,0,0,0,0,0,37,0,0
260247,1,1,0,0,0,0,0,0,0,0,0,0
260247,2,1,0,0,0,0,0,0,0,0,0,0
260247,3,1,0,0,0,0,0,0,0,0,0,0
260248,1,1,0,0,0,0,0,0,0,0,0,0
260248,2,1,0,0,0,0,0,0,0,0,0,0
260249,0,1,30,30,30,30,30,30,30,30,30,30
260249,0,2,23,23,23,23,23,23,23,23,23,23
260249,1,1,0,0,0,0,0,0,0,0,0,0
260250,1,1,16,16,16,16,16,16,16,16,16,16
260251,1,1,25,25,25,25,25,25,25,25,25,25
260251,2,1,0,0,0,0,0,0,0,0,0,0
260251,3,1,0,0,0,0,19,0,0,0,0,0
260251,4,1,0,0,0,0,0,0,0,0,0,0
260251,5,1,0,0,0,0,0,0,0,0,0,0
260252,1,1,0,0,0,0,0,0,0,0,0,0
260252,2,1,20,0,0,0,0,0,0,0,0,0
260253,0,1,0,0,0,0,0,10,0,0,0,0
260253,0,2,0,0,0,0,0,0,0,0,0,0
260253,0,3,0,0,0,0,0,0,0,0,0,0
260253,1,1,0,0,0,0,0,0,0,0,0,0
260254,0,1,0,24,0,0,0,0,0,0,8,0
260254,1,1,0,0,0,0,0,0,0,0,0,0
260255,1,1,0,0,7,0,0,0,0,0,0,10
260256,1,1,5,0,0,0,0,0,0,0,0,0
260256,2,1,19,0,0,0,0,0,0,0,0,0
260257,1,1,20,20,20,20,20,20,20,20,20,20
260258,1,1,18,0,0,0,0,0,27,0,0,0
260259,0,1,0,0,0,0,0,0,0,0,0,0
260259,1,1,0,15,7,0,26,7,0,0,15,10
260260,1,1,19,19,19,19,19,19,19,19,19,19
260260,2,1,0,0,0,0,0,0,0,0,0,0
260261,1,1,20,35,17,17,21,21,16,25,20,22
260262,1,1,14,14,14,14,14,14,14,14,14,14
260263,1,1,0,0,0,0,0,0,0,0,0,0
260264,0,1,0,0,0,0,0,0,0,0,0,0
260264,1,1,0,0,0,0,0,0,0,0,0,0
260265,1,1,0,0,0,0,25,0,0,0,0,0
260266,1,1,0,0,0,0,0,0,0,0,27,0
260267,1,1,0,0,0,0,35,0,0,0,0,0
260267,2,1,0,0,0,0,0,0,0,0,0,0
260268,1,1,0,0,0,0,0,0,0,0,0,0
260268,2,1,0,0,0,0,0,0,0,0,0,0
260269,1,1,0,0,0,0,0,0,0,0,0,0
260270,1,1,0,0,0,0,0,0,0,0,0,0
260271,0,1,0,0,0,0,22,0,6,0,0,0
260271,1,1,0,0,10,0,8,20,0,0,0,14
260272,1,1,0,0,0,0,0,0,0,0,0,0
260273,1,1,17,17,17,17,17,17,17,17,17,17
260273,2,1,0,0,0,0,0,0,0,19,0,0
260274,1,1,0,0,0,0,0,0,0,0,0,0
260274,2,1,0,0,19,0,0,0,0,0,0,0
260275,1,1,7,0,15,0,0,16,0,21,0,0
260276,1,1,4,4,4,4,4,4,4,4,4,4
260277,1,1,0,0,0,0,0,0,0,0,0,0
260278,0,1,17,17,17,17,17,17,17,17,17,17
260278,1,1,0,0,0,0,0,0,0,0,0,0
260279,1,1,24,24,24,24,24,24,24,24,24,24
260280,1,1,0,0,0,0,19,0,0,0,0,0
260280,2,1,0,0,0,0,0,0,0,0,0,0
260281,1,1,0,0,0,0,0,0,0,0,0,0
260281,2,1,0,0,0,0,0,0,0,0,0,0
260282,1,1,0,0,0,0,0,0,0,0,0,0
260283,1,1,29,17,23,14,10,24,28,21,21,17
260283,2,1,13,13,13,13,13,13,13,13,13,13
260283,3,1,0,0,0,0,0,0,0,0,7,0
260284,1,1,0,0,0,0,0,0,0,0,0,0
260284,2,1,0,0,0,0,0,0,0,0,0,0
260285,1,1,5,5,5,5,5,5,5,5,5,5
260286,1,1,7,10,40,29,13,17,17,23,15,9
260287,1,1,0,0,0,0,0,0,0,0,0,0
260287,2,1,0,0,0,0,0,0,23,0,0,0
260288,0,1,0,0,0,0,0,0,0,0,0,0
260288,1,1,0,0,0,0,0,0,0,0,0,0
260289,1,1,0,0,0,0,0,0,0,0,0,0
260290,1,1,9,9,9,9,9,9,9,9,9,9
260290,2,1,16,16,16,16,16,16,16,16,16,16
260291,1,1,0,0,0,0,0,8,0,0,0,0
260291,2,1,0,0,0,0,0,0,0,0,0,0
260292,1,1,0,0,0,0,0,7,0,26,0,0
260292,2,1,0,0,0,15,0,0,0,0,14,0
260293,1,1,26,13,21,11,12,14,14,16,14,31
260294,0,1,0,0,0,0,5,0,0,0,0,0
260294,1,1,0,0,0,0,0,0,0,0,0,0
260295,1,1,0,0,0,17,0,0,0,0,0,0
260295,2,1,0,0,0,0,0,0,0,0,0,0
260296,1,1,0,0,0,0,0,0,0,0,0,0
260296,2,1,0,0,0,0,0,0,0,0,0,0
260297,1,1,0,10,0,0,0,0,12,0,0,0
260298,1,1,0,0,0,0,25,0,0,0,0,0
260299,1,1,0,8,0,0,0,0,0,0,0,0
260299,2,1,0,0,0,0,0,0,0,0,0,0
260300,1,1,0,0,0,0,0,0,0,0,0,0
260301,1,1,0,0,0,0,12,0,16,0,0,0
260301,2,1,0,0,0,0,0,0,0,0,0,0
260302,1,1,0,0,0,0,0,0,0,9,23,0
260303,1,1,0,0,0,0,0,0,0,39,0,0
260304,1,1,0,0,0,0,0,0,0,0,0,0
260304,2,1,0,0,0,0,0,0,0,0,0,0
260305,1,1,0,0,0,0,0,0,0,0,0,0
260306,1,1,0,0,0,0,0,0,0,0,0,0
260306,2,1,0,0,0,0,0,0,0,0,0,0
260307,1,1,29,29,29,29,29,29,29,29,29,29
260307,2,1,8,8,8,8,8,8,8,8,8,8
260308,1,1,22,31,19,22,28,30,20,13,8,11
260309,1,1,0,0,0,0,0,0,0,0,0,0
260309,2,1,0,0,0,0,0,0,0,0,0,0
260310,1,1,0,0,0,0,0,0,0,23,0,10
260311,1,1,12,16,14,20,12,13,14,19,13,14
260312,1,1,0,0,0,0,0,0,0,0,0,0
260312,2,1,0,0,0,0,0,0,0,0,0,0
260313,0,1,20,5,39,17,18,13,18,15,23,14
260313,1,1,0,0,0,0,0,0,0,0,0,0
260314,1,1,14,14,14,14,14,14,14,14,14,14
260314,2,1,0,0,0,0,0,0,0,0,0,0
260315,1,1,0,0,0,19,0,0,0,0,0,0
260315,2,1,0,0,0,0,3,0,0,0,0,0
260316,1,1,0,0,0,0,0,0,0,0,0,0
260316,2,1,0,0,0,0,0,0,0,0,0,0
260317,1,1,0,0,26,9,0,0,0,0,0,0
260318,1,1,0,0,0,0,0,0,0,0,0,0
260318,2,1,0,0,0,0,0,0,0,0,0,0
260319,1,1,22,22,22,22,22,22,22,22,22,22
260320,1,1,0,0,0,0,0,0,0,0,0,0
260320,2,1,0,0,0,0,16,0,0,0,0,0
260321,0,1,0,0,0,0,0,0,0,0,0,0
260321,1,1,0,0,0,0,0,0,0,24,0,0
260322,1,1,0,0,0,0,0,0,0,19,0,0
260322,2,1,0,0,0,0,0,0,0,0,0,0
260323,0,1,0,0,0,0,0,0,0,0,0,0
260323,1,1,0,0,0,0,0,0,0,0,0,0
260324,1,1,20,20,20,20,20,20,20,20,20,20
260324,2,1,0,0,0,0,0,0,0,0,0,0
260325,1,1,0,0,0,0,0,0,0,0,0,0
260325,2,1,0,0,0,0,0,0,0,0,0,0
260326,1,1,19,0,0,0,0,0,0,0,0,0
260326,2,1,15,0,0,0,18,25,0,0,0,13
260327,1,1,0,0,0,0,0,0,0,0,0,0
260327,2,1,0,0,0,0,0,0,0,0,0,0
260328,1,1,0,0,0,0,0,0,0,0,0,0
260329,1,1,0,0,0,0,0,0,0,0,0,0
260330,1,1,0,0,0,0,0,0,0,0,0,0
260331,1,1,0,0,0,0,0,0,0,0,0,0
260331,2,1,0,0,0,0,0,0,0,0,0,0
260332,1,1,0,0,0,0,0,0,0,0,0,0
260333,1,1,0,0,0,0,0,0,0,0,0,0
260333,2,1,0,0,0,11,0,0,0,0,0,0
260334,1,1,0,0,0,0,0,0,0,0,0,0
260335,1,1,0,0,0,0,0,0,0,0,0,0
260335,2,1,0,0,0,0,0,0,0,0,0,0
260336,1,1,0,0,0,0,0,0,0,0,0,0
260336,2,1,0,0,0,0,0,0,0,0,0,0
260337,1,1,0,0,0,0,0,0,0,0,0,0
260337,2,1,0,0,0,0,0,0,0,0,0,0
260338,1,1,0,0,0,0,0,0,0,0,0,0
260338,2,1,0,0,0,0,0,0,0,0,0,0
260339,1,1,0,0,0,0,0,0,0,0,0,0
260340,1,1,13,0,13,0,0,15,0,0,0,0
260341,1,1,40,21,19,10,8,28,16,12,37,29
260342,1,1,0,0,0,0,0,0,0,0,0,0
260342,2,1,12,0,0,0,0,0,0,0,0,0
260343,1,1,0,0,0,0,0,0,0,0,0,0
260344,1,1,0,0,0,0,0,0,0,0,0,0
260344,2,1,18,14,13,15,10,21,13,16,21,24
260345,1,1,0,0,0,0,0,0,0,0,0,0
260345,2,1,31,31,31,31,31,31,31,31,31,31
260346,1,1,11,33,34,14,15,22,12,21,23,0
260347,1,1,0,0,0,0,0,0,0,0,0,0
260348,1,1,0,0,0,0,0,0,0,0,0,0
260349,0,1,31,31,31,31,31,31,31,31,31,31
260349,1,1,0,0,0,19,0,12,0,0,0,0
260350,1,1,0,0,6,0,0,0,0,0,0,0
260350,2,1,20,20,20,20,20,20,20,20,20,20
260351,1,1,7,0,0,15,0,0,0,0,16,0
260352,1,1,26,26,26,26,26,26,26,26,26,26
260353,1,1,0,0,0,0,0,0,0,0,0,0
260353,2,1,0,0,0,0,0,0,0,0,0,0
260354,1,1,0,0,0,0,0,0,0,0,0,0
260354,2,1,0,0,0,0,0,0,0,0,0,0
260355,1,1,16,16,16,16,16,16,16,16,16,16
260356,0,1,0,0,0,35,0,0,0,0,0,0
260356,1,1,0,0,0,0,0,0,0,0,0,0
260357,1,1,0,0,0,0,0,0,0,0,0,0
260357,2,1,0,0,0,0,0,0,0,0,0,0
260358,1,1,0,0,0,0,0,0,0,0,0,0
260358,2,1,18,0,0,0,0,0,0,0,0,0
260359,1,1,0,0,0,0,0,12,0,0,27,0
260360,0,1,0,0,0,0,18,0,0,0,0,0
260360,1,1,0,0,8,7,0,0,0,13,0,11
260361,1,1,0,0,0,0,0,0,0,0,0,0
260361,2,1,15,0,0,0,0,0,0,0,0,14
260362,1,1,0,0,0,0,0,0,0,0,0,0
260363,1,1,0,0,0,0,0,15,0,0,0,0
260363,2,1,0,0,0,0,0,0,0,0,0,0
260364,1,1,16,16,16,16,16,16,16,16,16,16
260364,2,1,0,0,0,0,0,0,0,0,0,0
260364,3,1,0,0,0,0,0,0,0,0,0,0
260365,1,1,0,0,0,0,0,0,0,0,0,0
260366,1,1,1,1,1,1,1,1,1,1,1,1
260367,1,1,15,15,15,15,15,15,15,15,15,15
260367,2,1,0,0,0,0,0,0,0,0,0,0
260368,1,1,0,0,0,0,0,0,0,0,0,0
260368,2,1,0,0,7,0,0,0,0,0,0,0
260369,1,1,0,0,0,0,0,0,0,0,0,0
260370,0,1,0,0,0,0,0,0,0,0,21,0
260370,1,1,0,0,0,0,0,0,0,0,0,0
260371,1,1,0,0,0,0,0,0,0,0,0,0
260371,2,1,0,0,0,0,0,0,0,0,0,0
260372,1,1,0,0,0,0,0,0,0,0,0,0
260372,2,1,0,0,0,0,0,0,0,0,0,0
260372,3,1,0,0,0,0,0,0,0,0,0,0
260373,0,1,0,0,21,0,0,0,0,0,0,0
260373,1,1,0,0,0,0,0,0,0,0,0,0
260374,1,1,0,0,0,0,0,0,0,0,0,0
260374,2,1,0,0,0,0,26,0,0,0,0,0
260375,1,1,16,16,16,16,16,16,16,16,16,16
260376,1,1,35,35,35,35,35,35,35,35,35,35
260376,2,1,0,0,0,0,0,0,0,0,0,0
260377,1,1,11,11,11,11,11,11,11,11,11,11
260378,0,1,25,0,0,0,0,0,0,0,0,0
260378,1,1,0,0,0,0,0,0,0,0,0,0
260379,1,1,0,0,0,0,0,0,0,0,0,0
260380,0,1,19,19,19,19,19,19,19,19,19,19
260380,1,1,0,0,0,0,0,0,0,0,0,0
260381,1,1,19,21,26,26,0,15,0,28,16,4
260381,2,1,6,6,6,6,6,6,6,6,6,6
260382,1,1,0,0,0,0,0,0,0,0,0,0
260382,2,1,0,0,0,0,0,0,0,0,0,0
260383,1,1,23,23,23,23,23,23,23,23,23,23
260383,2,1,0,0,0,0,0,0,0,0,0,0
260384,1,1,1,1,1,1,1,1,1,1,1,1
260384,2,1,6,5,10,15,16,13,6,22,24,10
260385,1,1,0,0,0,0,0,0,0,0,0,0
260386,1,1,0,0,0,0,0,0,0,0,0,0
260386,2,1,0,0,0,0,0,0,0,0,16,0
260387,1,1,0,0,0,0,0,0,0,0,0,0
260387,2,1,0,0,0,0,0,0,0,0,0,0
260388,0,1,0,0,0,0,0,0,0,0,33,0
260388,1,1,26,26,26,26,26,26,26,26,26,26
260389,1,1,22,22,22,22,22,22,22,22,22,22
260390,1,1,0,0,0,0,0,0,0,0,0,0
260390,2,1,0,0,0,0,0,0,0,0,0,0
260391,1,1,17,17,17,17,17,17,17,17,17,17
260391,2,1,0,0,0,0,0,0,0,8,0,0
260391,3,1,0,0,0,0,0,0,0,0,0,0
260392,1,1,0,0,0,0,0,0,0,0,0,0
260392,2,1,0,0,0,0,0,0,0,0,0,0
260393,0,1,6,6,6,6,6,6,6,6,6,6
260393,1,1,0,0,0,0,0,0,0,0,0,0
260394,1,1,0,0,0,0,0,0,0,0,0,0
260394,2,1,0,0,0,0,0,0,0,0,0,0
260395,1,1,25,0,19,18,10,17,12,10,16,29
260396,1,1,29,29,29,29,29,29,29,29,29,29
260397,1,1,0,0,0,0,0,0,16,0,0,0
260397,2,1,0,0,0,0,0,0,0,0,0,0
260398,1,1,0,0,0,0,0,0,0,0,0,0
260398,2,1,0,0,0,0,0,0,0,0,0,0
260399,1,1,20,20,20,20,20,20,20,20,20,20
260400,1,1,0,0,0,0,0,0,0,0,0,0
260400,2,1,0,0,0,0,0,0,0,0,0,0
260401,1,1,2,2,2,2,2,2,2,2,2,2
260401,2,1,0,0,0,0,0,0,0,14,0,25
260402,1,1,0,0,0,17,0,0,0,0,0,21
260402,2,1,0,0,0,0,0,0,0,0,0,0