ST_CASE,VEH_NO,PER_NO,P1,P2,P3,P4,P5,P6,P7,P8,P9,P10
260708,1,1,0,0,0,0,0,0,0,0,0,0
260708,2,1,0,0,35,0,0,0,0,0,23,0
260709,0,1,0,0,0,0,0,0,0,0,0,0
260709,1,1,0,0,0,0,0,0,0,0,0,0
260710,1,1,0,0,0,0,0,0,0,18,32,0
260711,1,1,0,0,0,0,0,0,0,0,0,0
260711,2,1,0,0,0,0,0,0,0,0,0,0
260712,0,1,0,0,0,0,0,0,0,0,0,0
260712,1,1,0,0,0,0,0,0,0,0,0,0
260713,1,1,0,0,0,0,0,0,0,0,0,0
260713,2,1,0,17,0,0,0,0,0,0,0,0
260714,1,1,0,0,0,0,0,0,0,0,0,0
260714,2,1,0,0,0,0,0,0,0,0,0,0
260715,1,1,0,0,0,0,0,0,0,0,0,0
260715,2,1,0,0,0,0,0,0,0,0,0,0
260716,1,1,23,23,23,23,23,23,23,23,23,23
260716,2,1,15,0,0,0,0,0,0,0,0,0
260717,1,1,12,24,15,12,11,8,12,0,0,25
260718,0,1,0,0,0,0,0,26,0,0,0,0
260718,1,1,0,33,0,0,0,0,0,0,0,0
260719,0,1,0,0,0,0,0,0,0,0,0,0
260719,1,1,0,0,0,0,0,0,0,0,0,0
260720,1,1,14,14,14,14,14,14,14,14,14,14
260720,2,1,26,0,0,0,29,17,0,0,0,0
260720,3,1,0,0,0,0,0,0,0,0,0,0
260721,1,1,21,21,21,21,21,21,21,21,21,21
260722,1,1,19,19,19,19,19,19,19,19,19,19
260723,1,1,0,0,0,0,0,0,0,0,0,0
260723,2,1,0,0,11,0,0,0,0,0,0,0
260724,1,1,0,0,11,0,0,0,4,0,0,0
260725,1,1,0,0,0,0,0,0,0,0,0,0
260726,1,1,0,0,0,0,0,0,0,0,0,0
260727,1,1,0,0,0,0,0,0,0,0,0,0
260727,2,1,0,0,0,0,0,0,0,0,0,0
260728,1,1,0,0,0,0,0,0,0,0,0,0
260728,2,1,0,0,0,0,0,0,0,0,22,0
260729,1,1,13,13,13,13,13,13,13,13,13,13
260730,1,1,23,7,20,25,25,9,0,17,9,29
260731,1,1,0,0,0,0,0,0,0,0,0,0
260732,0,1,0,0,0,0,0,0,0,0,0,0
260732,1,1,0,0,0,0,0,0,0,0,0,0
260733,1,1,14,27,17,18,13,8,10,24,16,22
260734,0,1,0,0,0,0,0,0,0,0,0,0
260734,1,1,0,6,12,16,6,0,6,20,20,18
260735,0,1,0,0,0,28,0,0,0,21,0,0
260735,1,1,3,3,3,3,3,3,3,3,3,3
260736,1,1,0,0,0,0,0,0,0,0,0,0
260736,2,1,0,0,0,0,0,0,0,0,0,0
260736,3,1,0,0,0,0,0,0,0,18,0,0
260737,1,1,0,0,0,0,0,0,0,0,0,0
260737,2,1,0,0,0,0,0,0,0,0,0,0
260738,1,1,0,0,0,0,0,0,0,0,0,0
260738,2,1,0,0,0,0,0,0,0,0,0,0
260739,1,1,0,0,0,0,0,0,0,0,0,0
260739,2,1,0,0,0,0,0,0,0,0,0,0
260740,1,1,0,0,0,0,0,0,0,0,0,0
260740,2,1,0,0,0,0,0,0,0,0,0,0
260741,1,1,38,38,38,38,38,38,38,38,38,38
260742,1,1,23,23,23,23,23,23,23,23,23,23
260743,1,1,16,7,19,19,11,24,15,11,9,15
260744,1,1,21,21,21,21,21,21,21,21,21,21
260745,0,1,23,23,23,23,23,23,23,23,23,23
260745,1,1,0,0,0,0,0,0,0,0,0,0
260746,0,1,0,0,0,0,0,0,0,0,0,0
260746,1,1,21,21,21,21,21,21,21,21,21,21
260747,1,1,0,0,0,0,0,0,0,0,0,0
260747,2,1,0,0,0,0,0,0,0,0,0,0
260747,3,1,0,0,0,0,0,0,0,0,0,0
260748,1,1,0,0,0,0,0,0,0,0,0,0
260748,2,1,0,0,0,0,0,0,0,0,0,0
260749,1,1,0,0,0,0,0,0,0,0,0,0
260750,1,1,0,0,0,0,0,0,0,0,0,0
260750,2,1,0,0,7,0,0,0,12,0,0,0
260751,0,1,0,0,0,0,0,0,0,0,0,0
260751,1,1,0,0,0,0,0,0,0,0,0,0
260752,0,1,0,0,0,0,0,0,0,0,0,0
260752,1,1,10,10,10,10,10,10,10,10,10,10
260753,1,1,28,20,19,22,21,27,28,21,17,23
260754,1,1,5,5,5,5,5,5,5,5,5,5
260754,2,1,0,0,0,0,8,0,0,0,0,0
260755,1,1,0,0,0,13,0,0,0,0,0,0
260755,2,1,0,0,0,16,0,0,0,0,0,20
260756,1,1,29,29,29,29,29,29,29,29,29,29
260757,1,1,23,23,23,23,23,23,23,23,23,23
260758,1,1,6,6,6,6,6,6,6,6,6,6
260759,1,1,0,0,0,0,0,0,0,0,0,0
260760,1,1,0,0,0,0,0,0,0,0,0,0
260760,2,1,0,0,0,0,0,0,0,0,0,0
260760,3,1,0,0,0,0,0,0,0,0,0,0
260761,1,1,0,0,0,0,0,0,0,0,0,0
260762,1,1,0,0,0,0,0,0,0,0,0,0
260762,2,1,0,0,0,0,0,0,0,0,0,0
260762,3,1,15,0,0,0,0,0,0,0,0,0
260762,4,1,0,0,0,0,0,0,0,0,0,0
260763,0,1,0,0,0,0,0,0,0,0,0,0
260763,1,1,0,0,0,0,0,0,0,0,0,0
260764,1,1,0,0,14,0,0,0,0,0,0,0
260765,0,1,0,0,0,41,0,27,0,0,0,0
260765,0,2,0,0,0,0,0,0,0,0,0,0
260765,1,1,0,0,0,0,0,0,0,0,0,0
260766,0,1,0,0,0,0,0,30,0,0,0,17
260766,1,1,0,0,0,0,0,0,0,0,0,0
260767,1,1,0,0,0,0,0,0,0,0,0,0
260767,2,1,0,0,0,0,0,0,0,0,0,0
260768,0,1,20,11,27,15,20,8,24,17,4,3
260768,1,1,0,0,0,0,0,0,0,0,0,0
260769,0,1,0,0,0,0,0,0,0,0,0,0
260769,1,1,0,0,0,0,0,0,0,0,0,0
260770,1,1,13,30,12,12,15,11,6,17,4,16
260771,1,1,0,0,0,0,0,0,0,0,0,0
260771,2,1,0,0,0,0,0,0,0,0,0,0
260772,1,1,0,0,0,0,0,0,13,0,0,0
260772,2,1,0,0,0,0,0,0,0,0,0,0
260773,1,1,4,0,0,0,0,17,23,19,0,6
260774,0,1,5,5,5,5,5,5,5,5,5,5
260774,1,1,18,18,18,18,18,18,18,18,18,18
260775,1,1,0,0,0,0,0,0,0,0,0,15
260776,1,1,0,0,0,0,0,0,0,0,0,0
260776,2,1,0,0,0,0,0,0,0,0,0,0
260777,1,1,26,13,23,5,0,27,7,10,23,21
260777,2,1,0,0,0,12,0,0,0,0,0,0
260778,1,1,0,0,0,0,0,0,0,0,0,0
260778,2,1,0,0,0,0,0,0,0,0,0,0
260779,0,1,15,0,0,0,12,0,0,0,0,0
260779,1,1,0,0,0,0,0,0,0,0,0,0
260780,1,1,0,0,28,0,0,19,0,32,0,0
260781,0,1,1,1,1,1,1,1,1,1,1,1
260781,0,2,0,0,0,0,0,0,0,0,0,0
260781,0,3,0,0,0,0,9,0,0,0,0,0
260781,1,1,0,0,0,0,0,0,0,0,0,0
260782,0,1,0,11,0,0,0,0,0,0,0,0
260782,1,1,0,0,0,17,14,0,0,0,0,0
260782,2,1,12,0,0,0,0,14,0,0,0,30
260783,0,1,0,0,0,0,0,0,0,0,0,18
260783,1,1,0,0,0,0,0,0,0,0,0,0
260784,1,1,0,0,0,0,0,0,0,0,0,0
260784,2,1,3,3,3,3,3,3,3,3,3,3
260785,1,1,20,15,16,14,18,20,21,16,8,25
260785,2,1,0,0,0,0,0,0,0,0,0,0
260786,1,1,17,17,17,17,17,17,17,17,17,17
260786,2,1,0,0,0,0,0,0,0,0,0,0
260787,1,1,0,0,0,0,0,0,0,0,0,0
260788,0,1,0,0,0,0,0,17,29,0,0,0
260788,0,2,0,0,0,0,0,0,0,0,0,0
260788,1,1,7,7,7,7,7,7,7,7,7,7
260789,1,1,8,8,8,8,8,8,8,8,8,8
260789,2,1,0,0,0,0,0,0,0,0,0,0
260789,3,1,0,0,0,0,0,0,0,0,0,0
260789,4,1,0,0,0,0,0,0,0,0,0,0
260791,1,1,0,0,0,0,0,0,0,0,0,0
260791,2,1,0,0,0,0,0,0,0,0,0,0
260792,1,1,15,15,15,15,15,15,15,15,15,15
260793,1,1,0,0,0,0,0,0,0,0,0,0
260794,1,1,0,0,0,0,0,0,0,0,0,0
260794,2,1,0,0,0,0,0,0,0,0,0,0
260794,3,1,0,0,0,0,0,0,0,0,0,0
260794,4,1,0,0,8,0,0,0,24,0,0,0
260795,0,1,0,0,0,0,0,33,0,0,0,0
260795,1,1,0,0,0,0,0,0,0,0,0,0
260795,2,1,0,0,0,0,0,0,0,0,0,0
260795,3,1,0,0,0,0,0,37,0,0,0,0
260796,1,1,0,0,25,0,0,0,0,0,0,0
260796,2,1,8,8,8,8,8,8,8,8,8,8
260798,0,1,0,0,0,0,0,10,0,0,33,0
260798,1,1,0,0,0,0,0,0,0,0,0,0
260799,1,1,0,0,0,0,0,0,0,0,0,0
260799,2,1,0,0,0,0,0,0,0,0,0,0
260800,1,1,0,0,0,0,0,0,0,0,0,0
260800,2,1,0,0,0,0,0,0,0,0,0,0
260801,1,1,13,13,13,13,13,13,13,13,13,13
260802,1,1,5,5,5,5,5,5,5,5,5,5
260803,1,1,0,0,0,0,0,0,0,0,0,0
260803,2,1,0,0,0,0,0,0,11,0,0,24
260804,1,1,0,0,13,21,0,9,10,9,21,7
260805,1,1,0,0,0,0,0,0,0,0,0,0
260806,1,1,4,4,4,4,4,4,4,4,4,4
260807,1,1,0,0,0,0,10,0,0,0,0,0
260808,1,1,0,0,0,0,0,0,0,0,0,0
260808,2,1,0,0,0,0,0,0,0,0,0,0
260809,1,1,4,5,17,9,10,17,3,23,13,7
260810,1,1,24,24,24,24,24,24,24,24,24,24
260810,2,1,0,0,0,0,0,0,0,0,0,0
260811,1,1,0,0,0,0,0,0,0,0,0,0
260811,2,1,0,0,0,0,0,0,0,0,0,0
260812,0,1,0,0,0,0,0,0,0,0,0,0
260812,1,1,0,0,0,0,0,0,0,0,0,8
260813,1,1,7,7,7,7,7,7,7,7,7,7
260814,1,1,25,25,25,25,25,25,25,25,25,25
260815,1,1,22,22,22,22,22,22,22,22,22,22
260815,2,1,0,0,0,0,0,0,0,0,0,0
260816,0,1,18,15,28,10,34,15,19,28,6,24
260816,1,1,0,0,0,0,0,0,0,0,0,0
260817,0,1,0,0,0,0,0,0,0,0,0,0
260817,1,1,0,0,0,0,0,0,0,0,0,0
260818,0,1,0,0,0,0,0,0,0,0,0,44
260818,1,1,0,0,0,0,0,0,0,0,0,0
260818,2,1,0,0,0,0,0,0,0,0,0,0
260819,0,1,0,0,0,0,20,0,0,0,0,27
260819,1,1,0,0,0,0,0,0,0,0,0,0
260820,1,1,0,0,0,0,0,0,0,0,0,0
260821,1,1,0,0,0,0,0,0,0,0,0,0
260821,2,1,0,0,0,0,0,0,0,0,0,0
260822,1,1,0,0,0,0,0,0,0,0,0,0
260822,2,1,0,0,0,0,22,0,0,0,0,0
260823,1,1,0,0,0,15,0,0,0,0,0,0
260823,2,1,0,0,0,0,0,0,0,0,0,0
260824,1,1,0,0,0,0,0,0,0,0,0,0
260824,2,1,5,0,0,0,0,0,0,0,0,0
260825,1,1,0,0,0,0,0,0,0,0,0,0
260826,1,1,19,19,19,19,19,19,19,19,19,19
260827,1,1,0,0,0,0,0,0,0,0,0,0
260827,2,1,0,0,0,0,0,0,0,0,0,0
260828,0,1,0,0,0,0,0,0,0,0,0,0
260828,1,1,8,0,6,0,0,0,12,10,0,0
260829,1,1,0,0,8,0,0,0,0,0,0,10
260830,1,1,0,0,0,0,0,0,0,0,0,0
260830,2,1,0,0,0,0,0,0,0,0,0,0
260831,1,1,10,25,33,36,22,16,16,4,19,28
260832,1,1,0,25,0,0,0,0,0,0,0,0
260833,1,1,0,0,0,0,0,0,0,0,0,0
260833,2,1,0,0,0,0,0,0,0,0,0,0
260834,1,1,0,0,0,0,0,0,0,0,0,0
260834,2,1,0,0,0,0,0,0,0,0,15,0
260835,1,1,0,0,0,0,14,0,0,0,0,0
260835,2,1,0,0,0,0,0,0,0,0,0,0
260836,1,1,19,19,19,19,19,19,19,19,19,19
260837,1,1,0,0,0,0,0,0,0,0,0,0
260837,2,1,0,0,0,0,0,0,0,0,0,0
260838,1,1,25,10,17,19,14,0,22,0,5,13
260838,2,1,0,0,0,18,12,0,0,0,0,13
260839,0,1,0,0,0,0,0,0,0,0,0,0
260839,1,1,0,0,0,0,0,0,0,0,0,9
260840,1,1,0,9,0,0,0,0,0,0,0,0
260841,1,1,0,0,0,0,13,0,0,0,0,0
260842,0,1,0,0,0,0,0,0,0,29,0,0
260842,1,1,0,0,0,0,0,0,0,0,0,0
260843,1,1,0,0,0,0,0,0,0,0,0,0
260844,1,1,13,13,13,13,13,13,13,13,13,13
260845,1,1,22,22,22,22,22,22,22,22,22,22
260845,2,1,0,0,0,0,0,0,0,0,0,0
260845,3,1,0,0,0,0,0,0,0,0,0,0
260846,1,1,17,17,17,17,17,17,17,17,17,17
260847,1,1,0,0,0,0,0,0,0,0,0,0
260847,2,1,0,0,0,0,0,0,0,0,0,0
260848,1,1,0,9,0,0,0,11,0,0,0,0
260849,0,1,0,0,0,0,0,0,0,0,0,0
260849,1,1,0,0,0,0,0,0,0,0,0,0
260850,1,1,0,0,0,0,0,0,0,0,0,0
260850,2,1,0,0,0,0,0,0,10,0,0,0
260851,1,1,0,0,0,0,0,0,0,0,0,0
260851,2,1,0,0,0,0,0,0,0,0,0,0
260852,1,1,27,27,27,27,27,27,27,27,27,27
260853,1,1,0,0,0,0,0,0,0,0,0,0
260853,2,1,0,0,0,0,0,0,0,0,0,0
260854,1,1,0,0,0,0,0,0,0,0,0,0
260854,2,1,0,0,0,0,0,0,0,0,0,0
260855,0,1,0,0,0,0,6,0,0,0,0,18
260855,1,1,0,0,0,0,0,0,0,0,0,0
260856,1,1,4,4,4,4,4,4,4,4,4,4
260857,0,1,0,0,0,0,0,0,0,0,0,0
260857,1,1,7,7,7,7,7,7,7,7,7,7
260858,1,1,0,0,0,0,0,0,0,0,16,0
260858,2,1,11,0,0,0,0,0,6,0,0,0
260859,1,1,22,22,22,22,22,22,22,22,22,22
260860,0,1,32,0,0,0,0,41,0,0,0,6
260860,1,1,0,0,0,9,13,0,0,13,0,19
260861,1,1,0,0,0,0,0,0,0,0,0,0
260862,0,1,0,0,0,0,0,0,0,0,0,0
260862,1,1,0,0,0,0,0,0,0,0,0,0
260863,1,1,3,0,0,0,0,0,0,0,0,0
260863,2,1,0,0,0,0,0,0,0,0,0,0
260864,1,1,0,0,0,0,0,0,0,0,0,0
260865,1,1,0,0,0,0,0,0,0,0,0,0
260865,2,1,0,0,0,0,0,0,0,0,0,0
260866,1,1,16,21,28,18,11,41,16,16,15,27
260867,1,1,0,0,0,0,0,0,0,0,0,0
260868,1,1,0,0,0,0,0,0,0,0,0,0
260869,1,1,0,0,0,0,0,0,0,0,0,0
260869,2,1,0,0,0,0,0,0,0,0,0,0
260870,1,1,3,3,3,3,3,3,3,3,3,3
260871,1,1,0,0,0,0,0,0,0,0,7,0
260871,2,1,0,0,0,0,0,0,0,0,0,0
260872,1,1,0,0,0,0,0,0,0,0,0,0
260873,0,1,0,0,0,0,0,0,0,21,0,0
260873,1,1,0,0,0,0,0,0,0,0,0,0
260873,2,1,0,0,0,0,0,0,0,0,0,0
260874,0,1,0,0,0,0,0,0,0,0,0,0
260874,1,1,0,0,0,0,0,0,0,0,0,0
260875,1,1,0,0,0,0,0,0,12,0,0,0
260875,2,1,0,0,11,0,0,20,0,0,0,0
260876,1,1,15,0,12,0,0,0,0,0,0,0
260877,0,1,20,20,20,20,20,20,20,20,20,20
260877,1,1,0,0,0,0,0,0,0,0,0,0
260878,1,1,0,0,0,0,0,0,0,0,0,0
260878,2,1,0,0,0,0,0,0,0,0,0,0
260878,3,1,0,0,0,0,0,0,0,0,0,0
260879,1,1,0,0,0,0,14,0,0,0,0,0
260879,2,1,0,0,0,0,0,0,0,0,0,0
260880,0,1,17,8,18,12,8,8,0,13,22,15
260880,1,1,0,0,0,0,0,0,0,0,0,0
260881,0,1,0,0,0,0,0,0,0,0,0,0
260881,1,1,0,0,0,0,0,0,0,0,0,0
260882,0,1,0,0,0,0,0,0,0,0,0,0
260882,1,1,0,0,0,0,0,0,0,0,0,0
260884,1,1,12,14,10,22,8,19,0,36,20,6
260885,1,1,0,0,0,0,0,0,0,0,0,0
260885,2,1,0,0,0,0,0,0,0,0,0,0
260886,0,1,20,17,18,10,8,0,31,12,13,15
260886,1,1,0,0,0,0,0,0,18,0,0,0
260887,0,1,0,0,0,0,0,0,0,0,0,0
260887,1,1,0,17,0,0,0,0,0,0,0,0
260888,1,1,0,0,17,0,0,0,0,0,0,0
260889,1,1,0,0,0,0,0,0,0,0,0,0
260889,2,1,0,0,0,0,0,0,0,0,0,0
260890,1,1,0,0,0,0,0,0,0,0,0,0
260890,2,1,0,0,0,0,0,0,0,0,0,0
260891,0,1,27,27,27,27,27,27,27,27,27,27
260891,1,1,0,0,0,0,0,0,0,0,0,0
260892,1,1,0,0,0,0,0,0,0,0,0,0
260892,2,1,0,0,0,0,0,0,0,0,0,0
260893,1,1,11,30,15,14,8,12,33,21,3,25
260894,0,1,0,0,0,0,0,0,0,0,0,0
260894,1,1,0,0,0,0,0,0,0,0,0,0
260895,1,1,25,25,25,25,25,25,25,25,25,25
260896,1,1,0,0,0,0,0,0,0,0,0,0
260897,0,1,0,0,0,0,0,0,0,0,0,0
260897,1,1,0,0,0,0,0,0,0,0,0,0
260898,1,1,10,10,10,10,10,10,10,10,10,10
260898,2,1,8,0,0,0,0,0,0,0,0,0
260899,1,1,2,18,20,27,24,26,5,7,19,10
260900,1,1,0,0,0,0,0,0,0,0,0,0
260900,2,1,0,0,0,21,0,0,0,0,0,0
260900,3,1,0,0,0,0,0,0,0,0,0,0
260901,0,1,14,26,44,9,13,17,17,0,36,12
260901,1,1,0,0,11,0,0,0,0,0,0,0
260902,0,1,27,27,27,27,27,27,27,27,27,27
260902,1,1,0,20,13,13,19,6,13,5,19,0
260903,1,1,0,0,0,0,0,0,0,0,0,0
260904,0,1,0,0,0,0,0,0,0,0,0,0
260904,1,1,11,0,8,15,16,0,11,7,0,12
260905,0,1,0,0,0,0,0,0,0,0,0,0
260905,1,1,0,0,0,0,0,0,0,0,0,0
260906,1,1,0,0,0,0,0,0,0,0,0,0
260907,1,1,0,5,0,0,0,0,0,0,0,0
260908,1,1,0,0,0,0,0,0,0,0,0,0
260908,2,1,0,0,0,0,0,0,0,0,0,0
260909,1,1,21,21,21,21,21,21,21,21,21,21
260909,2,1,0,0,0,0,0,0,0,0,0,0
260910,1,1,27,27,27,27,27,27,27,27,27,27
260911,1,1,0,0,0,0,0,0,0,0,0,0
260911,2,1,0,0,0,0,0,0,15,0,0,0
260912,0,1,22,22,22,22,22,22,22,22,22,22
260912,1,1,14,7,21,0,0,0,0,0,0,0
260913,1,1,37,37,37,37,37,37,37,37,37,37
260914,1,1,0,0,0,0,0,0,11,0,0,0
260915,1,1,6,0,0,14,16,0,0,0,0,0
260915,2,1,5,23,15,0,18,5,14,0,17,25
260916,0,1,0,0,11,0,25,0,0,0,0,0
260916,1,1,0,0,0,0,0,0,0,0,0,0
260917,0,1,0,0,0,27,0,0,0,0,0,0
260917,1,1,12,8,0,15,8,13,4,9,15,9
260918,1,1,0,0,0,0,0,0,0,0,0,0
260918,2,1,0,0,0,0,0,0,0,0,0,0
260919,1,1,0,0,0,0,21,0,6,0,0,0
260919,2,1,0,0,0,0,0,0,0,0,0,0
260920,1,1,0,0,0,0,0,0,0,0,0,0
260920,2,1,0,0,0,0,0,0,0,0,0,0
260921,0,1,20,15,33,27,15,15,6,18,36,13
260921,1,1,0,0,0,0,0,0,0,0,0,0
260921,2,1,0,0,0,0,0,0,0,0,0,0
260921,3,1,0,0,0,0,0,0,0,0,0,0
260922,1,1,28,12,8,11,20,11,22,20,19,3
260923,1,1,0,0,0,0,0,0,0,0,0,0
260923,2,1,0,21,12,0,0,0,0,0,0,0
260924,1,1,0,0,0,0,0,0,0,0,0,0
260924,2,1,0,0,0,0,0,0,0,0,14,0
260925,1,1,0,0,0,0,0,0,0,0,0,0
260925,2,1,0,0,0,0,0,0,0,0,0,0
260926,1,1,0,28,24,35,26,10,33,7,16,32
260926,2,1,0,0,0,0,0,0,0,0,0,0
260927,1,1,0,0,0,0,0,0,0,0,0,0
260927,2,1,0,0,0,0,0,0,0,10,0,0
260928,1,1,0,0,0,0,0,0,0,0,0,0
260929,1,1,0,22,0,0,0,0,0,0,0,0
260929,2,1,0,0,0,0,0,0,0,0,0,0
260930,0,1,20,20,20,20,20,20,20,20,20,20
260930,1,1,0,0,0,0,0,0,0,0,0,0
260931,1,1,13,13,13,13,13,13,13,13,13,13
260932,1,1,0,0,0,0,17,0,0,0,0,0
260932,2,1,0,0,0,0,0,19,0,0,0,0
260933,1,1,14,14,14,14,14,14,14,14,14,14
260934,0,1,0,0,0,0,0,0,0,0,0,0
260934,0,2,0,0,0,0,0,0,0,17,0,0
260934,1,1,0,0,0,0,0,0,0,0,0,0
260935,1,1,0,0,0,0,0,0,0,0,0,0
260935,2,1,0,0,0,0,0,18,0,0,0,0
260935,3,1,0,0,0,0,0,0,0,0,0,0
260936,1,1,0,0,0,0,0,0,0,0,0,0
260936,2,1,0,0,0,0,0,0,0,0,8,0
260937,0,1,20,20,20,20,20,20,20,20,20,20
260937,1,1,0,0,0,0,0,0,0,0,0,0
260938,1,1,0,0,0,0,0,0,0,0,0,0
260938,2,1,0,0,0,0,0,0,0,0,0,0
260939,1,1,0,0,0,0,0,0,0,0,0,0
260939,2,1,0,0,0,0,0,0,0,0,0,0
260939,3,1,17,0,0,0,0,0,0,0,0,0
260939,4,1,0,0,0,0,0,0,0,0,0,0
260940,1,1,0,13,0,20,0,0,0,29,0,0
260941,0,1,0,0,0,0,0,0,0,0,0,0
260941,1,1,0,0,0,0,0,0,0,0,0,0
260942,1,1,15,15,15,15,15,15,15,15,15,15
260942,2,1,0,0,0,0,0,0,0,0,0,0
260942,3,1,0,0,0,0,0,0,0,0,0,0
260942,4,1,0,0,0,0,0,0,2,0,0,0
260942,5,1,12,0,0,17,0,0,0,0,0,0
260943,1,1,0,0,0,0,0,0,0,0,0,0
260943,2,1,0,0,0,0,0,0,0,0,0,0
260944,1,1,0,0,0,0,0,0,0,0,0,0
260944,2,1,0,0,0,0,0,0,0,0,0,0
260945,1,1,0,0,0,0,0,0,0,0,0,0
260945,2,1,0,0,0,0,0,0,0,0,0,0
260945,3,1,0,0,0,0,0,0,0,0,0,0
260946,1,1,0,0,0,0,0,0,0,0,0,0
260946,2,1,12,0,0,0,0,22,0,17,0,0
260947,1,1,0,0,0,0,0,16,0,0,0,0
260948,0,1,0,0,0,0,28,0,21,0,0,0
260948,0,2,0,0,0,0,0,0,0,0,0,0
260948,1,1,0,18,8,15,0,19,0,0,0,0
260949,1,1,0,0,0,0,0,0,0,0,0,0
260949,2,1,0,0,0,0,0,0,0,0,0,0
260950,1,1,28,23,34,8,24,19,4,14,13,24
260951,0,1,0,0,0,0,0,0,0,0,0,0
260951,0,2,0,0,0,0,0,0,0,8,0,0
260951,1,1,0,0,0,0,0,0,0,0,0,0
260952,1,1,0,0,0,0,0,0,0,0,0,0
260953,1,1,0,0,0,0,0,0,0,0,0,0
260953,2,1,0,0,0,0,0,0,0,0,0,0
260954,1,1,0,0,0,0,0,0,0,0,0,0
260954,2,1,0,0,0,0,0,0,0,0,0,0
260955,1,1,0,0,0,0,0,0,0,0,0,0
260955,2,1,0,0,0,0,0,0,0,0,0,0
260956,1,1,0,0,0,0,0,0,0,0,0,0
260956,2,1,18,0,0,0,0,0,0,0,0,0
260957,0,1,43,0,54,0,0,0,0,0,0,0
260957,1,1,0,0,0,0,0,0,0,0,0,0
260958,1,1,25,0,0,0,0,0,0,0,0,0
260959,1,1,0,0,0,0,0,0,22,0,16,0
260959,2,1,0,0,0,0,0,0,0,0,0,0
260960,1,1,0,11,0,0,0,0,0,0,0,0
260960,2,1,0,9,10,12,16,6,8,12,11,0
260961,1,1,0,0,0,0,0,0,12,0,0,0
260961,2,1,0,0,0,0,0,0,0,0,0,0
260961,3,1,0,0,0,0,0,0,0,0,0,0
260962,1,1,0,0,0,0,0,0,0,0,0,0
260962,2,1,29,29,29,29,29,29,29,29,29,29
260963,0,1,0,14,0,0,0,0,0,0,0,0
260963,1,1,0,0,0,0,0,0,0,0,0,0
260963,2,1,0,0,14,0,0,0,0,0,0,0
260964,0,1,0,15,0,0,0,0,0,0,0,0
260964,1,1,0,0,0,0,0,0,0,0,0,0
260964,2,1,0,0,0,0,0,0,0,0,0,0
260964,3,1,0,0,0,0,0,0,0,0,0,0
260965,0,1,0,0,0,0,9,9,0,0,0,0
260965,1,1,0,0,0,0,0,0,0,0,0,0
260966,1,1,0,0,0,26,5,0,0,0,0,0
260967,1,1,14,0,0,0,0,14,0,0,0,0
260968,1,1,0,0,22,0,16,0,0,0,0,0
260969,1,1,0,0,0,0,0,0,0,0,0,0
260969,2,1,0,0,0,0,0,0,0,0,0,0
260970,0,1,0,0,30,0,0,0,24,0,0,0
260970,1,1,0,0,0,0,0,0,0,0,0,0
260971,0,1,18,7,7,13,15,13,22,10,17,34
260971,1,1,0,0,0,0,0,0,0,0,0,0
260972,1,1,0,0,0,0,0,0,0,0,0,0
260972,2,1,0,0,0,0,0,0,0,0,0,0
260972,3,1,0,0,0,0,0,0,0,0,0,0
260973,1,1,15,15,15,15,15,15,15,15,15,15
260974,1,1,10,49,19,28,11,22,7,18,29,14
260975,0,1,0,0,0,0,0,0,17,0,0,0
260975,1,1,0,0,0,0,0,0,0,0,0,0
260976,1,1,0,0,0,0,0,0,0,0,0,0
260976,2,1,0,5,0,0,0,0,0,0,0,0
260977,1,1,23,23,23,23,23,23,23,23,23,23
260977,2,1,0,0,0,0,0,0,0,0,0,0
260978,1,1,0,0,0,0,0,0,0,0,0,0
260978,2,1,0,21,20,0,14,0,0,24,0,0
260979,1,1,1,1,1,1,1,1,1,1,1,1
260980,1,1,0,0,0,0,0,0,0,0,0,0
260981,1,1,0,16,0,0,0,0,0,0,0,0
260982,0,1,0,0,0,0,0,0,0,0,0,0
260982,2,1,0,0,0,0,0,0,0,0,0,0
260982,3,1,0,0,0,0,0,0,0,0,0,0
260983,1,1,0,0,0,10,0,0,0,0,0,0
260983,2,1,0,0,0,0,0,0,0,0,0,0
260984,1,1,0,0,0,0,0,0,0,0,0,0
260984,2,1,17,0,0,0,12,0,0,0,16,0
260985,1,1,0,0,0,24,0,0,0,14,0,0
260985,2,1,0,16,8,0,0,0,0,0,0,0
260985,3,1,0,0,22,0,0,0,0,0,0,0
260986,1,1,12,12,12,12,12,12,12,12,12,12
260986,2,1,0,0,0,0,0,0,0,0,0,0
260986,3,1,0,0,0,0,0,0,0,0,0,0
260986,4,1,9,0,0,0,0,0,0,0,0,0
260987,1,1,0,0,0,0,0,0,0,0,0,0
260988,1,1,25,25,25,25,25,25,25,25,25,25
260988,2,1,0,0,0,0,0,0,0,0,0,0
260988,3,1,0,0,0,0,0,0,0,0,0,0
260989,1,1,0,0,0,0,0,0,0,0,0,0
260989,2,1,0,0,37,0,0,0,0,0,0,0
260990,1,1,0,16,0,0,0,0,0,0,19,27
260990,2,1,0,0,0,0,0,0,0,0,0,0
260990,3,1,0,0,0,0,0,4,0,0,0,0
260991,0,1,0,7,0,0,0,0,0,0,0,0
260991,1,1,6,0,0,25,15,22,21,0,12,9
260992,1,1,0,0,0,0,0,0,0,0,0,0
260992,2,1,0,0,0,16,0,0,0,0,0,0