ST_CASE,VEH_NO,PER_NO,P1,P2,P3,P4,P5,P6,P7,P8,P9,P10
280396,1,1,0,0,0,0,21,0,20,0,20,22
280397,1,1,13,31,10,19,21,19,18,23,20,27
280397,2,1,0,0,0,0,0,0,0,0,0,0
280398,0,1,0,0,14,0,0,11,0,0,0,0
280398,1,1,0,0,0,0,0,0,0,0,0,0
280400,1,1,0,0,0,0,0,0,0,0,0,0
280400,2,1,0,0,0,0,0,0,0,0,0,0
280401,1,1,0,0,0,0,0,0,0,0,0,0
280401,2,1,0,10,0,0,0,10,0,0,0,0
280402,1,1,0,0,0,0,0,0,0,0,0,0
280402,2,1,0,0,0,0,0,0,0,0,8,0
280402,3,1,0,0,0,0,0,0,0,0,0,0
280403,1,1,0,0,24,0,0,0,0,0,0,0
280404,1,1,0,0,0,0,0,0,0,0,0,0
280405,0,1,14,7,0,0,0,13,0,32,0,0
280405,1,1,0,0,13,0,0,4,9,0,0,0
280406,1,1,0,0,0,0,0,0,0,0,4,0
280406,2,1,0,0,0,0,0,0,8,21,0,0
280407,1,1,0,4,0,0,0,0,0,15,0,0
280407,2,1,0,0,0,0,0,0,0,0,0,0
280408,1,1,0,0,0,0,0,0,0,0,0,0
280408,2,1,0,0,0,0,0,0,0,0,0,0
280409,1,1,0,0,25,0,0,0,0,8,0,0
280411,0,1,0,0,0,0,0,0,0,0,0,0
280411,1,1,0,0,0,0,0,0,0,0,0,0
280412,1,1,0,0,0,0,0,0,0,0,0,0
280412,2,1,18,0,0,0,0,0,0,16,0,0
280413,0,1,0,24,30,0,0,0,12,20,0,0
280413,1,1,16,16,16,16,16,16,16,16,16,16
280414,1,1,0,0,0,0,0,0,0,0,0,0
280415,1,1,0,0,0,0,0,0,0,0,0,0
280415,2,1,0,0,0,0,0,0,0,0,0,0
280416,1,1,0,0,0,0,0,0,0,0,0,0
280416,2,1,0,0,0,0,0,0,0,0,0,0
280417,1,1,14,0,0,0,0,0,0,0,0,0
280417,2,1,0,0,0,0,0,0,0,0,22,0
280418,1,1,0,0,0,0,0,0,0,0,0,0
280419,1,1,0,15,0,0,0,0,0,0,0,0
280419,2,1,0,0,0,0,0,0,0,0,0,0
280420,1,1,17,17,17,17,17,17,17,17,17,17
280421,0,1,0,0,14,0,11,19,26,0,0,2
280421,1,1,0,0,0,0,0,0,0,0,0,0
280422,1,1,0,0,0,0,0,0,0,0,0,0
280423,1,1,0,0,0,0,0,30,0,0,0,0
280423,2,1,0,0,0,0,0,0,0,0,0,0
280424,1,1,0,0,0,0,0,0,12,0,0,0
280425,0,1,0,0,16,0,14,51,0,0,6,0
280425,1,1,0,0,0,0,0,0,0,0,0,0
280426,1,1,0,0,0,0,0,0,0,18,0,0
280427,1,1,0,0,0,0,0,0,0,0,0,0
280428,1,1,0,0,0,0,0,0,0,0,0,0
280429,1,1,0,0,0,0,0,0,0,0,0,0
280429,2,1,0,0,0,0,0,0,0,0,0,0
280430,1,1,0,0,0,0,0,0,0,0,0,0
280430,2,1,16,13,9,11,7,17,16,9,25,15
280431,1,1,0,0,0,0,0,0,0,0,0,0
280431,2,1,0,0,0,0,0,0,0,0,0,0
280432,0,1,0,0,0,0,0,0,0,0,0,0
280432,0,2,0,15,0,0,0,0,0,0,0,0
280432,1,1,11,0,0,19,0,0,0,0,0,0
280433,0,1,0,0,0,0,0,0,0,0,0,0
280433,1,1,0,0,0,0,0,0,20,0,0,0
280434,1,1,0,17,0,0,0,0,0,0,0,0
280434,2,1,0,0,0,0,0,0,0,0,0,0
280434,3,1,0,0,0,0,0,0,0,0,3,0
280435,1,1,0,0,0,0,0,0,0,0,0,0
280436,1,1,0,24,0,0,0,0,0,0,0,12
280437,1,1,0,0,0,0,0,0,0,0,0,0
280437,2,1,0,0,0,0,0,0,0,0,0,0
280438,1,1,0,0,8,0,12,0,0,0,27,11
280439,1,1,0,14,0,0,0,0,0,0,0,0
280440,1,1,0,0,0,0,0,0,0,0,0,0
280440,2,1,0,0,0,18,0,0,0,0,0,0
280441,1,1,0,0,0,0,2,0,20,0,0,0
280441,2,1,0,0,0,0,0,0,0,15,0,0
280442,1,1,0,0,0,0,0,16,0,0,0,0
280443,0,1,0,0,0,0,0,0,19,0,0,0
280443,1,1,0,0,0,0,0,0,0,0,0,0
280444,1,1,9,9,9,9,9,9,9,9,9,9
280444,2,1,0,0,0,0,0,0,0,0,0,0
280445,1,1,0,0,0,0,0,0,0,0,0,0
280445,2,1,0,0,0,0,11,0,0,0,0,0
280446,1,1,0,0,0,0,0,0,0,0,0,0
280446,2,1,1,1,1,1,1,1,1,1,1,1
280447,1,1,0,0,0,0,0,0,0,0,0,0
280447,2,1,0,0,0,0,0,0,0,0,0,0
280448,1,1,0,0,0,0,0,0,0,0,0,0
280448,2,1,9,17,6,9,30,18,4,10,12,25
280448,3,1,9,25,6,16,5,16,19,11,5,15
280449,0,1,0,0,0,29,0,0,0,0,0,0
280449,1,1,15,6,12,12,0,23,0,22,20,9
280450,1,1,0,0,0,0,0,0,0,0,0,0
280450,2,1,0,0,0,0,0,0,0,0,0,0
280451,1,1,0,0,0,0,0,0,0,0,0,0
280451,2,1,0,0,0,0,0,0,0,0,0,0
280451,3,1,0,0,0,0,0,0,6,0,0,0
280452,1,1,0,0,0,0,0,25,0,0,0,0
280452,2,1,0,0,30,0,0,0,0,0,0,0
280453,0,1,0,0,23,0,30,56,0,17,0,0
280453,1,1,0,0,0,0,0,0,0,0,0,0
280454,1,1,0,0,0,0,0,0,0,0,0,0
280454,2,1,0,0,0,0,0,0,0,0,0,0
280454,3,1,0,0,0,0,0,0,0,0,0,0
280455,1,1,0,0,0,0,0,0,0,0,0,0
280455,2,1,16,31,0,31,0,0,0,0,0,0
280456,0,1,0,0,0,0,0,0,0,0,0,0
280456,1,1,0,0,17,0,0,0,0,0,0,0
280457,1,1,0,0,0,0,0,0,0,0,0,0
280457,2,1,0,0,11,0,0,10,0,0,24,0
280458,1,1,0,0,0,0,0,0,0,0,0,0
280458,2,1,0,0,0,0,0,0,0,0,0,0
280459,0,1,48,14,30,22,14,27,22,5,27,18
280459,1,1,0,0,0,0,0,0,0,0,0,0
280460,1,1,17,18,24,33,18,10,15,13,8,21
280460,2,1,0,0,0,0,0,0,13,0,0,0
280460,3,1,8,8,8,8,8,8,8,8,8,8
280461,1,1,0,0,6,0,0,0,0,0,0,0
280461,2,1,0,0,0,0,0,0,0,0,0,0
280462,1,1,0,0,0,0,0,0,0,0,0,0
280462,2,1,0,0,0,0,0,0,0,0,0,0
280463,1,1,0,0,0,0,0,0,0,0,0,0
280463,2,1,0,0,0,0,0,0,0,0,0,0
280463,3,1,0,0,0,0,0,0,0,9,0,0
280464,1,1,0,0,0,0,0,0,0,0,0,0
280464,2,1,0,0,0,0,0,0,0,0,12,0
280465,1,1,0,0,0,0,0,0,0,0,0,0
280465,2,1,0,0,0,0,0,0,0,0,0,0
280465,3,1,0,0,0,0,0,0,0,0,0,0
280466,1,1,0,0,0,0,0,0,0,0,0,0
280466,2,1,0,0,0,0,0,0,0,0,0,0
280467,1,1,7,7,7,7,7,7,7,7,7,7
280468,1,1,0,0,0,0,0,0,0,0,0,0
280468,2,1,0,0,0,0,0,0,0,0,0,0
280469,1,1,0,0,0,0,0,0,0,0,0,0
280470,1,1,0,0,0,0,0,0,0,0,25,0
280470,2,1,0,0,0,0,0,9,0,16,0,0
280471,1,1,0,7,7,0,0,0,0,0,0,0
280472,1,1,25,0,0,0,0,0,24,0,0,0
280473,0,1,31,31,31,31,31,31,31,31,31,31
280473,1,1,0,27,0,0,0,0,0,0,0,0
280474,1,1,0,0,0,0,0,0,0,0,0,0
280475,1,1,0,0,0,0,0,0,0,0,0,0
280475,2,1,0,0,0,0,0,0,0,0,0,7
280476,1,1,0,0,0,0,0,0,0,0,0,0
280476,2,1,0,0,0,0,0,0,0,0,0,0
280477,1,1,0,12,0,0,0,0,0,0,0,0
280477,2,1,4,4,4,4,4,4,4,4,4,4
280478,1,1,0,0,0,0,0,0,0,0,8,0
280478,2,1,0,0,0,0,0,0,0,0,0,0
280479,1,1,0,0,0,0,0,0,0,0,0,0
280479,2,1,0,0,0,0,0,0,0,0,0,13
280480,1,1,0,0,0,0,0,0,0,0,0,0
280481,1,1,0,0,0,0,0,0,0,0,0,15
280482,1,1,0,0,0,0,0,0,0,0,0,0
280482,2,1,0,0,13,0,0,0,0,0,0,0
280482,3,1,0,0,0,0,0,0,0,0,0,0
280482,4,1,0,0,0,0,0,0,0,0,0,0
280483,1,1,16,0,0,0,0,0,0,0,0,0
280484,1,1,0,0,0,0,0,0,0,0,0,0
280484,2,1,0,0,0,0,0,11,0,0,0,0
280485,1,1,17,17,17,17,17,17,17,17,17,17
280486,1,1,15,15,15,15,15,15,15,15,15,15
280487,1,1,0,0,0,0,0,0,0,0,0,0
280487,2,1,0,0,0,0,0,0,0,0,0,0
280488,1,1,0,0,0,0,0,0,0,0,0,0
280488,2,1,0,0,0,0,0,12,0,0,0,0
280489,1,1,0,0,0,15,0,0,0,0,0,0
280490,0,1,1,1,1,1,1,1,1,1,1,1
280490,1,1,0,0,0,0,0,0,0,0,0,0
280491,1,1,0,0,0,0,0,0,10,0,0,0
280491,2,1,0,0,0,0,0,0,0,0,0,3
280492,1,1,0,0,0,0,0,0,0,0,0,0
280492,2,1,0,0,0,0,0,0,0,0,0,0
280493,1,1,0,0,0,0,0,0,0,0,0,0
280494,1,1,0,0,0,0,0,0,0,0,0,0
280494,2,1,0,0,0,0,0,0,0,0,0,0
280495,1,1,21,21,21,21,21,21,21,21,21,21
280495,2,1,0,0,0,0,0,0,0,0,0,0
280496,1,1,0,0,0,0,0,14,0,0,0,0
280497,1,1,0,0,0,0,0,0,0,0,0,0
280497,2,1,0,0,0,0,0,0,0,0,0,9
280497,3,1,0,0,0,0,0,0,0,0,0,0
280498,1,1,0,0,0,0,0,0,0,0,0,0
280498,2,1,0,0,0,0,0,0,0,0,0,0
280499,1,1,0,16,0,0,0,0,0,0,4,0
280499,2,1,21,21,21,21,21,21,21,21,21,21
280500,1,1,5,5,5,5,5,5,5,5,5,5
280500,2,1,0,0,0,0,0,10,0,0,0,3
280501,1,1,0,0,0,0,0,0,0,0,0,0
280502,1,1,5,0,0,0,13,0,0,0,0,0
280503,1,1,0,0,0,0,0,0,16,0,0,0
280503,2,1,0,0,0,0,0,0,0,0,0,0
280504,1,1,0,0,0,21,0,0,34,0,0,0
280505,1,1,0,0,0,0,0,0,0,0,0,0
280505,2,1,0,0,0,0,0,0,0,0,0,0
280506,1,1,0,0,0,0,0,0,0,0,0,0
280506,2,1,0,0,0,0,0,0,0,0,0,0
280507,1,1,1,1,1,1,1,1,1,1,1,1
280507,2,1,0,0,0,0,0,0,0,0,0,0
280508,1,1,0,0,0,0,0,14,0,0,0,0
280508,2,1,0,0,0,0,0,16,0,0,21,0
280509,1,1,0,6,0,0,0,0,0,0,0,0
280510,0,1,11,20,28,9,21,17,7,16,10,31
280510,1,1,0,0,15,0,0,0,18,0,0,0
280511,1,1,0,0,0,0,0,0,0,0,0,0
280511,2,1,23,23,23,23,23,23,23,23,23,23
280512,0,1,0,0,15,11,0,0,11,0,0,0
280512,1,1,0,0,0,0,0,12,0,0,0,0
280513,1,1,0,0,0,0,0,0,0,0,0,0
280513,2,1,3,3,3,3,3,3,3,3,3,3
280514,1,1,0,0,0,17,0,0,0,0,0,0
280515,1,1,0,0,0,0,0,0,0,0,0,0
280515,2,1,8,8,8,8,8,8,8,8,8,8
280516,1,1,20,20,20,20,20,20,20,20,20,20
280517,0,1,0,29,15,0,0,0,13,0,0,0
280517,1,1,0,0,0,0,0,0,0,0,0,0
280518,0,1,34,0,0,31,0,9,3,0,19,0
280518,1,1,0,19,0,16,0,0,0,0,0,0
280519,0,1,0,0,0,0,0,0,0,0,9,32
280519,1,1,0,0,0,7,0,0,0,0,0,0
280520,1,1,0,0,0,0,0,0,0,0,0,0
280521,1,1,0,0,0,0,0,0,0,0,0,0
280521,2,1,0,0,0,0,0,0,0,0,0,0
280522,0,1,0,0,0,19,0,0,0,0,0,0
280522,1,1,0,0,0,0,0,0,0,0,0,0
280523,1,1,32,0,0,0,0,0,24,0,0,0
280524,1,1,0,0,0,0,0,0,0,0,0,0
280524,2,1,0,0,0,0,0,0,0,0,0,0
280525,1,1,0,0,0,0,0,0,0,0,0,0
280525,2,1,0,0,0,0,0,0,0,0,0,0
280526,1,1,0,0,0,0,0,0,0,0,0,0
280526,2,1,0,12,0,0,0,0,0,0,0,0
280526,3,1,0,0,0,0,0,0,0,0,0,0
280527,1,1,27,27,27,27,27,27,27,27,27,27
280528,1,1,0,0,0,0,0,0,23,0,0,0
280528,2,1,0,0,0,0,0,0,0,0,0,0
280529,1,1,0,17,0,0,0,0,0,0,12,0
280530,1,1,15,15,15,15,15,15,15,15,15,15
280531,1,1,26,26,26,26,26,26,26,26,26,26
280532,1,1,0,0,0,0,0,0,0,0,0,0
280532,2,1,0,0,0,0,0,0,0,0,0,0
280533,1,1,0,0,0,0,2,0,0,0,0,0
280534,1,1,0,0,0,0,0,0,0,0,0,0
280535,0,1,21,21,21,21,21,21,21,21,21,21
280535,1,1,0,0,0,0,0,0,0,0,0,0
280536,1,1,0,29,19,0,0,2,0,0,0,0
280537,1,1,0,0,0,0,0,0,0,0,0,0
280538,1,1,0,0,22,0,0,0,0,0,0,31
280539,0,1,0,0,0,0,0,0,0,0,0,0
280539,1,1,13,12,0,13,6,9,30,4,13,0
280540,1,1,0,0,0,0,0,0,0,0,0,0
280540,2,1,0,0,0,0,0,0,0,0,0,0
280541,1,1,0,0,0,0,0,0,0,0,0,0
280541,2,1,0,0,0,0,0,0,0,0,0,0
280542,1,1,0,0,0,0,8,0,0,0,9,0
280542,2,1,27,27,27,27,27,27,27,27,27,27
280543,1,1,13,0,0,8,14,0,12,12,4,23
280543,2,1,0,0,0,0,0,0,0,0,0,0
280544,0,1,17,0,0,0,0,0,0,0,0,0
280544,1,1,0,0,0,0,0,0,0,18,0,0
280545,1,1,0,0,0,0,0,0,0,0,0,0
280545,2,1,0,0,0,0,0,0,17,0,0,0
280545,3,1,0,0,0,0,0,0,0,0,0,0
280546,1,1,0,3,0,0,0,0,8,0,0,0
280547,0,1,0,0,0,0,7,19,19,0,0,12
280547,1,1,0,0,0,0,0,0,0,0,0,0
280548,0,1,0,0,0,0,0,0,21,31,15,3
280548,1,1,0,0,0,0,0,0,0,0,0,0
280549,1,1,0,0,0,0,0,0,0,0,0,0
280549,2,1,0,0,0,0,10,0,0,0,0,0
280550,1,1,0,0,0,0,0,0,0,0,0,0
280550,2,1,0,0,0,0,0,0,0,0,0,0
280551,1,1,0,0,0,0,0,0,0,0,30,0
280552,0,1,0,0,0,0,22,0,11,0,0,4
280552,1,1,0,0,0,0,0,0,0,0,0,0
280553,1,1,0,0,0,0,0,0,0,0,0,48
280554,1,1,0,0,0,0,13,0,0,24,24,0
280555,1,1,0,0,0,0,0,0,0,0,0,0
280556,1,1,0,0,0,0,0,0,0,0,0,0
280556,2,1,0,0,0,0,0,0,0,0,0,0
280557,1,1,0,0,0,0,0,0,0,0,0,0
280557,2,1,0,0,0,0,0,0,0,0,0,0
280558,1,1,0,0,0,0,0,0,0,0,0,0
280558,2,1,0,0,0,0,0,0,0,0,0,0
280558,3,1,0,0,0,0,0,0,0,0,0,0
280559,1,1,0,0,0,30,0,0,0,0,0,0
280559,2,1,0,0,0,0,0,0,0,0,0,0
280560,1,1,0,0,0,0,0,0,0,0,0,0
280561,1,1,0,0,0,12,0,0,0,0,0,0
280561,2,1,0,0,0,0,0,0,0,0,10,0
280562,1,1,27,8,27,24,12,0,13,12,18,14
280562,2,1,26,0,0,0,0,0,0,0,0,0
280563,1,1,0,0,0,0,0,0,0,0,0,0
280563,2,1,0,0,0,0,0,0,0,0,0,0
280564,1,1,0,0,0,0,0,0,0,0,0,0
280564,2,1,0,0,0,0,0,0,0,0,0,0
280564,3,1,0,0,0,0,0,0,0,0,0,0
280565,1,1,0,0,0,0,0,0,0,0,0,0
280566,1,1,0,0,0,0,0,0,0,0,0,0
280566,2,1,0,0,0,0,0,0,0,0,0,0
280567,1,1,0,0,0,0,0,0,0,0,0,0
280567,2,1,0,0,0,0,0,0,0,0,2,0
280568,1,1,0,0,0,14,0,0,0,0,0,0
280568,2,1,0,0,0,0,0,0,0,0,0,9
280569,1,1,0,0,0,0,0,0,0,0,0,0
280570,1,1,0,0,0,0,0,0,0,0,0,0
280571,1,1,0,0,0,31,0,0,0,0,0,0
280572,1,1,0,0,0,0,0,0,0,0,0,0
280572,2,1,0,0,0,0,0,0,0,0,0,0
280573,0,1,0,0,0,22,0,0,0,0,0,11
280573,1,1,0,0,0,0,0,0,0,0,0,0
280574,1,1,17,4,16,24,15,12,20,12,30,22
280575,1,1,0,0,0,0,0,0,0,0,0,0
280575,2,1,0,0,0,0,0,0,14,0,0,0
280576,0,1,0,32,0,0,0,23,0,0,0,0
280576,1,1,0,0,0,0,0,0,0,0,0,0
280577,1,1,0,0,0,0,0,0,0,0,18,0
280577,2,1,0,0,0,0,0,0,0,0,0,0
280578,1,1,0,0,0,0,0,0,0,0,0,0
280578,2,1,0,0,0,0,0,0,0,0,0,0
280579,1,1,0,0,0,0,0,0,0,0,0,25
280579,2,1,0,0,0,0,0,0,0,0,0,0
280580,1,1,0,0,0,26,0,0,0,0,0,0
280580,2,1,0,0,0,0,0,0,0,0,0,0
280581,1,1,0,0,0,0,0,0,0,0,0,0
280581,2,1,0,0,0,0,0,0,0,0,0,0
280582,0,1,30,0,0,18,0,0,0,0,39,8
280582,1,1,0,0,0,0,30,21,0,0,0,0
280583,1,1,0,0,0,0,0,0,0,9,0,12
280584,1,1,11,0,0,0,0,18,17,0,0,0
280585,1,1,0,0,0,0,0,0,0,0,0,0
280586,1,1,0,0,0,0,0,0,0,0,0,0
280586,2,1,0,0,0,0,0,0,0,0,0,0
280587,1,1,0,0,0,0,0,0,0,0,0,0
280588,1,1,24,0,17,0,16,0,13,18,16,0
280589,1,1,24,24,24,24,24,24,24,24,24,24
280590,1,1,0,0,0,0,0,0,0,0,0,0
280591,1,1,15,0,0,0,0,0,0,22,0,19
280592,1,1,0,0,0,0,0,0,0,0,0,21
280593,1,1,0,0,0,0,0,0,0,0,0,0
280595,1,1,17,17,17,17,17,17,17,17,17,17
280596,1,1,0,0,0,0,0,0,0,0,0,0
280597,1,1,9,0,0,0,35,11,25,13,18,21
280598,0,1,0,0,0,0,0,14,15,15,0,21
280598,1,1,0,0,4,13,2,0,19,0,0,16
280599,1,1,10,10,10,10,10,10,10,10,10,10
280600,1,1,0,0,0,0,0,0,0,0,0,0
280601,1,1,0,0,24,0,0,0,0,0,0,0
280602,1,1,0,0,0,0,12,0,0,0,0,0
280602,2,1,0,0,0,0,0,0,0,0,0,0
280603,1,1,0,0,0,0,0,0,0,0,0,0
280604,1,1,0,15,0,0,0,0,0,0,0,0
280605,1,1,21,21,21,21,21,21,21,21,21,21
280605,2,1,0,0,0,0,0,0,0,0,0,0
280606,1,1,0,0,15,0,0,0,0,0,0,0
280607,1,1,0,0,0,0,0,0,0,0,22,0
280608,0,1,0,0,0,0,0,0,0,0,0,6
280608,1,1,0,0,0,0,13,0,0,11,20,0
280609,1,1,0,0,0,0,0,0,0,0,0,0
280610,1,1,0,0,0,0,0,0,0,0,1,0
280610,2,1,17,3,0,0,0,0,0,0,0,0
280611,1,1,0,0,0,0,13,0,25,0,27,0
280612,1,1,0,0,0,0,0,0,0,0,0,0
280612,2,1,5,0,0,0,0,8,0,0,0,0
280613,1,1,16,0,14,0,14,10,9,15,12,19
280614,1,1,0,0,0,0,0,0,0,0,0,0
280614,2,1,0,0,0,0,0,0,23,0,0,0
280615,1,1,0,0,0,0,0,0,0,0,0,0
280615,2,1,0,0,0,0,0,0,0,0,0,0
280616,1,1,0,0,0,0,0,0,0,0,0,0
280617,1,1,0,0,0,27,0,24,0,0,0,0
280617,2,1,0,0,0,0,0,10,0,0,0,0
280618,1,1,0,0,0,0,0,0,0,0,0,0
280618,2,1,14,0,0,0,0,0,0,0,0,0
280619,1,1,0,0,0,0,0,0,0,0,0,0
280619,2,1,0,0,0,0,0,0,0,0,0,0
280620,1,1,12,25,16,18,20,0,6,14,0,13
280621,1,1,0,0,0,0,0,0,0,0,0,0
280621,2,1,0,0,0,0,0,0,0,0,0,0
280622,1,1,0,0,0,0,0,0,30,0,0,0
280623,1,1,0,0,0,0,0,0,0,0,0,13
280623,2,1,0,0,0,0,0,0,0,0,0,0
280624,1,1,0,0,0,0,0,0,0,0,0,0
280624,2,1,0,0,0,0,0,0,0,0,0,0
280625,1,1,0,0,0,0,0,0,0,0,0,0
280625,2,1,0,0,0,0,0,0,0,0,0,0
280626,1,1,0,0,0,0,0,0,0,0,0,0
280626,2,1,0,0,0,0,0,0,0,0,0,0
280626,3,1,0,0,0,0,0,0,0,0,0,0
280626,4,1,0,0,0,0,0,0,0,0,0,0
280627,1,1,0,0,0,0,0,0,0,0,0,0
280627,2,1,0,0,0,0,0,13,0,0,0,0
280628,1,1,0,0,0,24,0,0,0,0,0,0
280628,2,1,9,0,0,0,0,0,0,0,0,0
280629,1,1,0,0,0,0,0,0,0,0,0,0
280630,1,1,0,0,26,0,23,0,0,0,0,0
280631,1,1,0,0,0,17,0,0,0,0,0,0
280632,1,1,0,0,0,0,0,0,0,0,0,0
280632,2,1,25,16,16,1,11,14,14,19,27,9
280633,1,1,0,0,0,8,0,0,0,0,0,0
280634,1,1,0,0,0,21,0,0,0,0,0,0
280634,2,1,0,0,0,0,0,0,0,0,0,0
280635,1,1,0,0,20,0,0,0,0,0,0,0
280636,1,1,0,0,0,0,0,0,0,0,0,0
280636,2,1,0,0,0,0,0,0,0,0,0,0
280637,1,1,0,0,0,0,14,0,0,24,0,0
280638,1,1,0,0,0,0,0,0,0,0,0,0
280638,2,1,0,0,0,0,0,0,0,0,0,0
280639,1,1,16,18,12,19,8,26,13,12,24,8
280640,0,1,0,0,0,19,0,0,7,33,0,0
280640,1,1,18,0,0,21,0,9,4,5,0,29
280641,0,1,0,0,0,0,0,0,18,0,0,0
280641,1,1,0,0,0,0,0,0,0,0,0,0
280642,1,1,0,0,0,0,0,0,0,0,0,0
280643,1,1,0,0,0,0,17,0,0,0,0,0
280643,2,1,0,0,0,0,0,0,0,0,0,0
280644,1,1,0,0,0,0,0,0,0,0,0,0
280644,2,1,0,13,0,0,0,0,0,0,0,9
280645,1,1,0,0,0,0,0,0,6,0,0,16
280646,1,1,0,0,0,0,0,0,0,0,0,0
280647,0,1,0,0,0,0,16,17,9,0,0,0
280647,1,1,0,0,0,0,0,0,0,0,0,0
280648,1,1,0,0,0,8,0,0,0,6,0,0
280648,2,1,0,0,0,0,0,0,0,0,0,0
280649,1,1,0,0,0,0,0,0,0,0,0,0
280649,2,1,19,0,0,0,0,0,0,0,0,0
280650,0,1,38,37,23,27,31,39,24,18,27,0
280650,1,1,0,0,0,0,0,0,14,0,0,0
280651,0,1,0,0,0,0,0,0,0,0,0,0
280651,1,1,0,0,0,0,0,0,0,0,0,0
280652,0,1,18,0,36,12,0,10,0,0,0,0
280652,1,1,0,0,0,0,0,0,0,0,0,0
280653,1,1,22,0,0,0,0,0,0,0,0,0
280654,1,1,14,19,0,0,0,0,23,0,0,0
280655,1,1,0,0,0,0,0,0,0,0,12,0
280656,1,1,0,0,0,0,0,0,0,0,0,0
280657,0,1,0,0,0,0,0,0,24,0,0,0
280657,1,1,0,0,0,0,0,0,0,0,21,0
280659,1,1,0,0,23,0,0,0,0,0,0,0
280659,2,1,0,0,0,0,0,0,0,0,0,0
280660,1,1,0,0,0,0,0,0,20,0,0,0
280661,1,1,0,0,0,0,0,0,0,0,0,0
280661,2,1,0,0,0,0,0,0,0,0,0,0
280661,3,1,0,0,13,0,0,0,0,0,0,0
280661,4,1,0,0,0,0,0,0,0,0,0,0
280661,5,1,0,0,9,0,0,0,0,0,0,0
280662,1,1,28,28,28,28,28,28,28,28,28,28
280663,0,1,0,0,21,16,0,0,0,0,0,0
280663,1,1,0,0,0,0,0,0,0,0,0,0
280664,1,1,0,0,0,0,0,0,0,0,0,0
280665,1,1,0,0,0,3,0,12,0,0,0,0
280666,0,1,28,28,28,28,28,28,28,28,28,28
280666,1,1,0,0,0,0,0,0,0,0,0,0
280667,1,1,0,0,0,0,25,0,0,0,0,0
280668,1,1,0,0,0,0,0,0,0,0,22,0
280669,1,1,0,0,0,0,0,0,0,0,0,0
280669,2,1,0,9,0,3,0,0,0,13,0,0
280670,0,1,0,15,0,17,0,0,8,0,0,25
280670,1,1,0,0,0,0,0,0,0,0,0,0
280671,1,1,27,25,19,0,0,23,13,25,17,28
280672,1,1,0,0,0,0,0,0,0,0,0,0
280673,0,1,0,0,0,0,0,0,0,0,0,0
280673,1,1,0,0,0,0,8,0,2,0,0,0
280674,1,1,80,80,80,80,80,80,80,80,80,80
280675,1,1,0,0,0,0,0,0,0,0,0,0
280676,1,1,0,33,0,0,0,19,0,0,0,0
280677,1,1,20,15,18,8,0,12,17,14,26,14
280678,1,1,0,0,14,0,21,0,0,18,16,9
280679,1,1,0,0,0,16,0,0,0,0,0,0
280680,1,1,15,17,0,6,9,16,18,3,0,0
280681,1,1,0,0,0,0,0,0,0,0,0,0
280682,1,1,0,0,0,0,0,0,0,0,0,0
280682,2,1,0,0,0,0,0,0,0,0,0,0
280683,1,1,0,0,0,0,0,0,0,0,0,0
280684,1,1,0,0,0,0,0,0,0,0,0,0
280684,2,1,0,0,0,0,0,0,0,0,0,32
280685,0,1,0,0,0,0,0,0,0,0,0,0
280685,1,1,0,0,0,0,0,0,0,0,0,0
280686,0,1,0,14,24,0,0,0,11,23,25,25
280687,1,1,0,0,0,0,0,0,0,0,0,0
280687,2,1,0,0,0,0,0,0,11,0,0,0
280687,3,1,0,0,0,0,0,0,0,0,0,0
280688,0,1,0,0,0,0,0,0,0,0,0,39
280688,1,1,0,0,14,0,0,4,0,10,0,0
280688,2,1,0,0,0,0,0,0,0,0,0,0
280689,0,1,0,0,0,22,0,28,0,0,39,0
280689,1,1,0,24,0,0,0,16,32,0,3,0
280690,1,1,0,0,34,0,0,0,0,0,0,0
280690,2,1,0,0,0,0,0,0,0,0,0,0
280691,1,1,0,0,0,0,0,0,0,0,0,0
280691,2,1,0,0,0,0,0,0,0,0,0,0
280692,1,1,10,10,10,10,10,10,10,10,10,10
280693,1,1,0,18,18,8,12,0,0,0,0,0
280694,1,1,13,21,16,16,20,0,0,5,0,12
280695,1,1,0,0,0,21,0,0,0,0,0,0
280695,2,1,0,0,0,0,0,0,0,0,0,0
280696,0,1,0,0,0,0,0,0,0,0,0,0
280696,1,1,19,0,0,0,0,0,10,10,16,8
280697,1,1,0,0,0,0,0,0,0,0,0,15
280698,1,1,0,0,0,0,23,0,23,0,0,0
280698,2,1,0,0,18,0,0,0,0,0,2,0
280702,1,1,0,0,0,0,0,0,0,0,0,0
280702,2,1,0,0,0,0,0,0,0,0,0,0
280702,3,1,0,0,0,0,0,0,0,0,0,0
280703,1,1,26,24,19,12,20,17,13,13,29,20
280704,1,1,16,11,28,15,18,17,39,10,12,21
280705,0,1,0,0,0,0,0,0,0,25,0,0
280705,1,1,0,0,0,0,25,0,0,0,0,0
280706,1,1,0,0,0,0,0,0,0,0,0,0
280706,2,1,0,0,0,0,0,0,0,0,0,0
280707,1,1,0,0,0,0,0,0,0,0,0,0
280708,1,1,0,0,0,0,0,0,0,0,0,0
280708,2,1,0,0,0,0,0,0,0,0,0,0
290001,1,1,0,0,0,0,18,0,0,0,0,0
290002,1,1,29,29,29,29,29,29,29,29,29,29
290002,2,1,0,0,0,0,0,0,0,0,0,0
290003,1,1,0,0,0,0,0,0,0,0,0,0
290003,2,1,0,0,0,0,0,0,0,0,0,0
290004,0,1,0,0,0,0,0,0,0,0,0,0
290004,1,1,0,0,0,0,0,0,0,0,0,0
290005,1,1,0,0,0,0,0,0,0,0,0,0
290006,0,1,42,42,42,42,42,42,42,42,42,42
290006,1,1,0,0,0,0,0,0,0,0,0,0