ST_CASE,VEH_NO,PER_NO,P1,P2,P3,P4,P5,P6,P7,P8,P9,P10
290007,1,1,0,0,0,0,0,0,0,0,0,0
290008,1,1,0,0,0,0,0,0,0,0,0,0
290009,1,1,0,0,0,0,0,0,0,0,0,0
290010,1,1,15,0,23,8,28,0,14,30,6,22
290010,2,1,8,8,8,8,8,8,8,8,8,8
290011,1,1,14,14,14,14,14,14,14,14,14,14
290012,1,1,10,10,10,10,10,10,10,10,10,10
290013,1,1,0,0,0,0,0,0,0,0,0,0
290014,1,1,0,5,0,5,0,0,0,0,0,5
290014,2,1,0,0,0,0,0,0,0,0,0,0
290015,1,1,0,0,0,0,0,0,0,0,0,0
290015,2,1,0,0,0,0,0,0,0,0,0,0
290016,1,1,24,24,24,24,24,24,24,24,24,24
290017,1,1,0,0,0,0,0,0,0,0,0,0
290017,2,1,0,0,0,0,0,0,0,0,0,0
290018,1,1,0,0,0,0,0,0,0,0,0,0
290019,1,1,0,0,0,0,0,0,0,0,0,0
290019,2,1,0,0,0,0,0,0,0,0,0,0
290020,1,1,0,0,0,0,0,0,0,0,0,0
290021,1,1,13,13,13,13,13,13,13,13,13,13
290022,1,1,11,11,11,11,11,11,11,11,11,11
290023,1,1,0,0,0,0,0,0,0,0,0,0
290024,1,1,0,0,0,0,0,0,0,0,0,0
290024,2,1,0,0,0,0,0,0,0,0,0,0
290025,1,1,0,0,0,0,0,0,0,0,0,0
290026,1,1,22,22,22,22,22,22,22,22,22,22
290027,1,1,0,0,0,0,0,0,0,0,0,0
290027,2,1,0,0,0,0,0,0,0,0,0,0
290027,3,1,0,0,0,0,0,0,0,0,0,0
290028,1,1,0,0,0,0,0,0,0,0,0,0
290029,1,1,0,0,0,0,0,0,0,0,0,0
290030,1,1,0,0,0,0,0,0,0,0,0,0
290031,1,1,0,0,0,0,0,0,0,0,0,0
290033,1,1,0,0,0,0,0,0,0,0,0,0
290033,2,1,0,0,0,0,0,0,0,0,0,0
290034,0,1,7,7,7,7,7,7,7,7,7,7
290034,1,1,20,17,30,0,33,0,14,0,0,0
290035,0,1,0,0,0,0,0,0,0,33,0,0
290035,1,1,0,0,0,0,0,0,0,0,0,0
290036,1,1,16,16,16,16,16,16,16,16,16,16
290036,2,1,4,4,4,4,4,4,4,4,4,4
290037,1,1,10,10,10,10,10,10,10,10,10,10
290037,2,1,0,0,0,0,0,0,0,0,0,0
290038,1,1,0,0,0,0,0,0,0,0,0,0
290039,1,1,27,27,27,27,27,27,27,27,27,27
290040,1,1,27,27,27,27,27,27,27,27,27,27
290041,1,1,0,0,0,0,0,0,0,0,0,0
290041,2,1,0,0,0,0,0,0,0,0,0,0
290042,1,1,26,26,26,26,26,26,26,26,26,26
290043,1,1,8,8,8,8,8,8,8,8,8,8
290044,1,1,0,0,0,0,0,0,0,0,0,0
290044,2,1,0,0,0,0,0,0,0,0,0,0
290045,0,1,0,24,0,0,0,0,36,0,0,14
290045,1,1,0,0,0,0,0,0,0,0,0,0
290046,1,1,0,0,0,0,0,0,0,0,0,0
290047,0,1,40,40,40,40,40,40,40,40,40,40
290047,1,1,0,0,0,0,0,0,0,0,0,0
290049,1,1,0,0,0,0,0,0,0,0,0,0
290050,1,1,0,0,0,0,0,0,0,0,0,0
290050,2,1,0,0,0,0,0,0,0,0,0,0
290050,3,1,0,0,0,0,0,0,0,0,0,0
290051,1,1,0,0,0,0,0,0,0,0,0,0
290051,2,1,0,0,0,0,0,0,0,0,0,0
290052,1,1,9,9,9,9,9,9,9,9,9,9
290053,1,1,0,0,0,0,0,0,0,0,0,0
290054,1,1,0,0,0,0,0,0,0,0,28,0
290055,1,1,23,0,0,0,0,11,16,5,0,0
290056,1,1,0,0,0,0,0,0,0,0,0,0
290056,2,1,0,0,0,0,0,0,0,0,0,0
290058,1,1,12,12,12,12,12,12,12,12,12,12
290059,1,1,0,0,0,0,0,0,0,0,0,0
290060,1,1,4,4,4,4,4,4,4,4,4,4
290061,1,1,0,0,0,0,0,0,0,0,0,0
290062,1,1,0,0,17,0,0,16,0,0,0,0
290062,2,1,0,0,0,0,0,0,0,0,0,0
290062,3,1,0,0,0,0,14,0,0,0,0,0
290063,1,1,0,0,0,0,0,0,0,0,0,0
290063,2,1,0,0,0,0,0,0,0,0,0,0
290063,3,1,0,0,0,0,0,0,0,0,0,0
290064,1,1,11,11,11,11,11,11,11,11,11,11
290065,1,1,0,0,0,0,0,0,0,0,0,0
290067,1,1,21,21,21,21,21,21,21,21,21,21
290068,1,1,0,0,0,0,0,0,0,0,0,0
290069,1,1,0,0,0,0,0,0,0,0,0,0
290069,2,1,0,0,0,0,0,0,0,0,0,0
290070,1,1,0,0,0,0,0,0,0,0,0,0
290070,2,1,0,0,0,0,0,0,0,0,0,0
290070,3,1,0,0,0,0,0,0,0,0,0,0
290070,4,1,0,0,0,0,0,0,0,0,0,0
290071,1,1,0,0,0,0,0,0,0,0,0,0
290071,2,1,0,0,0,0,0,0,0,0,0,0
290072,1,1,16,16,16,16,16,16,16,16,16,16
290072,2,1,0,0,0,0,0,0,0,0,0,0
290072,3,1,0,0,0,0,0,0,0,0,0,0
290073,1,1,0,0,0,0,0,0,0,0,0,0
290073,2,1,0,0,0,0,0,0,0,0,0,0
290074,0,1,0,0,21,0,0,0,22,0,0,0
290074,1,1,0,0,0,6,0,0,15,0,0,0
290075,1,1,0,0,0,0,0,0,0,0,0,0
290075,2,1,0,0,0,0,0,0,0,0,0,0
290076,1,1,0,0,0,0,0,0,0,0,0,0
290077,1,1,0,0,0,0,0,0,0,0,0,0
290078,0,1,14,14,14,14,14,14,14,14,14,14
290078,1,1,0,0,0,0,0,0,0,0,0,0
290079,1,1,12,12,12,12,12,12,12,12,12,12
290079,2,1,0,0,0,0,0,0,0,0,0,0
290080,1,1,0,0,0,0,0,0,0,0,0,0
290080,2,1,0,0,0,0,0,0,0,0,0,0
290080,3,1,0,0,0,0,0,0,0,0,0,0
290081,1,1,0,0,0,0,0,0,0,0,0,0
290082,1,1,0,0,0,0,0,0,0,0,0,0
290082,2,1,0,0,0,0,0,0,0,0,0,0
290083,1,1,0,0,0,0,0,0,0,0,0,0
290083,2,1,0,0,0,0,0,0,0,0,0,0
290084,0,1,0,0,0,0,0,0,0,0,0,0
290084,1,1,0,0,0,0,0,0,0,0,0,0
290085,1,1,13,0,16,0,20,19,0,22,0,0
290086,1,1,0,0,0,0,0,0,0,0,0,0
290086,2,1,0,0,0,0,0,0,0,0,0,0
290087,1,1,0,0,0,0,0,0,0,0,0,0
290087,2,1,0,0,0,0,0,0,0,0,0,0
290088,1,1,25,31,9,0,0,8,10,24,0,15
290088,2,1,0,0,0,0,0,0,0,0,0,0
290089,1,1,20,20,20,20,20,20,20,20,20,20
290090,1,1,24,24,24,24,24,24,24,24,24,24
290091,1,1,0,0,0,0,0,0,0,0,0,0
290091,2,1,0,0,0,0,0,0,0,0,0,0
290092,1,1,0,0,0,0,0,0,0,0,0,0
290092,2,1,0,14,0,0,0,0,9,0,0,0
290092,3,1,8,14,1,0,0,0,0,0,0,0
290093,0,1,35,35,35,35,35,35,35,35,35,35
290093,1,1,10,16,1,6,0,0,10,8,0,6
290094,0,1,21,21,21,21,21,21,21,21,21,21
290094,0,2,0,0,0,22,0,0,0,12,0,0
290094,1,1,21,36,11,0,0,0,0,0,0,0
290095,1,1,0,0,0,0,0,0,0,0,0,0
290095,2,1,0,0,0,0,0,0,0,16,0,0
290095,3,1,6,6,6,6,6,6,6,6,6,6
290096,1,1,0,0,0,0,0,0,0,0,0,0
290097,1,1,13,19,10,0,20,5,0,9,0,0
290098,1,1,0,0,0,0,0,0,0,0,0,0
290099,0,1,11,11,11,11,11,11,11,11,11,11
290099,1,1,0,0,20,0,0,8,8,17,6,0
290100,1,1,22,22,22,22,22,22,22,22,22,22
290101,1,1,21,21,21,21,21,21,21,21,21,21
290102,0,1,0,0,0,0,0,0,0,0,0,0
290102,1,1,0,0,0,0,0,0,10,0,11,0
290104,1,1,0,0,0,0,0,0,0,0,0,0
290104,2,1,0,0,0,0,0,0,0,0,0,0
290105,1,1,0,0,0,0,0,0,0,0,0,0
290105,2,1,0,0,0,0,0,0,0,0,0,0
290106,0,1,0,0,0,0,0,0,0,0,0,0
290106,1,1,0,0,0,0,0,0,0,0,0,0
290107,1,1,0,12,21,11,0,0,0,0,0,0
290107,2,1,0,0,0,0,0,0,0,0,0,0
290107,3,1,0,0,0,0,0,0,0,0,0,0
290108,1,1,0,0,0,0,0,0,0,0,0,0
290108,2,1,0,0,0,0,0,0,0,0,0,0
290109,0,1,0,0,0,0,0,0,0,0,0,0
290109,1,1,0,0,0,0,0,0,0,0,0,0
290110,1,1,26,26,26,26,26,26,26,26,26,26
290110,2,1,0,0,0,0,0,0,0,0,0,0
290111,1,1,0,0,0,0,0,0,0,0,0,0
290112,1,1,9,0,0,0,0,0,0,0,0,0
290113,1,1,6,0,0,0,0,0,0,0,26,0
290113,2,1,0,0,0,0,0,0,0,0,0,0
290114,1,1,0,0,0,0,0,0,0,0,0,0
290114,2,1,0,0,0,0,0,0,0,0,0,0
290115,1,1,0,0,0,0,0,0,0,0,0,0
290116,1,1,11,11,11,11,11,11,11,11,11,11
290117,1,1,0,0,0,0,0,0,0,0,0,0
290117,2,1,0,0,0,0,0,0,0,0,0,0
290118,1,1,0,0,0,0,0,0,25,0,0,0
290118,2,1,0,0,0,0,0,0,0,0,0,0
290118,3,1,0,0,0,0,0,0,0,0,0,0
290119,1,1,19,0,32,0,0,32,0,0,0,0
290120,1,1,0,0,26,0,18,0,19,0,0,28
290121,1,1,0,0,0,0,0,0,0,0,0,0
290122,0,1,0,0,0,0,0,0,0,0,0,0
290122,1,1,0,0,0,0,0,0,0,0,0,0
290123,1,1,10,10,10,10,10,10,10,10,10,10
290123,2,1,8,8,8,8,8,8,8,8,8,8
290124,1,1,0,0,0,0,0,0,0,0,0,0
290125,1,1,0,0,0,0,0,0,0,0,0,0
290125,2,1,0,0,0,0,0,0,0,0,0,0
290126,1,1,0,0,0,0,0,0,0,0,0,0
290126,2,1,0,0,0,0,0,0,0,0,0,0
290127,0,1,0,0,0,0,0,0,0,0,0,0
290127,0,2,0,0,0,0,0,0,0,0,0,0
290127,2,1,0,0,0,0,0,0,0,0,0,0
290128,1,1,0,0,0,0,0,0,0,0,0,0
290129,1,1,12,12,12,12,12,12,12,12,12,12
290129,2,1,0,0,0,0,0,0,0,0,0,0
290130,1,1,0,0,34,16,4,19,17,13,6,0
290131,0,1,21,21,21,21,21,21,21,21,21,21
290131,1,1,0,25,0,0,6,24,12,14,0,15
290132,1,1,0,0,0,0,0,0,0,0,0,0
290133,1,1,8,8,8,8,8,8,8,8,8,8
290134,1,1,25,25,25,25,25,25,25,25,25,25
290134,2,1,0,0,0,0,0,0,0,0,0,0
290135,1,1,0,0,0,0,0,0,0,0,0,0
290135,2,1,0,0,0,0,0,0,0,0,0,0
290135,3,1,0,0,0,0,0,0,0,0,0,0
290136,1,1,0,0,17,0,16,0,0,22,0,0
290137,1,1,0,0,0,0,0,0,0,0,0,0
290138,1,1,0,0,22,0,0,11,0,0,0,0
290138,2,1,0,0,0,13,0,0,0,17,0,0
290139,1,1,31,31,31,31,31,31,31,31,31,31
290140,1,1,1,1,1,1,1,1,1,1,1,1
290141,0,1,0,0,0,0,0,0,0,0,0,0
290141,0,2,2,12,11,0,0,0,23,37,0,0
290141,0,3,0,18,0,0,9,0,0,7,20,34
290141,1,1,6,29,0,12,0,6,14,11,5,9
290142,1,1,0,0,0,0,0,0,0,0,0,0
290142,2,1,0,0,0,10,0,0,0,0,0,0
290143,1,1,0,0,0,0,0,0,0,0,0,0
290144,1,1,0,0,0,0,0,0,0,0,0,0
290145,1,1,20,20,20,20,20,20,20,20,20,20
290146,1,1,0,0,0,0,0,0,0,0,0,0
290146,2,1,0,0,0,0,0,0,0,0,0,0
290147,1,1,0,0,0,0,0,0,0,0,0,0
290148,0,1,17,5,10,19,16,19,17,11,12,12
290148,1,1,0,0,0,0,0,0,0,0,0,0
290149,1,1,0,0,0,0,0,0,0,0,0,0
290150,1,1,26,26,26,26,26,26,26,26,26,26
290151,1,1,0,0,0,0,0,0,0,0,0,0
290151,2,1,0,0,0,0,0,0,0,0,0,0
290151,3,1,0,0,0,0,0,0,0,0,0,0
290152,1,1,1,1,1,1,1,1,1,1,1,1
290153,1,1,0,0,0,0,0,0,0,0,0,0
290153,2,1,0,0,0,0,0,0,0,0,0,0
290154,1,2,14,32,9,0,0,10,0,0,23,22
290155,1,1,0,0,0,0,0,0,0,0,0,0
290155,2,1,0,0,0,0,0,0,0,0,0,0
290156,1,1,0,0,0,0,0,0,0,0,0,0
290156,2,1,0,0,13,0,0,0,4,0,0,0
290157,1,1,0,40,0,0,0,0,0,0,0,0
290157,2,1,0,0,0,0,0,0,0,0,0,0
290157,3,1,0,0,0,0,0,0,0,0,0,0
290158,1,1,13,13,13,13,13,13,13,13,13,13
290158,2,1,0,0,0,0,0,0,0,0,0,0
290159,1,1,0,0,0,0,0,0,0,0,0,0
290160,1,1,0,17,6,10,24,32,22,12,0,18
290161,1,1,0,0,0,0,0,0,0,0,0,0
290162,1,1,18,18,18,18,18,18,18,18,18,18
290163,1,1,0,0,0,0,0,0,0,0,0,0
290163,2,1,0,0,0,0,0,0,0,0,0,0
290163,3,1,0,0,0,0,0,0,0,0,0,0
290164,1,1,0,28,0,0,0,0,0,0,0,0
290164,2,1,0,0,0,0,0,0,0,0,0,17
290165,1,1,8,0,16,11,15,15,36,0,0,0
290165,2,1,0,0,0,0,0,0,0,0,0,0
290166,1,1,0,0,0,0,0,0,0,0,0,0
290166,2,1,0,30,0,22,0,10,0,0,0,0
290167,1,1,25,25,25,25,25,25,25,25,25,25
290168,1,1,0,0,0,0,0,0,0,0,0,0
290168,2,1,0,0,0,0,0,0,0,0,0,0
290169,1,1,0,0,0,0,0,0,0,0,0,0
290170,1,1,0,0,0,0,0,0,0,0,0,0
290171,1,1,14,14,14,14,14,14,14,14,14,14
290172,1,1,0,6,0,0,0,0,14,10,0,0
290173,1,1,0,0,0,0,0,0,0,0,0,0
290174,1,1,0,0,0,0,0,0,0,0,0,13
290174,2,1,0,17,20,0,0,0,24,18,0,24
290175,1,1,0,0,0,0,0,0,0,0,0,0
290175,2,1,0,0,0,0,0,0,0,0,0,0
290175,3,1,13,6,9,23,15,16,22,9,16,4
290176,1,1,0,0,0,0,0,0,0,0,0,0
290176,2,1,0,0,0,0,0,0,0,0,0,0
290177,1,1,0,0,0,0,0,0,0,0,0,0
290177,2,1,0,0,0,0,0,0,0,0,0,0
290178,1,1,15,15,15,15,15,15,15,15,15,15
290178,2,1,0,0,0,0,0,0,0,0,0,0
290179,0,1,35,0,0,0,0,0,0,17,0,0
290179,1,1,0,0,0,0,0,0,0,0,0,25
290180,1,1,27,27,27,27,27,27,27,27,27,27
290181,1,1,22,0,0,0,0,0,22,0,0,0
290181,2,1,0,0,0,0,0,0,0,0,0,0
290182,1,1,8,8,8,8,8,8,8,8,8,8
290183,1,1,5,5,5,5,5,5,5,5,5,5
290184,1,1,0,0,0,0,0,0,0,0,0,0
290184,2,1,2,2,2,2,2,2,2,2,2,2
290185,1,1,11,11,11,11,11,11,11,11,11,11
290185,2,1,0,0,0,0,0,0,0,0,0,0
290186,1,1,23,23,23,23,23,23,23,23,23,23
290186,2,1,16,0,0,18,0,0,0,0,0,0
290187,1,1,7,7,7,7,7,7,7,7,7,7
290188,1,1,0,0,0,0,0,0,0,0,0,0
290188,2,1,0,0,0,0,23,0,0,0,0,0
290189,1,1,0,0,0,0,0,0,0,0,0,0
290189,2,1,0,0,0,0,0,0,0,0,0,0
290190,1,1,0,0,0,0,0,0,0,0,0,0
290190,2,1,0,0,0,0,0,0,0,0,0,0
290191,1,1,0,0,0,0,0,0,0,0,0,0
290191,2,1,19,19,19,19,19,19,19,19,19,19
290192,1,1,0,0,0,0,0,0,0,0,0,0
290192,2,1,10,10,10,10,10,10,10,10,10,10
290193,1,1,0,0,0,0,0,0,0,0,0,0
290193,2,1,0,0,0,0,0,0,0,0,0,0
290194,1,1,0,0,0,0,0,0,0,0,0,0
290194,2,1,0,0,0,0,0,0,0,0,0,0
290195,1,1,0,0,0,0,0,0,0,0,0,0
290195,2,1,0,0,0,0,0,0,0,0,0,0
290196,1,1,0,0,0,0,0,0,0,0,0,0
290197,1,1,0,0,0,0,0,0,0,0,0,0
290198,0,1,0,0,0,0,0,0,0,0,12,0
290198,1,1,0,0,0,0,0,0,0,0,0,0
290199,1,1,0,0,0,0,0,0,0,0,0,0
290199,2,1,0,0,0,0,0,0,0,0,0,0
290200,1,1,18,18,18,18,18,18,18,18,18,18
290201,1,1,0,0,0,0,0,0,0,0,0,0
290201,2,1,0,0,0,0,0,0,0,0,0,0
290202,1,1,0,0,0,0,0,0,0,0,0,0
290202,2,1,0,0,0,0,0,0,0,0,0,0
290203,1,1,0,0,0,0,0,0,0,0,0,0
290203,2,1,0,0,0,0,0,0,0,0,0,0
290204,1,1,0,0,0,0,0,0,0,0,0,0
290204,2,1,0,0,0,0,0,0,0,0,0,0
290205,1,1,0,0,0,17,0,0,0,9,0,0
290205,2,1,0,0,0,0,0,0,0,0,0,0
290206,1,1,11,21,0,17,0,0,0,0,16,0
290207,1,1,0,0,0,0,0,0,0,0,0,0
290207,2,1,0,0,0,0,0,0,0,0,0,0
290208,1,1,0,0,0,0,0,0,0,0,0,0
290209,1,1,20,15,8,4,18,4,6,7,15,24
290210,1,1,0,0,0,18,0,0,0,0,0,13
290211,1,1,11,11,6,19,10,14,16,24,33,44
290212,1,1,0,0,0,0,0,0,0,0,0,0
290213,1,1,0,0,0,0,0,0,0,0,0,0
290214,1,1,38,8,0,18,0,20,0,37,35,9
290214,2,1,0,0,0,0,0,0,0,0,0,0
290215,1,1,0,0,0,0,0,0,0,0,0,0
290216,0,1,0,0,0,0,0,0,25,0,0,0
290216,1,1,0,0,0,0,0,0,0,0,0,0
290217,1,1,0,0,0,0,0,0,0,0,0,0
290217,2,1,11,19,0,0,0,0,0,0,0,0
290217,3,1,0,0,0,0,0,0,0,0,0,0
290217,4,1,0,0,0,0,0,0,0,0,0,0
290217,5,1,0,0,0,0,0,0,0,10,12,0
290217,6,1,0,0,0,0,0,0,0,0,0,0
290218,1,1,5,5,5,5,5,5,5,5,5,5
290219,1,1,0,0,0,0,0,0,0,0,0,0
290220,1,1,13,13,13,13,13,13,13,13,13,13
290221,1,1,0,18,0,0,0,0,0,0,19,0
290221,2,1,0,0,0,0,0,0,0,0,0,0
290222,1,1,24,24,24,24,24,24,24,24,24,24
290223,1,1,15,15,15,15,15,15,15,15,15,15
290224,1,1,0,0,0,0,0,0,0,0,0,0
290224,2,1,0,0,0,0,0,0,0,0,0,0
290225,1,1,3,3,3,3,3,3,3,3,3,3
290226,1,1,17,17,17,17,17,17,17,17,17,17
290227,0,1,0,0,0,0,0,0,0,0,0,0
290227,1,1,0,0,0,18,30,0,0,0,0,0
290228,1,1,16,16,16,16,16,16,16,16,16,16
290229,0,1,26,26,26,26,26,26,26,26,26,26
290229,1,1,0,0,0,0,0,0,0,0,0,0
290230,1,1,0,0,0,0,0,0,0,0,0,0
290231,1,1,0,0,0,0,0,0,0,0,0,0
290232,0,1,0,0,0,0,0,0,0,0,0,0
290232,1,1,0,16,6,21,0,9,0,0,0,28
290233,1,1,0,0,0,0,0,0,0,0,0,0
290233,2,1,0,0,0,0,0,0,0,0,0,0
290234,1,1,10,10,10,10,10,10,10,10,10,10
290235,1,1,9,10,8,9,26,13,6,11,10,7
290236,1,1,0,0,0,0,0,0,0,0,0,0
290236,2,1,0,0,0,0,0,0,0,0,0,0
290238,1,1,0,0,0,0,0,0,0,0,0,0
290238,2,1,0,0,0,0,0,0,0,0,0,0
290239,1,1,0,0,0,0,0,0,0,0,0,0
290239,2,1,0,0,0,0,0,0,0,0,0,0
290240,1,1,10,10,10,10,10,10,10,10,10,10
290241,1,1,0,0,0,0,0,0,0,0,0,0
290242,1,1,11,11,11,11,11,11,11,11,11,11
290243,1,1,0,0,0,0,0,0,0,0,0,0
290243,2,1,9,9,9,9,9,9,9,9,9,9
290244,1,1,0,0,0,0,0,0,0,0,0,0
290244,2,1,0,0,0,0,0,0,0,0,0,0
290245,1,1,20,20,20,20,20,20,20,20,20,20
290246,1,1,0,0,0,0,0,0,0,0,0,0
290246,2,1,0,0,0,0,0,0,0,0,0,0
290247,1,1,0,0,0,0,0,0,0,0,0,0
290247,2,1,0,0,0,0,0,0,0,0,0,0
290248,1,1,0,0,0,0,0,0,0,0,0,0
290249,1,1,0,11,0,0,0,0,0,0,0,0
290249,2,1,0,0,0,0,0,0,0,0,0,0
290250,0,1,0,0,0,0,0,0,0,0,0,0
290250,1,1,6,0,10,0,9,0,8,19,0,33
290251,1,1,0,0,0,0,0,0,0,0,0,0
290251,2,1,0,0,0,0,0,0,0,0,0,0
290251,3,1,0,0,0,0,0,0,0,0,0,0
290251,4,1,0,0,0,0,0,0,0,0,0,0
290252,1,1,34,34,34,34,34,34,34,34,34,34
290253,1,1,0,0,0,0,0,0,0,0,0,0
290253,2,1,0,0,0,0,0,0,0,0,0,0
290254,1,1,0,0,0,0,0,0,0,0,0,0
290254,2,1,0,0,0,0,0,0,0,0,0,0
290255,0,1,0,0,0,0,0,0,0,0,0,0
290255,1,1,0,0,0,0,0,0,0,0,10,0
290256,0,1,0,0,0,0,0,0,0,0,0,0
290256,1,1,0,0,0,0,0,0,0,0,0,0
290257,1,1,0,0,0,0,0,0,0,0,0,0
290257,2,1,0,0,0,0,0,0,0,0,0,0
290258,1,1,0,3,0,0,0,0,0,0,0,0
290258,2,1,0,0,0,0,0,0,0,0,0,0
290258,3,1,0,0,0,0,0,0,0,0,0,0
290258,4,1,9,0,0,0,0,0,0,13,0,0
290259,1,1,0,0,0,0,0,0,0,24,0,0
290260,1,1,0,0,0,0,0,0,0,0,0,0
290260,2,1,0,0,0,0,0,0,0,0,0,0
290261,1,1,7,0,0,0,0,0,0,0,0,9
290262,1,1,0,0,0,0,0,0,0,0,0,0
290262,2,1,0,0,0,0,0,0,0,0,0,0
290262,3,1,0,0,0,0,0,0,22,0,0,0
290263,1,1,0,0,0,19,15,10,16,0,0,0
290263,2,1,0,0,0,0,0,0,0,0,0,0
290264,1,1,0,0,0,0,0,0,0,0,0,0
290265,1,1,0,0,0,0,0,0,0,0,0,0
290265,2,1,0,0,0,0,0,0,0,0,0,0
290265,3,1,0,0,0,0,0,0,0,0,0,0
290266,1,1,0,0,0,0,0,0,0,0,0,0
290267,1,1,0,0,0,0,0,0,0,0,0,0
290267,2,1,0,0,0,0,0,0,0,0,0,0
290268,0,1,0,0,0,0,0,0,0,0,0,0
290268,1,1,0,0,0,0,0,0,0,0,0,0
290269,1,1,0,0,34,0,9,0,12,0,0,11
290270,1,1,0,0,0,0,0,0,0,0,0,0
290270,2,1,0,0,0,0,0,0,0,18,0,0
290271,1,1,0,8,0,0,0,0,0,0,0,0
290271,2,1,0,0,0,0,0,0,0,0,0,0
290272,1,1,8,8,8,8,8,8,8,8,8,8
290272,2,1,16,16,16,16,16,16,16,16,16,16
290273,1,1,0,0,0,0,0,0,0,0,0,0
290273,2,1,0,0,0,0,0,0,0,0,0,0
290274,1,1,0,10,0,0,0,0,0,0,0,0
290275,1,1,1,1,1,1,1,1,1,1,1,1
290276,1,1,28,28,28,28,28,28,28,28,28,28
290277,1,1,20,20,20,20,20,20,20,20,20,20
290277,2,1,14,14,14,14,14,14,14,14,14,14
290278,0,1,0,0,0,0,0,0,0,0,0,0
290278,0,2,23,0,23,0,0,0,0,0,0,0
290278,1,1,0,0,0,0,0,0,0,0,0,0
290279,0,1,40,40,40,40,40,40,40,40,40,40
290279,1,1,0,0,0,0,0,0,0,12,0,0
290280,1,1,0,0,0,0,0,0,0,0,0,0
290280,2,1,0,0,0,0,0,0,0,0,0,0
290280,3,1,0,0,0,0,0,0,0,0,0,0
290282,1,1,0,0,0,0,0,0,0,0,0,0
290282,2,1,7,7,7,7,7,7,7,7,7,7
290283,1,1,5,5,5,5,5,5,5,5,5,5
290284,1,1,15,15,15,15,15,15,15,15,15,15
290284,2,1,0,0,0,0,0,0,0,0,0,0
290285,1,1,24,4,27,4,11,12,9,13,7,30
290286,1,1,0,0,0,0,0,0,0,0,0,0
290287,1,1,21,21,21,21,21,21,21,21,21,21
290288,1,1,0,0,0,0,0,0,0,0,0,0
290288,2,1,0,0,0,0,0,0,0,0,0,0
290289,0,1,34,34,34,34,34,34,34,34,34,34
290289,1,1,0,0,0,0,0,0,0,0,0,0
290290,1,1,0,0,0,0,0,0,0,0,0,0
290291,1,1,10,10,10,10,10,10,10,10,10,10
290291,2,1,13,9,16,20,0,0,0,0,11,30
290292,0,1,0,0,0,34,0,0,0,0,11,0
290292,1,1,15,15,15,15,15,15,15,15,15,15
290292,2,1,0,0,0,0,0,0,0,0,0,0
290293,0,1,10,10,10,10,10,10,10,10,10,10
290293,1,1,0,0,8,25,0,0,20,10,0,0
290294,1,1,27,27,27,27,27,27,27,27,27,27
290294,2,1,0,0,0,0,0,0,0,0,0,0
290294,3,1,0,0,0,0,0,0,0,0,0,0
290295,1,1,7,7,7,7,7,7,7,7,7,7
290296,1,1,0,0,0,0,0,0,0,0,0,0
290296,2,1,0,0,12,0,0,0,0,0,0,13
290297,0,1,0,0,26,39,0,0,0,0,0,0
290297,1,1,14,12,0,7,8,9,16,5,0,20
290298,1,1,21,21,21,21,21,21,21,21,21,21
290298,2,1,17,17,17,17,17,17,17,17,17,17
290299,1,1,0,0,0,0,0,0,0,0,0,0
290299,2,1,9,0,0,0,26,5,0,0,13,0
290301,1,1,0,0,0,0,0,0,0,0,0,0
290301,2,1,0,0,0,0,0,0,0,0,0,0
290302,1,1,0,20,7,0,0,0,0,0,0,0
290303,0,1,0,0,0,0,0,0,0,0,0,0
290303,1,1,0,0,0,0,0,0,0,0,0,0
290304,1,1,0,0,0,0,0,0,0,0,0,0
290304,2,1,0,0,0,0,0,0,0,0,0,0
290305,0,1,0,0,0,0,0,0,0,0,0,0
290305,1,1,0,0,0,0,0,0,0,0,0,0
290306,1,1,0,0,0,0,0,0,16,14,0,0
290306,2,1,0,0,0,0,0,0,0,0,0,0
290307,1,1,0,0,0,0,0,0,0,0,0,0
290307,2,1,0,0,0,0,0,0,0,0,0,0
290308,1,1,26,26,26,26,26,26,26,26,26,26
290309,1,1,0,0,0,0,0,0,0,0,0,0
290310,1,1,6,0,0,0,0,25,0,0,13,13
290311,1,1,16,16,16,16,16,16,16,16,16,16
290311,2,1,0,0,0,0,0,0,0,0,0,0
290312,1,1,0,0,0,0,0,0,0,0,0,0
290312,2,1,0,0,0,0,0,0,0,0,0,0
290313,1,1,0,0,0,0,0,0,0,0,0,0
290313,2,1,0,0,0,0,0,0,0,0,0,0
290315,1,1,5,0,0,0,0,0,0,0,0,0
290315,2,1,0,0,0,0,0,0,0,0,0,0
290316,0,1,13,13,13,13,13,13,13,13,13,13
290316,1,1,0,0,0,0,0,0,0,0,0,0
290317,0,1,0,0,0,0,0,0,0,0,0,0
290317,1,1,0,0,0,0,0,0,0,0,0,0
290318,1,1,0,0,0,0,0,0,0,0,0,0
290319,1,1,0,0,0,0,0,0,0,0,0,0
290320,1,1,11,3,0,0,0,0,0,0,0,0
290320,2,1,7,0,7,0,0,0,14,0,0,0
290321,1,1,0,0,0,0,0,0,0,0,0,0
290321,2,1,0,0,0,0,0,0,0,0,0,0
290323,1,1,0,0,0,0,0,0,0,0,0,0