ST_CASE,VEH_NO,PER_NO,P1,P2,P3,P4,P5,P6,P7,P8,P9,P10
290323,2,1,0,0,0,0,0,0,0,0,0,0
290325,1,1,0,0,0,0,0,0,0,0,0,0
290325,2,1,0,0,0,0,0,0,0,0,0,0
290326,1,1,21,21,21,21,21,21,21,21,21,21
290327,1,1,0,0,0,0,0,0,0,0,0,0
290327,2,1,0,0,0,0,0,0,0,0,0,0
290328,1,1,0,0,0,0,0,0,0,0,0,0
290329,1,1,0,0,0,0,0,0,0,0,0,0
290330,1,1,0,0,0,0,0,0,0,0,0,0
290331,1,1,0,0,0,0,0,0,0,0,0,0
290332,1,1,0,0,0,0,0,0,0,0,0,0
290332,2,1,0,0,0,0,0,0,0,0,0,0
290333,1,1,0,0,0,0,0,0,0,0,0,0
290334,0,1,27,0,0,5,0,8,10,0,0,0
290334,0,2,0,0,0,0,0,0,0,0,0,0
290334,0,3,0,0,0,0,0,0,0,0,0,0
290334,1,1,0,14,0,0,0,19,0,0,15,0
290335,1,1,45,45,45,45,45,45,45,45,45,45
290336,1,1,0,0,0,0,0,0,0,0,0,0
290336,2,1,0,0,0,0,0,0,0,0,0,0
290337,1,1,13,13,13,13,13,13,13,13,13,13
290338,0,1,0,0,0,0,0,0,0,0,0,0
290338,1,1,0,0,0,0,0,0,0,0,0,0
290339,1,1,0,0,0,0,0,0,0,0,0,0
290339,2,1,0,0,0,0,0,0,0,0,0,0
290340,1,1,0,0,0,0,0,0,0,0,0,0
290340,2,1,0,0,0,0,0,0,0,0,0,0
290340,3,1,11,11,11,11,11,11,11,11,11,11
290341,1,1,6,6,6,6,6,6,6,6,6,6
290341,2,1,0,0,0,0,0,0,0,0,0,0
290342,1,1,0,0,0,0,0,0,0,0,0,0
290342,2,1,14,14,14,14,14,14,14,14,14,14
290343,1,1,16,16,16,16,16,16,16,16,16,16
290343,2,1,0,0,0,0,0,0,0,0,0,0
290343,3,1,7,7,7,7,7,7,7,7,7,7
290344,1,1,0,0,0,0,0,0,0,0,0,0
290345,1,1,20,20,20,20,20,20,20,20,20,20
290346,1,1,0,0,0,0,0,0,0,0,0,0
290347,1,1,0,0,0,0,0,0,0,0,0,0
290347,2,1,26,26,26,26,26,26,26,26,26,26
290348,1,1,0,0,0,0,20,0,13,27,13,0
290349,1,1,0,0,0,0,0,0,0,0,0,0
290349,2,1,0,0,0,0,0,0,0,0,0,0
290350,1,1,0,0,0,0,0,0,0,0,0,0
290350,2,1,0,0,0,0,0,0,0,0,0,0
290351,1,1,15,15,15,15,15,15,15,15,15,15
290352,1,1,0,0,0,0,0,0,0,0,0,0
290352,2,1,0,0,0,0,0,0,0,0,0,0
290353,0,1,0,12,0,0,26,0,0,9,0,0
290353,1,1,0,0,0,0,0,0,0,0,0,0
290354,1,1,0,0,0,0,0,0,0,0,0,0
290354,2,1,0,0,0,0,0,0,0,0,0,0
290354,3,1,0,0,0,0,0,0,0,0,0,0
290355,1,1,0,0,0,0,0,0,0,0,0,0
290355,2,1,0,0,0,0,0,0,0,0,0,0
290355,3,1,0,0,0,0,0,0,0,0,0,0
290356,1,1,0,0,0,0,29,0,26,0,23,26
290357,1,1,0,0,0,0,0,0,0,0,0,0
290357,2,1,0,0,0,0,0,0,0,0,0,0
290358,1,1,31,31,31,31,31,31,31,31,31,31
290358,2,1,0,0,0,0,0,0,0,0,0,0
290359,1,1,0,0,0,0,0,0,0,0,0,0
290359,2,1,0,0,0,0,0,0,0,0,0,0
290360,1,1,0,0,0,0,0,0,0,0,0,0
290360,2,1,0,0,0,0,0,0,0,0,0,0
290361,1,1,16,16,16,16,16,16,16,16,16,16
290362,1,1,19,0,17,14,0,0,0,0,0,0
290362,2,1,0,0,0,0,0,0,0,0,0,0
290363,1,1,0,0,0,0,0,0,0,0,0,0
290364,1,1,0,0,0,0,0,0,0,0,0,0
290365,1,1,0,0,0,0,0,0,0,0,0,0
290366,1,1,0,0,0,0,0,0,0,0,0,0
290366,2,1,0,0,0,0,0,0,0,0,0,0
290367,1,1,0,0,0,0,0,0,8,0,0,0
290368,1,1,0,0,0,0,0,0,0,0,0,0
290369,1,1,1,1,1,1,1,1,1,1,1,1
290370,1,1,0,0,0,0,0,0,0,0,0,0
290370,2,1,0,0,0,0,0,0,0,0,0,0
290371,1,1,0,0,0,17,0,0,0,0,0,0
290371,2,1,0,0,0,0,0,0,0,0,0,0
290371,3,1,0,0,0,0,0,0,0,0,0,0
290372,1,1,0,0,0,0,0,0,0,0,0,0
290373,1,1,32,32,32,32,32,32,32,32,32,32
290374,1,1,0,0,0,0,0,0,0,0,0,0
290375,1,1,20,14,23,18,10,17,12,30,9,23
290376,1,1,0,0,0,0,0,0,0,0,0,0
290376,2,1,10,10,10,10,10,10,10,10,10,10
290377,1,1,0,0,0,0,0,0,0,0,0,0
290377,2,1,0,0,0,0,0,0,0,0,0,0
290378,1,1,7,7,7,7,7,7,7,7,7,7
290378,2,1,15,12,0,15,19,16,6,13,0,25
290379,1,1,0,14,0,0,0,0,0,23,0,0
290380,1,1,4,4,4,4,4,4,4,4,4,4
290380,2,1,0,24,0,0,20,0,13,0,0,23
290381,1,1,10,10,12,0,0,0,0,0,18,0
290382,1,1,12,0,0,0,0,0,0,0,0,0
290382,2,1,0,0,0,0,0,0,0,0,0,0
290383,1,1,0,0,0,0,0,0,0,0,0,0
290384,1,1,15,15,15,15,15,15,15,15,15,15
290384,2,1,9,9,9,9,9,9,9,9,9,9
290385,1,1,24,0,0,0,33,0,0,0,0,22
290386,1,1,0,0,0,0,0,0,0,0,0,0
290386,2,1,0,0,0,0,0,0,0,0,0,19
290387,1,1,4,4,4,4,4,4,4,4,4,4
290388,1,1,0,0,0,0,0,0,0,0,0,0
290388,2,1,0,0,0,0,0,0,0,0,0,0
290389,1,1,13,13,13,13,13,13,13,13,13,13
290390,1,1,0,0,0,0,0,0,0,0,0,0
290390,2,1,10,10,10,10,10,10,10,10,10,10
290391,1,1,0,0,0,0,0,0,0,0,20,0
290391,2,1,0,0,0,0,0,0,0,0,0,0
290392,1,1,0,0,0,0,0,0,0,0,0,0
290393,1,1,0,0,0,0,0,0,0,0,0,0
290394,1,1,0,0,0,0,0,0,0,0,0,0
290394,2,1,16,16,16,16,16,16,16,16,16,16
290395,1,1,0,0,0,0,0,0,0,0,0,0
290396,1,1,0,0,0,0,0,0,0,0,0,0
290397,1,1,0,0,0,0,0,0,0,0,0,0
290398,1,1,9,14,11,9,7,14,13,13,23,17
290399,1,1,0,0,0,0,0,0,0,0,0,0
290400,1,1,18,18,18,18,18,18,18,18,18,18
290401,1,1,0,0,0,0,0,0,0,0,0,0
290401,2,1,0,0,0,0,0,0,0,0,0,0
290402,1,1,0,0,0,0,0,0,0,0,0,0
290403,1,1,0,0,0,0,0,0,0,0,0,0
290404,1,1,0,0,0,0,0,0,0,0,0,0
290404,2,1,0,0,0,0,0,0,0,0,0,0
290405,1,1,0,0,0,0,0,0,0,0,0,0
290405,2,1,0,0,0,0,0,0,0,0,0,0
290406,1,1,0,0,0,0,0,0,0,0,0,0
290407,1,1,0,0,0,0,0,0,0,0,0,0
290408,1,1,0,0,0,0,0,0,0,0,0,0
290409,1,1,0,0,0,0,0,0,0,0,0,0
290409,2,1,14,0,6,0,15,22,4,0,5,8
290410,1,1,0,0,0,0,0,0,0,0,0,0
290410,2,1,0,0,0,0,0,0,0,0,0,0
290411,1,1,0,0,0,0,0,0,0,0,0,0
290411,2,1,0,0,0,0,12,0,0,0,0,0
290412,1,1,0,0,0,0,0,0,0,0,0,12
290412,2,1,0,0,0,0,10,0,0,0,0,0
290413,1,1,0,0,0,0,0,0,0,0,0,0
290413,2,1,0,0,0,0,0,0,0,0,0,0
290414,1,1,0,0,0,0,0,0,0,0,0,0
290414,2,1,0,0,20,0,0,0,0,0,0,0
290415,1,1,0,0,0,0,0,0,0,0,0,0
290415,2,1,44,44,44,44,44,44,44,44,44,44
290416,1,1,23,23,23,23,23,23,23,23,23,23
290416,2,1,0,0,0,0,0,0,0,0,0,0
290417,1,1,0,0,14,0,16,27,31,18,0,16
290418,1,1,0,0,0,0,0,21,0,0,0,0
290419,1,1,0,0,0,0,0,0,0,0,0,0
290419,2,1,0,0,0,0,0,0,0,0,0,0
290420,1,1,11,0,15,0,18,0,0,18,12,0
290421,1,1,25,25,25,25,25,25,25,25,25,25
290422,1,1,0,0,0,0,0,0,0,0,0,0
290423,1,1,22,13,18,0,0,15,21,0,11,0
290424,1,1,0,0,0,0,0,0,0,0,0,0
290424,2,1,0,0,0,0,0,0,0,0,0,0
290425,1,1,18,0,0,16,0,0,8,0,21,21
290426,1,1,0,0,0,0,0,0,0,0,0,0
290426,2,1,14,16,36,27,21,10,17,16,24,28
290427,1,1,16,16,16,16,16,16,16,16,16,16
290428,1,1,19,19,19,19,19,19,19,19,19,19
290428,2,1,17,15,0,21,0,12,0,8,0,0
290429,1,1,19,0,15,8,18,9,0,21,10,9
290430,1,1,10,10,10,10,10,10,10,10,10,10
290431,0,1,0,0,0,0,0,0,0,0,0,0
290431,1,1,0,0,0,0,0,0,0,0,0,0
290432,1,1,0,0,0,0,0,0,0,0,0,0
290433,1,1,0,25,0,0,0,0,0,0,24,18
290433,2,1,11,11,11,11,11,11,11,11,11,11
290434,1,1,0,0,0,0,0,0,0,0,0,0
290434,2,1,1,1,1,1,1,1,1,1,1,1
290435,1,1,6,6,6,6,6,6,6,6,6,6
290435,2,1,0,23,0,0,0,0,11,0,0,20
290436,1,1,0,0,0,0,0,0,0,0,0,0
290436,2,1,0,24,0,0,0,0,0,0,8,0
290437,1,1,0,0,0,0,21,0,0,0,0,0
290437,2,1,0,0,0,0,0,0,0,0,0,0
290438,1,1,16,16,16,16,16,16,16,16,16,16
290439,1,1,0,0,0,0,0,0,0,0,0,0
290440,1,1,0,0,0,0,0,0,0,0,0,0
290440,2,1,0,0,0,0,0,0,0,0,0,0
290441,1,1,23,13,21,0,18,24,0,0,4,0
290441,2,1,0,0,0,0,0,0,0,0,0,0
290441,3,1,0,0,0,0,0,0,0,0,0,0
290442,0,1,31,31,31,31,31,31,31,31,31,31
290442,1,1,0,0,0,0,0,0,0,0,0,0
290443,1,1,0,0,0,0,0,0,0,0,0,0
290443,2,1,5,5,5,5,5,5,5,5,5,5
290444,0,1,23,23,23,23,23,23,23,23,23,23
290444,1,1,0,0,0,0,0,0,0,0,0,0
290445,1,1,56,56,56,56,56,56,56,56,56,56
290446,1,1,7,7,7,7,7,7,7,7,7,7
290447,1,1,0,0,0,0,0,0,0,0,0,0
290447,2,1,0,0,0,0,0,0,0,0,0,0
290448,1,1,0,17,0,19,0,0,0,0,0,0
290448,2,1,0,0,0,0,0,0,0,0,0,0
290449,0,1,0,0,0,0,0,0,0,0,0,0
290449,0,2,0,0,0,0,0,0,0,0,0,0
290449,1,1,0,0,0,0,0,0,0,0,0,0
290450,1,1,20,20,20,20,20,20,20,20,20,20
290450,2,1,0,0,0,0,0,0,0,0,0,0
290450,3,1,0,0,0,0,0,0,0,0,0,0
290451,1,1,0,13,0,0,0,0,0,0,0,0
290451,2,1,0,0,0,0,0,0,0,0,0,0
290452,1,1,0,0,0,0,0,0,0,0,0,0
290452,2,1,0,0,0,0,0,0,0,0,0,0
290453,1,1,26,26,26,26,26,26,26,26,26,26
290454,1,1,0,0,0,0,0,0,0,0,0,0
290455,1,1,19,19,19,19,19,19,19,19,19,19
290456,1,1,0,0,0,0,0,0,0,0,0,0
290456,2,1,0,0,0,0,0,0,0,0,0,0
290457,1,1,0,0,0,0,0,0,0,0,0,0
290458,0,1,0,0,0,0,0,0,0,0,0,0
290458,1,1,10,10,10,10,10,10,10,10,10,10
290459,1,1,0,0,0,0,0,0,0,0,0,0
290460,1,1,6,6,6,6,6,6,6,6,6,6
290461,1,1,27,13,33,14,29,14,20,17,37,12
290462,0,1,0,0,0,0,0,0,0,0,17,11
290462,2,1,0,0,0,0,0,0,0,0,0,0
290463,1,1,15,15,15,15,15,15,15,15,15,15
290463,3,1,0,0,0,0,0,23,0,22,13,0
290464,1,1,3,3,3,3,3,3,3,3,3,3
290465,1,1,15,15,15,15,15,15,15,15,15,15
290466,1,1,0,0,0,0,0,0,0,0,0,0
290466,2,1,16,16,16,16,16,16,16,16,16,16
290466,3,1,0,0,0,0,0,0,0,0,0,0
290467,1,1,0,0,0,0,0,0,0,0,0,0
290468,1,1,24,24,24,24,24,24,24,24,24,24
290469,1,1,0,0,0,0,0,0,0,0,0,0
290469,2,1,0,0,0,0,0,0,0,0,0,14
290470,1,1,0,0,0,0,0,0,0,0,0,0
290470,2,1,0,0,0,0,0,0,0,0,0,0
290471,0,1,0,0,0,0,0,0,0,0,0,0
290471,1,1,0,0,0,0,0,0,0,0,0,0
290472,0,1,0,0,0,0,0,0,0,0,0,0
290472,1,1,0,0,0,0,0,0,0,0,0,0
290473,1,1,0,0,0,0,0,0,0,0,0,0
290474,1,1,0,0,0,0,0,0,0,0,0,0
290474,2,1,2,2,2,2,2,2,2,2,2,2
290474,3,1,0,0,0,0,0,0,0,0,0,0
290474,4,1,0,0,0,0,0,0,0,0,0,0
290476,1,1,0,0,0,0,0,0,0,0,0,0
290477,1,1,0,0,0,0,0,0,0,0,0,0
290477,2,1,12,0,0,0,0,0,0,0,0,0
290478,0,1,0,0,0,0,0,0,0,0,0,0
290478,1,1,15,15,0,0,0,0,0,25,14,0
290479,1,1,0,0,0,0,0,0,0,0,0,0
290479,2,1,0,0,0,0,0,0,0,0,0,0
290479,3,1,0,0,0,0,0,0,0,0,0,0
290480,1,1,9,9,9,9,9,9,9,9,9,9
290480,2,1,0,0,0,17,17,25,18,0,0,0
290480,3,1,16,0,8,18,0,0,0,10,0,0
290481,1,1,0,0,0,0,0,0,0,0,0,0
290481,2,1,0,0,0,0,0,0,0,0,0,0
290482,0,1,0,0,0,0,0,0,0,0,0,0
290482,1,1,0,0,0,17,0,0,0,0,0,0
290482,2,1,0,0,0,0,0,14,0,0,0,0
290483,1,1,0,0,0,0,0,0,0,0,0,0
290483,2,1,0,0,0,0,0,0,0,0,0,0
290483,3,1,0,0,0,0,0,0,0,0,0,0
290484,1,1,25,25,25,25,25,25,25,25,25,25
290485,1,1,0,13,0,7,0,0,0,14,0,7
290486,1,1,23,17,2,19,9,36,34,11,13,4
290487,1,1,0,9,0,0,7,0,12,0,0,0
290487,2,1,0,0,0,0,0,0,0,0,0,0
290488,1,1,0,0,0,0,0,0,0,0,0,0
290488,2,1,0,8,0,0,0,0,0,0,0,0
290489,1,1,14,14,14,14,14,14,14,14,14,14
290490,1,1,0,0,0,0,0,0,0,0,0,0
290490,2,1,13,13,13,13,13,13,13,13,13,13
290491,1,1,9,17,23,8,41,5,18,30,25,33
290492,0,1,0,0,0,0,0,0,0,0,0,0
290492,0,2,0,0,0,0,0,0,0,0,0,0
290492,1,1,0,0,0,0,0,0,0,0,0,0
290493,1,1,17,21,13,17,8,8,7,0,31,22
290493,2,1,0,0,0,6,0,0,0,0,0,0
290494,1,1,16,11,0,17,18,12,20,28,0,7
290495,1,1,0,0,0,0,0,0,0,0,0,0
290495,2,1,0,0,0,0,0,0,0,0,0,0
290495,3,1,0,0,0,0,0,0,0,0,0,0
290496,1,1,0,0,0,0,0,0,0,0,0,0
290496,2,1,0,16,0,0,0,0,0,0,0,0
290496,3,1,0,0,0,0,0,0,0,0,0,0
290496,4,1,0,0,0,0,0,0,0,0,22,0
290497,1,1,0,0,0,0,0,0,0,0,0,0
290497,2,1,0,0,0,0,0,0,0,0,0,0
290497,3,1,0,0,0,0,0,0,0,0,0,0
290498,1,1,0,0,0,0,0,0,0,0,0,0
290498,2,1,0,0,0,0,0,0,0,0,0,0
290499,1,1,0,0,0,0,12,0,0,0,8,0
290500,1,1,0,0,0,0,0,0,0,0,0,0
290501,1,1,0,0,0,0,0,0,0,0,0,0
290501,2,1,0,0,0,32,0,0,0,0,0,0
290502,1,1,0,0,0,0,0,0,0,0,0,0
290502,2,1,0,0,0,0,0,0,0,0,0,0
290503,1,1,30,30,30,30,30,30,30,30,30,30
290504,1,1,0,0,0,0,0,0,0,0,0,0
290505,1,1,0,0,0,0,0,0,0,0,0,0
290505,2,1,0,0,0,0,0,0,0,0,0,0
290506,1,1,0,0,0,0,0,0,0,0,0,0
290506,2,1,0,0,0,12,0,0,0,11,0,0
290507,1,1,0,0,0,0,0,0,0,0,0,0
290507,2,1,0,0,0,0,0,0,0,0,0,0
290508,1,1,0,9,0,0,0,0,0,0,0,0
290509,1,1,0,0,12,0,0,0,23,0,0,0
290509,2,1,9,9,9,9,9,9,9,9,9,9
290510,1,1,0,0,0,0,0,0,0,0,0,0
290511,1,1,12,12,12,12,12,12,12,12,12,12
290512,0,1,0,0,0,3,0,23,0,25,26,28
290512,1,1,0,22,0,0,0,16,0,0,0,17
290513,1,1,18,18,18,18,18,18,18,18,18,18
290514,1,1,8,8,8,8,8,8,8,8,8,8
290514,2,1,0,0,0,0,0,0,0,0,0,0
290515,1,1,3,3,3,3,3,3,3,3,3,3
290516,1,1,8,0,15,0,12,0,19,0,6,10
290517,1,1,25,25,25,25,25,25,25,25,25,25
290518,1,1,0,0,0,0,0,0,0,0,0,0
290518,2,1,0,0,0,0,0,0,0,0,0,0
290518,3,1,28,24,0,36,0,0,0,5,0,0
290519,1,1,2,2,2,2,2,2,2,2,2,2
290520,0,1,0,0,0,0,0,0,0,0,0,0
290520,1,1,0,16,19,3,23,0,0,8,20,11
290521,1,1,0,0,0,0,0,0,0,0,0,0
290521,2,1,0,0,0,0,0,0,0,0,0,0
290522,1,1,0,0,0,0,0,0,0,0,0,0
290523,1,1,43,43,43,43,43,43,43,43,43,43
290523,2,1,0,0,0,0,0,0,0,0,0,0
290524,1,1,0,0,0,0,0,0,0,0,0,0
290524,2,1,0,0,0,0,0,0,0,0,0,0
290525,1,1,0,0,0,0,0,0,0,0,0,0
290525,2,1,0,0,0,0,0,0,0,0,0,0
290526,1,1,0,0,0,0,0,0,0,6,0,0
290527,1,1,0,0,0,0,0,0,0,0,0,0
290527,2,1,0,0,0,0,0,0,0,0,0,0
290528,0,1,0,0,0,0,0,0,0,0,0,0
290528,1,1,0,0,0,0,0,0,0,0,0,0
290529,1,1,5,5,5,5,5,5,5,5,5,5
290530,0,1,0,0,0,0,0,0,0,0,0,0
290530,0,2,0,23,0,0,0,0,0,0,0,0
290530,1,1,0,0,0,0,0,0,0,0,0,0
290530,2,1,0,0,0,0,0,0,0,0,0,0
290531,1,1,0,14,12,11,0,0,0,0,0,0
290531,2,1,0,0,0,0,0,0,0,0,0,0
290532,1,1,0,0,0,0,0,0,0,0,0,0
290533,1,1,0,0,0,0,0,0,0,0,0,0
290533,2,1,0,0,13,0,0,0,0,0,0,0
290533,3,1,0,0,0,0,0,0,0,0,0,0
290534,1,1,46,46,46,46,46,46,46,46,46,46
290535,1,1,0,0,0,0,0,0,0,0,0,0
290535,2,1,0,0,0,0,0,0,0,0,0,0
290536,1,1,21,21,21,21,21,21,21,21,21,21
290538,1,1,0,0,0,0,0,0,0,0,0,0
290538,2,1,0,0,0,0,0,0,0,0,0,0
290539,1,1,0,0,0,13,0,0,0,0,14,0
290539,2,1,0,0,0,0,0,0,0,0,0,0
290540,1,1,0,0,0,0,0,0,0,0,0,0
290541,1,1,0,0,0,0,0,0,0,16,0,13
290542,0,1,34,34,34,34,34,34,34,34,34,34
290543,1,1,22,0,20,26,15,0,8,0,0,4
290544,1,1,0,0,0,0,0,0,0,0,0,0
290544,2,1,0,0,0,0,0,0,0,0,0,0
290545,0,1,0,0,0,0,0,0,0,0,0,0
290545,0,2,11,33,0,0,24,25,15,0,0,0
290545,2,1,0,0,0,0,0,0,0,0,0,0
290546,1,1,17,9,26,7,23,10,10,15,11,23
290547,1,1,15,15,15,15,15,15,15,15,15,15
290548,1,1,17,17,17,17,17,17,17,17,17,17
290549,1,1,0,0,0,0,0,0,0,0,0,0
290550,1,1,0,0,0,0,0,0,0,0,0,0
290550,2,1,0,0,0,0,0,0,0,0,0,0
290551,1,1,26,26,26,26,26,26,26,26,26,26
290552,1,1,0,0,0,0,0,0,0,0,0,0
290552,2,1,0,0,0,0,0,4,0,20,0,0
290553,1,1,26,26,26,26,26,26,26,26,26,26
290554,1,1,0,0,0,0,0,0,0,0,0,0
290554,2,1,0,0,0,11,9,13,0,0,14,0
290554,3,1,0,0,0,0,0,0,0,0,0,0
290555,1,1,0,0,0,0,0,0,0,0,0,0
290555,2,1,0,0,0,0,0,0,0,0,0,0
290555,3,1,0,0,0,0,0,0,0,0,0,0
290556,1,1,13,0,0,0,0,0,0,0,0,0
290556,2,1,0,0,0,0,0,0,0,0,0,0
290557,0,1,0,0,0,0,0,0,0,0,0,0
290557,1,1,0,0,0,0,0,0,0,0,0,0
290558,1,1,20,20,20,20,20,20,20,20,20,20
290558,2,1,0,0,0,0,0,0,0,10,0,0
290559,2,1,19,19,19,19,19,19,19,19,19,19
290560,1,1,22,22,22,22,22,22,22,22,22,22
290561,1,1,0,0,0,0,0,0,0,0,0,0
290562,1,1,0,0,0,0,0,0,0,0,0,0
290562,2,1,0,0,0,0,0,0,0,0,0,0
290563,1,1,27,27,27,27,27,27,27,27,27,27
290563,2,1,0,0,0,0,17,0,0,0,0,0
290563,3,1,0,0,0,0,0,0,0,0,0,0
290564,1,1,0,0,0,0,0,0,0,0,0,0
290565,1,1,19,19,19,19,19,19,19,19,19,19
290565,2,1,0,0,9,0,0,0,0,0,0,0
290565,3,1,0,0,0,0,0,0,0,0,0,0
290565,4,1,3,0,0,10,0,0,0,0,0,0
290566,1,1,0,13,18,8,0,20,26,29,20,15
290567,0,1,8,8,8,8,8,8,8,8,8,8
290567,1,1,20,4,0,0,11,7,6,14,0,0
290568,0,1,0,0,0,0,0,0,0,0,0,0
290568,1,1,0,0,0,0,0,0,0,0,0,0
290569,0,1,0,0,0,0,0,0,0,0,0,0
290569,1,1,0,0,0,0,0,0,20,0,0,0
290570,1,1,0,0,0,0,0,0,0,0,0,0
290570,2,1,0,0,0,0,0,0,0,0,0,0
290571,1,1,0,0,0,0,0,0,0,0,0,0
290571,2,1,0,0,0,0,0,0,0,0,0,0
290571,3,1,0,0,0,0,0,0,0,0,17,0
290572,0,1,0,0,0,0,0,0,0,0,0,0
290572,1,1,0,0,0,0,0,0,0,0,0,0
290573,0,1,0,0,0,0,0,0,0,0,0,0
290573,1,1,6,2,20,15,0,11,11,0,11,18
290574,1,1,7,7,7,7,7,7,7,7,7,7
290575,1,1,0,0,0,0,0,0,0,0,0,0
290576,1,1,17,17,17,17,17,17,17,17,17,17
290577,1,1,0,0,0,0,0,0,0,0,0,0
290577,2,1,0,0,0,0,0,0,0,0,0,0
290577,3,1,0,0,0,0,0,0,0,0,0,0
290577,4,1,0,0,0,0,0,0,0,0,0,0
290578,1,1,0,0,0,0,0,0,0,0,0,0
290578,2,1,1,1,1,1,1,1,1,1,1,1
290579,1,1,0,0,0,0,0,0,0,0,0,0
290579,2,1,0,0,0,0,0,0,0,21,0,0
290580,1,1,20,12,9,17,30,22,22,17,32,26
290581,1,1,2,2,2,2,2,2,2,2,2,2
290582,1,1,8,8,8,8,8,8,8,8,8,8
290582,2,1,0,0,0,0,0,0,0,0,0,0
290582,3,1,0,0,0,0,0,0,0,0,0,0
290583,0,1,0,0,0,0,0,0,35,14,0,25
290583,0,2,14,14,14,14,14,14,14,14,14,14
290583,1,1,0,0,0,0,0,0,0,0,0,0
290584,0,1,0,0,0,0,0,0,0,0,0,0
290584,1,1,0,0,0,0,0,0,0,0,0,0
290585,1,1,28,28,28,28,28,28,28,28,28,28
290586,1,1,27,27,27,27,27,27,27,27,27,27
290587,0,1,13,13,13,13,13,13,13,13,13,13
290587,1,1,0,0,0,0,0,0,0,0,0,0
290588,1,1,0,0,0,0,0,0,0,0,0,0
290588,2,1,0,0,0,0,0,0,0,0,0,0
290589,1,1,0,0,0,0,0,0,0,0,0,0
290590,1,1,0,0,0,0,0,0,0,0,0,0
290591,1,1,30,30,30,30,30,30,30,30,30,30
290592,1,1,0,0,0,0,0,0,0,0,0,0
290592,2,1,0,0,0,0,0,0,0,0,0,0
290592,3,1,0,0,0,0,0,0,0,0,0,0
290593,1,1,0,29,12,7,8,10,18,26,14,8
290594,1,1,23,23,23,23,23,23,23,23,23,23
290595,1,1,0,0,0,0,0,0,0,0,0,0
290595,2,1,0,0,0,0,0,0,0,0,0,0
290596,0,1,14,0,0,0,21,0,8,9,0,23
290596,1,1,0,0,0,0,0,0,0,0,0,0
290597,1,1,0,0,0,0,0,0,0,0,0,0
290597,2,1,0,0,0,0,0,0,0,0,0,0
290598,1,1,0,0,0,0,0,0,0,0,0,0
290598,2,1,0,0,0,0,0,0,0,0,0,0
290599,1,1,30,30,30,30,30,30,30,30,30,30
290600,0,1,37,37,37,37,37,37,37,37,37,37
290600,1,1,0,0,0,0,0,0,0,0,0,0
290601,1,1,0,0,0,0,0,0,0,0,0,0
290602,1,1,0,0,0,0,0,0,0,0,0,0
290603,1,1,0,0,0,0,0,0,0,0,0,0
290603,2,1,0,0,0,0,0,0,0,0,0,0
290604,1,1,0,0,0,0,0,0,0,0,0,0
290604,2,1,0,0,0,0,0,0,0,0,0,0
290605,1,1,23,23,23,23,23,23,23,23,23,23
290605,2,1,0,0,0,0,0,0,0,0,0,0
290606,1,1,0,0,0,0,0,0,0,0,0,0
290606,2,1,0,0,0,0,0,0,0,0,0,0
290607,0,1,12,12,12,12,12,12,12,12,12,12
290607,1,1,0,0,0,0,0,0,0,0,0,0
290608,1,1,27,27,27,27,27,27,27,27,27,27
290609,1,1,0,0,0,0,0,0,0,0,0,30
290609,2,1,0,0,0,0,0,0,0,0,0,0
290610,1,1,0,0,0,0,0,0,0,0,0,0
290611,1,1,13,13,13,13,13,13,13,13,13,13
290612,1,1,1,1,1,1,1,1,1,1,1,1
290613,1,1,0,0,0,0,0,0,0,0,0,0
290614,1,1,0,0,0,0,0,0,0,0,0,0
290615,1,1,0,0,0,0,0,0,0,0,0,0
290616,1,1,0,0,0,0,0,0,0,0,0,0
290616,2,1,0,0,0,0,0,0,0,0,0,0
290617,0,1,10,0,0,21,0,12,35,0,0,16
290617,1,1,13,13,10,0,6,8,14,0,17,15
290618,1,1,9,5,9,6,11,4,6,15,0,26
290618,2,1,0,0,0,0,0,0,0,0,0,0
290619,1,1,0,0,0,0,0,0,0,0,0,0
290619,2,1,18,0,4,18,0,0,0,0,0,0
290620,1,1,0,0,0,0,0,0,0,0,0,0
290620,2,1,0,0,0,0,0,0,0,0,0,0
290620,3,1,0,0,0,0,0,0,0,0,0,0
290621,1,1,0,0,0,0,0,0,0,0,0,0
290621,2,1,0,0,0,0,0,0,0,0,0,0
290621,3,1,0,0,0,0,0,0,0,0,0,0
290622,1,1,0,0,0,0,0,0,0,0,0,0
290622,2,1,0,0,0,0,0,0,0,0,0,0
290623,1,1,0,0,0,0,0,0,0,0,0,0
290624,1,1,0,0,0,0,0,0,0,0,0,0
290624,2,1,0,0,0,0,0,0,0,0,0,0
290625,1,1,15,15,15,15,15,15,15,15,15,15
290626,1,1,0,0,0,0,0,0,0,0,0,0
290626,2,1,0,0,0,0,0,0,0,0,0,0
290627,0,1,21,21,21,21,21,21,21,21,21,21
290627,1,1,0,0,0,0,0,0,0,0,0,0
290628,1,1,15,15,15,15,15,15,15,15,15,15
290628,2,1,0,0,0,0,0,0,0,0,0,0
290629,1,1,7,7,7,7,7,7,7,7,7,7
290629,2,1,1,1,1,1,1,1,1,1,1,1