ST_CASE,VEH_NO,PER_NO,P1,P2,P3,P4,P5,P6,P7,P8,P9,P10
290948,2,1,0,0,0,0,0,0,0,0,0,0
290948,3,1,0,0,0,0,0,0,0,0,0,0
290949,1,1,28,28,28,28,28,28,28,28,28,28
290950,1,1,0,0,0,0,0,0,0,0,0,0
290950,2,1,0,0,0,0,0,0,0,0,0,0
290952,1,1,0,16,21,0,17,0,12,0,0,0
290952,2,1,0,0,0,0,0,0,0,0,0,0
290953,1,1,0,0,0,4,0,0,0,0,16,4
290954,1,1,0,0,0,0,0,0,0,0,0,0
290954,2,1,1,1,1,1,1,1,1,1,1,1
290954,3,1,0,0,0,0,0,0,0,0,0,0
290955,1,1,0,0,0,0,0,0,0,0,0,0
300001,0,1,21,21,21,21,21,21,21,21,21,21
300001,1,1,0,0,10,0,0,0,27,0,0,0
300002,1,1,35,35,35,35,35,35,35,35,35,35
300003,0,1,10,10,10,10,10,10,10,10,10,10
300003,1,1,0,0,0,0,0,0,0,0,0,0
300004,1,1,25,25,25,25,25,25,25,25,25,25
300005,1,1,23,23,23,23,23,23,23,23,23,23
300006,1,1,14,14,14,14,14,14,14,14,14,14
300006,2,1,0,0,0,0,0,0,0,0,0,0
300007,1,1,0,0,0,0,0,0,0,0,0,0
300007,2,1,0,0,0,0,0,0,0,0,0,0
300008,1,1,28,10,15,26,22,10,14,44,34,13
300009,1,1,0,0,0,0,0,0,0,0,0,0
300010,1,1,0,0,0,0,0,0,0,0,0,0
300011,1,1,0,0,0,0,0,0,0,0,0,0
300011,2,1,0,0,0,0,0,0,0,0,0,0
300012,1,1,8,8,8,8,8,8,8,8,8,8
300013,1,1,0,0,0,0,0,0,0,0,0,0
300013,2,1,0,0,0,0,0,0,0,0,0,0
300013,3,1,0,0,0,0,0,0,0,0,0,0
300013,4,1,0,13,0,22,0,0,0,0,0,0
300014,1,1,0,0,24,0,13,0,0,0,0,0
300014,2,1,0,0,0,0,10,0,0,0,0,0
300015,0,1,25,25,25,25,25,25,25,25,25,25
300015,1,1,19,19,19,19,19,19,19,19,19,19
300016,1,1,0,0,0,0,0,0,0,0,0,0
300017,1,1,26,26,26,26,26,26,26,26,26,26
300018,1,1,29,29,29,29,29,29,29,29,29,29
300019,1,1,16,16,16,16,16,16,16,16,16,16
300019,2,1,0,0,0,0,0,0,0,0,0,0
300021,1,1,0,0,0,0,0,2,0,0,0,0
300022,1,1,0,0,0,0,0,0,0,0,0,0
300022,2,1,0,0,0,0,0,0,0,0,0,0
300023,1,1,0,0,0,0,0,0,0,0,0,0
300024,1,1,22,22,22,22,22,22,22,22,22,22
300025,1,1,22,22,22,22,22,22,22,22,22,22
300025,2,1,0,0,0,0,0,0,0,0,0,0
300025,3,1,0,0,0,0,0,0,0,0,0,0
300026,1,1,0,0,0,0,0,0,0,0,0,0
300027,1,1,0,0,0,19,0,0,0,0,0,0
300028,1,1,0,0,0,0,0,0,0,0,0,0
300028,2,1,0,0,0,0,0,0,0,0,0,0
300029,1,1,24,24,24,24,24,24,24,24,24,24
300030,0,1,9,9,9,9,9,9,9,9,9,9
300030,1,1,0,0,0,0,0,0,0,0,0,0
300031,1,1,0,0,0,0,0,0,0,0,0,0
300031,2,1,0,0,0,0,0,0,0,0,0,0
300032,1,1,0,0,0,0,0,0,0,0,0,0
300033,1,1,19,19,19,19,19,19,19,19,19,19
300034,1,1,0,0,0,0,0,33,0,0,22,0
300034,2,1,0,0,0,0,0,0,0,0,0,0
300035,1,1,36,36,36,36,36,36,36,36,36,36
300036,1,1,20,20,20,20,20,20,20,20,20,20
300037,1,1,0,0,0,0,0,0,0,0,0,0
300038,1,1,23,23,23,23,23,23,23,23,23,23
300039,1,1,0,0,0,0,0,0,0,0,0,0
300039,2,1,0,0,0,0,0,0,0,0,0,0
300040,1,1,10,10,10,10,10,10,10,10,10,10
300041,1,1,0,0,0,0,0,0,0,0,0,9
300042,1,1,0,0,0,0,0,0,0,0,0,0
300043,1,1,0,0,0,0,0,0,0,0,0,0
300043,2,1,0,0,0,0,0,0,0,0,0,0
300044,1,1,33,33,33,33,33,33,33,33,33,33
300045,1,1,12,12,12,12,12,12,12,12,12,12
300045,2,1,0,0,0,14,0,0,0,0,0,14
300046,1,1,0,0,0,0,0,0,0,0,0,0
300047,1,1,0,0,0,14,0,0,0,0,0,0
300048,1,1,13,13,13,13,13,13,13,13,13,13
300049,0,1,10,10,10,10,10,10,10,10,10,10
300049,1,1,0,0,0,0,0,0,0,0,0,0
300050,1,1,9,9,9,9,9,9,9,9,9,9
300051,1,1,13,13,13,13,13,13,13,13,13,13
300052,1,1,21,21,21,21,21,21,21,21,21,21
300053,1,1,6,6,6,6,6,6,6,6,6,6
300054,1,1,0,0,0,0,0,0,0,0,0,0
300055,1,1,0,0,0,0,0,0,0,0,0,0
300056,1,1,14,14,14,14,14,14,14,14,14,14
300057,1,1,0,0,0,0,0,0,0,0,0,0
300058,1,1,0,0,0,0,0,0,0,0,0,0
300059,1,1,0,0,0,0,0,0,0,0,0,0
300060,1,1,0,0,0,15,0,0,0,0,17,0
300061,1,1,0,0,0,0,0,0,0,0,0,0
300062,1,1,0,0,0,0,0,0,0,0,0,0
300063,1,1,20,20,20,20,20,20,20,20,20,20
300063,2,1,0,0,0,0,0,0,0,0,0,0
300064,1,1,24,24,24,24,24,24,24,24,24,24
300065,1,1,17,17,17,17,17,17,17,17,17,17
300065,2,1,0,0,0,0,0,0,0,0,0,0
300066,1,1,26,26,26,26,26,26,26,26,26,26
300067,1,1,11,6,19,0,20,0,20,38,8,25
300068,1,1,0,21,0,0,0,0,0,22,0,17
300069,1,1,0,0,0,0,0,0,0,0,0,0
300070,1,1,18,18,18,18,18,18,18,18,18,18
300071,1,1,0,0,0,0,0,0,0,0,0,0
300072,1,1,0,0,0,0,0,0,0,0,0,0
300073,1,1,0,0,0,0,0,0,0,0,0,0
300073,2,1,0,0,0,0,0,0,0,0,0,0
300073,3,1,0,0,0,0,0,0,0,0,0,0
300074,1,1,0,0,0,0,0,0,0,0,0,0
300075,1,1,24,24,24,24,24,24,24,24,24,24
300076,1,1,22,22,22,22,22,22,22,22,22,22
300076,2,1,0,0,0,0,0,0,0,0,0,0
300077,1,1,0,0,0,0,0,0,0,0,0,0
300078,1,1,9,9,9,9,9,9,9,9,9,9
300079,1,1,0,0,0,0,0,0,0,0,0,0
300080,1,1,8,8,8,8,8,8,8,8,8,8
300080,2,1,0,0,0,0,0,0,0,0,0,0
300081,1,1,24,24,24,24,24,24,24,24,24,24
300081,2,1,0,0,0,0,0,0,0,0,0,0
300082,1,1,0,0,0,0,0,0,0,0,0,0
300083,0,1,0,0,0,0,0,0,0,0,0,0
300083,1,1,21,21,21,21,21,21,21,21,21,21
300084,1,1,26,3,15,6,6,0,12,13,34,0
300085,1,1,9,0,0,13,19,15,15,25,0,13
300086,1,1,0,0,0,0,0,0,0,0,0,0
300086,2,1,0,0,0,0,0,0,0,0,0,0
300087,1,1,35,35,35,35,35,35,35,35,35,35
300088,1,1,11,10,0,8,0,0,11,0,9,23
300089,1,1,15,15,15,15,15,15,15,15,15,15
300089,2,1,0,0,0,0,0,0,0,0,0,0
300090,1,1,0,0,0,0,0,0,0,0,0,0
300090,2,1,0,0,0,0,0,0,0,0,0,0
300091,1,1,0,0,0,0,0,0,0,0,0,0
300092,1,1,0,0,0,0,0,0,0,0,0,0
300093,1,1,0,0,0,0,0,0,0,0,0,0
300093,2,1,0,19,24,0,0,0,0,0,0,21
300094,1,1,20,20,20,20,20,20,20,20,20,20
300095,1,1,0,0,0,0,0,0,0,0,0,0
300095,2,1,0,0,0,0,0,0,0,0,0,0
300095,3,1,0,0,0,0,0,0,0,0,0,0
300096,1,1,0,0,0,0,0,0,0,0,0,0
300097,1,1,0,0,0,0,0,0,0,0,0,0
300097,2,1,0,0,0,0,0,0,0,0,0,0
300098,1,1,23,20,43,17,18,20,25,9,19,7
300098,2,1,0,0,0,0,0,0,0,31,0,0
300099,1,1,11,11,11,11,11,11,11,11,11,11
300100,1,1,23,9,8,20,29,16,39,13,6,29
300101,1,1,19,19,19,19,19,19,19,19,19,19
300102,1,1,24,24,24,24,24,24,24,24,24,24
300103,1,1,0,0,0,0,0,0,0,0,0,0
300103,2,1,0,0,0,0,0,0,0,0,0,0
300104,1,1,13,26,23,35,7,37,19,33,30,20
300105,1,1,0,0,0,22,0,0,0,14,0,0
300106,1,1,0,0,0,0,0,0,0,0,0,0
300107,1,1,0,0,0,0,0,0,0,0,0,0
300107,2,1,11,11,0,0,0,13,0,0,0,0
300108,1,1,2,2,2,2,2,2,2,2,2,2
300109,1,1,0,0,0,0,0,0,0,0,0,0
300110,1,1,0,0,0,0,0,0,0,0,0,0
300111,1,1,0,0,0,0,0,0,0,0,0,0
300111,2,1,0,0,0,0,0,0,0,0,0,0
300113,1,1,0,0,0,0,0,0,0,0,0,0
300114,1,1,16,24,8,15,17,19,10,10,7,31
300114,2,1,5,2,6,0,5,0,10,10,0,6
300115,1,1,0,0,0,0,0,0,0,0,0,0
300116,1,1,0,0,0,0,0,0,0,0,0,0
300117,1,1,32,32,32,32,32,32,32,32,32,32
300118,1,1,11,11,11,11,11,11,11,11,11,11
300119,1,1,0,0,0,0,0,0,0,0,0,0
300120,1,1,17,17,17,17,17,17,17,17,17,17
300121,0,1,0,0,0,0,0,0,0,0,0,0
300121,1,1,0,0,0,0,0,0,0,0,0,0
300122,1,1,0,0,0,0,0,0,0,0,0,0
300122,2,1,0,0,0,0,0,0,0,0,0,0
300123,1,1,0,0,0,0,0,0,0,0,0,0
300124,1,1,0,0,0,0,0,0,0,0,0,0
300125,1,1,3,3,3,3,3,3,3,3,3,3
300126,1,1,10,10,10,10,10,10,10,10,10,10
300127,1,1,0,0,0,0,0,0,0,0,0,0
300127,2,1,0,0,0,0,0,0,0,0,0,0
300128,1,1,8,8,8,8,8,8,8,8,8,8
300129,1,1,0,0,0,0,0,0,0,0,0,0
300130,1,1,0,0,0,0,0,0,0,0,0,0
300131,1,1,0,0,7,0,0,0,0,0,12,0
300132,1,1,0,0,0,0,0,0,0,0,0,0
300133,1,1,24,12,14,0,0,10,41,0,0,12
300134,1,1,0,0,0,0,0,0,0,0,0,0
300135,1,1,0,0,0,0,0,0,0,0,0,0
300135,2,1,0,0,0,0,0,0,0,0,0,0
300136,1,1,13,13,13,13,13,13,13,13,13,13
300137,1,1,31,31,31,31,31,31,31,31,31,31
300138,1,1,0,0,0,0,0,0,0,0,0,0
300138,2,1,0,0,0,0,0,0,0,0,0,0
300139,1,1,28,28,28,28,28,28,28,28,28,28
300140,1,1,0,0,0,0,0,0,0,0,0,0
300141,1,1,0,0,0,0,0,0,0,0,0,0
300142,1,1,0,0,0,0,0,0,0,0,0,0
300143,1,1,0,0,0,0,0,0,0,0,18,0
300144,1,1,0,0,0,0,0,0,0,0,0,0
300145,1,1,26,26,26,26,26,26,26,26,26,26
300146,1,1,24,24,24,24,24,24,24,24,24,24
300147,1,1,0,0,33,18,30,0,10,19,0,37
300148,1,1,0,0,0,0,0,0,0,0,0,0
300149,1,1,17,17,17,17,17,17,17,17,17,17
300150,1,1,14,23,13,16,17,3,10,0,6,23
300151,1,1,0,0,0,0,0,0,0,0,0,0
300152,1,1,31,15,9,12,33,28,0,15,9,0
300153,1,1,22,22,22,22,22,22,22,22,22,22
300153,2,1,0,0,0,0,0,0,0,0,0,0
300154,1,1,29,10,22,29,17,27,23,22,15,0
300154,2,1,0,16,0,0,0,0,0,0,0,0
300155,1,1,32,32,32,32,32,32,32,32,32,32
300156,1,1,19,19,19,19,19,19,19,19,19,19
300156,2,1,0,0,0,0,0,0,0,0,0,0
300157,1,1,15,15,15,15,15,15,15,15,15,15
300158,0,1,0,0,0,0,0,0,0,0,0,0
300158,1,1,0,0,0,0,0,0,0,0,0,0
300159,1,1,11,14,17,20,17,24,12,21,0,19
300160,1,1,0,11,21,25,11,18,36,26,20,0
300161,1,1,0,0,0,0,0,0,0,0,0,0
300161,2,1,0,0,0,0,0,0,0,0,0,0
300162,1,1,0,0,0,0,0,0,0,0,0,0
300163,1,1,17,17,17,17,17,17,17,17,17,17
300163,2,1,0,0,0,0,0,0,0,0,0,0
300164,1,1,0,0,0,0,0,0,0,0,0,0
300165,0,1,40,40,40,40,40,40,40,40,40,40
300165,1,1,0,0,0,0,0,0,0,0,0,0
300166,1,1,11,11,11,11,11,11,11,11,11,11
300167,1,1,0,0,0,0,0,0,0,0,0,0
300168,1,1,22,22,22,22,22,22,22,22,22,22
300169,1,1,0,0,0,0,0,0,0,0,0,0
300170,1,1,0,0,0,0,10,0,0,0,47,0
300171,1,1,0,0,0,0,0,0,0,16,0,0
300172,1,1,0,0,0,0,0,0,0,0,0,19
300173,1,1,0,0,0,0,0,0,0,0,0,0
300173,2,1,0,0,0,0,0,0,0,0,0,0
300173,3,1,0,0,8,0,0,0,0,0,0,0
300174,1,1,0,0,0,0,0,0,0,0,26,0
300175,1,1,20,20,20,20,20,20,20,20,20,20
300176,1,1,32,32,32,32,32,32,32,32,32,32
300177,0,1,2,2,2,2,2,2,2,2,2,2
300177,1,1,0,0,0,0,0,0,0,0,0,0
300178,1,1,0,0,0,0,0,0,0,0,0,0
300179,0,1,19,0,0,0,0,0,0,0,0,0
300179,1,1,8,8,8,8,8,8,8,8,8,8
300180,0,1,25,25,25,25,25,25,25,25,25,25
300180,1,1,5,5,5,5,5,5,5,5,5,5
300181,1,1,17,20,13,34,24,7,15,24,16,0
300182,1,1,23,23,23,23,23,23,23,23,23,23
300183,1,1,20,20,20,20,20,20,20,20,20,20
300184,1,1,0,0,0,0,0,0,0,0,0,0
300184,2,1,0,0,0,0,0,0,0,0,0,0
300185,1,1,14,14,14,14,14,14,14,14,14,14
300186,1,1,22,21,0,23,9,20,9,34,32,11
300187,1,1,0,0,0,0,0,0,0,0,0,0
300187,2,1,0,0,0,0,0,0,0,0,0,0
300188,1,1,0,0,0,0,0,0,0,0,0,0
300188,2,1,12,12,12,12,12,12,12,12,12,12
300189,1,1,0,0,0,0,0,0,0,0,0,0
300190,1,1,0,0,0,0,0,0,0,0,0,0
300190,2,1,0,0,0,0,0,0,0,0,0,0
300191,1,1,23,28,20,21,17,16,25,25,28,11
300192,0,1,0,0,0,0,0,0,0,0,0,0
300192,1,1,0,0,0,0,0,0,0,0,0,0
300193,1,1,0,0,0,0,0,0,17,0,0,0
300194,1,1,0,0,0,0,0,0,0,0,0,0
300194,2,1,0,0,0,0,0,0,0,0,0,0
300195,1,1,4,4,4,4,4,4,4,4,4,4
300196,1,1,0,0,13,15,0,0,13,0,0,0
300196,2,1,0,0,0,3,0,0,0,31,0,0
300197,1,1,0,28,12,14,0,17,20,23,0,0
300198,1,1,0,0,0,13,0,0,16,0,0,0
300198,2,1,0,0,0,0,0,0,0,0,0,0
300199,1,1,21,18,0,0,0,0,22,0,23,0
300199,2,1,0,0,0,0,0,0,8,0,0,0
300200,1,1,8,32,0,0,18,0,41,0,0,23
300201,1,1,14,9,13,12,16,36,18,18,14,10
300202,1,1,0,0,0,0,0,0,0,0,0,0
300202,2,1,0,20,0,0,0,0,21,0,13,0
300203,1,1,37,24,4,10,2,19,0,16,0,12
300204,1,1,9,20,9,14,18,0,0,6,0,24
300204,2,1,14,18,15,5,20,0,10,15,14,12
300205,1,1,0,0,0,0,0,0,0,0,0,0
300206,1,1,0,26,16,0,0,13,0,0,28,0
300206,2,1,0,0,0,0,0,0,0,0,0,0
300207,1,1,9,0,16,2,11,11,13,19,0,37
300207,2,1,0,0,0,0,0,0,0,0,0,0
300208,0,1,16,0,0,0,0,21,37,29,0,0
300208,1,1,12,16,24,17,16,13,13,17,11,12
300209,1,1,21,15,14,24,13,24,16,31,12,8
300210,0,1,0,0,26,0,0,0,7,0,18,19
300210,1,1,0,8,17,0,0,0,0,28,0,22
300211,1,1,0,11,0,23,0,25,20,0,0,29
300212,0,1,0,8,25,0,11,0,0,0,0,20
300212,1,1,26,17,0,0,15,31,23,14,12,12
300213,0,1,0,0,43,0,25,0,0,0,0,0
300213,1,1,0,0,0,0,0,0,0,0,0,0
300214,0,1,0,0,22,0,0,16,0,0,0,0
300214,1,1,0,0,0,0,0,0,0,0,0,0
300214,2,1,0,0,0,0,0,0,0,0,0,0
300215,1,1,0,0,0,0,0,0,0,0,0,0
300215,2,1,0,0,0,0,0,0,0,0,0,0
300216,0,1,0,0,0,0,0,35,11,0,0,0
300216,1,1,0,0,0,0,0,0,0,0,0,0
300217,0,1,25,18,16,24,11,9,18,0,13,15
300217,1,1,0,0,0,0,0,0,0,0,10,0
300218,1,1,0,0,0,7,0,0,0,0,0,0
300218,2,1,0,0,0,0,0,0,0,0,0,0
300219,1,1,0,0,0,0,0,26,0,0,0,0
300219,2,1,0,0,0,0,0,0,0,0,0,0
300220,1,1,0,0,0,0,0,0,0,0,42,0
300220,2,1,0,0,16,0,0,0,0,0,0,0
300221,1,1,0,0,0,0,0,0,0,0,0,0
300221,2,1,0,0,0,0,0,0,0,0,0,0
300222,1,1,0,0,0,0,0,0,0,0,0,0
300223,1,4,18,14,0,0,15,18,0,0,0,12
300224,0,1,0,0,0,0,0,0,0,0,20,0
300224,1,1,0,16,11,0,21,0,0,0,0,12
310001,1,1,0,0,0,0,0,0,0,0,0,0
310002,1,1,13,0,0,6,0,0,7,5,0,0
310003,1,1,19,19,19,19,19,19,19,19,19,19
310004,1,1,0,0,17,0,2,0,0,11,0,18
310004,2,1,0,0,0,0,0,0,0,0,0,0
310004,3,1,0,26,0,0,0,0,0,0,0,4
310004,4,1,0,0,0,0,0,0,0,0,0,0
310005,1,1,0,0,0,0,0,0,0,0,0,0
310005,2,1,0,0,0,0,0,0,0,0,0,0
310005,3,1,0,0,0,0,0,0,0,0,0,0
310005,4,1,0,0,0,0,0,0,0,0,0,0
310006,1,1,19,27,32,29,26,21,18,21,17,31
310007,1,1,7,16,14,8,17,13,0,13,11,13
310007,2,1,0,0,0,0,0,0,0,0,0,0
310007,3,1,0,0,0,0,0,0,0,0,0,0
310007,4,1,0,0,0,0,0,0,0,0,0,20
310008,1,1,0,0,0,0,0,0,0,0,0,0
310008,2,1,0,0,0,0,0,0,0,0,0,0
310009,1,1,3,12,18,0,31,28,10,10,24,12
310009,2,1,0,0,0,0,0,0,0,0,0,0
310009,3,1,0,0,0,0,0,0,0,0,0,0
310010,1,1,0,0,0,0,0,0,0,0,0,0
310010,2,1,0,0,0,0,0,0,0,0,0,0
310011,1,1,0,0,0,0,0,0,0,0,0,10
310011,2,1,0,0,0,0,0,0,0,0,0,0
310012,1,1,0,24,0,0,0,0,0,0,9,0
310012,2,1,0,0,0,0,0,0,0,0,0,0
310013,1,1,0,0,0,0,0,0,0,0,0,0
310013,2,1,0,0,0,0,0,0,0,0,0,0
310014,1,1,0,0,0,0,0,0,0,0,0,0
310014,2,1,0,0,0,0,0,0,0,0,0,0
310015,1,1,0,0,0,0,0,0,0,0,0,0
310015,2,1,0,0,0,0,0,0,0,0,0,0
310016,1,1,0,0,0,0,26,0,19,0,0,0
310017,1,1,0,0,0,0,0,0,0,0,0,0
310017,2,1,0,0,0,0,0,0,0,0,0,0
310018,1,1,11,0,13,0,0,0,22,0,0,0
310018,2,1,25,11,18,14,5,12,17,4,0,22
310019,1,1,35,35,35,35,35,35,35,35,35,35
310020,1,1,0,0,0,0,0,0,0,0,0,0
310020,2,1,0,0,0,0,0,0,0,0,0,0
310021,1,1,36,36,36,36,36,36,36,36,36,36
310021,2,1,0,0,0,0,0,0,0,0,0,0
310022,1,1,0,0,0,0,0,0,0,0,0,0
310022,2,1,0,0,0,0,0,0,0,0,0,0
310023,1,1,0,0,0,0,0,0,0,0,0,0
310023,2,1,0,0,0,0,0,0,0,0,0,0
310024,1,1,0,0,17,20,0,22,22,0,0,0
310024,2,1,0,0,25,0,0,0,0,0,20,0
310025,1,1,21,28,64,12,27,24,10,15,9,16
310026,1,1,27,27,27,27,27,27,27,27,27,27
310027,0,1,0,0,0,0,0,0,0,0,0,0
310027,0,2,0,0,0,0,0,0,0,0,0,0
310027,1,1,0,0,15,0,0,0,0,0,0,0
310028,1,1,0,0,0,0,0,0,0,0,0,0
310030,1,1,0,0,0,0,0,0,0,0,0,0
310030,2,1,0,0,0,0,0,0,0,0,9,0
310031,1,1,0,0,0,0,0,0,0,0,0,0
310031,2,1,0,0,0,0,0,0,0,0,0,0
310032,1,1,0,0,0,0,0,0,0,0,0,0
310033,1,1,24,24,24,24,24,24,24,24,24,24
310034,1,1,0,0,0,0,0,0,0,0,0,0
310034,2,1,0,0,0,0,0,0,0,0,0,0
310035,1,1,21,21,21,21,21,21,21,21,21,21
310036,1,1,0,0,0,0,0,0,0,0,0,0
310036,2,1,0,0,0,0,0,0,0,0,0,0
310037,1,1,0,0,0,0,0,0,0,0,0,0
310037,2,1,0,0,0,0,0,0,0,0,0,0
310038,1,1,0,0,0,0,0,0,0,0,0,0
310038,2,1,0,0,0,0,0,0,0,0,0,0
310039,1,1,0,0,0,0,0,0,0,0,0,0
310039,2,1,0,0,0,0,0,0,0,0,0,0
310040,1,1,2,2,2,2,2,2,2,2,2,2
310041,1,1,0,0,0,0,0,0,0,0,0,0
310041,2,1,0,0,0,0,0,0,0,0,0,0
310042,1,1,0,0,0,0,0,0,0,0,0,0
310042,2,1,0,0,0,0,0,0,0,0,0,0
310042,3,1,0,0,0,0,0,0,0,0,0,0
310043,1,1,0,0,0,0,0,0,0,0,0,0
310043,2,1,0,0,0,0,0,0,0,0,0,0
310044,1,1,12,21,39,0,0,0,0,0,0,0
310044,2,1,13,17,9,0,0,0,0,0,0,0
310045,1,1,2,2,2,2,2,2,2,2,2,2
310045,2,1,29,29,29,29,29,29,29,29,29,29
310045,3,1,0,0,0,0,0,0,0,0,0,0
310046,1,1,16,16,16,16,16,16,16,16,16,16
310047,1,1,0,0,0,0,0,0,0,0,0,0
310047,2,1,15,15,15,15,15,15,15,15,15,15
310048,1,1,0,0,0,22,20,42,0,19,0,34
310049,1,1,0,0,0,23,16,0,0,8,0,0
310050,1,1,0,0,0,9,22,0,0,0,0,0
310050,2,1,0,0,0,0,0,0,0,0,0,0
310051,1,1,0,0,0,0,0,0,0,0,0,0
310052,1,1,0,0,0,0,0,0,0,0,0,0
310052,2,1,0,0,0,0,0,0,0,0,0,0
310053,1,1,26,0,0,0,0,0,0,0,23,0
310054,1,1,0,0,0,0,0,0,0,0,0,0
310054,2,1,0,0,0,0,0,0,0,0,0,0
310055,1,1,24,24,24,24,24,24,24,24,24,24
310056,1,1,0,0,15,13,0,30,23,0,0,0
310057,1,1,0,0,0,0,0,0,0,0,0,0
310057,2,1,0,0,0,0,0,0,0,0,0,0
310058,0,1,29,0,0,0,0,0,0,0,0,0
310058,1,1,9,0,9,15,9,17,0,19,12,17
310059,1,1,0,0,0,0,0,0,0,0,0,0
310060,1,1,0,13,0,0,0,0,12,0,6,0
310060,2,1,0,0,0,0,0,0,0,0,0,0
310061,0,1,0,0,0,0,0,0,0,0,0,0
310061,0,2,0,0,0,0,0,0,0,0,0,0
310061,1,1,0,0,0,0,0,0,0,0,0,0
310062,1,1,0,0,0,0,0,0,0,0,0,0
310063,1,1,0,0,0,0,0,0,0,0,0,0
310064,1,1,0,0,0,0,0,0,0,0,0,0
310064,2,1,0,0,0,0,0,0,0,0,0,0
310065,1,1,0,18,5,0,0,0,0,0,0,0
310066,1,1,0,0,0,0,0,0,0,0,0,0
310067,1,1,0,0,0,0,0,0,0,0,0,0
310067,2,1,0,0,0,0,0,0,0,0,0,0
310068,1,1,0,0,0,0,0,0,0,0,0,0
310068,2,1,0,0,0,0,0,0,0,0,0,0
310069,1,1,0,0,0,0,0,0,0,0,0,0
310069,2,1,0,0,0,0,0,0,0,0,0,0
310070,1,1,0,0,0,0,0,0,0,0,0,0
310070,2,1,0,0,0,0,0,0,0,0,0,0
310071,1,1,0,0,0,0,29,0,0,13,29,19
310071,2,1,0,0,0,0,0,0,0,0,0,0
310072,1,1,0,0,0,0,0,0,0,0,0,0
310072,2,1,0,0,0,0,0,0,0,0,0,0
310073,1,1,0,0,0,0,0,0,0,0,0,0
310073,2,1,0,0,0,0,0,0,6,0,0,0
310074,1,1,0,14,0,13,11,0,0,16,31,0
310075,1,1,0,0,0,0,0,0,0,0,0,0
310075,2,1,0,0,0,0,0,0,0,0,0,0
310076,1,1,19,19,19,19,19,19,19,19,19,19
310077,1,1,21,0,0,0,23,0,8,0,0,0
310078,1,1,0,0,0,0,0,0,0,0,0,0
310078,2,1,13,13,13,13,13,13,13,13,13,13
310079,1,1,0,0,0,0,0,0,0,0,0,0
310079,2,1,24,24,24,24,24,24,24,24,24,24
310080,1,1,28,28,28,28,28,28,28,28,28,28
310080,2,1,0,0,0,0,0,0,0,0,0,0
310082,1,1,0,0,0,0,0,0,0,0,0,0
310082,2,1,0,0,0,0,0,0,0,0,0,0
310083,1,1,0,30,0,22,0,0,4,0,0,0
310084,1,1,0,0,0,0,0,0,0,0,0,0
310085,1,1,0,0,0,0,0,0,0,0,0,0
310085,2,1,0,0,0,0,0,0,0,0,0,0
310086,1,1,27,27,27,27,27,27,27,27,27,27
310087,0,1,28,28,28,28,28,28,28,28,28,28
310087,1,1,5,5,5,5,5,5,5,5,5,5
310087,2,1,0,0,0,0,0,0,0,0,0,0
310087,3,1,0,0,0,0,0,0,0,0,0,0
310088,2,1,11,11,11,11,11,11,11,11,11,11
310089,1,1,9,9,9,9,9,9,9,9,9,9
310090,1,1,0,0,0,0,0,0,0,0,0,0
310090,2,1,0,0,0,0,0,0,0,0,0,0
310091,1,1,0,0,0,0,0,0,0,0,0,0
310091,2,1,0,0,0,0,0,0,0,0,0,0
310092,1,1,0,0,0,0,0,0,0,0,0,0
310092,2,1,0,0,0,0,0,0,0,0,0,0
310093,1,1,0,0,0,0,0,0,0,0,0,0
310093,2,1,19,0,0,0,0,0,0,0,0,22
310094,1,1,0,0,0,0,0,0,0,0,0,0
310095,1,1,19,10,19,18,21,26,13,27,21,12
310096,0,1,0,0,0,0,0,0,0,0,0,0
310096,1,1,0,0,0,0,0,0,0,0,0,0
310097,1,1,0,0,0,0,0,0,0,0,0,0
310098,1,1,22,22,22,22,22,22,22,22,22,22
310099,1,1,0,0,0,0,0,0,0,0,0,0
310100,1,1,0,0,0,0,0,0,0,0,0,0
310100,2,1,0,0,0,0,0,0,0,0,0,0
310101,1,1,0,0,0,0,0,0,0,0,0,0
310102,1,1,24,24,24,24,24,24,24,24,24,24
310103,1,1,19,19,19,19,19,19,19,19,19,19
310104,1,1,0,0,0,0,0,0,0,0,0,0
310104,2,1,0,0,0,0,0,0,0,0,0,0
310105,1,1,8,8,8,8,8,8,8,8,8,8
310106,1,1,0,0,0,0,0,0,0,0,0,0
310107,0,1,0,0,0,0,15,0,0,0,0,0
310107,1,1,0,0,0,0,0,0,0,20,0,0
310108,1,1,0,0,0,0,0,0,0,0,0,0
310108,2,1,0,0,0,0,0,0,0,0,0,0