ST_CASE,VEH_NO,PER_NO,P1,P2,P3,P4,P5,P6,P7,P8,P9,P10
310109,1,1,0,0,0,0,0,0,0,0,0,0
310109,2,1,0,0,0,0,0,0,0,0,0,0
310109,3,1,0,0,0,0,0,0,0,0,0,0
310109,4,1,0,0,0,0,0,0,0,0,0,0
310110,0,1,0,0,0,0,0,0,0,0,0,0
310110,1,1,0,0,0,0,0,0,0,0,0,0
310111,1,1,13,13,13,13,13,13,13,13,13,13
310111,2,1,0,0,0,0,0,0,0,0,0,0
310112,1,1,18,18,18,18,18,18,18,18,18,18
310113,1,1,0,0,0,0,0,0,0,0,0,0
310113,2,1,0,18,0,0,0,0,0,0,0,0
310113,3,1,0,0,0,0,0,0,0,0,0,0
310113,4,1,0,0,0,0,0,0,0,0,0,0
310113,5,1,0,0,0,0,0,0,0,0,0,0
310113,6,1,0,0,0,0,0,0,0,0,0,0
310113,7,1,0,0,0,0,0,0,0,6,0,0
310113,8,1,0,0,0,0,0,0,0,0,0,0
310114,0,1,29,29,29,29,29,29,29,29,29,29
310114,1,1,0,0,0,0,0,0,0,0,0,0
310115,1,1,6,6,6,6,6,6,6,6,6,6
310116,1,1,0,0,0,0,13,0,0,0,0,0
310117,1,1,0,0,0,0,0,0,0,0,0,0
310117,2,1,0,0,0,0,0,0,0,0,0,0
310118,1,1,0,0,0,0,0,0,0,0,0,0
310118,2,1,0,0,0,0,0,0,0,0,0,0
310119,1,1,0,0,0,0,0,0,0,0,0,0
310119,2,1,0,0,0,0,0,0,0,0,0,0
310120,1,1,23,23,23,23,23,23,23,23,23,23
310121,1,1,0,0,0,0,0,0,0,0,0,0
310121,2,1,0,0,0,0,0,0,0,0,0,0
310122,1,1,30,30,30,30,30,30,30,30,30,30
310122,2,1,0,0,0,0,0,0,0,0,0,0
310123,1,1,0,0,0,0,0,0,0,0,0,0
310124,1,1,14,14,14,14,14,14,14,14,14,14
310125,1,1,0,0,0,0,0,0,0,0,0,0
310125,2,1,7,25,10,13,16,25,17,7,11,3
310126,1,1,8,8,8,8,8,8,8,8,8,8
310127,1,1,0,0,0,0,0,10,0,0,0,0
310127,2,1,0,0,0,0,0,0,0,0,0,0
310128,1,1,0,0,0,0,0,0,0,0,0,0
310128,2,1,0,9,0,0,0,6,0,0,13,0
310129,1,1,18,18,18,18,18,18,18,18,18,18
310130,1,1,15,4,0,0,0,0,0,0,0,0
310130,2,1,7,4,0,5,0,0,9,0,0,5
310131,1,1,0,0,0,0,0,0,0,0,0,0
310132,1,1,7,13,27,16,15,24,13,0,0,15
310133,1,1,0,0,0,0,0,0,0,0,0,0
310133,2,1,0,0,0,0,0,0,0,5,0,0
310134,1,1,10,10,10,10,10,10,10,10,10,10
310135,1,1,0,19,0,0,0,0,0,0,0,0
310136,1,1,0,0,0,0,0,0,0,0,0,0
310136,2,1,0,0,0,0,0,0,0,0,0,0
310137,1,1,29,29,29,29,29,29,29,29,29,29
310138,1,1,21,21,21,21,21,21,21,21,21,21
310139,0,1,11,41,13,17,27,0,10,39,15,21
310139,1,1,2,2,2,2,2,2,2,2,2,2
310140,1,1,15,0,0,0,0,0,0,0,0,0
310140,2,1,0,0,0,0,0,0,0,0,0,0
310141,1,1,0,0,0,0,0,0,0,0,0,0
310141,2,1,0,0,0,0,0,0,0,0,0,0
310142,1,1,0,0,0,0,0,0,0,0,0,0
310142,2,1,0,0,0,0,0,0,0,0,0,0
310143,1,1,0,0,0,0,0,0,0,0,4,0
310143,2,1,2,2,2,2,2,2,2,2,2,2
310144,1,1,0,0,0,0,0,0,0,0,0,0
310145,0,1,21,21,21,21,21,21,21,21,21,21
310145,1,1,0,0,0,0,0,0,0,0,0,0
310146,1,1,0,0,0,0,0,0,0,0,0,0
310147,1,1,0,0,0,0,0,0,0,0,0,0
310148,1,1,8,3,0,9,0,15,31,15,16,0
310149,1,1,0,21,16,0,0,21,0,0,9,0
310149,2,1,0,22,0,0,0,0,0,0,0,0
310149,3,1,0,0,0,0,12,0,0,6,0,0
310150,1,1,1,1,1,1,1,1,1,1,1,1
310150,2,1,0,0,8,8,0,11,0,0,0,11
310151,1,1,0,0,0,0,0,0,0,0,0,0
310152,0,1,0,0,0,0,0,0,0,0,0,0
310152,1,1,0,0,0,0,0,0,0,0,0,0
310153,1,1,0,0,28,0,9,0,0,14,12,0
310154,1,1,0,0,0,0,0,23,0,0,0,0
310155,1,1,22,22,22,22,22,22,22,22,22,22
310156,1,1,0,0,0,0,0,8,0,0,0,0
310157,0,1,0,0,19,0,0,0,16,0,37,0
310157,1,1,0,0,0,0,0,14,0,0,0,0
310157,2,1,0,0,0,0,0,0,0,0,0,0
310158,1,1,0,0,11,0,16,0,0,0,14,12
310158,2,1,0,0,0,0,0,0,0,0,19,0
310159,1,1,0,0,0,0,0,0,0,0,0,0
310160,1,1,17,17,17,17,17,17,17,17,17,17
310161,1,1,13,13,13,13,13,13,13,13,13,13
310162,1,1,14,0,12,26,20,13,14,10,20,20
310163,1,1,15,15,15,15,15,15,15,15,15,15
310163,2,1,0,0,0,21,0,0,0,0,0,0
310164,1,1,0,0,17,0,34,14,0,0,0,30
310165,1,1,0,0,0,0,0,0,0,0,0,0
310165,2,1,0,0,0,0,0,0,0,0,0,0
310166,1,1,0,0,0,0,0,0,0,0,0,25
310167,1,1,0,0,0,0,0,0,0,0,0,0
310167,2,1,0,0,0,0,0,0,0,0,0,0
310168,0,1,25,25,25,25,25,25,25,25,25,25
310168,1,1,0,0,15,0,12,0,0,0,0,0
310169,1,1,0,0,0,0,0,0,0,0,0,0
310170,1,1,0,0,0,0,0,0,0,0,0,0
310170,2,1,0,0,0,0,0,0,0,0,0,0
310171,1,1,7,7,7,7,7,7,7,7,7,7
310171,2,1,0,0,0,0,0,0,0,0,0,0
310172,2,1,26,0,0,0,0,0,0,0,0,0
310173,1,1,0,0,0,0,0,0,0,0,0,0
310174,1,1,0,0,0,0,0,0,0,0,0,0
310174,2,1,0,0,0,0,0,0,0,0,0,0
310175,1,1,0,0,0,0,0,0,0,0,0,0
310175,2,1,13,13,13,13,13,13,13,13,13,13
310176,1,1,0,0,0,0,0,0,0,0,0,0
310177,1,1,0,0,0,0,0,0,0,0,0,0
310178,1,1,0,0,0,0,0,0,0,0,0,0
310178,2,1,0,0,0,0,0,0,0,0,0,0
310178,3,1,0,0,0,0,0,0,0,0,0,0
310178,4,1,0,0,0,0,0,0,0,0,0,0
310179,1,1,0,0,0,0,0,0,0,0,0,0
310179,2,1,0,0,0,0,0,0,0,0,0,0
310180,1,1,0,0,0,0,0,0,0,0,0,0
310180,2,1,0,0,0,0,0,0,0,0,0,0
310181,1,1,0,0,0,0,0,0,0,0,0,0
310182,0,1,0,0,14,0,0,30,30,7,0,34
310182,1,1,18,18,18,18,18,18,18,18,18,18
310183,1,1,0,0,0,0,0,0,0,0,0,0
310183,2,1,0,0,0,0,0,0,0,0,0,0
310184,1,1,0,0,0,0,0,14,0,0,20,0
310184,2,1,0,0,0,0,0,0,0,0,0,0
310185,1,1,21,21,21,21,21,21,21,21,21,21
310185,2,1,0,0,0,0,0,0,0,0,0,0
310186,0,1,4,4,4,4,4,4,4,4,4,4
310186,1,1,6,6,6,6,6,6,6,6,6,6
310187,1,1,0,0,0,0,0,0,0,0,0,0
310187,2,1,0,0,0,0,0,0,0,0,0,0
310188,1,1,0,0,0,0,0,0,0,5,0,0
310189,1,1,7,7,7,7,7,7,7,7,7,7
310190,0,1,4,4,4,4,4,4,4,4,4,4
310190,1,1,0,0,0,0,0,0,0,0,0,0
310191,1,1,0,0,0,0,0,0,0,0,0,0
310192,1,1,0,0,0,0,0,0,0,0,0,0
310193,1,1,11,0,0,0,0,0,0,0,0,0
310193,2,1,0,0,0,0,0,0,0,23,0,0
310194,1,1,6,6,6,6,6,6,6,6,6,6
320002,1,1,19,19,19,19,19,19,19,19,19,19
320003,0,1,0,0,0,0,0,0,0,0,0,0
320003,1,1,11,0,11,15,11,9,12,0,0,9
320004,1,1,1,1,1,1,1,1,1,1,1,1
320005,1,1,0,0,0,0,0,0,0,0,0,0
320005,2,1,0,0,0,0,0,0,0,0,0,0
320006,1,1,0,0,0,0,0,0,0,0,0,0
320007,0,1,7,7,7,7,7,7,7,7,7,7
320007,1,1,0,0,0,0,0,0,0,0,0,0
320008,1,1,15,15,15,15,15,15,15,15,15,15
320009,1,1,0,4,16,9,24,20,17,15,29,9
320010,1,1,34,34,34,34,34,34,34,34,34,34
320010,2,1,0,0,0,0,0,0,0,0,0,0
320011,1,1,5,5,5,5,5,5,5,5,5,5
320012,1,1,0,0,0,0,0,0,0,0,0,0
320012,2,1,0,0,0,0,0,0,0,0,0,0
320013,0,1,0,35,0,0,0,0,0,0,0,0
320013,1,1,0,0,0,0,0,0,0,0,0,0
320014,1,1,0,0,0,0,0,0,0,0,0,0
320014,2,1,0,0,0,0,0,0,0,0,0,0
320015,0,1,0,0,0,0,0,0,0,0,0,0
320015,1,1,0,0,0,0,0,0,0,0,0,0
320016,1,1,0,0,12,6,0,0,0,0,0,0
320016,2,1,0,0,0,0,0,0,0,0,0,0
320016,3,1,0,0,0,0,0,0,0,0,0,0
320017,0,1,29,29,29,29,29,29,29,29,29,29
320017,1,1,0,13,0,0,0,0,14,0,0,0
320018,1,1,11,11,11,11,11,11,11,11,11,11
320018,2,1,0,13,0,21,0,10,0,0,15,9
320019,0,1,0,0,0,0,0,0,14,0,0,0
320019,1,1,0,0,0,0,0,0,0,11,0,0
320020,1,1,17,17,17,17,17,17,17,17,17,17
320020,2,1,0,0,0,0,0,0,0,0,0,0
320020,3,1,0,0,0,0,0,0,0,0,0,0
320021,1,1,0,0,0,0,0,0,0,0,0,0
320021,2,1,0,0,0,0,0,0,0,0,0,0
320022,1,1,23,25,0,0,0,7,24,0,0,0
320023,0,1,0,0,0,0,0,0,0,0,0,0
320023,1,1,36,0,0,6,14,0,0,22,0,0
320023,2,1,0,0,0,0,0,0,0,0,0,0
320024,1,1,0,0,0,0,0,0,0,0,0,0
320024,2,1,0,0,0,0,0,0,0,0,0,0
320025,1,1,21,21,21,21,21,21,21,21,21,21
320025,2,1,0,0,0,0,0,0,0,0,0,0
320026,1,1,0,0,30,0,0,0,0,0,0,0
320027,0,1,3,3,3,3,3,3,3,3,3,3
320027,0,2,0,12,0,0,0,0,0,0,11,13
320027,1,1,0,0,0,0,0,0,0,0,0,0
320028,1,1,0,0,0,0,0,0,0,0,0,0
320028,2,1,0,0,0,0,0,0,0,0,0,0
320029,0,1,0,0,14,0,0,0,0,0,0,0
320029,1,1,0,0,0,0,30,0,0,0,0,0
320030,1,1,17,17,17,17,17,17,17,17,17,17
320031,1,1,21,21,21,21,21,21,21,21,21,21
320032,1,1,13,0,0,14,0,0,19,0,0,0
320033,1,1,17,17,17,17,17,17,17,17,17,17
320034,0,1,29,0,0,0,0,0,0,15,28,0
320034,1,1,0,0,0,0,0,0,0,0,0,0
320035,1,1,27,27,27,27,27,27,27,27,27,27
320035,2,1,0,0,0,0,0,0,0,0,0,0
320036,0,1,0,11,0,0,0,19,0,15,0,0
320036,1,1,13,12,23,19,13,17,11,26,0,12
320037,0,1,0,0,0,0,8,0,13,0,0,0
320037,1,1,0,0,0,0,0,0,0,0,0,0
320038,0,1,0,0,0,0,0,0,0,0,0,0
320038,1,1,0,0,0,0,0,0,0,0,0,0
320039,1,1,14,0,0,0,0,0,0,0,0,0
320040,1,1,0,0,22,0,8,0,0,4,17,26
320041,0,1,0,0,0,0,0,0,16,22,0,0
320041,1,1,0,0,0,0,34,14,0,4,20,19
320042,0,1,0,0,0,0,0,0,0,0,0,0
320042,1,1,0,0,0,0,0,0,0,0,0,0
320043,0,1,0,0,0,0,0,0,0,0,0,0
320043,1,1,8,0,0,0,10,23,0,11,8,14
320044,0,1,0,0,0,0,0,0,0,0,0,0
320044,1,1,0,0,0,0,1,0,0,0,0,0
320046,1,1,30,40,26,18,11,31,12,20,14,22
320047,0,1,0,0,0,0,0,0,0,0,0,0
320047,1,1,0,0,0,0,0,0,0,0,0,0
320048,1,1,0,0,0,0,0,0,0,0,0,0
320048,2,1,2,2,2,2,2,2,2,2,2,2
320049,1,1,0,0,0,0,0,0,0,0,0,0
320049,2,1,0,0,0,0,0,0,0,0,0,0
320050,1,1,0,26,43,0,0,0,25,0,11,15
320051,1,1,0,0,0,0,0,0,0,0,0,0
320051,2,1,0,15,0,0,0,19,0,0,0,0
320052,1,1,0,0,0,0,0,0,0,0,0,0
320052,2,1,0,0,0,0,0,0,0,0,0,0
320053,1,1,18,18,18,18,18,18,18,18,18,18
320054,1,1,0,0,0,0,0,0,0,0,0,0
320054,2,1,0,0,0,0,18,0,0,0,0,0
320055,1,1,0,0,0,0,0,0,13,0,0,0
320055,2,1,0,0,0,0,0,0,15,0,0,0
320056,1,1,0,0,0,0,0,0,0,0,0,0
320056,2,1,0,0,0,0,0,0,0,0,0,0
320056,3,1,0,0,0,0,0,0,0,0,0,0
320057,0,1,25,25,25,25,25,25,25,25,25,25
320057,1,1,17,0,0,0,0,0,0,0,0,0
320057,2,1,0,0,0,0,0,0,0,0,0,0
320057,3,1,0,0,0,0,0,0,0,0,0,0
320058,1,1,17,17,17,17,17,17,17,17,17,17
320058,3,1,0,0,0,0,0,0,0,0,0,0
320058,4,1,0,0,0,0,0,0,0,0,0,0
320059,0,1,7,7,7,7,7,7,7,7,7,7
320059,1,1,0,0,4,0,0,0,0,0,0,0
320060,1,1,0,0,0,0,0,0,0,0,0,0
320061,1,1,6,6,6,6,6,6,6,6,6,6
320062,1,1,27,27,27,27,27,27,27,27,27,27
320063,0,1,0,0,19,15,0,33,22,0,0,0
320063,1,1,0,0,0,0,0,0,0,0,0,0
320064,1,1,0,0,0,0,0,0,0,0,0,0
320065,0,1,20,0,0,0,33,0,0,21,0,0
320065,1,1,0,0,0,0,0,0,0,0,0,0
320066,0,1,20,20,20,20,20,20,20,20,20,20
320066,1,1,0,0,0,0,10,16,0,14,0,19
320067,1,1,0,0,0,0,0,0,0,0,0,0
320068,1,1,21,21,21,21,21,21,21,21,21,21
320069,1,1,0,0,0,0,0,0,0,0,0,0
320070,0,1,0,0,0,0,0,0,0,0,0,0
320070,1,1,0,0,0,0,0,0,0,0,0,0
320071,1,1,0,0,0,0,0,0,0,0,0,0
320071,2,1,3,3,3,3,3,3,3,3,3,3
320072,1,1,16,16,16,16,16,16,16,16,16,16
320073,1,1,0,0,0,0,0,0,0,0,0,0
320074,1,1,0,0,0,0,0,0,0,12,0,0
320074,2,1,0,0,0,0,0,0,0,0,0,0
320075,1,1,15,15,15,15,15,15,15,15,15,15
320075,2,1,0,0,0,0,0,0,0,0,0,0
320075,3,1,0,0,0,0,0,0,0,0,0,0
320075,4,1,0,0,0,0,0,0,0,0,7,0
320076,0,1,25,25,25,25,25,25,25,25,25,25
320076,0,2,0,0,0,0,0,0,0,0,0,0
320076,1,1,0,0,0,0,0,0,0,0,0,0
320077,0,1,0,0,0,0,0,0,0,0,0,0
320077,1,1,7,7,7,7,7,7,7,7,7,7
320078,1,1,0,0,0,0,0,0,0,0,0,0
320079,1,1,9,9,9,9,9,9,9,9,9,9
320079,2,1,0,0,0,0,0,0,0,0,0,0
320080,0,1,0,0,0,0,0,0,0,0,0,0
320080,1,1,0,0,0,0,0,0,0,0,0,26
320081,0,1,0,0,0,0,0,0,0,0,0,0
320081,1,1,0,0,0,0,0,0,0,0,0,0
320082,1,1,0,0,0,0,0,0,0,0,0,0
320083,1,1,15,15,15,15,15,15,15,15,15,15
320083,2,1,0,0,0,0,0,0,0,0,0,0
320083,3,1,0,0,0,0,0,0,0,0,0,0
320084,1,1,40,29,24,29,31,9,0,13,0,0
320084,2,1,3,0,0,0,0,0,0,0,0,0
320084,3,1,0,0,0,0,0,0,27,0,0,0
320084,4,1,0,9,0,0,0,0,0,0,0,0
320085,1,1,0,0,0,0,0,0,0,0,0,0
320085,2,1,0,0,0,0,0,0,0,0,0,0
320085,3,1,0,0,0,0,0,0,0,0,0,0
320085,4,1,0,0,0,0,0,0,0,0,0,0
320086,0,1,2,2,2,2,2,2,2,2,2,2
320086,1,1,8,0,14,0,0,0,0,6,14,0
320087,0,1,2,2,2,2,2,2,2,2,2,2
320087,1,1,0,0,0,0,0,0,0,0,0,0
320088,1,1,17,17,17,17,17,17,17,17,17,17
320089,0,1,0,0,0,0,0,0,0,0,0,0
320089,1,1,21,21,21,21,21,21,21,21,21,21
320090,0,1,0,0,0,0,0,0,0,0,0,0
320090,1,1,17,17,17,17,17,17,17,17,17,17
320091,1,1,0,0,0,0,0,0,0,0,0,0
320092,1,1,0,0,0,0,0,0,0,0,0,0
320093,1,1,0,0,0,0,0,0,0,0,0,0
320093,2,1,0,0,0,0,0,0,0,0,0,0
320094,1,1,24,24,24,24,24,24,24,24,24,24
320094,2,1,0,0,8,37,0,0,11,0,0,0
320094,3,1,0,0,0,0,0,0,0,0,0,0
320095,1,1,0,0,0,0,0,0,0,0,0,0
320095,2,1,0,0,0,0,0,0,0,0,0,0
320096,1,1,0,0,0,0,0,0,0,0,0,0
320096,2,1,0,0,0,0,0,0,0,0,0,0
320097,1,1,0,0,0,0,0,0,0,0,0,0
320098,1,1,0,0,0,0,0,0,0,0,0,0
320098,2,1,0,0,0,0,0,0,0,0,0,0
320098,3,1,0,0,0,0,0,0,0,0,0,0
320099,1,1,0,0,2,0,10,17,0,10,7,20
320100,0,1,0,0,0,0,0,0,0,0,0,0
320100,1,1,0,18,14,0,0,0,0,0,0,0
320101,1,1,1,1,1,1,1,1,1,1,1,1
320102,0,1,0,0,0,0,0,0,0,0,0,0
320102,1,1,0,11,0,0,0,0,0,0,0,0
320104,1,1,3,3,3,3,3,3,3,3,3,3
320105,1,1,0,0,0,0,0,0,0,0,0,0
320105,2,1,0,0,0,0,0,0,0,0,0,0
320106,1,1,18,18,18,18,18,18,18,18,18,18
320107,1,1,0,0,0,0,0,0,0,0,0,0
320107,2,1,0,39,0,0,19,0,0,0,16,0
320107,3,1,0,0,0,0,0,0,0,0,0,0
320109,1,1,0,0,0,0,0,0,0,0,0,0
320110,1,1,0,0,0,0,0,0,0,0,0,0
320110,2,1,0,0,0,0,0,0,0,0,0,0
320110,3,1,0,0,0,0,0,0,0,0,0,0
320111,1,1,0,0,0,0,0,0,0,0,0,0
320111,2,1,0,0,0,0,0,0,0,0,0,0
320111,3,1,0,0,0,0,0,16,0,0,0,0
320112,1,1,20,20,20,20,20,20,20,20,20,20
320112,2,1,0,0,0,0,0,0,0,0,0,0
320113,1,1,0,0,0,0,0,0,0,0,0,0
320114,1,1,9,9,9,9,9,9,9,9,9,9
320114,2,1,10,0,0,0,8,0,0,0,0,0
320115,1,1,0,0,0,16,0,0,0,0,0,0
320115,2,1,0,0,0,0,0,0,0,0,0,0
320117,1,1,0,0,0,0,0,0,0,0,0,0
320117,2,1,0,0,0,0,0,0,0,0,0,0
320118,1,1,0,0,0,0,4,0,8,0,0,0
320118,2,1,0,0,0,0,0,0,0,0,0,0
320119,1,1,15,15,15,15,15,15,15,15,15,15
320120,1,1,19,19,19,19,19,19,19,19,19,19
320120,2,1,0,0,0,0,0,0,0,0,0,0
320121,1,1,0,0,0,0,0,0,0,0,0,0
320121,2,1,0,0,0,0,0,0,0,0,0,0
320122,1,1,0,0,0,0,0,0,0,0,0,0
320122,2,1,0,0,0,0,0,0,0,0,0,0
320123,0,1,7,7,7,7,7,7,7,7,7,7
320123,1,1,0,0,0,0,0,0,0,0,0,0
320124,1,1,0,0,0,0,0,0,0,0,0,0
320124,2,1,0,0,0,0,0,0,0,0,0,0
320124,3,1,0,0,0,0,0,0,0,0,0,0
320125,0,1,0,0,0,0,0,0,0,0,0,0
320125,1,1,0,0,0,0,0,0,0,0,0,0
320127,1,1,0,0,0,0,0,0,0,0,0,0
320127,2,1,0,0,19,0,0,0,0,0,0,0
320128,1,1,0,0,0,0,0,0,0,0,0,0
320128,2,1,0,0,0,0,25,0,0,0,0,0
320129,0,1,0,0,0,0,0,0,0,0,0,0
320129,1,1,0,0,0,0,0,0,0,0,0,0
320130,1,1,13,13,13,13,13,13,13,13,13,13
320130,2,1,0,0,0,0,0,0,0,0,0,0
320131,0,1,0,0,0,0,0,0,0,0,0,0
320131,1,1,0,0,0,0,0,18,0,0,0,20
320132,1,1,0,0,0,0,25,0,20,0,0,0
320133,1,1,0,0,0,0,0,0,0,0,0,0
320133,2,1,0,0,0,0,0,0,0,0,0,0
320134,1,1,0,0,0,0,0,0,0,0,0,0
320134,2,1,0,0,0,0,0,0,0,0,0,0
320135,1,1,0,0,0,0,0,0,0,0,0,0
320135,2,1,0,0,13,0,0,0,0,0,0,0
320136,1,1,0,0,0,0,0,0,0,0,0,0
320137,1,1,31,31,31,31,31,31,31,31,31,31
320138,1,1,0,0,0,0,0,0,0,0,0,0
320139,1,1,23,23,23,23,23,23,23,23,23,23
320140,1,1,0,0,0,0,31,0,0,0,13,20
320141,1,1,17,17,17,17,17,17,17,17,17,17
320141,2,1,0,0,0,0,0,0,0,0,0,0
320142,0,1,0,0,0,0,0,0,0,0,0,0
320142,1,1,0,0,0,0,0,0,0,0,0,0
320144,1,1,0,0,0,31,12,0,15,0,0,0
320144,2,1,0,0,0,0,0,0,0,0,0,0
320145,0,1,0,0,0,0,0,0,0,0,0,0
320145,1,1,0,0,0,0,0,0,0,0,0,25
320146,1,1,16,16,16,16,16,16,16,16,16,16
320147,1,1,0,0,0,0,0,0,0,0,0,0
320147,2,1,0,0,0,0,0,0,0,0,0,0
320148,0,1,0,0,0,0,0,0,0,0,0,0
320148,1,1,15,16,13,0,0,3,0,0,14,12
320149,1,1,0,0,0,0,0,0,0,0,0,0
320150,1,1,0,0,0,0,0,0,0,0,17,0
320151,1,1,0,0,0,0,0,0,0,0,0,0
320151,2,1,0,0,0,0,0,0,0,0,0,0
320152,1,1,0,0,0,0,0,0,0,0,0,0
320152,2,1,0,0,0,0,0,0,0,0,0,0
320152,3,1,0,0,0,0,0,0,0,0,0,0
320152,4,1,0,0,0,0,0,0,0,0,0,0
320152,5,1,0,0,0,0,0,0,0,0,0,0
320152,6,1,0,9,0,0,5,0,0,0,0,0
320153,1,1,15,15,15,15,15,15,15,15,15,15
320153,2,1,0,0,0,0,25,0,0,0,0,0
320154,0,1,0,0,0,0,0,0,0,0,0,0
320154,1,1,0,5,0,19,0,10,0,0,12,7
320155,1,1,21,21,21,21,21,21,21,21,21,21
320156,1,1,0,0,23,0,27,13,0,0,0,0
320157,1,1,0,0,0,0,0,0,0,0,0,0
320157,2,1,0,0,0,0,0,0,0,0,0,0
320158,1,1,0,0,0,0,0,0,0,0,0,0
320158,2,1,0,0,0,0,0,0,0,12,0,0
320160,1,1,0,0,0,0,0,0,0,0,0,0
320160,2,1,0,0,0,0,0,0,0,0,16,0
320161,1,1,8,0,0,3,0,0,0,0,0,0
320161,2,1,0,0,0,0,11,0,0,0,0,0
320161,3,1,0,0,0,0,0,0,0,0,0,0
320162,1,1,14,14,14,14,14,14,14,14,14,14
320163,1,1,0,0,0,0,0,0,0,0,0,0
320164,1,1,0,0,0,0,0,0,0,0,0,0
320165,0,1,0,0,0,0,0,0,0,0,0,0
320165,1,1,6,0,7,17,0,20,8,20,0,6
320166,1,1,0,0,0,0,0,0,0,0,0,0
320167,0,1,27,27,27,27,27,27,27,27,27,27
320167,1,1,0,0,0,0,0,0,0,0,0,0
320168,1,1,0,0,0,0,0,0,0,0,0,0
320168,2,1,0,0,0,0,0,0,0,0,0,0
320169,1,1,0,0,0,0,0,0,0,0,0,0
320169,2,1,0,0,0,0,0,0,0,0,0,0
320170,1,1,0,0,0,0,0,0,0,0,0,0
320171,1,1,15,15,15,15,15,15,15,15,15,15
320172,1,1,0,0,0,0,0,0,0,0,0,0
320174,1,1,0,0,0,0,0,0,0,0,0,0
320175,0,1,0,0,0,0,0,0,0,0,0,0
320175,1,1,0,0,0,0,0,28,0,0,0,0
320175,2,1,0,0,0,0,0,0,0,0,0,0
320175,3,1,0,0,0,0,0,0,0,0,0,0
320176,1,1,0,0,0,0,0,0,0,0,0,0
320177,1,1,0,0,0,0,0,0,0,0,0,0
320177,2,1,0,0,0,0,0,0,0,0,0,0
320177,3,1,0,0,0,31,0,0,0,0,0,21
320178,1,1,0,0,0,0,0,0,0,0,0,0
320179,0,1,9,21,3,31,28,7,25,16,24,22
320179,1,1,0,0,0,0,0,0,0,0,0,0
320180,1,1,11,11,11,11,11,11,11,11,11,11
320181,1,1,0,0,0,0,0,0,0,0,0,0
320181,2,1,0,0,0,0,0,0,0,0,0,0
320182,0,1,0,0,0,0,0,0,0,0,0,0
320182,1,1,0,0,0,0,0,0,0,0,14,0
320183,0,1,0,0,0,0,0,0,0,0,0,0
320183,1,1,28,0,0,0,24,18,9,0,0,8
320184,1,1,28,28,28,28,28,28,28,28,28,28
320184,2,1,0,17,0,0,0,0,0,0,0,0
320184,3,1,0,0,0,0,0,0,0,0,0,0
320185,1,1,0,0,0,0,0,0,0,0,0,0
320186,0,1,0,0,0,0,0,0,0,0,0,0
320186,1,1,0,13,0,26,0,42,0,22,24,0
320187,1,1,17,17,17,17,17,17,17,17,17,17
320187,2,1,0,0,0,0,0,0,0,0,0,0
320188,1,1,20,0,0,0,15,41,0,0,0,0
320188,2,1,0,0,0,0,0,0,0,0,0,0
320189,1,1,0,0,0,0,0,0,0,0,0,0
320189,2,1,0,0,0,0,0,0,0,0,0,0
320189,3,1,0,0,0,0,0,0,0,0,0,0
320190,1,1,0,0,0,0,0,0,0,0,0,0
320191,1,1,0,0,0,0,0,0,0,0,0,0
320192,1,1,0,0,0,0,0,0,0,0,0,0
320193,1,1,0,0,0,0,0,0,0,0,0,0
320194,1,1,0,0,0,0,0,0,0,0,0,0
320195,1,1,0,0,0,0,0,0,0,0,0,0
320195,2,1,0,0,0,0,0,0,0,0,0,0
320196,1,1,14,14,14,14,14,14,14,14,14,14
320197,1,1,0,0,0,0,0,0,0,0,0,0
320199,1,1,30,30,30,30,30,30,30,30,30,30
320200,1,1,11,11,11,11,11,11,11,11,11,11
320200,2,1,0,0,0,0,0,0,0,0,0,0
320201,1,1,0,0,0,0,0,0,0,0,0,0
320202,1,1,0,0,0,0,0,0,0,0,0,0
320202,2,1,0,0,0,0,18,0,0,0,0,0
320203,1,1,12,12,12,12,12,12,12,12,12,12
320203,2,1,0,0,0,15,0,0,0,0,0,0
320204,0,1,22,22,22,22,22,22,22,22,22,22
320204,1,1,0,0,0,0,32,8,0,0,18,23
320205,1,1,0,0,0,0,0,0,0,0,0,0
320205,2,1,0,0,0,0,0,13,0,0,0,0
320206,1,1,0,0,0,0,0,0,0,0,0,0
320207,1,1,25,25,25,25,25,25,25,25,25,25
320208,1,1,0,0,0,0,0,0,0,0,0,0
320208,2,1,6,0,0,0,0,0,8,0,0,0
320209,0,1,0,0,0,0,0,0,0,0,0,0
320209,1,1,0,0,0,0,0,0,0,0,0,0
320210,1,1,21,21,21,21,21,21,21,21,21,21
320210,2,1,0,0,0,0,0,0,0,0,0,0
320211,0,1,0,0,31,0,0,0,0,0,0,0
320211,1,1,0,0,15,0,0,0,0,0,11,0
320212,1,1,0,0,0,0,0,0,0,0,0,0
320212,2,1,0,0,0,0,0,0,0,0,0,0
320212,3,1,0,0,0,0,0,0,0,0,0,0
320213,1,1,0,0,0,0,0,0,0,0,0,0
320214,1,1,24,24,24,24,24,24,24,24,24,24
320215,1,1,0,0,0,0,0,0,0,0,0,0
320215,2,1,0,0,0,0,0,0,0,0,0,0
320216,0,1,0,0,0,0,0,0,0,0,0,0
320216,1,1,0,0,0,0,15,0,0,0,0,0