ST_CASE,VEH_NO,PER_NO,P1,P2,P3,P4,P5,P6,P7,P8,P9,P10
340323,2,1,0,0,0,0,0,0,0,0,0,0
340323,3,1,0,0,0,0,0,0,0,0,0,0
340324,1,1,13,13,13,13,13,13,13,13,13,13
340325,0,1,0,0,0,0,0,0,0,0,0,0
340325,1,1,0,0,0,0,0,0,0,0,0,0
340326,1,1,0,0,0,0,0,0,0,0,0,0
340326,2,1,0,0,0,0,0,0,2,0,0,0
340326,3,1,0,19,0,0,0,0,0,0,0,0
340327,0,1,0,0,0,0,0,0,0,0,0,0
340327,1,1,0,0,0,0,0,0,0,0,0,0
340328,1,1,0,0,0,0,0,0,0,0,0,0
340328,2,1,0,0,0,0,0,0,0,0,5,0
340329,1,1,0,0,0,0,0,0,0,0,0,0
340329,2,1,0,0,0,0,0,0,0,0,0,0
340330,1,1,0,0,0,0,0,0,0,0,0,0
340330,2,1,0,0,0,0,0,0,0,0,0,13
340331,0,1,0,0,0,0,0,0,0,0,0,0
340331,1,1,0,0,6,0,0,0,0,0,0,0
340332,1,1,8,8,8,8,8,8,8,8,8,8
340332,2,1,0,0,17,0,0,0,15,0,0,0
340333,1,1,26,26,26,26,26,26,26,26,26,26
340333,2,1,0,0,0,0,0,0,0,0,0,0
340334,1,1,13,0,0,10,9,22,9,9,17,13
340334,2,1,0,0,22,0,0,0,0,12,0,0
340335,0,1,0,0,0,0,0,0,0,0,0,0
340335,1,1,0,0,0,0,0,0,0,0,21,0
340336,0,1,2,2,2,2,2,2,2,2,2,2
340336,1,1,0,0,0,0,0,0,0,0,0,0
340337,1,1,0,0,0,0,0,0,0,0,0,0
340338,1,1,0,0,0,0,0,12,0,0,8,0
340338,2,1,0,0,0,0,0,18,0,0,0,7
340339,0,1,37,37,37,37,37,37,37,37,37,37
340339,1,1,24,0,0,22,10,0,18,17,0,0
340340,1,1,0,0,0,0,0,0,0,0,0,0
340341,0,1,35,35,35,35,35,35,35,35,35,35
340341,1,1,0,0,0,0,0,0,0,0,0,0
340342,0,1,9,9,9,9,9,9,9,9,9,9
340342,1,1,0,0,0,0,29,0,0,0,0,0
340343,1,1,18,18,18,18,18,18,18,18,18,18
340344,1,1,11,15,3,0,10,30,0,0,9,9
340345,0,1,36,36,36,36,36,36,36,36,36,36
340345,1,1,0,0,0,0,0,0,0,0,0,0
340346,0,1,0,0,0,0,0,0,0,0,0,0
340346,1,1,0,0,0,0,0,0,0,0,0,0
340347,1,1,0,0,0,0,0,0,0,0,0,0
340347,2,1,0,0,0,0,0,0,0,0,0,0
340348,1,1,18,18,18,18,18,18,18,18,18,18
340349,1,1,12,12,12,12,12,12,12,12,12,12
340350,1,1,24,24,24,24,24,24,24,24,24,24
340350,2,1,0,0,0,24,0,22,0,0,0,18
340351,1,1,17,17,17,17,17,17,17,17,17,17
340352,0,1,0,0,0,0,0,0,0,0,0,0
340352,1,1,0,0,0,0,0,0,0,0,0,0
340353,1,1,0,0,0,0,0,0,0,0,0,0
340354,0,1,0,0,0,0,0,0,0,0,0,0
340354,1,1,15,15,15,15,15,15,15,15,15,15
340354,2,1,0,0,0,0,0,0,0,0,0,0
340355,1,1,0,15,30,0,0,10,0,9,0,15
340356,1,1,0,0,0,0,0,0,0,0,0,0
340357,1,1,26,26,26,26,26,26,26,26,26,26
340358,1,1,0,0,0,0,0,0,0,0,0,0
340359,1,1,8,13,43,5,25,9,12,13,9,34
340360,0,1,0,0,0,0,0,0,0,0,0,0
340360,1,1,0,0,0,0,0,0,0,0,0,0
340361,1,1,1,1,1,1,1,1,1,1,1,1
340361,2,1,0,0,0,0,0,0,0,0,0,0
340361,3,1,0,0,0,0,0,0,0,0,0,0
340362,0,1,0,0,0,0,0,0,0,0,0,0
340362,1,1,11,0,0,0,12,7,0,9,0,7
340363,1,1,0,0,0,0,0,0,0,0,0,0
340364,1,1,0,0,0,0,0,0,0,0,0,0
340364,2,1,0,0,0,0,0,0,0,0,0,0
340364,3,1,0,0,0,0,0,0,0,0,0,0
340365,1,1,0,0,0,0,0,0,0,0,0,0
340365,2,1,0,0,0,0,0,0,0,0,0,0
340366,1,1,25,25,25,25,25,25,25,25,25,25
340367,0,1,25,25,25,25,25,25,25,25,25,25
340367,1,1,0,0,0,0,0,0,0,0,0,0
340368,0,1,0,0,22,0,0,0,0,0,0,14
340368,0,2,2,2,2,2,2,2,2,2,2,2
340368,1,1,0,0,0,0,0,0,0,0,0,0
340369,1,1,0,0,0,0,0,0,0,0,0,0
340370,0,1,0,0,0,0,0,0,0,0,0,0
340370,1,1,0,0,0,0,0,0,0,0,0,0
340370,2,1,0,0,0,0,0,0,0,0,0,0
340371,1,1,0,0,0,0,0,0,0,0,0,0
340372,1,1,0,0,0,0,0,0,0,0,0,0
340373,0,1,0,0,0,0,0,0,0,0,0,0
340373,1,1,9,9,9,9,9,9,9,9,9,9
340374,1,1,0,0,0,0,0,0,0,0,16,0
340374,2,1,0,0,0,0,0,0,0,0,0,0
340375,1,1,0,0,0,0,0,0,0,0,0,0
340375,2,1,0,0,0,0,0,0,0,0,0,0
340376,0,1,1,1,1,1,1,1,1,1,1,1
340376,1,1,11,0,0,0,6,0,0,0,0,8
340377,1,1,23,23,23,23,23,23,23,23,23,23
340378,1,1,7,7,7,7,7,7,7,7,7,7
340379,1,1,10,10,10,10,10,10,10,10,10,10
340380,0,1,0,0,0,0,0,0,0,0,0,0
340380,1,1,0,0,0,0,0,0,0,0,0,0
340381,1,1,0,0,0,0,0,0,0,0,0,2
340381,2,1,0,0,0,0,0,0,0,0,0,0
340382,1,1,0,0,0,0,0,0,0,0,0,0
340382,2,1,0,0,0,0,0,0,0,0,0,0
340383,0,1,0,0,0,0,0,0,0,0,0,0
340383,1,1,0,0,0,0,0,0,0,0,0,0
340383,2,1,0,0,0,0,0,0,0,0,0,0
340384,1,1,8,8,8,8,8,8,8,8,8,8
340385,1,1,0,0,0,0,0,0,0,0,0,0
340386,1,1,13,0,0,0,0,0,0,0,0,0
340386,2,1,0,0,0,0,0,0,0,0,0,0
340387,1,1,0,0,0,0,0,0,0,0,0,0
340388,1,1,0,0,0,0,0,0,0,0,0,0
340389,1,1,4,4,4,4,4,4,4,4,4,4
340390,1,1,0,0,0,0,0,0,0,0,0,0
340391,1,1,39,39,39,39,39,39,39,39,39,39
340392,0,1,0,0,0,0,0,0,0,0,0,0
340392,1,1,19,4,0,10,32,12,14,11,14,1
340393,1,1,39,39,39,39,39,39,39,39,39,39
340394,0,1,0,0,0,0,0,0,0,0,0,0
340394,1,1,0,0,0,0,27,0,0,12,5,0
340395,0,1,3,3,3,3,3,3,3,3,3,3
340395,1,1,22,22,22,22,22,22,22,22,22,22
340396,0,1,0,0,39,0,0,0,0,16,0,0
340396,0,2,15,0,0,15,21,0,0,0,0,10
340396,1,1,0,0,0,15,0,0,0,0,0,0
340397,1,1,0,0,0,0,0,0,0,0,0,0
340398,1,1,0,0,0,0,0,0,0,0,0,0
340399,0,1,0,0,0,0,0,0,0,0,0,0
340399,1,1,20,0,0,0,0,0,0,6,0,12
340400,0,1,23,0,0,0,0,0,17,0,0,0
340400,1,1,0,0,0,0,0,0,0,0,0,0
340401,0,1,16,16,16,16,16,16,16,16,16,16
340401,1,1,0,0,0,0,0,0,0,0,0,0
340401,2,1,0,0,0,0,0,0,0,0,0,0
340402,0,1,0,0,0,0,0,0,0,0,0,9
340402,1,1,0,0,0,0,0,0,0,0,0,0
340403,1,1,0,0,0,0,0,0,0,0,0,0
340403,2,1,12,0,0,0,0,0,0,9,0,31
340404,0,1,0,0,0,0,0,0,0,0,0,0
340404,1,1,0,0,0,0,0,0,0,0,0,0
340405,1,1,0,0,0,0,0,0,0,0,0,0
340405,2,1,0,0,0,0,0,0,0,0,0,0
340406,0,1,0,0,0,0,0,0,0,0,0,0
340406,1,1,0,0,0,0,0,0,0,0,0,0
340407,1,1,5,5,5,5,5,5,5,5,5,5
340407,2,1,10,0,0,0,9,0,0,0,4,0
340408,1,1,0,0,0,0,0,0,0,0,0,0
340408,2,1,0,0,0,0,4,0,0,0,0,0
340409,1,1,0,0,0,0,0,0,0,0,0,0
340410,0,1,18,15,29,3,6,33,23,27,31,3
340410,1,1,0,0,0,0,0,0,0,0,0,11
340411,0,1,0,0,0,0,0,0,0,0,0,0
340411,1,1,0,0,0,0,11,0,0,0,0,0
340412,0,1,0,0,0,0,0,0,0,0,0,0
340412,1,1,0,0,0,0,0,0,0,0,0,0
340413,0,1,0,0,0,0,32,0,13,0,23,0
340413,1,1,6,14,16,7,4,11,0,0,0,10
340414,0,1,0,0,0,0,0,0,0,0,0,0
340414,0,2,0,0,0,0,0,0,0,0,0,0
340414,2,1,0,0,0,0,0,0,0,19,0,0
340414,3,1,0,0,0,0,0,0,24,0,0,0
340415,0,1,0,0,0,0,0,0,0,0,0,0
340415,1,1,0,0,0,0,0,0,0,0,0,0
340416,1,1,20,20,20,20,20,20,20,20,20,20
340417,1,1,12,12,12,12,12,12,12,12,12,12
340418,1,1,0,0,0,0,0,19,12,11,0,0
340419,1,1,13,13,13,13,13,13,13,13,13,13
340419,2,1,0,0,0,0,0,0,0,0,6,0
340420,1,1,0,0,0,0,0,0,0,0,0,0
340421,1,1,0,0,0,0,0,15,16,0,0,0
340422,1,1,0,0,0,0,0,0,0,0,0,0
340423,0,1,0,0,0,0,0,0,0,0,0,0
340423,1,1,0,0,0,0,0,0,0,11,0,0
340424,1,1,0,0,0,0,0,0,0,0,0,0
340425,1,1,0,0,0,0,0,0,0,0,0,0
340426,1,1,0,0,0,0,0,0,0,0,0,0
340427,1,1,0,0,0,0,0,0,0,0,0,0
340428,1,1,0,21,0,0,0,9,0,0,0,10
340429,1,1,0,0,0,0,0,0,0,0,0,0
340430,1,1,0,0,0,0,0,0,0,0,0,0
340431,0,1,0,0,0,0,0,0,0,0,0,0
340431,1,1,0,0,0,0,0,0,18,13,0,11
340432,1,1,10,10,10,10,10,10,10,10,10,10
340433,0,1,0,0,0,0,0,0,0,0,0,0
340433,1,1,12,12,12,12,12,12,12,12,12,12
340434,0,1,0,16,16,22,0,0,23,0,0,26
340434,1,1,0,0,0,0,0,0,0,0,0,0
340435,0,1,0,0,0,0,0,0,0,0,0,0
340435,1,1,0,0,0,0,0,0,0,0,0,0
340436,1,1,0,0,0,0,0,0,0,0,0,16
340436,2,1,17,17,17,17,17,17,17,17,17,17
340437,1,1,0,0,0,0,0,0,0,0,0,0
340437,2,1,3,3,3,3,3,3,3,3,3,3
340437,3,1,0,0,0,0,0,15,0,0,0,9
340438,1,1,0,0,0,0,0,0,0,0,0,0
340438,2,1,0,0,0,0,0,0,0,0,0,20
340439,1,1,12,12,12,12,12,12,12,12,12,12
340440,1,1,0,0,0,0,0,0,0,0,0,0
340441,1,1,0,0,0,0,0,0,0,0,0,0
340442,1,1,0,0,0,0,0,0,0,0,0,0
340443,1,1,19,0,23,23,0,0,0,0,9,0
340443,2,1,0,0,0,0,0,0,0,0,0,0
340444,1,1,0,0,0,0,0,19,0,19,0,0
340445,1,1,0,0,0,0,0,0,0,0,0,0
340445,2,1,0,0,0,0,0,0,0,0,0,0
340445,3,1,0,0,0,0,0,0,0,0,0,0
340445,4,1,0,0,0,0,0,0,2,5,0,0
340445,5,1,0,16,0,0,0,0,0,0,0,0
340447,0,1,0,0,0,0,0,0,0,0,0,0
340447,1,1,0,0,0,0,0,0,0,13,0,0
340448,0,1,0,0,0,0,0,0,0,0,0,0
340448,1,1,0,0,0,0,0,0,0,28,0,0
340449,1,1,23,23,23,23,23,23,23,23,23,23
340450,0,1,0,9,0,0,20,0,0,18,14,0
340450,0,2,23,23,23,23,23,23,23,23,23,23
340450,1,1,0,0,0,0,0,0,0,0,0,0
340450,2,1,0,16,0,17,0,0,0,0,27,0
340451,1,1,0,0,0,17,0,0,0,0,25,0
340452,1,1,16,16,16,16,16,16,16,16,16,16
340453,1,1,0,25,0,0,0,17,0,0,0,0
340454,1,1,30,30,30,30,30,30,30,30,30,30
340455,1,1,0,0,0,0,0,0,0,0,0,0
340455,2,1,0,0,0,0,0,14,0,0,0,0
340456,1,1,0,0,0,0,0,0,0,0,0,0
340456,2,1,0,0,0,0,0,0,0,0,0,0
340457,1,1,0,0,0,0,0,0,0,0,0,0
340457,2,1,0,0,0,0,0,0,0,0,0,0
340458,1,1,24,13,0,0,0,17,7,0,0,0
340459,1,1,21,21,21,21,21,21,21,21,21,21
340459,2,1,0,0,0,0,0,0,0,0,0,0
340459,3,1,0,13,0,0,0,27,0,0,0,0
340459,4,1,0,0,0,0,0,0,0,0,0,0
340460,1,1,0,0,0,0,0,0,0,0,0,0
340461,1,1,0,0,0,0,9,10,0,0,0,0
340461,2,1,0,0,0,0,0,0,0,0,0,0
340462,1,1,0,0,0,0,0,0,0,0,0,0
340463,1,1,0,0,0,0,0,0,0,0,0,0
340463,2,1,0,0,0,0,0,0,0,0,0,0
340464,1,1,0,0,0,0,0,0,0,0,0,0
340465,1,1,0,0,0,0,0,0,0,0,0,0
340466,0,1,17,17,17,17,17,17,17,17,17,17
340466,1,1,0,0,0,0,0,0,0,0,0,0
340467,1,1,28,28,28,28,28,28,28,28,28,28
340467,2,1,0,0,0,0,0,0,27,0,0,0
340468,1,1,0,0,0,0,0,0,0,0,0,0
340468,2,1,0,0,0,0,0,0,0,0,0,0
340469,1,1,0,0,0,0,0,0,0,0,0,0
340469,2,1,0,0,0,0,0,0,0,0,0,0
340470,1,1,0,0,0,13,0,0,0,0,0,8
340470,2,1,0,0,0,0,0,0,0,0,0,0
340471,1,1,0,0,0,0,0,0,0,0,0,0
340471,2,1,0,0,0,0,0,0,0,0,0,0
340472,1,1,0,0,0,0,0,0,0,0,0,0
340472,2,1,0,0,0,0,0,0,0,0,0,0
340473,1,1,26,26,26,26,26,26,26,26,26,26
340474,1,1,0,0,0,0,0,0,0,0,0,0
340474,2,1,0,0,0,0,0,0,0,0,0,0
340475,1,1,18,18,18,18,18,18,18,18,18,18
340476,1,1,0,0,0,0,0,0,0,0,0,0
340477,1,1,11,11,11,11,11,11,11,11,11,11
340477,2,1,0,0,0,0,0,0,0,0,0,0
340478,0,1,0,0,0,0,0,0,0,0,0,0
340478,1,1,0,0,0,0,0,0,0,0,0,0
340479,1,1,0,0,0,0,0,0,0,0,0,0
340479,2,1,0,0,0,0,0,0,0,0,0,0
340480,1,1,0,0,0,0,0,0,0,0,0,0
340481,1,1,0,0,0,0,0,0,0,0,0,0
340481,2,1,0,0,0,0,0,0,0,0,0,0
340482,1,1,0,0,0,0,0,0,0,0,0,0
340482,2,1,0,0,0,0,0,0,0,0,0,0
340483,0,1,0,0,0,0,0,0,0,0,0,0
340483,1,1,0,0,0,0,0,0,0,0,0,0
340484,1,1,0,0,0,0,0,0,0,0,0,0
340485,1,1,0,0,0,0,0,0,0,0,0,0
340485,2,1,0,0,0,0,0,0,0,0,0,0
340485,3,1,0,0,0,0,0,0,0,0,0,0
340486,1,1,0,0,15,0,0,0,0,0,0,0
340486,2,1,0,0,0,0,0,0,0,0,0,0
340487,1,1,0,0,0,0,0,0,0,0,0,0
340487,2,1,0,0,0,0,0,0,0,0,0,0
340488,1,1,0,0,0,0,0,0,0,0,0,0
340489,1,1,0,0,17,6,0,0,0,0,0,0
340489,2,1,0,22,0,0,0,0,0,0,0,0
340489,3,1,0,0,0,0,0,0,0,0,0,0
340490,1,1,0,0,0,0,0,0,0,0,0,0
340491,0,1,0,0,0,0,0,0,0,0,0,0
340491,1,1,20,0,0,0,0,0,17,0,0,20
340493,0,1,8,8,8,8,8,8,8,8,8,8
340493,1,1,0,0,0,16,0,0,0,0,0,0
340494,0,1,27,27,27,27,27,27,27,27,27,27
340494,1,1,0,0,0,0,0,0,0,0,28,0
340495,0,1,29,29,29,29,29,29,29,29,29,29
340495,1,1,0,0,0,0,0,0,0,0,0,0
340496,0,1,0,0,0,0,0,0,0,0,0,0
340496,1,1,0,0,0,0,0,0,0,0,0,0
340497,0,1,0,0,0,0,0,0,0,0,0,0
340497,1,1,30,10,0,0,30,0,0,0,0,0
340498,0,1,0,0,0,0,0,0,0,0,0,0
340498,1,1,0,0,0,0,0,0,0,0,0,0
340499,0,1,0,0,0,0,0,0,0,0,0,0
340499,1,1,0,0,0,0,0,0,0,0,0,0
340500,0,1,14,30,32,21,0,14,23,20,11,21
340500,1,1,9,0,11,0,0,0,0,0,0,0
340501,0,1,0,0,0,0,0,0,0,0,0,0
340501,1,1,0,0,0,0,0,0,0,0,0,0
340502,1,1,0,0,0,0,0,0,0,0,0,0
340503,0,1,0,0,0,0,0,0,0,18,36,0
340503,1,1,0,0,0,0,0,30,0,0,0,0
340504,1,1,10,10,10,10,10,10,10,10,10,10
340505,0,1,8,8,8,8,8,8,8,8,8,8
340505,1,1,9,0,0,0,0,12,0,0,21,0
340506,0,1,0,0,0,0,0,0,0,0,0,0
340506,1,1,0,0,0,0,0,0,0,0,0,0
340507,1,1,0,11,21,0,0,7,0,0,0,0
340508,1,1,0,0,0,0,0,0,0,0,0,0
340508,2,1,0,0,0,0,0,0,0,0,11,0
340509,0,1,0,0,0,0,16,0,19,0,0,0
340509,1,1,0,0,0,0,0,0,0,0,0,0
340510,1,1,8,8,8,8,8,8,8,8,8,8
340510,2,1,0,0,0,0,0,0,0,25,0,14
340511,0,1,0,0,0,0,0,0,0,0,0,0
340511,1,1,0,0,0,0,0,0,0,0,0,0
340512,0,1,0,0,0,0,0,0,0,0,0,0
340512,1,1,0,0,0,0,0,0,0,0,0,0
340513,1,1,12,12,12,12,12,12,12,12,12,12
340514,0,1,10,10,10,10,10,10,10,10,10,10
340514,1,1,0,0,0,0,0,0,0,0,0,0
340515,1,1,0,0,0,0,0,0,0,0,0,0
340516,0,1,0,0,0,0,0,0,0,0,0,0
340516,1,1,0,9,0,7,0,0,0,18,0,0
340517,1,1,0,0,0,0,0,0,0,0,0,0
340518,1,1,0,0,16,2,0,0,9,0,12,21
340519,1,1,0,0,0,13,0,0,0,24,0,0
340520,1,1,38,0,10,19,17,15,24,0,0,0
340521,0,1,0,0,0,0,0,0,0,0,0,0
340521,1,1,0,0,0,0,0,0,0,0,0,0
340522,1,1,0,0,0,0,0,0,8,0,0,0
340522,2,1,0,0,0,0,0,0,0,0,0,0
340523,1,1,0,0,0,0,0,0,0,0,0,0
340523,2,1,0,0,12,10,0,0,0,0,0,0
340524,0,1,0,0,0,0,0,0,0,0,0,0
340524,1,1,0,0,0,0,0,0,0,0,20,0
340525,0,1,34,34,34,34,34,34,34,34,34,34
340525,1,1,0,0,0,0,0,5,0,0,0,0
340526,1,1,0,0,0,0,0,0,0,0,0,0
340526,2,1,0,0,0,0,0,0,0,0,0,0
340527,0,1,0,0,0,0,0,0,0,0,0,0
340527,1,1,0,0,13,0,0,0,0,0,0,0
340528,0,1,0,0,0,0,0,0,0,0,0,0
340528,1,1,0,0,0,0,15,0,0,0,0,0
340529,1,1,0,0,0,0,0,0,0,0,0,0
340529,2,1,0,0,0,0,0,0,0,0,0,0
340530,0,1,0,0,0,0,0,0,0,0,0,0
340530,1,1,0,0,0,0,0,0,0,0,0,0
340531,0,1,0,0,0,0,0,0,0,0,0,0
340531,1,1,12,9,12,12,50,0,12,0,0,0
340532,0,1,0,0,0,0,0,0,0,0,0,0
340532,1,1,0,25,0,0,0,0,0,0,0,22
340533,0,1,0,3,0,0,0,0,0,0,0,0
340533,1,1,0,0,0,0,0,0,0,0,0,0
340534,0,1,38,38,38,38,38,38,38,38,38,38
340534,1,1,0,0,0,0,0,0,0,0,0,0
340534,2,1,0,0,0,0,0,11,0,0,0,0
340535,1,1,0,0,0,0,0,0,0,0,0,0
340536,0,1,0,0,0,0,0,0,0,0,0,0
340536,1,1,0,0,0,0,0,0,0,0,0,0
340537,1,1,0,0,0,0,0,0,0,0,0,0
340538,0,1,0,0,0,0,0,0,0,0,0,0
340538,1,1,0,0,0,0,0,0,0,0,0,17
340539,0,1,0,0,0,0,0,0,0,0,0,29
340539,1,1,0,0,0,0,0,0,0,0,0,0
340540,1,1,0,0,0,0,0,0,0,0,0,0
340540,2,1,0,0,0,0,0,0,0,0,0,0
340541,0,1,0,0,0,0,0,0,0,0,0,0
340541,1,1,0,0,0,0,0,0,0,0,0,0
340542,1,1,0,0,0,0,0,0,0,0,0,0
340542,2,1,0,0,0,0,0,0,0,0,0,0
340543,0,1,0,0,0,0,0,0,0,0,0,0
340543,1,1,0,0,0,0,0,0,0,0,0,0
340544,0,1,22,22,22,22,22,22,22,22,22,22
340544,1,1,0,0,0,0,0,0,0,0,0,0
340545,0,1,17,17,17,17,17,17,17,17,17,17
340545,1,1,0,0,0,0,0,0,0,0,0,0
340546,0,1,0,0,0,0,0,0,0,0,0,0
340546,1,1,0,0,0,0,0,0,0,0,0,0
340547,1,1,13,13,13,13,13,13,13,13,13,13
340547,2,1,0,0,0,0,0,0,0,0,0,0
340548,1,1,0,0,0,0,0,0,0,0,0,0
340548,2,1,0,0,0,0,0,0,0,0,0,0
340549,1,1,0,0,0,0,0,0,0,0,0,0
340549,2,1,0,0,0,0,0,0,0,0,0,5
340550,1,1,0,0,0,0,0,0,0,0,0,0
340550,2,1,0,0,0,0,0,0,3,0,0,0
340550,3,1,0,23,0,20,0,0,0,0,0,0
340551,0,1,28,28,28,28,28,28,28,28,28,28
340551,1,1,9,9,9,9,9,9,9,9,9,9
340552,1,1,0,0,0,0,0,0,0,0,0,0
340552,2,1,0,0,0,0,0,0,0,0,0,0
340553,0,1,0,0,0,0,0,0,0,0,0,0
340553,1,1,18,7,8,0,6,14,0,0,0,0
340554,1,1,0,0,0,0,0,0,0,0,0,0
340554,2,1,0,0,0,0,0,0,0,0,0,0
340555,1,1,0,0,0,0,0,0,0,0,0,0
340556,1,1,0,0,0,0,35,0,0,0,0,0
340556,2,1,2,2,2,2,2,2,2,2,2,2
340557,1,1,0,0,9,0,0,0,0,0,0,0
340557,2,1,0,0,0,0,0,0,0,0,0,0
340558,1,1,0,0,0,0,0,0,0,0,0,0
340558,2,1,0,0,0,0,0,0,0,0,0,0
340559,1,1,0,0,0,0,0,0,0,0,0,0
340559,2,1,0,0,0,0,0,0,0,0,0,0
340560,1,1,0,0,0,0,0,0,0,0,0,0
340560,2,1,0,0,0,0,0,0,0,0,0,0
340561,1,1,10,0,0,0,0,22,0,0,22,0
340561,2,1,0,0,17,0,0,0,0,12,7,12
340562,1,1,0,0,0,0,0,0,0,0,0,0
340562,2,1,0,0,0,0,0,0,0,0,0,0
340562,3,1,0,0,0,0,0,0,0,0,0,0
340562,4,1,0,0,0,0,0,0,0,0,0,0
340563,1,1,0,0,0,0,0,0,0,0,0,0
340563,2,1,0,0,0,0,0,0,0,0,0,0
340564,0,1,24,24,24,24,24,24,24,24,24,24
340564,1,1,0,0,0,0,0,0,0,0,0,0
340564,2,1,0,0,5,0,0,0,0,0,0,0
340565,1,1,0,0,0,0,0,0,0,0,0,0
340565,2,1,0,20,0,0,0,17,0,0,0,0
340565,3,1,0,0,0,0,0,0,0,18,0,22
340565,4,1,0,0,0,0,0,36,0,0,0,0
340566,0,1,0,0,0,0,0,0,0,0,0,0
340566,0,2,0,0,0,0,0,0,0,0,16,0
340566,0,3,0,0,0,0,0,0,0,0,12,0
340566,1,1,0,0,0,0,0,0,0,0,0,0
340566,2,1,13,0,0,0,0,0,0,25,0,0
340567,0,1,0,0,0,0,0,0,0,16,0,0
340567,1,1,0,0,4,14,16,27,6,13,7,16
340568,0,1,0,0,0,0,0,0,0,0,0,0
340568,1,1,0,0,0,0,0,0,0,0,0,16
340569,1,1,15,15,15,15,15,15,15,15,15,15
340570,1,1,7,7,7,7,7,7,7,7,7,7
340570,2,1,0,0,0,0,0,0,0,0,0,0
340571,1,1,24,24,24,24,24,24,24,24,24,24
340573,1,1,0,0,0,0,0,0,0,0,0,0
340574,1,1,0,0,0,0,0,0,0,0,7,0
340574,2,1,14,14,14,14,14,14,14,14,14,14
340575,1,1,27,27,27,27,27,27,27,27,27,27
340576,1,1,0,0,0,0,0,0,0,0,0,0
340577,1,1,0,0,0,0,0,0,0,0,0,0
340578,1,1,0,0,0,0,0,0,0,0,0,0
340578,2,1,0,0,0,0,0,0,0,0,0,0
340579,1,1,16,16,16,16,16,16,16,16,16,16
340579,2,1,0,0,0,0,0,0,0,0,0,0
340580,0,1,0,0,0,0,0,0,0,0,0,0
340580,1,1,0,0,0,0,0,0,0,0,0,0
340581,1,1,17,17,17,17,17,17,17,17,17,17
340581,2,1,0,0,0,0,0,0,0,0,0,0
340582,1,1,0,0,0,0,0,0,0,0,0,0
340582,2,1,0,0,0,0,0,0,0,0,0,0
340583,1,1,0,0,0,0,0,0,0,0,0,0
340584,1,1,0,0,0,0,0,0,0,0,0,0
340585,0,1,0,0,0,0,0,0,0,0,0,0
340585,1,1,0,0,0,0,0,0,12,0,0,0
340586,1,1,0,0,0,0,0,0,0,0,0,0
340587,0,1,0,0,0,0,0,0,0,0,0,0
340587,1,1,0,0,0,0,0,0,0,0,0,0
340588,1,1,20,20,20,20,20,20,20,20,20,20
340589,0,1,18,18,18,18,18,18,18,18,18,18
340589,1,1,0,0,0,0,0,0,0,0,0,0
340590,0,1,22,22,22,22,22,22,22,22,22,22
340590,1,1,0,0,0,0,0,0,0,0,0,0
340591,1,1,23,23,23,23,23,23,23,23,23,23
340592,0,1,0,0,0,0,0,0,0,0,0,0
340592,1,1,0,0,0,0,0,0,0,0,0,0
340593,1,1,12,12,12,12,12,12,12,12,12,12
340593,2,1,0,0,0,0,0,0,0,0,0,0
340593,3,1,0,0,0,0,0,0,0,0,0,0
340594,1,1,30,30,30,30,30,30,30,30,30,30
340595,1,1,0,0,0,0,0,0,0,0,0,0
340596,1,1,0,0,0,0,0,0,0,0,0,0
340597,1,1,9,12,4,20,28,15,26,2,27,19
340598,1,1,0,0,0,0,0,0,0,0,0,0
340598,2,1,0,0,0,0,0,0,0,0,0,0
340599,1,1,0,0,0,0,0,0,0,0,0,0
340599,2,1,0,0,0,0,0,0,0,0,0,0
340600,1,1,21,21,21,21,21,21,21,21,21,21
340601,1,1,0,0,0,0,0,0,0,0,0,0
340602,0,1,0,0,0,0,0,0,0,0,0,0
340602,1,1,0,0,0,0,0,0,0,0,0,0
340603,1,1,0,0,0,0,0,0,0,0,0,0
340603,2,1,0,0,0,0,6,0,6,0,12,0
340604,1,1,0,0,0,0,0,0,0,0,0,0
340605,0,1,0,0,0,0,0,0,0,0,0,0
340605,1,1,7,0,0,17,29,14,0,7,0,11
340606,0,1,0,0,0,0,0,0,0,0,0,0
340606,1,1,0,0,0,0,0,0,0,0,0,0
340607,0,1,0,0,0,0,6,0,0,0,0,0
340607,0,2,0,0,0,0,0,0,0,0,0,0
340607,1,1,0,0,0,0,0,0,0,0,0,0
340608,1,1,2,2,2,2,2,2,2,2,2,2
340609,0,1,0,0,0,0,0,0,0,0,0,0
340609,1,1,0,0,0,24,0,0,0,0,0,0
340610,1,1,0,0,0,9,0,25,0,0,0,7
340611,0,1,0,0,0,0,0,0,0,0,0,22
340611,1,1,0,37,6,0,0,0,0,0,0,0
340612,1,1,19,19,19,19,19,19,19,19,19,19
340613,0,1,16,16,16,16,16,16,16,16,16,16
340613,1,1,0,0,0,0,0,15,0,0,10,0
340614,0,1,0,0,0,0,0,0,0,0,0,0
340614,1,1,0,0,0,0,0,0,0,0,0,0
340615,1,1,0,0,0,0,0,0,0,0,0,0
340616,0,1,0,0,0,0,0,0,0,0,0,0
340616,1,1,0,0,0,0,0,0,0,0,0,0
340617,0,1,0,0,0,0,0,0,0,0,0,0
340617,1,1,0,0,0,0,0,0,0,0,0,0
340618,0,1,16,16,16,16,16,16,16,16,16,16
340618,0,2,8,8,8,8,8,8,8,8,8,8
340618,1,1,0,0,0,0,0,0,0,0,26,0