ST_CASE,VEH_NO,PER_NO,P1,P2,P3,P4,P5,P6,P7,P8,P9,P10
360081,1,1,0,0,0,0,6,0,0,0,0,0
360081,2,1,8,8,8,8,8,8,8,8,8,8
360082,1,1,0,0,0,0,0,0,0,0,0,0
360082,2,1,0,0,0,0,0,0,0,0,0,0
360083,0,1,42,42,42,42,42,42,42,42,42,42
360083,1,1,17,22,0,0,0,12,0,0,0,6
360084,1,1,29,25,13,6,17,20,17,17,23,25
360084,2,1,0,0,0,0,0,9,0,0,0,0
360085,1,1,14,0,0,11,0,0,23,0,0,0
360085,2,1,6,0,0,19,0,0,49,0,9,13
360087,0,1,0,0,0,0,0,0,0,0,0,0
360087,1,1,0,0,0,0,0,0,0,0,0,0
360088,0,1,0,0,0,0,0,0,0,0,0,0
360088,1,1,0,0,0,0,0,0,25,0,0,11
360089,0,1,26,26,26,26,26,26,26,26,26,26
360089,1,1,0,0,11,0,0,15,0,11,0,0
360090,1,1,24,24,24,24,24,24,24,24,24,24
360091,1,1,7,0,0,0,0,0,0,0,13,0
360092,1,1,0,0,32,0,0,19,0,0,11,0
360093,0,1,0,0,0,0,0,0,0,9,0,0
360093,1,1,0,0,0,0,0,0,0,0,0,0
360094,1,1,0,0,0,0,22,0,15,0,0,0
360094,2,1,0,0,0,0,0,0,0,0,0,14
360095,1,1,0,9,0,0,0,0,0,23,16,0
360095,2,1,3,18,0,0,21,21,0,22,0,0
360096,1,1,0,0,0,0,0,0,0,0,0,0
360096,2,1,0,0,0,0,0,0,0,0,0,0
360096,3,1,0,0,0,0,0,0,0,0,0,0
360097,1,1,1,1,1,1,1,1,1,1,1,1
360097,2,1,0,0,0,0,0,0,0,0,0,0
360098,0,1,18,18,18,18,18,18,18,18,18,18
360098,1,1,0,35,0,0,0,0,17,0,0,15
360099,0,1,0,0,0,0,0,0,0,0,0,0
360099,1,1,12,0,27,0,37,13,0,0,0,0
360100,0,1,0,0,0,0,0,0,0,0,0,0
360100,1,1,0,0,0,0,0,0,0,0,0,0
360101,1,1,0,0,0,0,0,0,0,7,0,0
360101,2,1,14,14,14,14,14,14,14,14,14,14
360102,1,1,0,0,0,0,0,0,0,0,0,0
360102,2,1,0,0,0,0,0,0,16,0,0,0
360103,1,1,0,0,0,14,0,0,0,0,0,0
360103,2,1,0,22,0,0,0,0,0,0,0,0
360103,3,1,0,0,0,0,0,0,0,0,0,0
360103,4,1,0,0,0,0,0,0,0,0,0,0
360103,5,1,0,0,0,0,0,0,0,0,0,0
360104,1,1,0,0,0,0,0,0,0,0,0,0
360104,2,1,0,0,0,0,0,0,0,23,0,0
360105,1,1,7,27,8,13,31,20,21,17,20,11
360106,1,1,0,0,0,0,0,0,0,0,0,0
360107,1,1,25,25,25,25,25,25,25,25,25,25
360108,1,1,16,16,16,16,16,16,16,16,16,16
360109,0,1,0,0,0,0,0,0,0,0,0,0
360109,1,1,21,0,12,0,12,12,0,15,12,9
360110,1,1,0,0,0,0,0,0,6,0,0,0
360110,2,1,0,0,0,0,0,0,18,0,0,0
360111,0,1,0,0,18,0,25,0,0,0,21,28
360111,1,1,0,0,0,0,0,0,0,0,0,0
360112,0,1,24,24,24,24,24,24,24,24,24,24
360112,1,1,0,3,0,0,0,0,8,0,19,0
360112,2,1,0,0,0,0,0,5,0,9,0,12
360112,3,1,15,0,0,13,17,0,0,0,5,19
360113,1,1,0,0,0,0,0,0,0,0,0,0
360113,2,1,0,6,0,6,0,0,0,0,13,0
360114,0,1,32,32,32,32,32,32,32,32,32,32
360114,1,1,9,7,24,6,0,22,18,14,13,0
360115,1,1,0,0,16,0,0,0,0,0,12,0
360115,2,1,0,0,0,0,0,0,0,0,0,0
360116,1,1,0,0,0,0,0,0,0,0,0,0
360117,1,1,28,18,0,0,22,0,7,29,28,0
360118,0,1,0,0,20,25,41,0,0,0,13,0
360118,1,1,0,0,0,6,0,5,0,14,0,13
360119,1,1,21,0,0,0,0,0,16,0,0,0
360119,2,1,0,0,0,3,0,0,0,0,2,0
360120,0,1,11,11,11,11,11,11,11,11,11,11
360120,1,1,0,17,9,7,2,31,3,0,0,0
360121,1,1,0,0,0,0,0,0,0,0,0,0
360122,0,1,9,0,0,10,0,0,14,0,0,0
360122,1,1,0,0,15,35,40,0,10,15,0,0
360124,0,1,0,23,0,0,13,0,0,17,0,20
360124,1,1,0,0,15,0,11,15,0,0,0,0
360125,0,1,0,0,0,0,0,0,0,0,0,0
360125,1,1,0,0,0,0,0,21,11,0,0,0
360126,1,1,12,18,16,0,0,4,0,0,0,15
360126,2,1,12,0,5,0,0,11,0,0,0,21
360127,1,1,18,18,18,18,18,18,18,18,18,18
360127,2,1,0,0,0,0,0,31,0,0,0,0
360128,1,1,41,41,41,41,41,41,41,41,41,41
360128,2,1,0,0,0,26,0,0,18,0,0,0
360129,1,1,0,0,0,0,0,0,0,0,0,0
360130,1,1,17,0,0,0,0,0,0,0,16,0
360130,2,1,0,0,0,0,0,0,18,0,0,0
360130,3,1,11,0,0,0,0,0,0,0,0,11
360131,1,1,0,0,0,0,0,0,0,0,0,0
360132,0,1,0,0,0,0,0,0,0,0,0,0
360132,1,1,2,0,0,5,8,14,21,0,0,0
360133,0,1,0,0,13,0,0,0,15,0,0,0
360133,1,1,0,0,0,0,0,0,0,0,0,0
360134,1,1,0,0,0,0,0,0,0,0,0,0
360135,0,1,0,0,0,0,0,0,0,0,0,0
360135,1,1,0,0,0,0,0,0,0,0,14,0
360136,0,1,0,0,0,0,0,0,0,0,0,0
360136,1,1,0,12,0,0,0,16,16,10,4,0
360137,1,1,0,0,0,0,0,0,0,0,0,0
360138,0,1,0,0,0,0,0,0,0,0,0,0
360138,1,1,0,0,0,0,0,0,0,0,0,0
360139,0,1,0,0,10,0,35,0,0,0,0,18
360139,1,1,0,0,0,0,0,0,0,14,9,0
360140,1,1,0,0,0,0,0,0,0,0,0,0
360141,1,1,25,25,25,25,25,25,25,25,25,25
360142,1,1,0,0,0,0,0,0,0,0,0,0
360143,1,1,0,0,0,0,0,0,0,8,0,0
360143,2,1,0,0,0,0,0,0,0,0,0,0
360144,1,1,0,0,0,0,0,0,0,0,0,0
360144,2,1,0,0,0,0,0,0,0,0,0,0
360144,3,1,0,0,21,0,0,0,0,0,0,0
360144,4,1,0,0,0,0,0,0,0,0,0,0
360145,0,1,0,0,0,0,0,0,22,0,0,0
360145,1,1,0,0,0,0,0,0,0,0,0,0
360146,0,1,0,0,0,0,0,0,0,0,0,0
360146,1,1,6,35,0,0,17,0,11,23,14,8
360147,1,1,25,13,9,11,16,8,10,0,13,26
360148,0,1,18,18,18,18,18,18,18,18,18,18
360148,1,1,0,0,0,0,0,0,0,0,0,8
360149,1,1,0,0,0,0,0,0,0,0,0,0
360149,2,1,0,20,0,0,0,0,0,0,0,0
360150,1,1,26,26,26,26,26,26,26,26,26,26
360151,1,1,8,8,8,8,8,8,8,8,8,8
360152,0,1,41,14,0,0,0,0,0,0,0,0
360152,1,1,0,0,0,0,0,0,0,0,0,0
360153,1,1,14,14,14,14,14,14,14,14,14,14
360154,0,1,1,1,1,1,1,1,1,1,1,1
360154,1,1,0,14,0,0,0,10,0,23,0,0
360155,0,1,0,0,0,0,0,0,0,0,0,0
360155,1,1,0,0,0,0,0,10,0,0,0,0
360157,1,1,0,0,0,0,24,0,0,0,0,42
360158,1,1,0,0,0,0,0,0,0,0,0,0
360158,2,1,0,0,0,0,0,0,0,0,0,0
360159,1,1,6,6,6,6,6,6,6,6,6,6
360159,2,1,35,9,0,0,9,14,0,12,0,7
360159,3,1,7,0,0,0,0,0,0,0,0,0
360161,1,1,0,0,18,17,16,17,0,0,22,10
360161,2,1,0,0,0,0,0,0,0,0,0,0
360162,1,1,0,0,0,0,0,0,0,0,0,0
360163,1,1,0,0,0,0,0,0,0,0,0,0
360163,2,1,0,0,27,0,0,0,0,0,0,0
360164,0,1,0,0,0,0,0,0,0,0,0,0
360164,1,1,0,0,0,0,0,0,0,0,0,0
360166,1,1,0,0,0,0,0,0,0,0,0,0
360166,2,1,0,0,0,0,14,0,0,0,0,0
360167,1,1,0,16,0,0,0,0,0,0,0,16
360167,2,1,0,0,0,0,11,0,0,0,0,0
360168,1,1,0,0,0,0,20,0,10,23,0,0
360168,2,1,0,0,33,0,0,35,0,0,41,0
360169,0,1,33,33,33,33,33,33,33,33,33,33
360169,1,1,9,9,0,0,0,22,0,0,10,0
360171,0,1,0,0,0,0,0,0,0,0,0,0
360171,1,1,0,18,0,0,0,0,0,3,0,0
360172,1,1,0,0,0,0,0,0,0,0,0,0
360173,1,1,0,0,0,0,0,0,0,0,0,0
360175,0,1,0,0,0,0,0,0,0,0,0,0
360175,1,1,0,0,0,0,9,17,0,0,0,0
360176,0,1,0,0,0,0,0,0,0,25,0,0
360176,1,1,25,0,11,0,13,10,0,8,0,0
360177,0,1,0,0,0,0,0,0,0,0,0,0
360177,1,1,0,0,0,0,0,0,0,0,0,0
360178,1,1,0,0,0,0,0,0,0,0,0,0
360178,2,1,0,0,0,0,0,0,0,0,0,0
360179,0,1,0,0,0,0,0,0,0,0,0,0
360179,1,1,0,0,0,0,0,0,0,26,0,0
360180,1,1,15,11,31,16,10,25,3,16,24,17
360181,1,1,0,0,0,14,0,22,0,0,12,0
360181,2,1,0,0,2,0,0,0,0,0,0,0
360182,1,1,12,16,11,15,10,0,33,26,17,20
360183,1,1,0,0,0,0,0,0,0,0,0,0
360184,1,1,6,18,8,0,16,0,23,15,4,19
360185,0,1,0,0,0,0,0,0,0,0,0,0
360185,1,1,0,0,0,0,0,0,0,4,0,0
360186,0,1,0,0,0,0,0,0,0,0,0,0
360186,1,1,0,27,25,9,13,0,5,7,0,9
360187,1,1,9,0,26,37,15,15,0,0,0,25
360187,2,1,20,20,20,20,20,20,20,20,20,20
360189,1,1,12,22,18,12,41,10,18,13,0,7
360189,2,1,0,12,0,7,13,7,0,0,0,0
360190,0,1,27,27,27,27,27,27,27,27,27,27
360190,1,1,0,8,0,0,23,24,0,13,0,0
360191,0,1,0,0,0,0,0,0,0,0,0,0
360191,1,1,0,0,0,0,0,0,0,0,0,0
360191,2,1,0,0,0,0,18,0,0,0,0,0
360192,1,1,0,0,0,0,0,0,0,0,0,0
360192,2,1,0,0,0,0,17,0,0,0,0,0
360193,1,1,0,0,0,0,0,0,0,0,0,0
360193,2,1,0,0,0,0,0,0,0,0,0,0
360194,1,1,12,0,13,0,21,0,9,9,0,12
360195,1,1,0,0,6,0,0,0,0,0,0,0
360195,2,1,3,0,0,26,8,21,0,0,0,0
360196,1,1,0,0,0,9,19,13,37,0,0,19
360197,1,1,0,0,0,0,0,0,0,0,0,0
360198,1,1,17,11,8,0,18,11,16,16,0,20
360199,1,1,0,0,0,0,0,0,0,0,0,0
360199,2,1,0,0,0,0,0,0,0,0,0,0
360200,1,1,0,34,0,0,23,0,0,13,0,0
360200,2,1,0,0,0,0,0,0,0,0,0,0
360201,1,1,0,0,0,0,0,0,0,11,0,0
360201,2,1,0,5,11,0,0,10,0,10,0,0
360202,1,1,0,0,0,0,0,0,0,0,0,0
360203,1,1,13,0,0,7,0,14,24,9,43,0
360204,1,1,12,12,12,12,12,12,12,12,12,12
360206,0,1,0,34,17,15,22,11,0,0,0,13
360206,1,1,7,0,15,11,30,0,0,9,0,13
360207,1,1,0,0,0,20,0,0,0,0,0,0
360208,1,1,0,0,0,0,0,0,0,0,0,0
360209,1,1,0,0,0,0,0,0,0,0,0,0
360211,1,1,0,0,0,0,0,0,0,0,0,33
360211,2,1,0,0,0,0,0,0,0,0,0,0
360212,1,1,0,0,0,0,0,0,0,0,0,0
360213,0,1,0,0,0,0,0,0,30,0,0,0
360213,1,1,0,11,0,0,0,0,0,0,0,0
360214,1,1,23,0,20,12,0,0,0,0,0,0
360214,2,1,0,0,0,0,0,0,0,0,0,0
360215,0,1,0,0,0,11,0,0,0,0,0,0
360215,1,1,0,0,0,0,0,0,0,0,0,0
360216,0,1,0,20,3,0,0,0,0,0,0,0
360216,1,1,0,6,0,0,0,0,0,0,0,0
360217,0,1,21,0,0,10,0,19,0,0,0,0
360217,1,1,0,0,0,14,7,0,11,22,0,14
360217,2,1,0,0,0,0,0,0,0,0,0,0
360218,0,1,0,0,0,0,23,0,0,16,0,0
360218,1,1,32,0,15,18,7,17,20,12,18,9
360219,0,1,0,0,0,0,0,0,0,0,0,0
360219,1,1,24,9,21,16,27,8,0,31,23,22
360220,1,1,0,0,0,0,0,0,0,0,0,15
360220,2,1,0,0,0,0,0,0,0,0,0,0
360221,1,1,0,0,0,0,0,0,0,0,0,0
360221,2,1,0,0,0,0,0,0,0,0,1,0
360221,3,1,0,0,0,0,0,0,0,0,0,0
360222,0,1,0,0,0,0,0,0,0,0,0,0
360222,1,1,0,0,0,20,0,0,0,0,0,0
360223,0,1,0,0,0,0,0,0,23,0,4,0
360223,1,1,0,0,0,0,0,0,0,0,0,0
360224,1,1,14,0,0,20,10,0,0,0,0,0
360224,2,1,0,0,0,0,0,0,0,0,0,0
360225,1,1,0,0,0,0,0,12,24,0,26,3
360225,2,1,0,0,0,0,0,0,0,13,0,20
360225,3,1,0,0,0,0,0,19,0,0,0,0
360226,1,1,0,0,0,0,0,0,0,0,0,0
360226,2,1,0,0,0,0,0,0,0,0,0,0
360226,3,1,0,0,0,0,0,0,0,0,0,0
360227,1,1,0,0,0,0,0,0,0,0,0,0
360227,2,1,0,0,0,0,0,12,0,0,0,15
360227,3,1,16,0,0,0,0,0,0,0,0,0
360228,1,1,15,12,0,0,0,23,0,6,0,0
360229,1,1,0,0,0,0,0,0,0,0,0,0
360229,2,1,0,0,0,0,0,0,0,0,0,0
360229,3,1,0,0,0,0,0,0,0,0,0,0
360229,4,1,0,0,0,0,0,0,0,0,0,0
360229,5,1,0,0,0,0,0,0,0,0,0,0
360229,6,1,0,0,0,0,0,0,0,0,0,0
360229,7,1,0,0,0,0,0,0,0,0,0,0
360229,8,1,0,0,0,0,0,0,0,0,0,0
360231,0,1,0,0,0,0,0,0,0,0,0,0
360231,1,1,15,10,23,26,1,17,0,0,23,25
360232,0,1,30,0,13,6,0,0,0,9,0,14
360232,1,1,0,32,0,0,0,0,14,0,0,0
360233,1,1,0,0,0,0,0,0,0,0,0,0
360234,1,1,0,0,0,0,0,0,0,0,0,0
360235,1,1,14,14,14,14,14,14,14,14,14,14
360235,2,1,0,14,18,0,0,6,0,0,0,0
360235,3,1,0,22,0,0,0,0,6,12,0,0
360236,1,1,20,10,0,0,20,0,0,24,18,17
360237,0,1,1,1,1,1,1,1,1,1,1,1
360237,1,1,0,26,0,0,18,0,0,0,0,0
360238,1,1,0,15,20,0,0,23,20,0,0,10
360239,1,1,0,0,0,0,0,0,0,0,0,0
360239,2,1,0,0,0,0,0,0,0,0,0,0
360239,3,1,0,0,0,0,0,0,0,0,0,0
360240,1,1,0,0,0,0,0,0,10,0,28,0
360240,2,1,0,0,0,32,0,10,0,0,0,0
360241,0,1,0,0,0,28,0,0,0,25,0,30
360241,1,1,14,10,0,0,0,0,0,0,0,0
360242,1,1,12,0,10,14,18,11,26,17,0,7
360244,1,1,0,0,0,0,0,0,0,0,0,0
360245,0,1,0,0,0,0,0,0,0,0,0,0
360245,1,1,0,17,0,0,17,0,0,0,7,7
360246,0,1,28,28,28,28,28,28,28,28,28,28
360246,1,1,0,29,0,0,0,0,0,0,0,0
360247,0,1,10,10,10,10,10,10,10,10,10,10
360247,1,1,15,25,14,19,0,0,0,20,0,0
360249,1,1,21,21,21,21,21,21,21,21,21,21
360250,1,1,5,0,0,0,0,12,0,9,0,26
360251,0,1,0,0,0,0,0,0,0,0,0,0
360251,0,2,0,0,0,0,0,0,0,0,0,0
360251,0,3,0,0,0,0,0,0,0,0,0,0
360251,1,1,0,0,0,0,0,0,0,0,23,7
360252,1,1,12,12,12,12,12,12,12,12,12,12
360253,1,1,0,0,20,0,0,0,0,0,0,0
360254,0,1,0,0,0,0,0,0,0,0,0,0
360254,1,1,4,0,0,5,26,0,0,15,27,15
360255,0,1,0,0,0,0,0,0,21,15,0,11
360255,1,1,30,0,16,12,10,0,0,0,0,29
360256,1,1,27,14,11,12,21,4,19,33,16,10
360257,0,1,0,0,0,0,0,0,0,9,0,36
360257,1,1,7,7,0,0,0,13,23,6,11,4
360258,0,1,0,0,0,0,0,0,0,0,0,0
360258,1,1,20,17,7,18,5,0,12,0,6,10
360259,0,1,0,0,0,0,0,0,0,0,0,0
360259,1,1,0,0,0,0,18,0,0,17,0,0
360260,0,1,32,32,32,32,32,32,32,32,32,32
360260,1,1,0,6,0,14,0,22,8,0,0,0
360261,0,1,16,0,0,0,0,0,0,0,0,0
360261,1,1,0,0,0,0,0,0,5,0,0,0
360262,0,1,22,22,22,22,22,22,22,22,22,22
360262,0,2,0,0,35,0,8,0,24,6,0,0
360262,1,1,11,19,11,24,15,3,16,21,28,8
360263,0,1,0,0,0,0,0,0,0,0,0,0
360263,1,1,0,0,0,0,0,0,0,0,0,0
360264,1,1,0,0,0,0,0,0,0,0,0,0
360264,2,1,0,0,0,0,0,0,0,0,0,0
360265,1,1,0,14,0,0,0,0,20,0,0,0
360265,2,1,0,0,0,0,0,0,20,37,0,0
360266,1,1,0,0,0,0,0,0,0,0,0,0
360266,2,1,0,0,0,0,0,0,0,0,0,0
360267,1,1,0,0,0,0,0,0,0,0,0,0
360267,2,1,0,0,0,0,0,0,0,0,25,0
360267,3,1,0,0,13,0,0,0,0,0,0,0
360267,4,1,0,0,0,0,0,0,0,0,0,0
360268,1,1,0,0,0,0,0,0,0,0,0,0
360268,2,1,0,0,0,0,27,0,19,0,0,10
360269,1,1,10,10,10,10,10,10,10,10,10,10
360270,1,1,0,0,0,0,0,0,0,0,0,0
360270,2,1,0,0,0,0,0,0,0,0,0,0
360271,1,1,0,0,0,0,0,0,0,0,0,0
360271,2,1,0,0,0,0,0,0,0,0,0,0
360273,0,1,0,0,19,0,0,15,0,0,0,0
360273,1,1,0,0,0,0,0,0,0,0,0,0
360274,0,1,0,0,0,0,0,0,0,21,38,0
360274,1,1,0,0,0,0,0,0,0,0,0,0
360275,1,1,0,0,0,0,0,0,0,0,0,0
360275,2,1,0,0,0,0,0,5,0,0,0,0
360276,1,1,14,11,6,7,9,9,10,29,12,15
360276,2,1,0,0,0,0,0,0,25,0,0,0
360277,1,1,0,0,0,0,27,0,0,0,0,0
360277,2,1,0,0,0,0,0,0,0,0,0,0
360278,1,1,0,22,0,0,0,0,0,0,0,0
360278,2,1,0,0,0,0,0,0,0,0,0,0
360279,1,1,0,0,0,0,0,0,0,21,0,0
360279,2,1,9,9,9,9,9,9,9,9,9,9
360280,1,1,15,0,0,0,0,0,11,0,0,0
360280,2,1,0,0,0,0,0,0,0,0,0,0
360281,1,1,0,0,13,0,0,0,7,0,13,18
360281,2,1,0,0,0,0,0,0,0,0,12,0
360282,1,1,18,0,24,0,0,23,11,0,25,29
360283,1,1,27,39,12,19,2,23,13,0,0,0
360283,2,1,23,9,19,25,7,19,19,0,0,0
360284,1,1,0,0,0,0,0,0,9,8,0,0
360284,2,1,0,0,0,0,0,0,0,0,0,0
360285,1,1,9,9,9,9,9,9,9,9,9,9
360285,2,1,0,0,0,0,0,0,0,0,0,0
360285,3,1,0,0,14,0,0,0,0,0,0,0
360286,1,1,0,0,0,0,0,0,0,0,0,0
360287,1,1,0,0,0,0,0,0,0,0,0,0
360287,2,1,0,0,0,0,0,0,0,0,0,0
360288,1,1,6,6,6,6,6,6,6,6,6,6
360289,1,1,12,8,0,16,20,17,3,28,20,9
360290,1,1,0,0,0,0,0,0,0,0,19,0
360290,2,1,0,0,0,0,0,0,8,0,19,0
360291,1,1,0,0,0,0,0,0,0,47,0,8
360292,1,1,15,17,17,21,16,20,25,18,17,12
360293,1,1,27,27,27,27,27,27,27,27,27,27
360294,0,1,20,0,0,25,0,8,36,0,0,19
360294,1,1,0,0,0,0,0,0,0,0,0,0
360295,0,1,33,14,0,28,0,31,0,11,0,20
360295,1,1,21,10,5,14,5,23,15,14,0,8
360296,0,1,0,0,0,0,0,0,0,0,0,0
360296,1,1,0,0,0,0,0,0,0,0,0,0
360297,1,1,0,0,0,0,0,0,0,0,0,0
360297,2,1,0,0,0,0,0,0,0,0,0,0
360297,3,1,0,0,0,0,0,0,0,0,0,0
360298,1,1,5,0,0,0,15,0,0,0,0,0
360298,2,1,18,0,0,0,0,0,11,0,0,12
360299,1,1,0,0,0,0,0,0,0,0,0,0
360299,2,1,0,0,0,0,0,0,0,0,0,0
360300,1,1,22,22,22,22,22,22,22,22,22,22
360301,1,1,0,0,0,0,0,0,0,0,0,0
360302,1,1,0,0,0,0,0,19,0,8,0,0
360303,1,1,0,0,0,0,0,0,0,0,0,0
360303,2,1,0,0,0,0,0,0,0,0,0,3
360304,1,1,0,0,0,0,0,0,0,0,0,0
360304,2,1,0,0,0,16,0,0,0,0,0,0
360305,1,1,0,0,0,0,0,0,0,0,0,0
360306,1,1,0,0,0,0,0,0,0,0,0,0
360306,2,1,0,0,0,2,7,23,0,0,0,0
360307,1,1,0,0,0,0,17,0,0,0,15,19
360309,1,1,17,0,14,22,0,13,0,0,0,17
360310,1,1,0,0,0,0,0,0,0,0,0,0
360310,2,1,8,0,0,0,9,0,0,0,0,0
360311,1,1,0,0,0,0,0,33,0,17,10,19
360312,1,1,0,0,0,0,0,0,0,0,0,0
360313,1,1,0,0,0,0,0,0,0,0,0,0
360313,2,1,0,0,4,0,0,0,0,0,0,0
360314,1,1,0,0,0,24,0,0,0,23,12,0
360315,0,1,0,0,0,0,0,0,0,0,0,0
360315,1,1,0,0,0,0,0,0,20,0,0,0
360316,1,1,15,0,0,0,15,0,9,0,0,0
360316,2,1,14,0,0,0,0,0,0,0,0,0
360316,3,1,0,0,0,22,0,0,12,0,0,0
360316,4,1,0,0,0,0,0,0,0,0,0,0
360317,0,1,0,0,0,0,0,0,0,0,0,0
360317,1,1,0,3,0,0,0,0,0,0,0,0
360318,1,1,28,28,28,28,28,28,28,28,28,28
360318,2,1,0,0,0,0,0,0,0,0,0,0
360319,1,1,0,0,0,0,0,0,0,0,0,0
360319,2,1,14,0,0,11,0,0,0,0,0,0
360320,1,1,0,0,0,0,0,0,0,0,0,0
360320,2,1,0,0,0,0,17,0,0,0,0,0
360321,0,1,33,33,33,33,33,33,33,33,33,33
360321,1,1,0,0,16,0,0,0,5,9,0,20
360322,0,1,22,22,22,22,22,22,22,22,22,22
360322,1,1,0,0,0,0,0,0,0,0,0,0
360323,0,1,17,17,17,17,17,17,17,17,17,17
360323,1,1,8,8,0,0,13,0,10,0,16,0
360324,1,1,0,0,0,0,15,0,0,0,13,0
360325,1,1,33,0,0,19,0,8,0,0,0,18
360326,1,1,0,0,0,14,0,0,0,0,0,0
360326,2,1,0,0,0,0,0,0,0,16,0,0
360327,0,1,0,18,0,0,19,0,0,0,11,0
360327,1,1,0,0,0,0,0,24,0,0,0,0
360328,0,1,0,0,0,0,0,0,0,0,0,0
360328,1,1,0,0,0,0,14,0,0,0,0,0
360329,1,1,0,0,0,0,0,25,0,0,25,0
360330,1,1,0,0,0,0,0,0,0,0,0,0
360330,2,1,0,0,0,0,0,0,0,0,0,0
360330,3,1,0,0,0,0,0,0,0,0,0,0
360331,1,1,0,0,0,0,0,0,0,0,0,0
360331,2,1,0,0,0,0,0,0,0,0,0,0
360332,0,1,42,42,42,42,42,42,42,42,42,42
360332,1,1,0,4,0,0,0,0,0,0,0,3
360333,0,1,0,25,0,19,0,0,50,21,0,24
360333,1,1,0,11,0,10,0,20,0,5,18,22
360334,1,1,15,0,15,0,0,0,0,0,0,0
360335,0,1,0,0,32,0,0,0,16,0,0,0
360335,1,1,0,0,0,0,0,0,0,0,0,0
360336,1,1,0,0,0,0,0,0,0,0,0,0
360336,2,1,0,0,0,0,0,0,0,0,0,0
360337,1,1,0,0,0,0,0,0,0,0,0,0
360338,1,1,0,0,0,16,0,0,6,0,11,19
360339,1,1,0,0,0,0,0,0,0,0,0,0
360339,2,1,17,0,25,0,8,0,21,0,12,0
360340,1,1,0,0,0,0,0,0,0,0,0,0
360342,1,1,0,0,0,0,0,0,0,0,0,0
360342,2,1,0,0,0,0,0,23,10,0,0,0
360343,1,1,0,0,0,0,0,0,0,0,0,0
360343,2,1,0,0,0,0,0,0,0,0,0,0
360344,1,1,0,0,0,12,0,0,0,0,0,0
360345,1,1,0,0,0,0,0,0,26,0,0,0
360346,1,1,19,0,0,0,0,0,0,0,0,0
360346,2,1,0,0,0,7,16,0,0,0,11,15
360347,1,1,0,0,0,0,0,0,0,0,0,0
360348,0,1,12,12,12,12,12,12,12,12,12,12
360348,1,1,0,0,5,0,13,0,14,0,20,15
360349,0,1,0,0,0,0,0,0,0,0,0,0
360349,1,1,0,0,0,0,0,0,0,0,0,0
360350,1,1,10,14,12,23,12,4,5,27,34,0
360350,2,1,0,0,0,0,0,0,0,0,0,0
360351,1,1,21,18,0,0,0,9,0,0,0,0
360351,2,1,11,11,11,11,11,11,11,11,11,11
360352,1,1,0,0,0,0,0,0,9,0,0,0
360353,1,1,24,24,24,24,24,24,24,24,24,24
360354,1,1,3,3,3,3,3,3,3,3,3,3
360355,1,1,0,0,20,0,0,23,0,15,0,0
360356,1,1,0,0,0,0,0,0,0,0,0,0
360356,2,1,0,0,0,0,0,0,0,0,0,0
360356,3,1,0,11,0,12,24,0,0,8,0,0
360358,1,1,8,14,22,17,14,9,6,9,29,28
360358,2,1,4,19,0,0,0,0,0,0,0,0
360359,1,1,1,1,1,1,1,1,1,1,1,1
360360,1,1,0,0,0,0,0,0,0,0,0,0
360361,1,1,27,17,28,31,14,22,18,0,16,20
360362,1,1,0,0,0,0,0,28,0,0,0,0
360363,1,1,15,0,20,9,11,9,0,19,16,0
360364,1,1,0,0,0,0,0,29,22,0,28,31
360365,1,1,0,0,6,12,0,0,0,0,0,0
360366,0,1,17,0,0,0,0,0,10,0,44,25
360366,1,1,12,21,0,0,0,0,0,9,21,8
360367,0,1,0,0,0,0,0,0,0,0,0,0
360367,1,1,15,15,15,15,15,15,15,15,15,15
360368,1,1,0,0,0,0,0,0,0,0,0,0
360368,2,1,20,0,0,0,10,0,0,0,0,0
360369,1,1,11,11,11,11,11,11,11,11,11,11
360370,1,1,0,0,0,0,0,0,0,0,0,0
360370,2,1,0,0,0,0,0,0,0,0,0,0
360371,1,1,0,17,0,0,0,17,19,0,0,0
360371,2,1,0,0,3,0,0,36,0,0,0,0
360372,0,1,0,0,0,0,0,0,0,0,0,0
360372,1,1,0,15,0,0,0,0,0,0,0,0
360373,1,1,0,0,0,0,0,0,0,0,0,0
360373,2,1,0,0,0,0,0,0,0,0,0,0
360374,0,1,0,0,0,22,17,40,29,0,20,19
360374,0,2,0,7,0,0,19,0,0,0,0,0
360374,1,1,0,0,0,0,0,0,0,0,0,0
360375,0,1,0,0,0,0,0,0,0,0,0,0
360375,1,1,0,0,0,0,12,9,0,0,16,0
360376,0,1,0,0,0,0,0,0,0,0,0,0
360376,1,1,0,0,0,0,0,0,0,0,0,0
360377,1,1,0,0,0,0,17,0,0,0,0,0
360377,2,1,0,0,0,0,0,0,0,0,0,0
360378,1,1,0,0,0,0,0,0,21,0,0,0
360378,2,1,0,0,0,19,0,0,14,0,0,0
360379,1,1,0,0,0,0,0,0,0,0,0,0
360380,1,1,16,16,16,16,16,16,16,16,16,16
360381,1,1,0,0,28,0,0,0,0,24,0,0