ST_CASE,VEH_NO,PER_NO,P1,P2,P3,P4,P5,P6,P7,P8,P9,P10
360382,1,1,16,16,16,16,16,16,16,16,16,16
360383,1,1,0,0,0,0,0,0,0,0,0,0
360384,0,1,0,0,0,0,0,0,0,0,0,0
360384,0,2,0,0,0,0,0,0,0,0,0,0
360384,1,1,0,13,0,0,0,0,0,0,0,0
360385,1,1,8,8,8,8,8,8,8,8,8,8
360386,1,1,0,28,19,21,0,10,0,33,23,0
360387,0,1,0,0,0,0,14,0,40,0,0,22
360387,1,1,16,19,17,28,17,18,6,10,8,15
360388,1,1,0,0,0,0,32,0,17,0,0,24
360389,1,1,19,19,19,19,19,19,19,19,19,19
360390,1,1,0,0,12,16,0,0,0,0,0,0
360391,1,1,0,0,0,0,11,28,0,14,0,0
360391,2,1,0,0,0,0,0,0,0,15,0,0
360392,0,1,6,0,0,0,0,0,0,0,9,0
360392,1,1,0,0,0,0,0,0,0,0,0,0
360393,1,1,0,0,0,0,0,0,0,0,0,0
360393,2,1,0,0,0,0,0,0,0,0,0,13
360394,0,1,0,0,0,0,0,0,0,0,0,0
360394,1,1,0,13,0,30,0,14,0,7,0,9
360395,0,1,0,9,0,0,0,27,23,13,0,0
360395,1,1,0,25,0,0,0,0,0,19,0,0
360396,1,1,12,12,12,12,12,12,12,12,12,12
360397,1,1,7,0,27,0,13,0,0,16,9,5
360397,2,1,0,19,0,0,0,0,0,13,0,13
360398,1,1,0,0,0,0,26,8,12,0,0,0
360398,2,1,0,0,0,0,0,0,0,0,0,0
360399,1,1,0,0,11,7,0,0,0,0,0,27
360399,2,1,0,0,0,26,39,0,0,0,0,0
360400,1,1,0,8,6,15,0,19,0,32,0,0
360401,1,1,26,24,0,17,28,0,0,31,17,8
360402,1,1,0,0,0,0,0,0,0,0,0,0
360403,0,1,13,13,13,13,13,13,13,13,13,13
360403,1,1,26,16,8,15,4,18,14,2,15,5
360404,0,1,0,0,0,0,0,0,0,0,0,0
360404,1,1,0,0,0,0,0,0,0,0,0,0
360405,1,1,26,0,28,18,0,27,12,0,0,0
360406,0,1,0,0,0,0,0,0,0,0,0,0
360406,1,1,9,23,8,0,0,10,0,19,9,3
360407,1,1,0,0,0,0,0,0,0,0,0,0
360407,2,1,0,0,0,0,0,0,0,0,0,0
360408,1,1,0,31,38,0,0,0,0,0,15,0
360408,2,1,10,0,0,0,0,0,0,0,0,0
360409,1,1,0,0,0,0,0,0,0,0,0,0
360409,2,1,0,0,0,0,0,0,0,0,0,0
360410,1,1,0,29,0,10,0,4,0,33,27,0
360410,2,1,0,0,0,0,0,0,0,0,0,0
360411,1,1,0,0,17,0,29,0,0,16,0,12
360411,2,1,0,0,0,0,0,0,0,0,0,0
360411,3,1,16,0,0,0,0,0,0,0,0,0
360411,4,1,0,9,0,0,0,0,0,0,0,0
360411,5,1,0,0,0,0,0,0,0,0,0,0
360412,1,1,0,0,0,0,0,0,0,0,0,0
360412,3,1,0,0,0,0,0,0,0,0,0,0
360413,1,1,0,0,0,0,0,0,0,0,0,0
360413,2,1,0,0,0,0,0,0,11,2,0,0
360414,1,1,0,0,0,0,0,0,0,0,0,0
360415,1,1,10,20,11,12,11,12,11,19,20,12
360416,1,1,17,17,17,17,17,17,17,17,17,17
360417,0,1,0,0,0,25,25,0,29,22,0,0
360417,1,1,0,0,0,0,0,0,0,0,0,0
360418,1,1,0,0,0,0,0,0,0,0,0,0
360418,2,1,0,0,0,0,0,0,0,5,0,0
360419,1,1,19,16,15,10,15,38,11,22,2,17
360420,1,1,11,11,11,11,11,11,11,11,11,11
360420,2,1,18,0,0,10,0,18,0,0,0,0
360421,1,1,0,0,0,0,0,0,0,0,0,0
360421,2,1,0,0,0,0,0,0,0,0,0,0
360422,1,1,0,0,0,0,0,0,11,18,16,0
360423,0,1,0,0,0,0,0,0,0,0,0,0
360423,1,1,0,0,0,0,0,0,0,0,0,0
360424,0,1,0,0,0,0,0,0,0,0,0,0
360424,1,1,0,0,0,0,0,0,0,0,0,0
360425,1,1,21,21,21,21,21,21,21,21,21,21
360426,1,1,14,14,14,14,14,14,14,14,14,14
360427,1,1,0,0,0,0,0,0,0,0,0,0
360428,0,1,12,0,0,26,0,0,0,0,0,0
360428,1,1,15,0,3,0,0,0,0,0,0,0
360429,1,1,23,23,23,23,23,23,23,23,23,23
360430,1,1,0,0,0,0,0,0,0,0,0,0
360431,0,1,0,0,26,19,0,10,0,0,0,17
360431,1,1,0,0,32,0,0,0,0,0,0,0
360432,1,1,0,0,0,0,0,0,0,0,0,0
360432,2,1,0,0,0,0,0,0,0,0,0,0
360433,1,1,0,0,0,0,0,0,0,0,0,0
360433,2,1,0,0,0,0,0,0,0,0,0,0
360433,3,1,8,0,0,0,0,0,0,0,0,0
360435,1,1,0,0,0,24,12,19,19,6,17,0
360436,1,1,22,22,22,22,22,22,22,22,22,22
360437,1,1,0,0,0,0,0,0,0,0,0,0
360437,2,1,0,0,0,0,0,0,0,0,14,0
360438,1,1,17,17,17,17,17,17,17,17,17,17
360438,2,1,0,0,0,0,0,0,0,0,0,0
360438,3,1,0,0,0,0,0,0,0,0,0,0
360438,4,1,0,0,0,0,0,0,0,0,0,0
360439,0,1,0,0,0,0,0,0,0,0,0,0
360439,1,1,0,0,0,0,17,0,14,0,0,0
360440,1,1,32,14,24,7,11,17,0,16,0,9
360440,2,1,0,0,0,0,0,0,22,20,0,0
360442,1,1,0,12,17,0,15,8,26,17,7,13
360442,2,1,0,0,0,12,0,0,0,0,0,0
360443,1,1,31,31,31,31,31,31,31,31,31,31
360444,1,1,8,8,8,8,8,8,8,8,8,8
360445,1,1,19,0,0,3,0,0,0,7,19,0
360445,2,1,0,0,0,0,0,0,0,0,20,0
360446,1,1,0,6,0,31,0,17,7,0,0,0
360446,2,1,0,6,0,0,0,0,0,16,0,0
360446,3,1,9,0,0,0,0,0,0,0,6,0
360447,1,1,17,17,17,17,17,17,17,17,17,17
360448,1,1,0,0,0,0,0,0,0,0,0,0
360448,2,1,0,0,0,0,0,0,0,0,0,0
360448,3,1,0,0,0,0,0,0,0,0,0,0
360449,1,1,0,0,0,0,0,0,0,0,0,6
360450,0,1,0,0,0,0,0,0,0,0,0,0
360450,1,1,6,13,0,0,0,0,6,8,0,13
360451,1,1,0,0,0,0,0,0,0,0,0,0
360452,0,1,0,0,0,0,40,0,0,15,0,13
360452,1,1,0,0,11,0,0,0,15,0,10,10
360453,0,1,0,0,0,0,0,0,0,0,0,0
360453,1,1,11,16,14,24,0,0,0,5,12,0
360454,1,1,0,0,0,0,0,0,0,0,0,0
360454,2,1,0,0,27,0,0,0,0,0,0,0
360455,1,1,0,0,11,0,26,11,17,0,0,0
360455,2,1,0,0,0,0,0,0,0,0,0,26
360456,1,1,0,0,0,0,10,0,0,0,0,4
360457,1,1,13,13,15,12,21,29,29,21,32,15
360457,2,1,0,0,0,0,0,0,0,0,0,0
360458,1,1,15,0,0,0,0,0,18,13,0,13
360459,1,1,0,0,0,0,0,0,0,0,0,0
360459,2,1,0,0,0,0,15,0,0,16,33,17
360460,1,1,25,25,25,25,25,25,25,25,25,25
360461,1,1,0,0,0,0,0,0,0,0,0,0
360462,1,1,18,18,18,18,18,18,18,18,18,18
360463,0,1,0,0,0,0,0,0,0,0,0,0
360463,1,1,14,17,14,0,13,20,12,18,18,10
360465,0,1,15,0,0,0,23,7,0,41,0,9
360465,1,1,16,0,0,7,0,0,0,27,0,0
360466,1,1,0,0,0,0,0,0,0,0,0,0
360466,2,1,0,0,0,0,0,0,0,0,0,0
360467,0,1,0,0,0,0,0,33,0,0,39,0
360467,0,2,16,0,0,0,21,0,0,0,0,15
360467,1,1,26,26,26,26,26,26,26,26,26,26
360468,0,1,6,6,6,6,6,6,6,6,6,6
360468,1,1,0,0,0,24,12,0,0,0,0,12
360469,1,1,0,0,0,0,0,0,0,0,0,0
360470,1,1,0,0,0,0,0,0,0,0,0,0
360470,2,1,0,0,0,0,0,0,0,0,0,0
360471,1,1,26,26,26,26,26,26,26,26,26,26
360471,2,1,14,0,0,0,0,0,0,0,0,3
360472,1,1,0,0,0,0,0,0,0,0,0,0
360472,2,1,0,0,0,0,0,0,0,0,15,0
360473,1,1,20,20,20,20,20,20,20,20,20,20
360474,1,1,26,26,26,26,26,26,26,26,26,26
360475,1,1,0,0,0,0,0,0,0,0,0,0
360476,1,1,0,8,0,21,0,0,0,0,0,0
360476,2,1,15,0,0,0,0,0,0,17,0,8
360477,1,1,0,0,0,0,0,0,0,0,0,0
360477,2,1,0,0,0,0,0,0,0,0,0,0
360478,1,1,0,0,0,0,0,0,0,0,0,0
360478,2,1,0,11,0,0,0,0,0,18,0,0
360478,3,1,0,0,0,0,11,0,0,0,0,0
360478,4,1,0,0,0,0,25,0,0,0,0,8
360479,1,1,39,39,39,39,39,39,39,39,39,39
360480,0,1,0,0,0,0,0,0,0,0,0,0
360480,1,1,0,0,0,0,9,0,0,0,0,0
360481,1,1,21,19,21,18,7,27,10,29,15,10
360482,1,1,0,0,0,0,0,0,0,0,0,0
360482,2,1,0,0,0,0,0,0,0,0,0,0
360483,1,1,12,15,30,20,0,12,40,3,14,19
360483,2,1,0,0,0,0,0,0,0,0,0,0
360484,1,1,0,0,0,0,0,0,0,0,0,0
360485,1,1,0,0,0,0,0,0,0,0,0,0
360486,0,1,18,18,18,18,18,18,18,18,18,18
360486,1,1,0,0,7,10,6,24,21,0,20,8
360487,0,1,0,0,0,0,0,0,0,0,0,0
360487,1,1,17,8,6,46,16,39,2,13,20,12
360488,1,1,0,0,0,0,0,0,0,0,0,0
360488,2,1,0,0,0,0,0,0,0,0,0,14
360489,1,1,16,16,16,16,16,16,16,16,16,16
360490,0,1,0,0,0,0,0,0,11,0,17,28
360490,1,1,0,0,0,0,0,19,24,0,20,10
360491,1,1,8,0,0,0,0,0,0,0,0,5
360491,2,1,6,6,6,6,6,6,6,6,6,6
360492,1,1,0,0,0,0,0,0,0,0,0,0
360492,2,1,0,0,0,0,0,0,0,0,0,0
360493,1,1,0,0,9,0,13,17,0,0,0,0
360493,2,1,17,17,17,17,17,17,17,17,17,17
360494,1,1,10,16,19,13,28,9,21,15,18,20
360495,1,1,11,11,11,11,11,11,11,11,11,11
360495,2,1,8,16,7,12,0,10,21,19,7,15
360496,1,1,12,19,15,0,0,18,17,0,9,21
360497,1,1,16,16,16,16,16,16,16,16,16,16
360497,2,1,0,6,0,0,0,0,3,19,0,12
360498,0,1,0,0,0,0,0,0,0,0,0,0
360498,1,1,0,0,0,0,0,0,0,0,0,0
360499,1,1,0,0,0,0,0,0,0,0,0,0
360499,2,1,0,0,0,0,0,0,0,0,0,0
360500,1,1,11,21,0,0,0,21,0,0,4,0
360500,2,1,0,0,0,5,8,0,0,0,0,0
360501,0,1,19,19,19,19,19,19,19,19,19,19
360501,1,1,0,0,0,8,0,0,17,0,0,0
360502,1,1,17,0,14,20,0,18,20,18,20,16
360502,2,1,13,13,13,13,13,13,13,13,13,13
360503,1,1,0,0,23,0,0,0,16,0,0,0
360503,2,1,0,0,0,0,0,0,0,0,0,0
360504,1,1,0,0,0,0,0,0,0,0,0,0
360505,1,1,17,15,12,19,17,11,13,23,0,7
360506,1,1,22,22,22,22,22,22,22,22,22,22
360507,0,1,0,0,0,0,0,0,0,0,0,0
360507,0,2,0,0,19,19,33,0,15,0,0,0
360507,1,1,11,0,17,0,8,4,0,29,16,18
360508,0,1,0,0,0,0,0,0,0,0,0,0
360508,1,1,17,0,19,20,29,8,5,0,13,4
360509,1,1,0,0,0,0,0,0,0,0,0,0
360509,2,1,0,0,0,0,0,0,0,0,0,0
360510,1,1,0,0,0,0,0,0,0,0,0,0
360511,1,1,0,0,0,0,0,0,0,0,22,0
360511,2,1,2,2,2,2,2,2,2,2,2,2
360512,1,1,0,0,0,0,0,0,0,0,0,0
360512,2,1,0,0,0,0,0,0,0,0,0,0
360513,0,1,0,0,0,0,0,0,0,0,0,0
360513,1,1,0,0,0,0,0,0,0,0,0,0
360514,0,1,9,9,9,9,9,9,9,9,9,9
360514,1,1,0,0,0,2,14,17,6,0,0,12
360515,0,1,27,20,0,0,0,0,0,0,0,0
360515,1,1,0,0,0,0,0,0,0,0,0,0
360516,1,1,0,0,16,0,0,13,9,11,4,0
360516,2,1,0,0,0,0,0,0,0,0,0,0
360517,1,1,10,10,10,10,10,10,10,10,10,10
360518,0,1,0,0,0,0,0,0,0,0,0,0
360518,1,1,0,0,0,0,24,0,0,0,0,0
360519,1,1,17,28,19,18,3,6,13,22,26,11
360521,1,1,21,25,11,0,10,19,20,0,0,17
360522,0,1,0,0,20,0,0,0,0,0,26,0
360522,0,2,0,0,0,0,0,56,10,0,15,32
360522,0,3,33,22,0,0,0,0,0,0,0,16
360522,0,4,0,0,0,0,9,0,18,5,0,0
360522,1,1,0,0,0,0,10,0,0,0,0,0
360523,1,1,0,0,0,15,0,0,27,0,0,22
360523,2,1,0,0,0,0,3,0,0,0,0,0
360523,3,1,0,0,0,0,5,0,0,0,0,0
360524,0,1,0,0,0,0,0,0,0,0,0,0
360524,1,1,0,0,0,0,0,0,0,0,0,12
360525,1,1,7,0,0,22,0,0,21,0,0,0
360526,1,1,0,12,0,0,0,12,0,0,0,8
360526,2,1,0,0,0,0,0,0,0,0,0,0
360527,1,1,0,0,0,0,0,16,0,0,0,0
360527,2,1,0,0,0,0,0,0,0,0,2,0
360528,1,1,7,7,7,7,7,7,7,7,7,7
360529,1,1,0,0,0,0,0,0,0,0,0,0
360530,1,1,1,1,1,1,1,1,1,1,1,1
360531,1,1,0,0,0,0,0,0,0,0,0,0
360531,2,1,0,0,0,0,0,0,0,0,0,0
360532,0,1,0,0,0,0,0,24,6,0,0,14
360532,1,1,0,0,20,0,0,0,0,0,0,0
360533,0,1,0,0,0,0,0,0,0,0,0,0
360533,1,1,7,17,27,17,0,9,22,0,0,0
360534,1,1,0,0,0,0,0,0,0,0,0,0
360534,2,1,6,13,12,8,17,14,4,20,17,19
360535,1,1,13,8,19,6,0,22,14,10,21,20
360536,0,1,18,18,18,18,18,18,18,18,18,18
360536,1,1,0,0,0,0,0,0,0,0,0,0
360537,0,1,0,0,0,0,0,0,0,0,0,0
360537,1,1,0,0,0,0,0,12,0,0,0,0
360538,1,1,0,0,0,0,0,0,0,0,0,0
360538,2,1,0,0,0,0,0,0,0,0,0,0
360539,1,1,0,0,0,0,0,0,0,0,0,0
360539,2,1,0,0,0,0,0,0,0,0,0,0
360540,0,1,0,0,0,0,0,0,0,0,0,0
360540,1,1,0,0,0,14,39,0,0,0,0,15
360541,1,1,0,0,0,5,0,19,5,0,7,0
360542,0,1,0,0,0,0,0,0,0,0,0,0
360542,0,2,0,26,25,0,0,0,21,0,0,11
360542,0,3,0,0,0,0,0,0,0,0,0,0
360542,0,4,0,0,0,0,0,0,0,0,0,0
360542,1,1,0,0,0,0,0,29,0,0,0,0
360543,0,1,0,0,0,0,0,0,0,0,0,0
360543,1,1,0,22,0,0,8,0,0,0,0,0
360544,1,1,0,0,0,0,0,0,0,0,0,0
360545,1,1,0,0,0,0,0,0,0,0,0,0
360545,2,1,9,0,0,0,0,0,0,19,0,0
360546,1,1,0,0,0,0,0,0,0,0,0,0
360547,1,1,0,0,0,0,0,0,0,0,0,0
360547,2,1,0,0,0,0,0,6,0,0,0,0
360548,1,1,0,0,0,0,0,0,0,0,0,0
360548,2,1,0,0,0,0,0,0,0,16,0,0
360549,0,1,0,0,0,0,0,0,0,0,0,0
360549,1,1,0,8,0,0,20,0,0,0,2,0
360549,2,1,6,0,8,0,0,0,14,0,0,0
360550,0,1,0,0,0,0,0,0,12,25,20,0
360550,1,1,0,28,27,0,0,0,13,7,15,18
360551,1,1,0,0,9,0,0,17,17,18,0,0
360552,1,1,0,11,17,2,34,15,6,13,6,15
360553,1,1,12,0,18,0,11,7,13,14,12,0
360554,0,1,0,0,23,41,18,0,23,22,0,0
360554,1,1,17,15,0,24,0,0,5,14,0,0
360555,1,1,0,0,4,0,0,0,0,0,0,28
360555,2,1,16,0,20,18,18,31,19,16,0,0
360555,3,1,15,20,16,8,5,25,16,14,13,26
360556,1,1,0,0,18,0,0,21,19,0,10,0
360556,2,1,0,0,0,0,0,0,0,0,0,0
360557,0,1,0,0,0,0,0,0,0,0,0,0
360557,1,1,0,0,0,0,0,0,0,0,0,0
360558,1,1,0,0,0,6,0,0,0,19,0,0
360558,2,1,0,0,0,0,0,6,0,0,0,0
360559,1,1,0,0,0,0,0,0,0,0,0,0
360559,2,1,0,0,0,0,0,0,0,0,0,0
360560,0,1,0,0,0,0,0,24,18,18,0,0
360560,1,1,0,0,0,12,0,0,0,0,0,0
360561,1,1,0,0,0,0,0,0,0,0,0,0
360561,2,1,0,0,0,0,0,0,0,0,0,0
360562,1,1,1,1,1,1,1,1,1,1,1,1
360563,1,1,22,7,14,23,21,12,10,15,0,15
360564,1,1,0,0,0,0,0,0,0,0,0,0
360565,1,1,17,17,17,17,17,17,17,17,17,17
360565,2,1,0,0,3,10,0,13,0,15,0,26
360566,1,1,0,0,0,0,0,0,0,0,0,0
360566,2,1,0,0,0,0,0,0,0,0,0,0
360567,1,1,0,0,0,0,0,0,0,0,10,0
360568,0,1,0,0,0,0,0,0,0,0,0,0
360568,1,1,0,0,0,0,0,0,0,0,0,0
360569,1,1,10,10,10,10,10,10,10,10,10,10
360569,2,1,19,7,20,19,0,12,25,0,10,13
360570,0,1,18,14,0,0,0,0,0,0,33,0
360570,1,1,0,0,0,0,0,0,0,0,0,0
360571,0,1,2,2,2,2,2,2,2,2,2,2
360571,1,1,0,0,0,0,0,0,0,0,34,0
360572,1,1,0,0,30,0,0,0,0,0,0,0
360573,1,1,1,1,1,1,1,1,1,1,1,1
360573,2,1,0,0,0,0,0,0,0,0,0,0
360574,0,1,0,0,0,0,0,0,0,0,0,0
360574,1,1,7,0,0,0,0,23,0,0,0,0
360575,0,1,0,0,0,0,0,0,0,0,0,0
360575,0,2,0,0,0,23,33,18,16,45,19,0
360575,1,1,0,0,0,0,0,0,7,0,0,0
360576,0,1,0,0,0,0,0,0,0,0,0,0
360576,1,1,0,16,22,0,0,0,0,19,0,0
360577,1,1,0,5,0,0,0,0,9,0,0,0
360577,2,1,0,0,0,0,0,0,0,0,0,0
360578,1,1,0,0,0,0,0,0,0,0,0,0
360579,1,1,0,0,0,0,0,0,0,0,0,0
360579,2,1,0,0,16,19,0,0,0,0,0,0
360580,1,1,0,0,0,0,0,0,0,0,0,0
360580,2,1,0,0,0,0,0,0,0,0,0,0
360581,0,1,0,0,0,0,0,0,0,0,0,0
360581,1,1,0,0,0,0,0,0,0,0,0,0
360582,1,1,22,10,16,2,16,24,6,17,29,17
360582,3,1,0,0,0,0,0,0,0,0,0,0
360583,1,1,0,0,25,20,0,14,0,25,0,7
360583,2,1,0,0,0,0,0,0,0,0,0,0
360584,0,1,0,0,0,0,0,0,0,0,0,0
360584,1,1,0,0,0,0,0,0,0,35,0,0
360585,0,1,27,27,27,27,27,27,27,27,27,27
360585,1,1,18,0,10,25,9,0,15,6,12,14
360586,1,1,0,0,0,0,0,0,0,0,0,0
360586,2,1,0,0,0,0,0,0,0,0,2,3
360586,3,1,0,0,0,0,0,0,0,0,0,0
360586,4,1,0,0,0,0,0,0,0,0,0,0
360587,1,1,21,22,11,4,22,21,14,23,13,9
360588,1,1,26,16,0,0,0,0,0,0,0,0
360588,2,1,0,0,0,0,0,20,0,0,0,0
360589,1,1,7,7,7,7,7,7,7,7,7,7
360590,1,1,0,0,0,0,0,0,0,0,0,0
360590,2,1,0,0,0,0,0,0,0,0,0,0
360591,1,1,0,0,0,0,0,0,6,0,5,0
360592,1,1,0,0,0,0,0,0,0,0,0,0
360593,0,1,10,10,10,10,10,10,10,10,10,10
360593,1,1,0,0,8,7,20,19,19,0,5,0
360594,0,1,0,0,0,0,0,0,0,0,0,0
360594,1,1,0,0,0,0,0,0,0,0,0,0
360595,1,1,15,0,0,0,22,10,0,16,0,0
360596,1,1,12,12,12,12,12,12,12,12,12,12
360597,1,1,0,0,0,0,0,0,0,0,0,0
360598,1,1,7,14,2,12,5,14,24,10,26,22
360599,0,1,0,27,0,0,0,21,0,0,0,36
360599,1,1,0,0,0,31,0,0,0,0,0,0
360600,1,1,0,0,0,17,0,0,13,0,20,19
360601,1,1,0,0,0,0,0,0,0,0,0,0
360601,2,1,0,0,0,0,0,0,0,0,0,0
360602,1,1,0,0,0,0,0,0,0,0,0,0
360602,2,1,16,0,0,0,6,0,0,9,25,0
360603,1,1,0,0,16,0,0,15,19,10,0,0
360603,2,1,7,12,21,0,16,16,4,8,0,0
360603,3,1,13,0,22,0,28,14,0,14,5,9
360603,4,1,21,0,0,0,0,0,0,0,0,0
360604,1,1,0,0,0,0,38,32,0,0,0,0
360604,2,1,0,0,0,13,0,0,0,21,0,0
360605,1,1,0,0,0,0,0,0,0,0,0,0
360605,2,1,0,10,3,0,0,0,0,0,0,4
360605,3,1,0,0,0,0,0,0,0,0,0,0
360606,1,1,0,0,0,0,0,0,0,0,0,0
360606,2,1,0,6,0,0,0,0,0,0,0,0
360606,3,1,19,10,9,18,0,0,0,0,0,0
360606,4,1,0,0,0,0,0,22,0,0,0,0
360607,1,1,0,0,0,0,0,0,0,0,0,0
360608,1,1,0,0,0,0,0,0,0,0,0,0
360609,1,1,0,7,18,0,0,0,3,24,0,0
360610,1,1,0,0,13,0,0,0,0,0,0,0
360610,2,1,0,0,0,22,0,0,13,0,0,16
360611,1,1,0,0,5,0,0,0,0,0,0,0
360611,2,1,0,0,0,0,0,0,0,0,0,0
360612,0,1,0,0,0,0,0,0,0,0,0,0
360612,1,1,0,12,0,0,0,0,9,0,0,8
360613,0,1,0,0,0,0,0,0,0,0,0,0
360613,1,1,15,4,15,11,6,4,0,9,0,11
360614,1,1,0,26,0,0,0,0,0,0,0,0
360614,2,1,0,16,0,0,0,0,0,12,0,0
360615,1,1,8,26,8,31,14,16,20,31,0,0
360615,2,1,0,0,0,14,0,0,0,0,0,0
360616,1,1,0,0,0,0,0,0,0,0,0,0
360616,2,1,3,3,3,3,3,3,3,3,3,3
360617,0,1,0,0,0,0,0,0,0,0,0,0
360617,0,2,0,0,0,0,0,0,0,0,0,0
360617,1,1,0,0,0,0,0,0,0,0,0,0
360618,1,1,19,14,8,18,22,3,5,14,4,10
360618,2,1,16,24,0,11,0,0,22,16,17,0
360618,3,1,0,0,0,16,0,0,0,0,0,5
360619,1,1,12,0,0,15,0,13,30,0,0,25
360619,2,1,27,0,0,0,0,0,0,0,0,11
360620,0,1,0,0,0,0,0,0,7,0,0,0
360620,1,1,0,0,0,0,0,0,0,0,0,10
360621,1,1,0,19,0,20,0,0,0,20,0,0
360622,0,1,0,0,0,0,0,0,0,0,0,0
360622,1,1,0,0,25,0,0,0,0,41,39,0
360623,0,1,0,0,0,0,0,0,0,0,0,0
360623,0,2,0,0,0,0,0,0,0,0,0,0
360623,0,3,18,10,0,26,0,0,0,27,4,11
360623,1,1,0,0,0,0,0,0,0,0,0,0
360623,2,1,0,0,0,0,0,0,0,0,0,0
360624,1,1,0,0,0,0,0,15,0,0,0,0
360625,0,1,0,0,0,22,0,0,0,0,0,0
360625,0,2,0,0,0,0,7,0,0,3,0,0
360625,1,1,0,0,0,0,0,0,0,0,20,0
360626,0,1,0,0,0,0,30,0,0,0,0,27
360626,1,1,0,0,0,0,0,0,0,0,0,0
360627,1,1,0,0,0,0,0,0,0,0,3,0
360628,1,1,0,0,0,0,0,0,17,0,0,0
360628,2,1,0,0,0,0,0,0,0,0,0,0
360629,1,1,0,0,0,0,0,0,0,0,20,0
360629,2,1,0,0,14,0,0,0,0,0,0,0
360630,0,1,0,0,0,26,0,0,0,0,0,0
360630,1,1,37,0,0,0,0,0,0,0,0,0
360631,1,1,15,15,15,15,15,15,15,15,15,15
360631,2,1,0,0,17,0,19,0,8,12,0,0
360633,1,1,18,29,21,25,30,28,37,23,13,17
360634,1,1,0,0,7,0,8,0,0,25,9,0
360634,2,1,0,0,16,10,0,0,13,0,0,0
360635,1,1,0,15,0,0,0,0,0,0,0,0
360636,1,1,19,19,19,19,19,19,19,19,19,19
360636,2,1,7,0,0,0,0,0,0,0,0,0
360637,1,1,22,0,12,14,15,6,0,16,20,0
360638,0,1,0,0,0,0,0,0,20,27,0,0
360638,1,1,10,0,0,0,0,0,14,0,0,3
360639,1,1,0,0,0,0,0,0,0,0,0,43
360640,1,1,0,0,0,0,0,17,20,0,10,17
360640,2,1,14,0,9,0,11,20,7,15,3,22
360641,1,1,27,18,13,24,15,15,4,0,35,28
360642,1,1,9,9,9,9,9,9,9,9,9,9
360643,0,1,0,0,0,0,0,0,0,0,0,0
360643,1,1,0,0,0,24,0,0,0,0,0,0
360644,0,1,0,0,0,15,0,18,0,22,29,0
360644,1,1,23,40,0,12,0,21,18,0,0,0
360645,1,1,21,14,18,0,36,0,0,0,13,0
360646,1,1,0,0,0,0,0,0,0,0,0,0
360646,2,1,0,0,0,0,0,0,0,0,0,12
360647,1,1,0,6,0,14,0,0,0,0,0,0
360648,0,1,44,44,44,44,44,44,44,44,44,44
360648,1,1,18,0,0,0,0,18,11,7,0,0
360649,1,1,0,0,0,0,0,15,0,0,0,28
360650,1,1,10,10,10,10,10,10,10,10,10,10
360651,0,1,0,0,0,0,24,0,22,21,0,0
360651,1,1,27,0,28,0,0,32,13,31,0,25
360652,1,1,0,0,0,21,0,0,0,0,0,0
360652,2,1,0,0,0,0,0,14,0,0,0,0
360653,1,1,15,0,0,0,0,0,0,10,0,0
360653,2,1,0,0,14,0,0,0,0,0,9,0
360654,0,1,34,0,0,0,0,0,0,26,0,16
360654,1,1,14,0,11,6,0,13,22,13,22,5
360655,1,1,11,0,0,4,18,0,0,16,0,24
360655,2,1,0,0,0,0,0,16,15,0,0,7
360656,0,1,0,0,0,0,0,0,0,0,0,0
360656,1,1,18,9,0,0,17,0,16,0,0,0
360657,0,1,0,15,0,0,0,14,19,20,0,0
360657,1,1,12,42,9,0,0,0,0,0,23,0
360658,1,1,18,14,31,9,30,7,23,0,7,0
360658,2,1,0,0,0,0,0,0,0,0,0,0
360659,1,1,10,10,23,0,0,0,0,0,0,12
360659,2,1,0,0,0,0,0,2,0,2,0,4
360659,3,1,0,0,0,0,0,0,10,19,0,0
360660,1,1,10,27,28,0,23,17,28,13,10,0
360660,2,1,0,0,16,0,0,0,0,0,0,0
360661,1,1,23,0,28,12,0,0,0,0,11,4
360661,2,1,16,29,25,16,5,4,24,14,11,8
360663,1,1,0,0,0,0,0,0,0,0,0,0
360663,2,1,0,0,0,0,0,0,0,0,0,0
360663,3,1,0,0,0,0,0,5,0,0,0,0
360664,1,1,0,0,0,0,0,0,0,0,0,0
360665,1,1,24,24,24,24,24,24,24,24,24,24
360665,2,1,0,20,0,11,0,14,0,0,0,18
360666,1,1,0,0,0,0,0,0,0,0,0,0
360666,2,1,0,0,0,0,0,0,0,0,0,0
360667,1,1,23,33,14,24,27,23,12,18,0,11
360668,0,1,0,0,0,27,0,0,0,0,0,0
360668,0,2,0,0,0,0,0,0,0,0,0,0
360668,1,1,0,0,0,0,0,0,0,0,0,0
360669,1,1,6,6,6,6,6,6,6,6,6,6
360669,2,1,7,0,0,0,15,0,0,0,15,0