ST_CASE,VEH_NO,PER_NO,P1,P2,P3,P4,P5,P6,P7,P8,P9,P10
360670,1,1,13,0,0,0,0,0,16,0,0,0
360670,2,1,0,0,0,0,0,0,0,0,0,0
360670,3,1,12,0,22,0,0,8,0,0,28,0
360671,1,1,0,0,0,0,0,0,0,0,0,0
360672,1,1,0,0,0,0,0,0,0,0,0,0
360672,2,1,14,0,0,12,24,0,0,0,0,0
360673,1,1,0,0,0,0,0,0,0,0,0,0
360673,2,1,16,16,16,16,16,16,16,16,16,16
360674,1,1,0,0,0,0,0,0,0,0,0,0
360674,2,1,0,0,0,0,0,0,0,0,0,0
360675,0,1,0,0,0,0,0,0,0,0,0,0
360675,1,1,0,0,0,0,0,0,0,0,0,0
360676,1,1,29,29,29,29,29,29,29,29,29,29
360677,1,1,0,0,0,0,0,0,0,0,0,0
360678,1,1,0,0,0,0,0,0,0,0,0,0
360678,2,1,0,0,0,0,27,0,0,0,0,0
360678,3,1,0,0,0,0,0,22,0,0,0,0
360679,1,1,23,14,14,19,4,19,16,21,2,12
360680,0,1,0,0,0,0,0,0,0,0,0,0
360680,1,1,0,0,0,0,0,0,0,0,0,0
360681,1,1,0,0,0,0,0,0,0,0,0,0
360682,1,1,0,10,0,5,0,9,6,13,0,20
360682,2,1,24,0,0,0,18,0,35,20,15,11
360683,1,1,16,44,24,20,28,47,0,16,34,21
360684,0,1,18,18,18,18,18,18,18,18,18,18
360684,1,1,0,0,0,0,0,15,0,0,0,0
360685,1,1,3,3,3,3,3,3,3,3,3,3
360685,2,1,0,0,0,13,0,0,0,0,0,0
360686,1,1,21,8,8,3,14,20,28,25,9,8
360687,1,1,0,21,0,30,17,28,0,9,25,17
360688,1,1,0,0,0,0,0,0,0,0,0,0
360688,2,1,0,0,0,0,0,0,0,0,0,0
360688,3,1,0,0,0,20,0,11,0,16,25,0
360689,1,1,0,0,0,0,0,0,0,0,0,0
360689,2,1,8,0,0,15,14,10,22,0,0,0
360690,1,1,7,12,8,19,15,22,9,27,15,19
360691,0,1,0,0,0,0,0,0,0,0,24,0
360691,1,1,0,0,8,0,0,0,0,0,14,14
360692,1,1,6,12,25,27,13,37,18,17,15,9
360692,2,1,0,0,0,0,0,0,0,0,0,0
360693,1,1,25,0,14,0,0,16,17,23,0,0
360694,0,1,0,0,0,0,0,0,0,0,0,0
360694,1,1,0,14,3,0,0,0,12,0,3,0
360695,1,1,0,0,0,0,0,0,0,0,0,0
360695,2,1,18,0,0,0,0,0,30,0,0,0
360695,3,1,0,0,0,12,0,0,4,0,0,0
360696,0,1,0,0,0,0,0,0,0,0,0,18
360696,1,1,0,0,0,0,0,0,0,0,0,23
360697,1,1,24,33,16,17,21,0,18,14,17,7
360698,1,1,0,0,0,0,0,0,0,0,0,0
360699,1,1,26,26,26,26,26,26,26,26,26,26
360700,1,1,29,29,29,29,29,29,29,29,29,29
360701,1,1,0,0,0,0,0,0,0,0,0,0
360701,2,1,0,0,0,0,0,0,0,0,0,0
360702,1,1,0,25,21,0,0,0,0,24,0,0
360703,1,1,0,0,0,0,0,0,0,0,0,0
360704,1,1,0,17,0,0,0,0,0,0,10,19
360705,1,1,0,0,0,0,0,0,0,0,0,0
360705,2,1,21,21,21,21,21,21,21,21,21,21
360705,3,1,0,0,0,0,0,0,0,10,0,0
360706,1,1,9,8,0,6,0,11,5,0,0,0
360707,1,1,0,0,0,0,0,11,0,0,0,0
360707,2,1,0,0,0,0,0,0,0,0,0,0
360708,1,1,28,47,18,26,16,17,37,22,16,15
360709,1,1,0,0,0,0,0,0,0,0,0,0
360709,2,1,12,16,22,11,17,10,6,18,23,6
360710,1,1,0,0,0,0,0,0,0,0,0,0
360711,1,1,5,0,0,0,0,6,0,0,0,0
360712,1,1,0,10,0,14,6,0,0,0,0,0
360713,1,1,23,23,0,34,10,0,12,21,0,0
360714,1,1,16,16,16,16,16,16,16,16,16,16
360715,1,1,6,6,6,6,6,6,6,6,6,6
360716,1,1,0,0,0,0,0,0,0,0,0,0
360716,2,1,0,0,0,0,0,0,0,0,0,0
360717,0,1,0,0,0,0,0,0,0,0,0,0
360717,1,1,0,30,13,25,0,5,17,13,14,6
360718,1,1,39,7,29,6,12,20,17,23,4,28
360719,1,1,0,0,0,0,0,0,0,0,0,0
360719,2,1,0,0,0,0,0,0,0,0,0,0
360720,0,1,21,21,21,21,21,21,21,21,21,21
360720,1,1,9,0,18,18,14,16,7,22,9,0
360721,0,1,16,0,17,0,31,0,0,0,0,11
360721,1,1,0,0,0,0,0,11,22,21,10,0
360721,2,1,0,0,0,0,0,0,0,0,0,12
360722,1,1,0,0,0,0,0,0,0,0,0,0
360722,2,1,0,0,0,0,0,0,0,0,0,0
360723,1,1,0,0,0,0,0,0,0,0,0,0
360723,2,1,0,0,0,0,0,0,0,0,0,0
360724,1,1,18,18,18,18,18,18,18,18,18,18
360724,2,1,14,0,14,0,0,14,0,0,0,5
360725,1,1,0,0,0,0,0,0,0,0,0,0
360725,2,1,0,0,0,0,0,0,0,0,0,0
360726,1,1,16,0,28,0,0,0,18,0,0,0
360726,2,1,0,0,0,0,0,0,0,0,0,0
360727,0,1,0,0,0,0,0,0,0,0,0,0
360727,1,1,0,0,0,5,0,0,0,18,0,0
360728,1,1,0,0,0,0,0,3,0,0,0,0
360728,2,1,0,0,6,0,0,0,9,0,0,3
360730,0,1,0,0,19,16,0,0,0,24,24,0
360730,1,1,28,0,0,15,0,0,0,0,0,12
360731,1,1,0,0,0,0,0,0,0,0,10,0
360731,2,1,0,0,0,0,11,0,0,0,6,0
360732,0,1,20,0,0,9,0,0,30,0,27,0
360732,1,1,0,0,24,26,0,22,0,0,0,0
360733,1,1,0,1,0,0,0,0,0,0,0,0
360733,2,1,6,8,0,0,19,0,0,0,0,0
360734,0,1,24,0,0,25,0,27,0,0,14,8
360734,1,1,0,0,0,0,0,0,0,0,0,0
360735,1,1,24,24,24,24,24,24,24,24,24,24
360735,2,1,0,0,0,0,0,0,0,0,0,0
360736,1,1,0,15,16,0,0,26,0,0,0,0
360737,1,1,4,4,4,4,4,4,4,4,4,4
360738,1,1,17,0,11,0,21,20,20,14,25,13
360739,1,1,0,26,0,0,0,0,0,0,0,0
360739,2,1,0,0,0,0,0,0,0,0,0,0
360740,0,1,24,0,22,0,0,0,11,33,0,0
360740,1,1,0,0,0,0,0,0,0,0,0,0
360741,0,1,0,0,28,43,8,0,28,41,0,48
360741,2,1,34,0,10,7,0,9,18,0,10,0
360741,4,1,17,15,18,4,19,7,13,14,0,0
360742,1,1,0,0,0,21,0,0,0,0,0,0
360743,1,1,0,10,0,0,0,0,0,0,0,0
360744,1,1,0,0,0,0,14,6,0,0,0,0
360745,1,1,14,35,16,19,29,3,16,22,20,7
360745,2,1,0,0,0,0,0,11,0,0,0,0
360746,0,1,0,0,0,0,10,0,0,0,11,24
360746,1,1,12,0,0,0,0,22,0,0,0,0
360747,1,1,0,0,13,0,13,0,0,0,6,0
360748,0,1,28,17,20,0,32,21,0,34,0,0
360748,1,1,0,0,0,0,0,0,0,0,0,0
360748,2,1,0,24,16,0,18,0,0,0,11,15
360748,3,1,5,0,15,0,0,0,16,15,0,0
360748,4,1,22,0,0,0,0,0,11,0,14,11
360749,1,1,0,0,0,0,0,0,0,0,0,0
360750,1,1,0,0,0,5,19,0,14,0,0,0
360751,1,1,3,3,3,3,3,3,3,3,3,3
360752,1,1,0,0,0,0,0,0,0,0,0,15
360753,1,1,0,0,0,0,0,0,0,0,3,13
360753,2,1,6,30,21,0,0,19,0,0,15,0
360754,1,1,0,15,9,10,28,0,0,0,5,0
360755,1,1,0,0,0,0,0,0,0,0,0,0
360756,1,1,35,23,0,0,0,12,13,18,0,0
360757,0,1,30,0,0,0,23,0,0,0,27,0
360757,1,1,17,0,21,0,12,0,0,0,0,4
360758,1,1,0,0,0,0,0,0,0,0,0,0
360758,2,1,0,0,0,22,0,0,0,12,0,0
360759,1,1,0,0,31,0,35,31,30,0,0,0
360759,2,1,0,0,0,10,0,0,6,0,0,0
360759,3,1,0,0,0,11,0,28,0,0,0,0
360760,1,1,17,10,19,0,0,21,0,35,0,29
360761,1,1,12,26,14,4,14,18,29,38,17,24
360762,1,1,0,0,11,0,0,0,0,0,0,0
360762,2,1,17,0,0,23,10,0,0,0,0,0
360762,3,1,0,0,20,0,13,0,0,0,0,5
360762,4,1,0,0,0,0,5,0,0,0,0,17
360762,5,1,0,0,0,0,0,0,0,0,0,0
360763,1,1,18,20,14,21,20,14,15,16,22,13
360764,0,1,0,17,0,8,0,0,35,0,0,0
360764,1,1,0,0,0,0,0,0,0,0,0,0
360765,0,1,0,0,14,0,0,0,14,0,0,0
360765,1,1,0,0,0,0,0,0,0,0,0,0
360766,0,1,14,0,29,18,0,31,0,11,0,11
360766,1,1,29,0,8,0,0,0,28,4,0,0
360767,1,1,0,0,0,0,0,0,0,0,0,0
360767,2,1,0,9,0,0,0,0,0,0,0,0
360768,0,1,0,4,53,0,0,0,25,15,6,14
360768,1,1,22,0,0,0,15,0,14,27,0,0
360769,0,1,0,0,0,0,0,0,0,0,0,0
360769,1,1,18,19,0,17,0,14,0,0,0,0
360770,1,1,0,0,0,0,0,0,0,0,0,0
360770,2,1,10,0,0,0,20,0,0,0,22,0
360771,1,1,0,0,0,0,19,0,0,0,0,0
360772,0,1,0,0,0,17,0,0,0,0,0,0
360772,1,1,0,21,0,0,0,0,0,0,0,0
360773,1,1,17,0,0,11,19,0,0,0,0,6
360773,2,1,0,0,13,0,0,0,15,0,6,0
360774,1,1,0,19,0,9,18,11,0,0,0,14
360774,2,1,0,12,0,0,0,0,0,0,0,2
360775,1,1,0,0,0,0,0,0,14,0,0,13
360775,2,1,0,12,0,0,0,0,0,0,0,0
360776,1,1,21,13,8,31,10,5,12,7,21,9
360776,2,1,0,14,0,0,14,0,16,0,15,0
360777,0,1,0,0,30,0,0,29,16,0,0,21
360777,1,1,0,0,0,0,0,0,0,0,0,0
360779,1,1,0,0,0,11,0,14,10,0,0,0
360779,2,1,0,6,0,11,0,25,0,0,0,0
360780,1,1,3,3,3,3,3,3,3,3,3,3
360780,2,1,24,8,12,7,15,12,8,12,12,13
360781,1,1,21,21,21,21,21,21,21,21,21,21
360782,0,1,0,0,0,0,28,0,0,0,0,0
360782,1,1,0,24,0,0,0,0,0,0,0,0
360783,0,1,0,0,0,0,0,0,0,0,0,0
360783,1,1,0,0,0,0,0,0,0,0,0,0
360784,1,1,0,0,0,0,0,0,0,0,0,0
360784,2,1,0,0,0,0,0,15,17,0,0,0
360785,0,1,12,0,20,0,0,0,0,0,0,0
360785,1,1,0,0,0,0,0,0,0,0,0,0
360786,1,1,0,0,0,0,0,0,0,0,0,0
360786,2,1,0,0,0,0,20,0,0,0,0,0
360787,1,1,0,18,0,18,18,27,37,15,0,0
360788,1,1,0,0,0,0,0,0,0,0,0,0
360788,2,1,28,28,28,28,28,28,28,28,28,28
360789,1,1,0,16,25,0,21,12,16,0,10,9
360789,2,1,0,0,0,0,0,15,0,0,27,0
360790,1,1,12,10,36,17,28,11,13,29,14,17
360790,2,1,13,0,0,17,0,0,11,15,0,0
360791,1,1,27,0,0,14,20,0,0,0,0,0
360791,2,1,0,0,15,0,0,0,3,0,6,0
360792,0,1,0,0,11,0,0,0,14,0,27,17
360792,0,2,0,0,0,0,0,0,0,18,9,0
360792,0,3,0,0,14,33,0,0,0,0,0,0
360792,1,1,0,0,0,0,0,0,0,0,0,0
360793,1,1,0,0,0,0,0,0,9,0,0,0
360793,2,1,15,15,15,15,15,15,15,15,15,15
360794,1,1,0,14,27,0,0,10,0,0,17,0
360794,2,1,0,0,0,8,0,0,0,0,0,12
360795,1,1,11,13,9,11,11,0,9,24,7,9
360795,2,1,0,6,13,13,10,19,18,12,31,12
360796,1,1,0,0,0,0,0,0,0,0,0,0
360796,2,1,0,0,0,0,0,0,0,0,0,0
360797,0,1,19,19,19,19,19,19,19,19,19,19
360797,1,1,3,11,14,0,10,0,8,35,9,10
360798,0,1,0,0,0,0,0,0,0,0,0,0
360798,1,1,8,30,0,0,0,11,0,21,0,17
360799,1,1,0,0,0,0,0,0,0,0,0,0
360799,2,1,0,0,0,0,0,0,0,0,0,0
360800,1,1,25,0,0,13,17,20,32,17,37,0
360801,0,1,0,0,0,0,0,0,0,0,0,0
360801,1,1,0,22,0,12,0,0,0,25,0,22
360802,0,1,29,29,29,29,29,29,29,29,29,29
360802,1,1,0,0,0,0,0,0,0,0,0,0
360803,1,1,0,0,0,0,21,0,0,0,0,12
360804,0,1,0,0,0,0,0,0,0,0,0,0
360804,1,1,15,25,8,16,11,5,15,20,10,17
360805,1,1,7,19,37,0,8,27,14,7,36,77
360806,0,1,1,1,1,1,1,1,1,1,1,1
360806,1,1,11,12,4,24,10,29,13,6,29,10
360807,1,1,0,30,0,0,14,0,0,0,32,0
360808,1,1,0,0,8,8,10,9,27,9,13,0
360809,1,1,19,29,24,21,17,15,12,22,19,7
360810,0,1,22,0,0,0,0,0,13,7,0,14
360810,1,1,0,0,14,7,12,8,13,6,0,16
360811,0,1,28,28,28,28,28,28,28,28,28,28
360811,1,1,0,18,0,27,0,0,0,0,10,32
360812,1,1,13,23,4,45,12,9,22,33,0,3
360813,0,1,0,0,12,0,13,0,0,0,24,0
360813,1,1,9,16,25,0,0,0,0,0,0,0
360814,1,1,0,0,0,0,0,0,0,0,58,0
360815,0,1,25,25,25,25,25,25,25,25,25,25
360815,1,1,0,0,15,23,0,0,0,0,0,0
360816,0,1,12,12,12,12,12,12,12,12,12,12
360816,1,1,0,0,0,6,0,0,0,0,0,18
360817,0,1,0,0,0,0,0,0,0,0,0,0
360817,1,1,0,0,0,0,0,0,0,0,0,0
360818,1,1,9,10,14,25,15,20,5,38,22,20
360819,0,1,0,23,0,0,0,0,0,18,0,0
360819,1,1,0,15,15,13,21,19,0,13,7,20
360820,1,1,18,0,4,13,12,0,8,0,0,0
360821,0,1,0,0,44,12,14,0,14,0,34,29
360821,1,1,0,0,18,0,12,8,0,21,15,4
360822,0,1,0,14,29,0,0,0,15,0,0,33
360822,1,1,0,3,6,20,22,7,30,23,10,8
360823,1,1,27,6,7,16,0,0,28,0,6,27
360824,1,1,0,0,0,0,19,0,0,0,0,0
360824,2,1,0,0,0,0,0,0,0,0,0,0
360825,1,1,0,0,20,23,0,0,9,0,0,0
360826,0,1,0,0,16,19,20,0,0,16,18,0
360826,1,1,0,0,0,0,0,0,0,0,0,0
360827,0,1,0,0,0,0,0,0,0,0,0,0
360827,1,1,0,0,0,0,0,0,0,0,0,0
360828,0,1,0,0,24,0,0,0,20,0,0,11
360828,1,1,0,0,0,0,0,0,6,0,0,0
360829,1,1,5,13,15,19,9,31,0,6,13,0
360829,2,1,0,0,0,0,0,0,0,0,0,0
360830,1,1,0,0,0,0,0,0,0,0,0,0
360830,2,1,0,0,0,0,0,0,0,0,0,0
360831,0,1,5,5,5,5,5,5,5,5,5,5
360831,1,1,0,23,0,0,0,13,0,0,0,0
360833,0,1,0,0,0,0,0,0,0,0,0,0
360833,1,1,0,0,0,0,0,0,0,0,0,0
360834,0,1,0,0,0,0,0,0,0,0,0,0
360834,1,1,0,0,0,0,0,0,0,0,0,0
360835,1,1,30,13,0,0,0,0,0,0,0,18
360835,2,1,0,0,0,0,7,0,0,14,0,0
360836,0,1,0,0,0,0,9,0,0,17,0,0
360836,1,1,19,15,0,0,0,0,0,0,0,0
360837,1,1,0,0,0,0,0,0,35,0,0,0
360837,2,1,0,0,0,0,0,0,0,9,0,15
360838,0,1,15,15,15,15,15,15,15,15,15,15
360838,1,1,12,0,0,0,0,26,9,0,0,0
360839,0,1,0,0,0,0,0,0,0,0,6,0
360839,1,1,0,0,14,0,0,0,0,0,0,0
360840,0,1,0,0,0,0,0,0,0,0,0,0
360840,1,1,0,0,3,0,0,0,18,0,0,0
360841,1,1,10,0,0,0,0,0,0,0,0,0
360841,2,1,0,0,0,0,0,0,0,0,0,0
360842,1,1,0,13,0,31,0,0,0,0,0,24
360843,1,1,0,0,0,0,0,0,0,0,0,0
360843,2,1,0,0,0,0,8,0,0,0,0,0
360844,1,1,31,0,15,0,14,0,12,19,0,0
360845,1,1,10,10,10,10,10,10,10,10,10,10
360845,2,1,0,0,26,0,0,31,0,0,28,0
360846,1,1,0,14,0,0,0,0,0,0,0,20
360847,1,1,0,0,0,0,0,0,0,16,0,0
360848,1,1,0,0,0,0,0,0,0,0,0,0
360849,1,1,0,0,0,0,0,0,0,0,0,0
360849,2,1,0,0,0,0,0,0,0,0,0,0
360850,0,1,0,0,0,0,0,0,16,0,0,0
360850,1,1,24,0,0,0,0,0,0,8,32,0
360851,1,1,0,0,0,0,0,0,0,0,0,0
360851,2,1,0,0,0,14,0,0,0,0,0,0
360852,1,1,0,0,0,0,0,0,0,0,0,0
360852,2,1,0,0,0,0,0,0,0,0,0,0
360853,1,1,0,0,0,0,0,0,19,3,0,0
360853,2,1,18,0,0,0,20,0,0,0,0,0
360854,1,1,0,9,0,8,11,0,0,0,0,22
360854,2,1,0,0,0,0,5,0,0,0,14,0
360855,1,1,0,0,0,0,0,0,0,0,0,0
360855,2,1,19,0,0,0,17,0,0,0,0,0
360855,3,1,0,0,0,0,0,0,0,0,0,0
360856,1,1,0,0,0,0,0,0,0,0,0,0
360856,2,1,0,0,0,0,0,0,0,0,0,0
360857,1,1,0,0,0,4,0,0,0,0,0,0
360858,1,1,8,0,19,25,0,0,0,23,9,16
360858,2,1,13,0,0,0,0,26,0,14,0,0
360859,1,1,0,0,0,0,0,0,0,0,0,0
360859,2,1,0,0,13,4,0,0,0,0,0,11
360860,0,1,0,0,20,0,30,0,0,0,0,0
360860,1,1,0,0,0,0,0,0,0,0,0,0
360861,1,1,0,0,0,0,15,0,0,0,15,14
360861,2,1,0,9,0,13,0,0,0,8,0,0
360862,1,1,3,0,19,26,10,8,0,5,16,9
360862,2,1,0,0,0,22,0,15,0,0,11,0
360862,3,1,0,0,0,0,0,22,0,39,0,0
360863,1,1,0,0,0,0,0,0,4,0,0,9
360864,1,1,0,0,0,0,0,0,0,0,0,0
360864,2,1,0,0,0,0,0,0,0,0,0,0
360865,1,1,0,0,0,0,0,0,0,0,0,0
360865,2,1,0,0,0,0,0,0,15,0,0,12
360866,1,1,0,24,16,0,11,12,7,28,0,24
360867,1,1,0,0,0,0,0,0,0,0,0,0
360868,1,1,0,10,0,0,0,0,0,0,0,0
360869,1,1,0,23,0,0,8,0,0,11,0,0
360870,1,1,0,0,0,0,0,0,0,0,0,0
360871,1,1,0,0,0,0,0,0,0,0,0,0
360871,2,1,0,22,0,0,0,0,0,0,0,0
360872,1,1,13,0,8,0,0,22,0,12,0,0
360872,2,1,0,0,0,0,0,0,0,0,0,0
360874,1,1,24,8,0,14,14,22,11,30,7,15
360875,0,1,0,0,15,0,0,0,0,0,0,0
360875,1,1,0,0,0,0,0,0,0,0,16,0
360876,1,1,0,0,0,0,0,0,0,0,26,0
360876,2,1,0,17,0,0,0,0,0,0,0,0
360877,0,1,3,14,22,0,0,0,0,0,24,0
360877,1,1,0,0,0,13,13,0,26,0,21,5
360878,1,1,0,0,0,0,0,0,0,0,0,0
360878,2,1,35,0,0,17,0,0,0,0,0,0
360879,0,1,4,34,0,0,35,0,12,0,16,0
360879,1,1,0,0,0,0,0,0,11,0,0,0
360880,1,1,0,0,12,0,0,0,0,0,0,0
360880,2,1,0,0,0,0,0,0,0,0,0,0
360881,0,1,0,0,7,0,17,0,0,18,0,0
360881,1,1,23,7,0,0,0,0,0,0,15,23
360882,1,1,0,0,0,0,0,0,0,0,0,0
360882,2,1,0,0,0,21,0,11,22,0,0,0
360883,1,1,14,0,5,0,11,0,0,19,0,19
360884,0,1,0,0,0,0,0,0,0,0,0,0
360884,1,1,3,10,8,14,0,0,10,0,0,0
360885,1,1,13,0,0,18,18,0,0,0,2,33
360886,0,1,0,10,0,0,0,0,0,32,0,29
360886,1,1,0,0,0,0,11,0,0,0,13,0
360887,0,1,0,0,0,0,0,0,0,0,0,0
360887,1,1,0,0,0,0,0,0,0,0,0,0
360888,1,1,0,16,19,0,0,9,0,10,8,0
360889,1,1,0,23,11,22,11,11,18,16,15,32
360889,2,1,0,0,22,14,0,0,0,15,27,4
360890,0,1,0,0,0,0,0,0,0,0,0,0
360890,1,1,0,18,0,0,0,0,0,0,0,0
360892,1,1,0,0,14,0,0,0,12,0,0,0
360892,2,1,0,11,0,0,0,14,0,0,0,0
360893,0,1,0,0,17,48,0,0,30,0,0,0
360893,1,1,4,26,0,0,0,0,9,0,0,14
360894,0,1,0,0,17,0,29,0,0,23,0,0
360894,1,1,0,0,15,0,22,0,0,0,0,0
360894,2,1,0,0,13,0,11,0,8,0,0,10
360895,0,1,0,15,6,17,0,22,0,0,8,0
360895,1,1,0,0,0,28,0,17,21,0,2,0
360896,1,1,0,0,0,0,0,0,0,0,0,0
360896,2,1,0,0,0,9,0,0,0,0,0,0
360897,1,1,24,10,32,12,22,16,20,16,21,8
360898,1,1,0,0,18,0,0,0,20,0,14,18
360898,2,1,0,12,0,0,0,0,0,23,0,0
360899,1,1,0,0,0,0,0,0,0,0,0,0
360900,1,1,0,0,0,0,0,0,0,0,0,0
360900,2,1,0,0,0,0,0,0,0,0,0,0
360901,1,1,0,0,0,6,0,0,0,21,3,0
360902,1,1,0,0,8,0,0,0,9,0,0,0
360902,2,1,0,0,0,0,23,0,0,0,14,0
360902,3,1,0,0,0,0,0,0,0,0,0,0
360903,1,1,0,7,0,0,0,0,0,0,0,0
360903,2,1,0,0,0,0,0,0,0,0,0,0
360904,1,1,0,0,0,0,7,19,0,14,0,0
360905,0,1,17,0,0,0,0,0,20,0,0,0
360905,1,1,5,5,5,5,5,5,5,5,5,5
360906,0,1,4,0,14,25,0,0,0,0,0,11
360906,1,1,6,0,7,22,5,12,0,0,18,3
360907,0,1,36,0,0,0,0,0,0,13,0,0
360907,1,1,9,8,0,17,0,0,19,0,8,16
360908,1,1,14,24,15,33,20,19,14,24,11,16
360909,0,1,0,0,0,0,0,0,0,12,16,0
360909,1,1,0,0,0,28,0,0,0,0,0,0
360910,1,1,0,0,0,0,0,0,0,0,0,0
360910,2,1,0,0,0,0,0,0,0,0,0,0
360911,1,1,0,21,0,0,0,0,0,0,0,0
360911,2,1,0,39,0,0,0,0,0,0,0,18
360912,0,1,29,29,29,29,29,29,29,29,29,29
360912,1,1,0,0,0,0,0,0,0,0,0,0
360913,1,1,12,0,8,0,0,0,0,10,0,0
360914,1,1,0,0,0,0,0,0,0,0,0,0
360914,2,1,0,0,0,0,0,0,0,0,0,0
360915,1,1,0,0,0,0,0,0,0,0,0,0
360916,1,1,0,0,25,0,0,0,0,0,0,0
360917,0,1,0,0,0,0,0,0,38,0,28,0
360917,1,1,0,0,0,0,0,0,0,0,0,0
360918,0,1,22,0,8,0,0,0,0,0,0,19
360918,1,1,0,0,0,0,0,0,0,0,26,0
360919,0,1,0,0,0,0,27,0,0,37,0,0
360919,1,1,0,0,0,12,0,0,0,0,0,0
360920,1,1,0,0,0,0,0,0,2,0,0,0
360920,2,1,0,7,0,0,0,16,0,0,0,0
360921,1,1,0,0,0,0,0,0,0,0,0,0
360921,2,1,0,0,6,0,0,0,0,0,0,0
360922,0,1,0,0,19,0,0,0,0,0,0,0
360922,1,1,0,0,0,9,0,0,0,9,0,0
360923,0,1,0,0,0,0,0,0,0,0,0,0
360923,1,1,0,0,7,0,0,0,0,0,0,22
360924,1,1,0,0,0,0,0,0,0,10,0,0
360924,2,1,0,0,0,0,0,0,0,0,0,0
360925,1,1,0,0,0,0,0,0,0,0,0,0
360925,2,1,0,0,0,0,0,0,0,0,0,0
360926,1,1,0,0,1,0,0,0,0,0,16,0
360927,0,1,11,0,0,36,0,0,0,0,0,0
360927,1,1,0,18,0,14,0,22,19,22,13,21
360928,0,1,16,0,0,0,0,10,0,0,0,25
360928,1,1,0,0,7,0,0,4,0,0,14,0
360929,1,1,15,14,13,8,5,20,3,31,16,17
360930,1,1,0,0,23,0,22,0,0,14,0,9
360930,2,1,0,0,0,0,0,0,0,2,0,0
360930,3,1,0,5,6,0,0,0,0,20,19,0
360931,1,1,9,2,0,15,0,17,18,14,0,0
360932,1,1,25,25,25,25,25,25,25,25,25,25
360933,1,1,0,10,26,0,14,27,28,18,3,0
360934,0,1,18,18,18,18,18,18,18,18,18,18
360934,1,1,9,5,0,7,0,0,0,0,0,10
360935,0,1,0,0,0,0,0,0,0,0,0,0
360935,1,1,17,0,19,0,0,14,0,0,0,0
360936,0,1,0,6,0,20,0,0,0,0,0,24
360936,1,1,0,26,0,0,0,0,0,28,15,0
360937,1,1,0,0,0,0,0,0,0,0,0,0
360937,2,1,20,0,0,0,0,0,0,0,0,0
360938,1,1,0,32,0,16,22,0,0,0,5,9
360938,2,1,0,0,0,0,14,0,0,0,21,0
360938,3,1,0,0,0,0,0,0,0,0,0,0
360939,1,1,0,16,33,0,0,0,0,0,0,0
360939,2,1,0,0,0,0,0,0,0,0,16,3
360940,1,1,0,0,0,0,0,0,0,0,0,0
360940,2,1,13,0,0,0,0,0,0,0,0,0
360941,1,1,0,0,0,8,0,0,0,23,15,0
360942,1,1,0,0,0,0,0,0,0,0,0,0
360943,1,1,0,0,0,0,25,0,15,0,0,0
360944,0,1,0,0,0,0,44,0,0,27,0,0
360944,1,1,0,0,20,0,0,0,0,0,0,0
360945,0,1,0,0,0,0,0,0,17,0,22,0
360945,1,1,0,0,0,0,0,0,0,0,0,0
360946,0,1,0,0,0,0,0,0,0,0,0,34
360946,1,1,13,3,0,0,20,29,13,0,18,0
360947,1,1,0,33,0,0,13,0,0,0,0,0
360948,1,1,0,0,0,0,0,0,0,0,0,0
360948,2,1,0,0,0,0,0,0,0,0,0,0
360949,1,1,0,0,0,0,0,0,0,0,0,0
360949,2,1,0,0,0,0,0,0,0,0,0,0
360950,0,1,9,0,0,0,23,12,12,21,0,19
360950,1,1,0,0,0,0,0,0,0,28,0,0
360951,0,1,25,25,25,25,25,25,25,25,25,25
360951,1,1,0,0,0,0,0,0,0,0,0,0
360952,1,1,0,0,0,0,0,0,0,0,0,0
360952,2,1,0,0,0,0,0,0,0,0,0,0
360953,1,1,4,0,8,17,0,0,14,0,15,0
360953,2,1,0,0,0,0,0,9,10,0,0,0
360954,0,1,0,43,0,0,0,0,0,25,3,0
360954,1,1,0,0,0,0,0,0,0,0,0,0
360955,1,1,0,0,0,0,0,0,0,0,0,0
360955,2,1,9,0,8,9,0,0,19,0,11,0
360956,0,1,0,0,0,0,9,0,0,0,0,0
360956,1,1,0,0,0,0,0,0,0,0,0,0
360957,1,1,10,0,0,0,13,0,0,9,0,0
360958,1,1,7,14,0,17,8,10,7,13,14,10
360958,2,1,0,0,0,0,0,0,0,0,0,0
360959,1,1,0,0,0,0,0,22,0,0,0,0
360959,2,1,0,0,0,0,0,0,0,0,0,0
360960,1,1,28,28,28,28,28,28,28,28,28,28
360961,1,1,7,17,16,23,0,0,0,27,18,0
360962,1,1,0,13,0,17,15,0,0,0,0,0
360963,1,1,0,0,0,0,0,0,0,0,0,0
360963,2,1,0,0,0,0,0,0,0,0,0,0
360964,1,1,20,20,0,18,23,17,18,15,16,21