ST_CASE,VEH_NO,PER_NO,P1,P2,P3,P4,P5,P6,P7,P8,P9,P10
360964,2,1,0,27,0,0,0,26,13,0,17,12
360965,1,1,0,0,0,0,0,0,0,0,0,0
360966,1,1,0,0,8,0,0,12,11,0,0,23
360967,0,1,0,0,0,28,0,0,0,0,0,0
360967,1,1,0,0,0,0,27,0,10,0,0,0
360968,0,1,0,0,13,29,0,0,0,21,0,0
360968,1,1,18,0,0,0,0,0,0,0,0,0
360969,0,1,12,0,0,0,0,0,0,0,18,0
360969,1,1,0,0,0,18,0,0,0,0,0,7
360970,1,1,0,0,0,0,0,0,0,0,0,0
360970,2,1,0,0,0,0,0,2,0,0,0,0
360971,0,1,0,8,0,0,0,25,0,22,0,12
360971,1,1,4,0,0,0,17,12,0,0,0,0
360972,0,1,17,14,15,0,21,0,0,0,12,9
360972,1,1,0,0,0,0,0,0,0,0,0,0
360973,1,1,0,0,13,0,14,28,37,0,0,0
360973,2,1,16,17,13,0,0,0,0,0,0,0
360974,1,1,0,0,20,0,0,0,0,0,0,0
360975,1,1,0,0,0,0,0,0,0,0,0,26
360975,2,1,0,0,0,0,0,0,0,0,0,0
360976,0,1,0,0,13,0,0,0,0,0,0,0
360976,1,1,0,0,6,24,0,21,0,27,0,16
360977,1,1,22,0,20,10,0,0,16,28,14,32
360978,1,1,0,0,0,0,0,0,0,0,0,0
360979,1,1,0,0,0,0,0,0,0,0,22,0
360979,2,1,0,0,0,0,0,0,0,0,0,0
360980,0,1,0,0,0,0,0,0,0,0,0,0
360980,1,1,0,0,18,0,0,0,0,0,0,0
360981,1,1,0,0,4,0,0,18,19,13,0,7
360982,1,1,0,22,0,0,25,0,0,0,0,0
360982,2,1,23,0,0,0,0,0,0,0,0,0
360983,1,1,4,22,9,12,15,30,6,21,31,41
360984,1,1,0,0,0,0,0,0,0,0,0,0
360985,1,1,0,0,10,0,0,0,0,12,0,0
360985,2,1,0,0,0,0,0,0,0,0,0,0
360986,1,1,0,0,14,0,0,0,0,0,0,0
360986,2,1,0,0,0,0,0,0,0,0,0,0
360987,1,1,0,0,0,0,0,0,0,0,0,0
360987,2,1,0,0,0,0,0,0,0,24,0,24
360988,1,1,0,0,0,0,0,0,0,0,0,0
360988,2,1,0,0,0,8,0,0,0,0,0,0
360988,3,1,12,0,13,0,0,0,0,0,0,21
360988,4,1,0,0,0,0,0,0,0,0,0,0
360989,0,1,0,0,0,0,0,0,0,0,0,0
360989,1,1,0,0,0,0,0,0,0,0,0,0
360989,2,1,10,11,29,15,14,8,18,6,3,12
360990,1,1,0,0,0,0,0,0,0,0,0,0
360990,2,1,0,0,0,0,0,0,0,0,0,0
360990,3,1,0,0,0,0,0,0,0,0,0,0
360991,0,1,20,20,20,20,20,20,20,20,20,20
360991,1,1,0,0,0,0,0,0,0,0,0,0
360992,2,1,18,18,18,18,18,18,18,18,18,18
360993,1,1,0,23,0,0,0,0,0,0,0,33
360994,0,1,19,0,0,16,0,0,0,0,0,0
360994,1,1,22,0,0,16,15,0,0,15,14,0
360995,1,1,0,0,7,0,0,0,0,18,19,17
360995,2,1,11,12,4,14,33,0,0,0,29,13
360996,1,1,12,12,12,12,12,12,12,12,12,12
360997,1,1,0,0,0,0,0,0,0,15,0,0
360997,2,1,0,7,0,19,0,0,10,24,31,0
360998,1,1,0,0,0,0,0,0,0,0,9,0
360999,1,1,0,0,0,0,15,0,0,0,0,17
361000,1,1,0,0,0,0,0,0,0,0,0,0
361001,1,1,0,0,0,0,0,14,0,0,0,0
361001,2,1,0,0,0,0,0,0,0,0,0,0
361002,1,1,0,15,0,0,0,22,0,41,0,0
361003,0,1,0,0,16,0,0,0,0,0,0,0
361003,1,1,0,0,0,0,0,0,0,0,0,0
361004,1,1,0,16,0,0,0,0,0,0,0,15
361004,2,1,0,0,0,0,0,0,0,0,0,1
361005,1,1,30,0,0,0,5,0,24,0,22,16
361006,0,1,0,0,20,0,17,17,0,8,0,0
361006,1,1,16,0,0,14,6,7,0,0,18,5
361007,1,1,4,4,4,4,4,4,4,4,4,4
361007,2,1,0,0,0,0,0,2,0,0,0,0
361008,0,1,0,0,0,0,0,0,0,0,0,0
361008,1,1,0,22,0,0,0,0,0,0,17,0
361009,1,1,0,0,0,7,0,0,0,0,0,0
361009,2,1,0,0,0,14,0,0,17,0,0,0
361010,1,1,0,0,0,0,0,0,0,0,0,0
361010,2,1,0,0,0,0,11,0,15,0,20,0
361011,1,1,0,0,0,0,0,0,0,0,0,9
361011,2,1,0,0,22,0,0,0,0,0,29,0
361012,1,1,12,0,21,11,0,0,11,18,0,26
361013,1,1,16,16,16,16,16,16,16,16,16,16
361013,2,1,0,0,37,21,0,0,0,18,0,0
361014,1,1,0,0,29,0,12,0,17,18,0,0
361014,2,1,0,0,0,0,0,0,0,13,0,0
361015,1,1,0,0,0,0,0,0,0,0,0,0
361015,2,1,12,0,0,0,0,0,0,26,0,0
361016,1,1,30,30,30,30,30,30,30,30,30,30
361016,2,1,0,20,5,21,7,25,0,0,0,0
361017,1,1,30,32,0,13,14,6,0,23,0,21
361018,0,1,0,0,0,0,0,0,17,0,31,16
361018,1,1,0,0,0,0,0,0,0,6,0,2
361018,2,1,0,0,0,0,15,0,0,0,0,0
361019,1,1,0,7,0,0,0,23,0,6,0,28
361020,1,1,37,8,0,0,12,17,18,0,13,16
361021,0,1,0,0,0,0,0,25,0,0,0,0
361021,0,2,0,0,0,0,0,0,0,0,0,0
361021,1,1,0,0,0,0,0,0,0,0,0,0
361022,1,1,7,7,7,7,7,7,7,7,7,7
361023,1,1,0,11,0,12,0,0,0,0,26,0
361024,1,1,0,0,0,0,0,0,0,0,0,0
361024,2,1,0,0,0,0,0,0,0,0,0,0
361024,3,1,0,0,0,0,0,0,0,0,0,0
361025,1,1,0,0,0,0,0,0,0,0,0,0
361025,2,1,0,0,0,0,0,33,0,0,0,0
361025,3,1,0,20,0,0,0,0,0,21,0,0
361026,1,1,0,13,0,0,0,0,0,0,0,0
361027,1,1,0,0,0,0,0,0,0,36,0,0
361027,2,1,27,0,0,0,0,0,0,0,0,0
361028,1,1,8,0,28,25,14,11,18,0,9,9
361028,2,1,0,0,0,0,0,0,0,19,0,0
361029,1,1,0,0,17,0,0,0,0,0,0,0
361030,1,1,0,0,0,0,0,7,0,16,16,12
361030,2,1,19,0,0,18,0,5,30,0,0,0
361031,1,1,0,0,0,0,0,0,0,0,0,0
361031,2,1,0,0,0,0,0,0,0,0,0,0
361032,1,1,19,21,23,25,17,0,24,0,0,0
361033,1,1,0,0,0,26,10,0,0,0,11,0
361034,1,1,0,0,0,9,0,0,0,0,18,0
361035,0,1,7,0,18,0,0,27,5,0,4,15
361035,1,1,13,0,0,13,0,0,0,13,0,0
361036,1,1,22,0,9,17,8,26,0,0,0,6
361036,2,1,0,0,0,0,0,0,0,0,16,0
361037,1,1,0,0,0,23,0,0,0,0,0,0
361038,0,1,0,0,0,0,0,0,0,0,0,0
361038,1,1,0,0,0,0,0,0,0,0,0,0
361039,0,1,17,0,11,0,0,7,0,21,0,0
361039,1,1,0,0,0,0,0,0,0,0,0,0
361040,0,1,0,0,0,0,0,0,0,0,0,0
361040,1,1,0,0,0,0,0,0,0,0,0,0
361041,0,1,0,16,0,33,0,0,9,0,29,0
361041,1,1,0,0,0,0,0,0,0,7,0,0
361042,1,1,6,18,5,17,21,18,8,10,17,15
361043,1,1,10,29,26,13,21,3,13,25,12,9
361044,0,1,0,0,0,0,0,0,0,0,0,0
361044,1,1,0,14,0,0,0,0,0,0,0,0
361045,0,1,0,0,0,0,39,0,0,23,0,0
361045,1,1,0,0,0,0,0,0,0,0,0,0
361045,2,1,0,0,0,18,0,0,0,0,0,0
361045,3,1,0,0,0,0,0,0,0,0,0,0
361046,1,1,0,0,0,0,0,0,0,0,0,0
361046,2,1,0,0,0,0,0,0,26,0,0,0
361047,1,1,7,12,11,0,11,7,9,10,13,2
361048,1,1,0,0,15,0,0,0,17,0,0,0
361049,1,1,11,18,21,0,8,14,25,19,30,21
361050,1,1,0,18,40,7,0,8,40,7,14,0
361050,2,1,0,0,0,0,0,0,0,0,0,0
361051,1,1,19,0,9,11,12,14,3,20,11,10
361051,2,1,0,0,20,0,0,0,0,0,0,0
361052,1,1,26,23,27,22,0,23,48,14,4,13
361052,2,1,0,0,0,23,0,0,20,0,0,6
361053,1,1,0,0,0,0,0,0,0,0,0,0
361054,0,1,0,0,0,0,25,0,0,0,0,0
361054,1,1,11,25,0,0,0,0,0,0,0,0
361055,0,1,0,0,0,0,0,8,0,0,0,0
361055,1,1,24,20,12,18,31,12,17,30,13,25
361056,1,1,11,11,11,11,11,11,11,11,11,11
361056,2,1,22,0,0,25,18,17,11,7,10,43
361056,3,1,0,0,0,0,0,0,0,0,0,0
361056,4,1,0,0,0,0,0,0,0,0,30,18
361057,1,1,28,8,0,0,24,0,0,0,0,5
361058,1,1,0,0,0,19,0,0,10,0,0,0
361059,0,1,0,0,0,0,0,0,0,11,0,0
361059,1,1,0,0,9,4,0,0,0,0,11,0
361060,1,1,0,27,0,18,0,31,13,0,43,20
361061,0,1,3,3,3,3,3,3,3,3,3,3
361061,1,1,0,0,0,0,26,15,0,0,0,0
361062,0,1,0,0,0,0,0,0,0,0,0,0
361062,1,1,15,9,4,7,18,18,0,15,11,9
361063,1,1,0,0,0,0,0,0,0,0,0,0
361064,1,1,0,0,0,0,0,0,0,0,0,0
361065,0,1,38,38,38,38,38,38,38,38,38,38
361065,1,1,0,25,0,0,0,0,0,7,0,0
361066,1,1,0,0,0,0,0,0,0,0,0,0
361066,2,1,0,0,25,0,0,0,0,0,0,0
361067,1,1,16,16,16,16,16,16,16,16,16,16
361068,1,1,0,0,0,0,0,0,0,0,0,0
361069,1,1,14,14,14,14,14,14,14,14,14,14
361070,0,1,28,28,28,28,28,28,28,28,28,28
361070,1,1,7,9,10,0,27,17,11,16,0,6
361070,2,1,0,0,0,17,0,0,0,0,13,0
361071,0,1,0,0,0,0,0,0,0,0,0,0
361071,1,1,26,27,0,27,0,0,0,29,0,0
361072,0,1,0,0,0,0,0,0,0,0,0,0
361072,1,1,23,4,4,6,28,21,19,20,9,21
361073,0,1,7,7,7,7,7,7,7,7,7,7
361073,1,1,20,0,0,0,0,0,17,0,0,26
361073,2,1,9,36,0,15,11,23,13,0,0,15
361074,1,1,0,0,0,5,11,0,14,0,14,0
361074,2,1,0,0,0,0,0,0,0,0,0,0
361075,1,1,0,0,0,0,0,27,35,0,0,12
361075,2,1,0,0,0,0,0,0,0,0,0,0
361075,3,1,5,10,13,12,28,17,13,18,7,14
361076,0,1,16,16,16,16,16,16,16,16,16,16
361076,1,1,0,0,0,0,0,0,0,0,20,25
361077,0,1,5,5,5,5,5,5,5,5,5,5
361077,1,1,6,0,0,0,12,0,24,0,0,0
361078,0,1,17,17,17,17,17,17,17,17,17,17
361078,1,1,0,0,0,0,0,0,0,0,0,0
361079,0,1,0,0,0,0,0,0,0,0,0,0
361079,1,1,0,0,0,0,0,0,0,0,0,0
361080,0,1,27,27,27,27,27,27,27,27,27,27
361080,1,1,0,0,0,0,0,0,0,0,0,0
361081,0,1,0,0,0,15,0,0,29,0,0,0
361081,0,2,0,0,0,0,0,0,0,0,0,0
361081,1,1,0,0,0,0,0,0,0,0,0,0
361082,1,1,0,0,0,0,0,0,0,0,0,0
361082,2,1,0,0,0,0,0,24,0,0,11,0
361083,1,1,0,0,0,0,23,0,9,0,0,21
361083,2,1,0,0,18,0,3,9,0,0,0,0
361084,1,1,0,0,0,0,0,0,0,0,0,0
361084,2,1,0,0,0,0,0,0,0,0,0,0
361085,1,1,0,0,0,0,0,0,0,0,0,0
361085,2,1,0,0,0,0,0,0,0,0,0,0
361086,2,1,0,0,0,0,0,0,0,0,0,0
361087,0,1,28,28,28,28,28,28,28,28,28,28
361087,1,1,0,25,0,0,0,0,0,0,0,7
361087,2,1,0,0,18,0,0,0,14,5,0,0
361088,1,1,11,17,14,13,12,17,21,16,6,20
361088,2,1,7,20,0,23,25,0,14,1,17,32
361088,3,1,0,0,3,0,0,14,12,0,0,0
361089,0,1,0,0,0,30,0,0,0,0,0,0
361089,1,1,18,14,0,11,0,0,0,0,0,0
361090,1,1,17,0,16,16,33,4,0,11,0,0
361091,0,1,0,0,0,0,0,0,0,0,0,0
361091,1,1,13,0,0,15,20,0,0,0,10,0
361092,0,1,28,0,6,0,0,0,0,0,0,0
361092,1,1,0,4,30,0,0,0,22,0,0,0
361093,0,1,0,0,0,0,5,25,0,0,4,0
361093,1,1,0,0,0,0,0,0,0,0,0,0
361094,1,1,4,15,14,16,0,23,28,6,0,41
361094,2,1,0,11,0,0,0,0,0,13,13,0
361095,1,1,29,0,0,0,0,0,0,18,0,0
361095,2,1,0,0,0,0,0,0,0,0,0,0
361096,1,1,0,0,0,0,0,0,0,0,0,0
361097,1,1,0,0,0,0,0,0,0,0,0,0
361098,2,1,0,0,0,0,0,0,0,0,0,0
361099,1,1,0,16,0,0,4,0,0,7,0,0
361099,2,1,9,9,9,9,9,9,9,9,9,9
361100,2,1,12,12,12,12,12,12,12,12,12,12
361101,1,1,16,16,16,16,16,16,16,16,16,16
361101,2,1,6,4,0,10,0,0,6,0,15,6
361102,0,1,0,0,0,0,0,0,0,0,0,0
361102,0,2,0,0,0,0,0,0,0,0,0,0
361102,2,1,22,25,0,13,16,22,35,9,16,7
361103,1,1,22,22,22,22,22,22,22,22,22,22
361103,2,1,9,0,0,0,0,0,0,0,17,0
361104,1,1,0,0,0,0,0,0,0,0,0,0
361104,2,1,0,0,0,0,0,0,0,0,10,0
361105,2,1,0,0,0,16,0,12,27,0,0,0
361106,0,1,0,0,0,29,8,0,0,0,0,0
361106,1,1,0,0,0,0,0,0,0,12,0,7
361107,0,1,0,0,0,18,0,0,0,0,0,0
361107,1,1,0,0,0,12,0,0,0,0,0,0
361108,1,1,0,17,31,0,0,0,6,0,0,8
361108,2,1,0,0,0,0,0,0,0,6,0,0
361109,1,1,28,0,17,13,0,9,33,0,14,15
361109,2,1,0,0,0,0,0,0,0,0,0,0
361110,1,1,0,0,0,0,0,0,0,0,0,0
361111,0,1,26,37,0,0,0,9,0,0,10,7
361111,1,1,0,0,0,0,0,0,0,0,0,0
361112,1,1,0,0,0,24,0,0,0,0,0,0
361112,2,1,0,0,0,0,0,0,0,0,0,0
361113,1,1,0,24,22,13,0,14,0,0,13,0
361114,1,1,0,12,0,0,0,0,0,0,0,0
361114,2,1,0,0,12,0,0,0,10,0,0,0
361114,3,1,0,5,0,0,0,0,0,0,0,0
361114,4,1,0,0,0,0,0,0,0,0,0,0
361114,5,1,0,0,0,0,0,0,0,0,0,0
361116,1,1,0,0,9,0,0,0,0,0,0,9
361117,1,1,0,0,0,5,0,15,0,26,0,0
361117,2,1,0,0,9,21,0,0,0,5,11,0
361118,1,1,0,0,0,0,12,0,0,0,0,0
361119,1,1,20,0,0,0,0,0,0,11,0,0
361120,1,1,0,0,0,0,0,0,0,0,0,31
361121,0,1,0,0,0,0,0,0,0,0,0,0
361121,1,1,0,0,0,0,0,0,0,0,0,0
361121,2,1,0,0,0,0,0,0,0,0,0,0
361122,0,1,0,43,9,0,22,0,29,0,0,0
361122,1,1,0,0,0,0,0,6,0,0,0,0
361123,0,1,14,17,0,0,0,0,0,0,0,16
361123,1,1,7,7,7,7,7,7,7,7,7,7
361124,0,1,0,0,0,0,0,0,0,0,0,0
361124,1,1,0,0,0,0,0,0,0,0,0,0
361125,0,1,0,0,0,0,0,0,0,0,0,0
361125,1,1,0,0,0,0,0,0,0,0,0,0
361126,0,1,0,26,0,0,0,0,14,0,0,0
361126,1,1,25,6,0,16,14,15,15,5,0,29
361127,0,1,0,0,0,0,0,0,0,0,0,0
361127,1,1,7,0,9,0,8,18,11,13,6,0
361128,0,1,0,0,0,0,0,0,0,0,0,0
361128,1,1,0,0,0,0,0,0,0,29,0,0
361129,1,1,26,12,17,22,13,10,16,14,20,21
361129,2,1,0,0,0,0,0,0,11,21,0,4
361130,1,1,0,0,0,0,0,0,0,0,0,0
361130,2,1,0,0,0,0,0,0,0,0,0,0
361131,1,1,25,9,5,20,11,10,14,11,21,0
361132,1,1,14,14,14,14,14,14,14,14,14,14
361133,1,1,0,0,0,0,0,0,0,0,0,0
370001,1,1,0,0,0,0,0,0,0,0,0,0
370002,1,1,0,0,0,0,0,0,0,0,0,0
370003,1,1,0,0,0,0,0,0,0,0,0,0
370003,2,1,0,0,0,0,0,0,0,0,0,0
370004,1,1,9,14,11,3,0,17,0,11,8,5
370005,1,1,0,0,0,0,0,0,0,0,0,0
370006,1,1,0,0,0,0,0,0,0,0,0,0
370007,1,1,0,0,0,0,0,0,0,0,0,0
370007,2,1,10,10,10,10,10,10,10,10,10,10
370008,0,1,0,0,0,0,0,0,0,0,0,0
370008,0,2,0,0,0,0,0,0,0,0,0,0
370008,1,1,21,0,16,0,0,0,0,11,0,0
370009,1,1,0,0,0,0,0,0,0,0,0,0
370010,0,1,0,0,0,14,0,9,0,0,19,0
370010,1,1,0,0,0,0,0,0,20,0,0,0
370011,1,1,0,0,0,0,0,0,0,0,0,0
370011,2,1,0,0,0,0,0,0,0,0,0,0
370012,1,1,0,0,0,0,0,0,0,0,0,0
370012,2,1,0,0,0,0,0,0,0,0,0,0
370013,1,1,9,30,14,29,18,27,15,24,30,20
370014,0,1,0,27,0,0,0,0,8,31,0,0
370014,1,1,0,0,0,0,0,0,0,0,0,0
370014,2,1,0,0,0,0,0,0,0,0,0,0
370015,1,1,0,0,0,0,0,0,0,0,0,0
370016,1,1,0,0,0,0,0,0,0,0,0,0
370016,2,1,0,0,0,0,0,0,0,0,0,0
370017,1,1,0,0,0,0,0,0,0,0,0,0
370017,2,1,0,0,0,0,0,0,0,0,0,0
370018,1,1,0,0,0,0,0,0,0,0,0,0
370018,2,1,0,0,0,0,0,0,0,0,0,0
370019,1,1,0,0,0,19,0,0,0,0,31,18
370019,2,1,0,0,0,0,0,0,0,0,0,0
370020,1,1,0,0,0,0,13,0,0,0,0,0
370020,2,1,0,0,0,0,0,0,0,0,0,0
370021,1,1,0,0,0,0,0,0,0,0,0,0
370022,1,1,0,26,0,0,0,26,0,0,0,0
370023,1,1,0,0,0,0,0,0,0,0,0,0
370023,2,1,0,0,0,0,0,0,0,0,0,0
370024,1,1,0,0,0,0,0,0,0,0,0,0
370024,2,1,0,0,0,0,0,0,0,0,17,0
370025,0,1,0,0,0,0,0,0,0,0,0,0
370025,1,1,0,0,0,0,0,0,0,0,0,0
370026,1,1,0,0,0,0,0,0,0,0,0,0
370026,2,1,0,0,0,0,0,0,0,0,0,0
370026,3,1,0,13,0,0,0,0,0,0,0,0
370027,1,1,0,0,0,0,0,0,0,0,0,0
370027,2,1,0,0,0,0,0,0,0,0,0,0
370028,1,1,0,0,0,0,0,0,0,0,0,0
370028,2,1,0,0,0,0,0,0,0,0,0,0
370029,1,1,0,0,0,13,0,0,0,0,0,0
370029,2,1,0,0,0,20,0,0,0,0,0,0
370030,1,1,0,0,21,0,0,0,0,0,0,0
370031,1,1,0,0,0,0,0,0,0,0,0,0
370031,2,1,0,0,0,0,0,0,0,0,0,0
370032,1,1,0,0,0,0,0,0,0,0,0,0
370033,1,1,0,0,0,0,0,0,0,0,0,0
370033,2,1,15,15,15,15,15,15,15,15,15,15
370034,1,1,0,0,0,0,0,0,0,0,0,0
370034,2,1,0,0,0,0,0,0,0,0,0,0
370035,1,1,0,0,0,0,0,0,0,0,0,0
370036,1,1,0,0,0,0,0,0,0,0,0,0
370036,2,1,0,0,0,0,0,0,0,0,0,0
370037,1,1,0,0,0,0,0,0,0,0,0,0
370037,2,1,0,0,0,3,0,0,0,0,0,0
370038,1,1,0,0,0,0,0,0,0,0,0,0
370038,2,1,0,0,0,0,0,0,0,0,0,0
370039,0,1,31,31,31,31,31,31,31,31,31,31
370039,1,1,0,0,0,0,0,0,0,0,0,0
370040,1,1,0,0,0,0,0,0,0,0,0,34
370041,1,1,19,19,19,19,19,19,19,19,19,19
370042,1,1,0,0,0,0,0,0,0,0,0,0
370042,2,1,0,0,0,0,0,0,0,0,0,0
370043,1,1,0,0,0,0,0,0,0,0,0,0
370044,1,1,0,0,0,0,0,0,0,0,0,0
370045,0,1,8,0,0,0,0,0,0,0,0,9
370045,1,1,0,27,0,0,0,13,0,19,0,0
370046,1,1,0,0,0,0,0,0,0,0,0,0
370047,1,1,14,14,14,14,14,14,14,14,14,14
370048,0,1,0,0,0,0,0,0,0,0,0,0
370048,1,1,0,0,7,2,2,0,0,15,0,20
370049,0,1,31,31,31,31,31,31,31,31,31,31
370049,1,1,0,0,0,0,0,0,0,0,0,18
370051,0,1,0,0,0,0,0,0,0,0,0,0
370051,1,1,0,0,0,0,0,0,0,0,0,0
370052,1,1,0,0,0,0,0,0,0,0,0,0
370052,2,1,0,0,0,0,0,0,0,0,0,0
370053,1,1,12,12,12,12,12,12,12,12,12,12
370053,2,1,7,7,7,7,7,7,7,7,7,7
370054,1,1,0,0,0,0,0,0,0,0,0,0
370055,1,1,0,0,0,0,0,0,0,0,0,0
370056,1,1,0,0,0,0,0,0,0,0,0,0
370057,0,1,0,0,0,0,0,0,0,0,0,0
370057,1,1,0,0,0,0,0,0,0,0,0,0
370058,0,1,0,0,0,0,0,0,0,0,0,0
370058,1,1,3,3,3,3,3,3,3,3,3,3
370059,1,1,13,0,19,0,0,12,0,21,0,0
370059,2,1,0,0,0,0,0,0,0,0,0,0
370060,0,1,0,0,0,0,0,0,0,0,0,0
370060,1,1,12,9,10,38,0,20,20,19,0,0
370061,0,1,0,0,0,0,0,0,0,0,0,0
370061,1,1,0,0,0,0,0,0,0,0,0,0
370062,0,1,0,0,0,0,14,15,0,0,0,0
370062,1,1,0,16,0,0,0,0,0,0,0,0
370063,1,1,0,0,0,0,0,0,0,0,0,0
370064,1,1,23,23,23,23,23,23,23,23,23,23
370065,1,1,0,0,0,0,0,0,0,0,0,0
370065,2,1,0,0,0,0,0,0,0,0,0,0
370066,1,1,0,0,0,0,0,0,0,0,0,0
370066,2,1,28,28,28,28,28,28,28,28,28,28
370067,1,1,0,0,0,0,0,17,0,0,0,0
370068,1,1,14,14,14,14,14,14,14,14,14,14
370068,2,1,0,0,0,0,0,5,0,0,0,0
370069,0,1,0,0,0,0,0,0,0,0,0,0
370069,0,2,0,0,0,0,0,0,0,0,0,0
370069,1,1,19,0,0,0,0,0,0,24,0,0
370070,0,1,0,0,0,0,0,0,0,0,0,0
370070,1,1,0,0,0,0,0,0,0,22,0,0
370071,0,1,0,0,0,0,0,0,0,0,0,0
370071,1,1,0,0,0,0,0,0,0,0,0,0
370072,1,1,20,20,20,20,20,20,20,20,20,20
370072,2,1,0,0,0,0,0,0,0,0,0,0
370073,1,1,0,22,0,0,0,0,39,0,20,0
370073,2,1,11,11,11,11,11,11,11,11,11,11
370073,3,1,0,0,0,0,0,0,0,0,0,0
370074,0,1,7,7,7,7,7,7,7,7,7,7
370074,1,1,16,16,16,16,16,16,16,16,16,16
370075,1,1,0,0,0,0,0,0,0,0,0,0
370075,2,1,0,0,0,0,0,0,0,0,0,0
370075,3,1,0,0,0,0,0,0,0,0,0,0
370075,4,1,0,0,0,0,0,0,9,0,0,0
370075,5,1,0,0,0,0,0,0,0,0,0,0
370075,6,1,0,0,0,0,0,0,0,0,0,0
370075,7,1,0,0,0,0,0,0,0,0,0,0
370075,8,1,0,0,0,0,0,0,0,0,0,0
370076,0,1,0,0,0,0,0,16,52,24,3,18
370076,1,1,0,0,0,0,0,0,0,0,0,0
370077,1,1,8,8,8,8,8,8,8,8,8,8
370078,1,1,0,0,0,0,0,0,0,0,0,0
370078,2,1,0,0,0,0,0,0,0,0,0,0
370079,1,1,0,0,0,0,0,21,0,0,0,0
370080,0,1,0,0,0,0,0,0,0,0,0,0
370080,1,1,0,0,0,0,0,0,12,0,8,0
370080,2,1,0,0,18,13,0,0,0,0,0,0
370081,1,1,0,0,0,0,0,0,0,0,0,0
370081,2,1,6,0,0,0,0,0,0,0,0,0
370082,1,1,0,0,0,0,0,0,0,0,0,0
370082,2,1,0,0,0,0,0,0,0,0,0,0
370083,1,1,16,18,0,0,22,0,5,0,0,9
370084,1,1,0,0,0,0,0,20,0,0,0,0
370085,1,1,0,0,0,0,0,0,0,0,0,0
370086,1,1,0,0,0,0,0,0,0,0,0,0
370086,2,1,29,29,29,29,29,29,29,29,29,29
370087,0,1,0,0,0,0,0,0,0,0,0,0
370087,1,1,0,18,5,0,15,0,7,1,14,17
370088,1,1,0,0,0,0,0,0,0,0,0,0
370089,1,1,0,28,0,16,0,0,9,17,22,23
370090,1,1,0,0,0,0,0,0,0,0,0,0
370091,0,1,0,0,0,0,0,0,0,0,3,49
370091,1,1,0,0,0,0,35,0,21,0,0,0
370091,2,1,0,0,0,0,0,0,0,0,0,0
370092,1,1,0,0,0,0,0,0,0,0,0,0
370092,2,1,30,6,15,17,13,14,18,25,7,17
370094,1,1,28,28,28,28,28,28,28,28,28,28
370095,1,1,9,0,9,0,0,0,25,0,15,0
370095,2,1,0,0,0,0,0,0,0,0,0,0
370096,1,1,19,19,19,19,19,19,19,19,19,19
370097,1,1,0,0,0,0,0,0,0,0,0,0
370097,2,1,0,0,0,0,0,0,11,0,0,0
370097,3,1,0,0,0,0,0,0,0,0,0,0
370098,1,1,0,0,0,0,0,0,0,0,0,0
370098,2,1,0,0,0,0,0,0,0,0,0,0
370099,1,1,0,11,0,0,0,0,6,0,0,0
370099,2,1,0,0,0,0,0,0,0,0,0,0
370100,1,1,0,0,0,0,0,0,0,0,0,0
370101,1,1,0,0,0,0,0,0,0,0,0,0
370101,2,1,0,0,0,0,0,0,0,0,0,0
370102,1,1,22,22,22,22,22,22,22,22,22,22
370102,2,1,0,0,0,0,0,0,0,0,0,0
370103,1,1,0,0,0,0,0,0,0,0,0,0
370104,1,1,0,0,0,0,0,0,0,0,0,0
370104,2,1,0,0,0,0,0,0,0,0,0,0
370105,1,1,0,0,0,0,0,0,0,0,0,0
370106,1,1,0,0,0,0,0,0,0,0,0,0
370107,1,1,21,21,21,21,21,21,21,21,21,21
370108,1,1,17,6,23,24,15,8,5,6,0,15
370108,2,1,0,0,0,0,0,0,0,0,0,0
370109,0,1,0,0,0,0,0,0,0,0,0,0
370109,1,1,0,0,0,0,0,0,0,0,0,0
370110,1,1,0,0,0,0,0,0,0,0,0,0
370110,2,1,0,0,0,0,0,0,0,0,0,0
370111,1,1,0,0,0,0,0,0,0,0,0,0
370111,2,1,0,0,0,0,0,0,0,0,0,0
370111,3,1,0,0,0,0,0,0,0,0,0,0
370111,4,1,0,0,0,0,0,0,0,0,0,0
370111,5,1,0,0,0,0,0,0,0,0,0,0
370112,1,1,0,0,0,0,0,0,0,0,8,0
370113,1,1,0,0,20,0,0,0,0,0,15,0
370113,2,1,0,0,0,0,0,0,0,0,0,0
370114,1,1,0,0,0,0,0,0,0,0,0,0
370115,1,1,19,19,19,19,19,19,19,19,19,19
370116,1,1,0,0,0,0,0,0,0,0,0,0
370117,0,1,0,0,0,0,0,0,0,0,0,0
370117,1,1,5,0,0,0,0,0,0,0,0,0
370118,1,1,0,0,0,0,0,0,0,0,0,18
370118,2,1,0,0,0,0,0,0,0,0,0,0
370118,3,1,0,0,0,0,0,0,0,0,0,0
370118,4,1,4,5,2,0,0,0,0,19,0,0
370119,1,1,0,0,0,0,0,0,0,0,0,0
370120,0,1,36,36,36,36,36,36,36,36,36,36
370120,1,1,11,14,15,0,0,21,0,0,41,9
370121,0,1,0,0,0,0,0,0,0,0,0,0