ST_CASE,VEH_NO,PER_NO,P1,P2,P3,P4,P5,P6,P7,P8,P9,P10
370428,2,1,0,0,0,0,0,0,0,0,0,0
370429,1,1,0,0,0,0,0,0,0,0,0,0
370429,2,1,0,0,0,0,0,0,0,0,0,0
370429,3,1,0,0,0,0,0,0,0,0,0,0
370430,1,1,15,15,15,15,15,15,15,15,15,15
370430,2,1,0,0,0,0,0,0,0,0,0,0
370431,1,1,0,0,0,0,0,0,0,0,2,0
370431,2,1,0,0,0,0,0,0,0,0,0,0
370432,1,1,0,0,0,0,0,0,0,0,0,0
370432,2,1,0,0,0,0,0,0,0,0,0,0
370432,3,1,0,0,0,0,0,0,0,0,0,0
370433,0,1,0,4,0,0,0,28,0,0,0,0
370433,1,1,0,0,0,0,0,0,0,0,0,0
370434,1,1,3,3,3,3,3,3,3,3,3,3
370435,1,1,0,0,0,0,0,0,11,0,0,0
370435,2,1,0,0,0,0,0,0,0,0,0,0
370436,1,1,17,17,17,17,17,17,17,17,17,17
370437,0,1,16,16,16,16,16,16,16,16,16,16
370437,1,1,0,0,0,0,0,0,0,0,0,0
370438,1,1,0,0,0,0,0,0,0,0,0,0
370438,2,1,0,0,0,0,0,0,0,0,0,0
370439,1,1,0,0,0,0,0,0,0,0,0,0
370439,2,1,0,0,0,0,0,0,0,0,0,0
370440,1,1,0,0,0,0,0,0,0,0,0,0
370441,1,1,0,0,0,0,0,0,0,0,0,0
370441,2,1,0,0,0,0,0,0,0,0,0,0
370442,0,1,16,16,16,16,16,16,16,16,16,16
370442,1,1,0,0,0,0,0,0,0,12,0,10
370443,1,1,5,0,0,0,39,0,0,0,0,14
370443,2,1,0,0,0,0,0,0,0,0,0,0
370444,1,1,0,0,0,0,0,0,0,0,0,0
370444,2,1,0,0,0,0,0,0,0,0,0,0
370445,1,1,0,0,0,0,0,0,0,0,0,0
370446,1,1,0,0,0,0,0,0,0,0,0,0
370446,2,1,0,20,0,0,0,20,0,7,0,0
370447,1,1,0,0,0,0,0,0,0,0,0,0
370448,0,1,0,0,0,0,0,0,0,0,0,0
370448,1,1,0,0,0,0,0,0,16,0,0,0
370449,1,1,22,22,22,22,22,22,22,22,22,22
370450,1,1,0,0,0,0,0,0,0,0,0,0
370450,2,1,0,0,0,0,0,0,0,0,0,0
370451,1,1,0,0,0,0,0,0,0,0,0,0
370451,2,1,0,0,0,0,0,0,0,0,0,0
370452,1,1,17,17,17,17,17,17,17,17,17,17
370453,1,1,0,0,0,0,0,0,0,0,0,0
370453,2,1,0,0,0,0,0,21,0,0,0,0
370454,1,1,13,7,4,0,0,22,10,11,19,7
370454,2,1,0,0,0,0,0,0,0,0,0,0
370455,1,1,0,0,0,0,0,0,0,0,0,0
370455,2,1,0,0,0,0,0,0,0,0,0,0
370456,1,1,16,16,16,16,16,16,16,16,16,16
370457,2,1,0,0,0,0,0,0,0,0,0,0
370458,1,1,22,22,22,22,22,22,22,22,22,22
370459,1,1,16,16,16,16,16,16,16,16,16,16
370459,2,1,0,0,0,0,0,0,0,0,0,0
370460,0,1,22,22,22,22,22,22,22,22,22,22
370460,1,1,0,0,0,0,12,0,0,0,0,4
370461,1,1,0,0,0,0,0,0,0,0,0,0
370462,1,1,0,0,0,0,0,0,0,0,0,0
370463,0,1,0,0,0,0,0,0,0,0,0,0
370463,1,1,0,0,0,0,0,0,0,0,0,0
370464,1,1,0,0,0,0,0,0,0,0,0,0
370465,1,1,0,0,0,0,0,0,0,0,0,0
370465,2,1,0,4,0,0,0,0,0,0,0,0
370466,1,1,9,0,0,0,0,0,0,0,0,0
370466,2,1,0,0,6,0,0,0,0,0,0,0
370467,1,1,0,0,0,0,0,0,0,0,0,0
370467,2,1,0,15,0,9,0,0,10,18,0,0
370468,1,1,10,10,10,10,10,10,10,10,10,10
370469,1,1,16,16,16,16,16,16,16,16,16,16
370470,1,1,10,10,10,10,10,10,10,10,10,10
370470,2,1,0,0,0,0,0,0,0,0,0,0
370471,1,1,0,0,0,0,0,0,0,0,0,0
370471,2,1,0,0,0,0,0,0,0,0,0,0
370472,1,1,14,14,14,14,14,14,14,14,14,14
370473,1,1,0,0,0,0,0,0,0,0,0,0
370473,2,1,0,0,0,0,0,0,0,0,15,0
370474,0,1,0,0,0,0,0,0,0,0,0,0
370474,1,1,0,0,0,0,0,0,26,23,16,25
370475,0,1,0,0,0,0,0,0,0,0,0,0
370475,1,1,0,0,0,0,0,0,0,0,0,0
370475,2,1,0,0,0,0,0,0,0,0,0,0
370476,0,1,0,20,0,0,0,9,9,10,0,0
370476,1,1,0,0,0,0,0,0,0,0,0,19
370477,0,1,21,14,15,0,33,0,15,0,0,0
370477,1,1,0,0,0,0,0,0,0,0,0,0
370478,0,1,0,0,0,0,0,0,0,0,0,0
370478,1,1,0,0,0,0,0,0,0,0,0,0
370479,0,1,0,0,0,0,0,0,0,0,0,0
370479,1,1,0,0,0,0,0,0,0,0,0,0
370480,1,1,14,14,14,14,14,14,14,14,14,14
370480,2,1,0,0,0,0,0,0,0,0,0,0
370481,1,1,0,0,0,0,0,0,0,0,0,0
370481,2,1,0,0,0,0,0,0,0,0,0,0
370482,1,1,0,0,0,0,0,0,0,0,0,0
370482,2,1,0,0,0,0,0,0,0,0,0,0
370483,1,1,8,23,14,15,9,25,18,8,9,10
370484,1,1,17,17,17,17,17,17,17,17,17,17
370485,0,1,0,0,0,0,0,0,0,0,0,0
370485,1,1,0,0,0,0,0,0,0,0,0,0
370486,1,1,0,0,0,0,0,0,0,0,0,0
370486,2,1,0,0,0,0,0,0,0,0,0,0
370486,3,1,0,0,0,15,0,0,0,0,0,0
370486,4,1,0,0,6,0,0,0,16,0,0,0
370486,5,1,0,0,0,0,0,0,0,0,0,0
370487,1,1,0,0,0,0,0,0,0,0,0,0
370488,1,1,0,0,0,0,0,0,0,0,0,0
370489,0,1,3,3,3,3,3,3,3,3,3,3
370489,1,1,0,0,0,0,0,0,0,0,0,0
370490,1,1,0,0,0,0,0,0,0,0,0,0
370491,1,1,23,0,0,0,0,0,0,14,15,0
370491,2,1,0,0,0,0,0,0,0,0,0,0
370492,1,1,9,9,9,9,9,9,9,9,9,9
370493,1,1,0,0,0,0,0,0,0,0,0,0
370494,0,1,0,0,0,0,0,0,0,0,0,0
370494,1,1,0,0,0,0,0,0,0,0,0,0
370495,1,1,20,20,20,20,20,20,20,20,20,20
370496,1,1,0,0,0,0,0,0,0,0,0,0
370498,1,1,0,0,11,9,0,17,0,0,19,0
370499,1,1,0,0,0,0,0,0,0,0,0,0
370499,2,1,0,0,0,6,0,0,0,0,0,0
370500,0,1,24,41,15,19,13,16,13,10,12,21
370500,1,1,16,16,16,16,16,16,16,16,16,16
370502,1,1,0,0,0,0,0,0,0,0,0,0
370502,2,1,0,0,0,0,0,0,0,0,0,0
370503,1,1,0,0,0,0,0,0,0,0,0,0
370503,2,1,0,0,0,0,0,0,0,0,13,0
370503,3,1,0,0,0,0,0,0,0,0,0,0
370504,1,1,0,15,13,0,12,0,14,0,7,12
370505,1,1,25,25,25,25,25,25,25,25,25,25
370506,1,1,13,13,13,13,13,13,13,13,13,13
370507,1,1,6,6,6,6,6,6,6,6,6,6
370507,2,1,21,0,35,0,15,24,0,0,0,13
370508,1,1,27,12,0,40,16,0,6,16,20,38
370508,2,1,0,12,0,0,0,0,0,21,11,0
370509,1,1,0,0,0,0,0,0,0,0,0,0
370509,2,1,4,4,4,4,4,4,4,4,4,4
370510,1,1,0,0,0,0,0,0,0,0,0,0
370511,1,1,0,0,0,0,0,0,0,0,0,0
370511,2,1,0,0,7,0,0,0,0,0,0,0
370512,1,1,0,0,0,0,0,0,0,31,0,0
370512,2,1,0,0,0,0,0,0,0,0,0,0
370513,1,1,13,13,13,13,13,13,13,13,13,13
370513,2,1,2,2,2,2,2,2,2,2,2,2
370514,1,1,22,22,22,22,22,22,22,22,22,22
370515,0,1,0,0,0,0,0,0,0,0,0,0
370515,1,1,0,0,0,0,14,0,0,0,0,0
370516,1,1,0,0,0,0,0,0,0,0,0,0
370517,1,1,0,0,0,0,0,0,0,0,0,0
370517,2,1,0,0,0,0,0,0,0,0,0,0
370518,0,1,26,0,0,0,0,0,0,0,18,0
370518,0,2,0,0,0,10,0,0,0,0,0,0
370518,1,1,0,0,0,0,0,0,0,0,0,0
370519,0,1,0,0,0,0,0,0,0,0,0,0
370519,1,1,0,0,0,0,0,0,0,0,0,0
370520,1,1,0,0,0,0,0,0,0,0,0,0
370520,2,1,0,0,0,0,0,0,0,0,0,0
370520,3,1,0,0,0,0,0,0,0,0,0,0
370521,1,1,0,0,0,0,0,16,0,0,0,0
370521,2,1,0,0,0,0,0,0,0,0,0,0
370522,1,1,12,0,0,0,0,0,0,0,0,0
370523,1,1,0,0,0,0,0,0,0,0,0,0
370524,1,1,0,0,0,0,0,0,0,0,0,0
370525,1,1,25,25,25,25,25,25,25,25,25,25
370526,1,1,0,0,0,0,0,0,0,0,0,0
370526,2,1,0,0,0,0,0,0,0,0,0,0
370527,1,1,0,0,0,0,0,0,0,19,0,0
370527,2,1,0,0,0,0,0,0,0,0,0,0
370528,1,1,3,3,3,3,3,3,3,3,3,3
370529,1,1,0,0,0,0,0,0,0,0,0,0
370529,2,1,0,0,19,0,0,0,16,0,0,0
370530,1,1,0,0,8,21,0,0,18,0,0,0
370530,2,1,0,0,0,0,0,0,0,0,0,0
370531,1,1,16,16,16,16,16,16,16,16,16,16
370532,1,1,0,0,0,0,0,0,0,0,0,0
370532,2,1,0,0,0,0,28,0,0,0,0,0
370533,1,1,11,17,0,0,0,0,36,0,0,0
370533,2,1,0,0,0,0,0,0,0,7,0,0
370534,1,1,0,0,0,0,0,0,0,0,0,0
370534,2,1,0,0,0,0,0,0,0,0,0,0
370535,1,1,9,9,9,9,9,9,9,9,9,9
370536,1,1,22,22,22,22,22,22,22,22,22,22
370537,1,1,0,0,0,0,0,0,0,0,0,0
370537,2,1,0,0,0,0,0,0,0,0,0,0
370537,3,1,0,0,0,7,0,0,0,0,0,0
370538,1,1,0,0,0,0,0,0,0,0,0,0
370538,2,1,0,0,0,0,0,0,0,0,0,0
370539,1,1,13,13,13,13,13,13,13,13,13,13
370540,1,1,0,0,0,0,0,0,0,0,0,0
370541,1,1,0,0,0,0,0,0,0,0,0,0
370541,2,1,0,0,0,0,0,0,0,0,0,0
370542,1,1,0,0,0,0,0,0,0,0,0,0
370542,2,1,0,0,0,0,0,0,0,0,0,19
370543,0,1,4,4,4,4,4,4,4,4,4,4
370543,1,1,0,0,0,0,0,0,0,0,0,0
370544,1,1,0,0,0,0,0,0,0,0,0,0
370545,1,1,16,16,16,16,16,16,16,16,16,16
370546,1,1,0,0,0,0,0,0,0,3,0,9
370546,2,1,0,0,0,0,0,0,0,0,0,0
370547,1,1,12,12,12,12,12,12,12,12,12,12
370548,1,1,0,0,0,0,0,0,0,0,0,0
370549,1,1,16,16,16,16,16,16,16,16,16,16
370550,0,1,0,0,0,0,0,0,0,0,0,0
370550,1,1,0,0,0,0,0,0,0,0,0,0
370551,1,1,0,0,0,0,0,0,0,0,0,0
370551,2,1,0,0,0,0,0,0,0,0,0,0
370552,1,1,0,7,0,26,0,0,0,0,0,0
370552,2,1,0,0,0,0,0,0,0,0,0,0
370552,3,1,26,0,0,0,0,0,4,0,38,0
370553,1,1,8,8,8,8,8,8,8,8,8,8
370553,2,1,0,6,0,0,0,0,0,0,0,0
370554,0,1,0,0,0,0,0,0,0,0,0,0
370554,1,1,18,12,12,0,14,21,12,20,0,0
370555,1,1,0,0,0,0,0,0,0,0,0,0
370555,2,1,0,0,0,0,0,0,0,0,0,0
370556,1,1,0,0,0,0,0,0,0,0,0,0
370557,1,1,11,0,0,0,0,14,0,0,0,0
370557,2,1,23,0,0,0,0,11,0,15,9,0
370558,1,1,0,0,0,0,0,0,0,0,0,0
370558,2,1,0,0,0,0,0,0,0,0,0,0
370559,1,1,0,0,0,0,0,0,0,0,20,6
370559,2,1,0,0,0,0,0,0,0,0,0,0
370560,1,1,10,10,10,10,10,10,10,10,10,10
370560,2,1,0,0,0,0,0,0,0,0,0,0
370561,0,1,23,23,23,23,23,23,23,23,23,23
370561,1,1,9,9,0,0,0,13,18,14,0,20
370562,0,1,15,15,15,15,15,15,15,15,15,15
370562,1,1,22,14,0,0,0,0,0,0,0,0
370563,1,1,13,13,13,13,13,13,13,13,13,13
370564,1,1,0,0,0,0,0,0,0,0,0,0
370565,1,1,0,0,0,0,0,0,0,0,0,0
370566,1,1,0,0,0,0,0,0,0,0,0,0
370566,2,1,0,0,0,18,0,0,18,0,0,0
370567,1,1,0,0,0,0,0,0,0,0,0,0
370568,1,1,0,0,0,0,0,8,0,0,0,0
370569,1,1,0,0,0,0,0,0,0,0,0,0
370569,2,1,0,0,0,0,0,0,0,0,0,0
370570,1,1,0,0,0,0,0,0,0,29,0,0
370570,2,1,0,0,0,16,0,0,0,0,0,0
370571,1,1,0,0,0,0,0,0,0,0,0,0
370571,2,1,0,18,0,0,0,0,0,0,0,0
370572,1,1,0,0,0,0,0,0,0,0,0,0
370573,1,1,0,0,0,0,0,0,0,0,0,0
370573,2,1,0,0,0,0,0,0,0,0,0,0
370574,1,1,0,0,0,0,0,0,0,0,0,0
370574,2,1,0,0,0,0,0,0,0,0,0,0
370575,1,1,6,6,6,6,6,6,6,6,6,6
370575,2,1,0,0,0,0,0,0,0,13,0,0
370576,1,1,0,0,0,0,0,0,0,0,0,0
370577,1,1,0,0,0,0,0,0,0,0,0,0
370578,1,1,0,0,0,0,0,0,0,0,0,0
370579,1,1,32,16,29,8,0,0,7,19,11,26
370580,1,1,0,0,0,0,0,0,0,0,0,0
370581,1,1,0,0,0,21,0,0,0,0,0,0
370581,2,1,0,0,0,0,0,0,0,0,0,0
370582,1,1,15,15,15,15,15,15,15,15,15,15
370582,2,1,0,0,0,0,0,0,0,0,0,0
370583,1,1,16,16,16,16,16,16,16,16,16,16
370583,2,1,14,0,0,0,0,0,0,0,0,0
370584,1,1,0,29,0,0,0,0,0,0,0,0
370585,1,1,25,0,0,0,0,0,0,0,0,0
370586,1,1,0,0,0,0,0,0,0,0,0,0
370586,2,1,0,0,0,0,0,0,22,0,0,0
370586,3,1,0,0,0,0,0,0,0,0,0,13
370586,4,1,0,0,0,0,0,0,0,0,0,0
370587,1,1,0,0,0,0,0,0,0,0,0,0
370587,2,1,0,0,0,0,0,0,0,0,0,0
370588,1,1,28,28,28,28,28,28,28,28,28,28
370588,2,1,0,0,0,0,0,0,0,0,0,0
370589,1,1,0,0,0,0,0,0,0,0,0,0
370590,1,1,0,0,0,0,0,0,0,0,0,0
370590,2,1,0,0,0,0,0,0,0,0,0,0
370591,1,1,0,0,0,20,15,13,27,28,0,13
370592,1,1,0,0,0,0,0,0,0,0,0,0
370593,1,1,12,0,0,14,27,0,0,0,0,0
370593,2,1,0,0,0,0,0,0,0,0,0,0
370593,3,1,0,0,0,0,0,0,0,0,0,0
370594,1,1,0,0,0,0,0,0,0,0,0,0
370595,1,1,0,0,0,0,0,0,0,0,0,0
370595,2,1,0,0,0,0,0,0,0,0,0,0
370596,1,1,0,0,0,0,0,0,0,0,0,0
370596,2,1,0,0,0,0,0,0,0,18,0,0
370597,1,1,0,0,0,0,0,0,0,0,0,0
370598,0,1,0,0,0,0,0,0,0,0,0,0
370598,1,1,0,0,0,0,0,6,0,0,0,0
370599,1,1,0,23,0,0,0,0,0,0,0,0
370600,1,1,24,24,24,24,24,24,24,24,24,24
370600,2,1,21,0,0,0,0,0,0,0,0,0
370601,1,1,22,22,22,22,22,22,22,22,22,22
370602,1,1,0,12,0,0,0,0,0,14,0,0
370602,2,1,0,0,0,0,0,0,0,0,0,0
370603,1,1,0,0,0,0,0,0,0,0,0,0
370603,2,1,0,0,0,0,0,0,0,0,0,0
370604,1,1,0,0,0,0,0,0,0,0,0,0
370604,2,1,0,0,0,0,0,0,0,0,0,0
370605,1,1,20,0,0,18,0,0,0,0,0,0
370605,2,1,0,0,0,0,0,0,0,0,0,0
370606,1,1,0,0,0,0,0,0,0,0,0,0
370606,2,1,0,0,0,0,0,0,0,0,0,0
370607,1,1,0,0,0,0,0,0,0,0,0,0
370607,2,1,24,24,24,24,24,24,24,24,24,24
370608,1,1,13,20,13,20,7,13,4,19,12,8
370608,2,1,0,0,0,0,0,0,0,0,0,0
370609,1,1,0,0,0,0,9,0,0,0,0,0
370609,2,1,0,0,0,0,0,0,0,0,0,0
370610,1,1,9,9,9,9,9,9,9,9,9,9
370611,1,1,0,0,0,7,27,17,0,0,0,13
370612,1,1,0,0,0,0,0,0,0,0,0,0
370612,2,1,0,0,0,0,0,0,0,0,0,0
370613,0,1,0,0,0,0,0,0,25,0,0,0
370613,1,1,0,0,0,20,0,0,0,0,0,0
370614,0,1,17,0,21,0,0,0,7,25,0,0
370614,1,1,0,0,0,0,0,0,0,0,0,0
370615,1,1,0,0,0,0,0,0,0,0,0,0
370615,2,1,0,0,0,0,0,0,0,0,0,0
370615,3,1,18,0,0,0,0,0,0,0,0,0
370616,1,1,0,0,0,0,0,0,0,0,0,0
370616,2,1,0,0,0,0,0,0,0,0,0,0
370617,1,1,0,0,0,0,0,0,0,0,0,0
370618,1,1,0,16,7,12,0,0,0,0,0,0
370619,0,1,0,0,0,0,0,0,0,0,0,0
370619,1,1,0,0,0,0,0,0,0,0,0,0
370620,1,1,17,17,17,17,17,17,17,17,17,17
370621,0,1,0,0,0,0,0,0,0,0,0,0
370621,1,1,0,0,0,0,0,0,0,0,0,0
370622,1,1,0,0,0,0,0,0,0,0,0,0
370623,1,1,0,0,0,0,0,0,0,0,0,0
370623,2,1,0,0,0,0,0,0,0,0,0,0
370624,0,1,0,0,0,0,0,0,0,0,0,0
370624,0,2,0,0,0,0,0,0,0,0,0,0
370624,0,3,0,0,12,0,0,0,0,0,0,0
370624,1,1,12,19,17,9,31,12,3,9,19,23
370625,1,1,0,0,0,0,0,0,0,0,0,0
370626,1,1,0,0,0,0,0,0,0,0,0,0
370626,2,1,0,0,0,0,0,0,0,0,0,0
370627,1,1,7,7,7,7,7,7,7,7,7,7
370628,1,1,14,14,14,14,14,14,14,14,14,14
370628,2,1,0,0,0,0,0,0,0,0,0,0
370629,0,1,0,0,0,0,0,0,0,0,15,0
370629,1,1,0,0,0,0,0,0,0,0,0,0
370630,0,1,9,0,14,19,8,16,22,29,8,9
370630,1,1,0,0,0,0,0,0,0,0,0,0
370631,1,1,0,0,41,0,0,0,0,0,0,0
370631,2,1,0,0,0,0,0,0,0,0,0,0
370632,1,1,0,0,0,0,0,0,0,0,0,0
370633,1,1,3,3,3,3,3,3,3,3,3,3
370633,2,1,0,0,0,0,0,0,19,0,0,0
370634,1,1,25,25,25,25,25,25,25,25,25,25
370635,1,1,0,17,15,31,0,0,13,0,0,0
370636,1,1,23,23,23,23,23,23,23,23,23,23
370637,1,1,24,24,24,24,24,24,24,24,24,24
370638,1,1,0,0,0,0,0,0,0,0,0,12
370638,2,1,0,0,0,0,0,0,0,0,0,0
370638,3,1,0,0,0,0,0,0,0,0,0,0
370639,1,1,0,0,0,0,0,21,0,0,0,0
370639,2,1,0,0,0,0,0,0,0,0,0,0
370640,1,1,0,0,0,0,0,0,0,0,0,0
370640,2,1,0,24,0,0,2,0,0,0,0,0
370640,3,1,21,18,0,0,0,0,0,0,0,0
370641,1,1,0,0,0,0,0,0,0,0,0,21
370641,2,1,5,5,5,5,5,5,5,5,5,5
370642,1,1,0,0,0,0,0,0,0,0,0,0
370643,1,1,0,0,0,0,0,0,0,0,0,0
370643,2,1,0,0,0,0,0,0,0,0,0,0
370644,1,1,0,0,0,0,0,0,0,0,0,0
370645,1,1,0,0,0,0,0,0,0,0,0,0
370645,2,1,0,0,0,0,0,0,0,0,0,0
370646,1,1,0,0,0,0,0,0,0,0,0,0
370646,2,1,0,0,0,0,0,0,0,0,0,0
370646,3,1,0,0,0,0,0,0,0,22,0,0
370646,4,1,0,0,0,0,0,0,0,0,0,0
370646,5,1,0,0,0,0,7,8,0,0,0,0
370647,1,1,12,13,18,12,8,18,7,14,8,22
370648,1,1,0,0,0,0,0,0,0,0,0,0
370648,2,1,0,0,0,0,0,0,0,0,0,0
370648,3,1,0,0,16,6,0,0,0,0,0,0
370649,1,1,0,0,0,0,0,0,0,0,0,0
370650,1,1,0,0,0,0,0,0,0,0,0,0
370650,2,1,0,0,0,0,0,0,0,0,0,0
370651,1,1,0,0,0,0,0,0,0,0,10,0
370652,1,1,0,0,0,0,0,0,0,0,0,0
370652,2,1,0,0,0,11,0,0,0,0,0,0
370653,1,1,0,0,0,0,0,0,6,0,0,0
370653,2,1,0,0,0,0,0,0,0,0,0,0
370654,1,1,0,0,0,0,0,0,0,0,0,0
370655,1,1,25,25,25,25,25,25,25,25,25,25
370656,1,1,16,16,16,16,16,16,16,16,16,16
370657,1,1,16,13,16,0,22,8,0,0,20,24
370658,1,1,5,5,5,5,5,5,5,5,5,5
370659,0,1,0,0,0,0,0,0,0,0,0,0
370659,1,1,0,0,0,0,0,0,33,0,0,0
370660,1,1,0,0,0,0,0,0,0,0,0,0
370660,2,1,0,0,0,18,0,0,0,0,0,0
370661,1,1,0,0,0,0,0,0,0,0,0,0
370661,2,1,0,0,0,0,0,0,0,0,0,0
370662,1,1,0,0,0,0,0,0,0,0,0,0
370662,2,1,0,0,0,0,0,0,22,0,0,24
370662,3,1,0,0,0,0,0,0,0,0,0,0
370663,1,1,10,10,10,10,10,10,10,10,10,10
370664,1,1,8,8,8,8,8,8,8,8,8,8
370664,2,1,0,0,0,0,0,0,0,0,0,0
370665,1,1,0,0,0,0,0,0,0,0,0,0
370666,1,1,0,0,0,0,0,0,14,0,0,0
370666,2,1,0,0,0,0,0,0,0,0,0,0
370666,3,1,0,0,0,0,0,0,0,0,0,0
370667,1,1,0,0,0,11,0,0,11,17,17,0
370668,1,1,0,0,0,0,0,0,0,0,0,0
370668,2,1,0,0,0,0,0,0,0,0,0,0
370669,1,1,0,0,0,0,0,0,0,0,0,0
370669,2,1,0,0,0,0,0,0,0,0,0,0
370669,3,1,0,0,0,0,0,0,0,0,0,0
370670,1,1,2,2,2,2,2,2,2,2,2,2
370671,1,1,0,0,0,0,0,0,0,0,0,0
370671,2,1,0,0,0,0,0,0,0,0,0,0
370672,0,1,0,0,0,0,0,0,0,0,0,0
370672,1,1,27,11,0,6,0,0,0,0,0,8
370673,1,1,0,0,0,0,0,0,0,0,0,0
370673,2,1,0,0,0,0,0,0,0,0,0,0
370674,1,1,8,9,18,5,19,14,16,15,4,6
370675,1,1,0,0,0,8,16,0,7,13,0,0
370675,2,1,3,3,3,3,3,3,3,3,3,3
370676,0,1,0,0,0,0,0,0,0,0,0,0
370676,1,1,0,0,0,0,0,0,0,0,0,0
370677,1,1,25,25,25,25,25,25,25,25,25,25
370678,0,1,13,0,0,33,23,0,0,0,27,18
370678,1,1,10,0,7,0,24,0,17,10,13,0
370679,1,1,23,23,23,23,23,23,23,23,23,23
370680,1,1,0,0,0,0,0,0,0,0,0,0
370681,1,1,0,0,0,13,0,0,13,0,0,0
370682,1,1,0,0,0,0,9,6,0,0,0,0
370682,2,1,10,13,0,0,0,0,0,11,0,17
370683,1,1,12,12,12,12,12,12,12,12,12,12
370684,1,1,0,0,0,0,0,0,0,0,0,0
370684,2,1,0,0,0,0,0,0,0,0,0,0
370685,1,1,16,24,14,22,10,10,18,10,0,18
370686,1,1,0,0,0,0,0,0,0,0,0,0
370686,2,1,0,0,0,0,0,0,0,0,0,0
370687,1,1,0,0,0,0,17,4,0,0,0,0
370687,2,1,0,0,0,0,0,0,0,0,0,0
370688,1,1,0,0,0,0,0,0,0,0,0,0
370690,0,1,0,0,0,0,0,0,0,0,0,0
370690,1,1,11,0,0,0,0,0,22,0,0,0
370691,1,1,20,20,20,20,20,20,20,20,20,20
370692,1,1,10,10,10,10,10,10,10,10,10,10
370693,1,1,0,0,0,0,0,0,0,0,0,0
370694,1,1,0,0,0,0,0,0,0,0,0,0
370695,0,1,0,0,0,0,0,0,0,0,0,0
370695,1,1,0,0,0,1,0,0,0,0,0,0
370696,0,1,0,0,0,0,0,0,0,0,0,0
370696,1,1,23,6,15,2,12,11,10,15,26,15
370697,1,1,0,0,0,0,0,0,0,0,0,0
370697,2,1,0,0,0,0,0,0,0,0,0,0
370698,0,1,0,0,0,0,0,0,0,0,0,0
370698,1,1,27,5,10,13,15,20,11,0,0,31
370699,1,1,10,10,3,13,0,17,9,16,30,10
370700,1,1,28,28,28,28,28,28,28,28,28,28
370701,1,1,10,0,0,0,0,0,0,0,0,0
370702,0,1,0,0,0,0,0,0,0,0,0,0
370702,1,1,0,0,0,14,9,0,12,0,0,0
370703,1,1,23,23,23,23,23,23,23,23,23,23
370704,1,1,0,0,0,0,0,0,0,0,0,0
370704,2,1,0,0,0,0,0,0,0,0,0,0
370705,1,1,12,12,12,12,12,12,12,12,12,12
370706,1,1,6,6,6,6,6,6,6,6,6,6
370707,1,1,0,17,15,0,0,0,36,0,0,0
370708,0,1,15,0,0,28,7,0,13,29,0,0
370708,1,1,8,25,30,38,7,18,0,24,0,4
370709,1,1,0,0,13,0,0,0,0,0,17,18
370709,2,1,0,0,0,0,0,0,0,0,0,0
370710,1,1,0,0,0,0,0,0,0,0,0,0
370711,1,1,7,7,7,7,7,7,7,7,7,7
370711,2,1,0,19,0,0,0,0,0,0,0,0
370712,1,1,0,0,0,0,0,0,0,0,0,0
370712,2,1,9,0,0,0,16,0,14,0,0,0
370713,1,1,20,20,20,20,20,20,20,20,20,20
370714,1,1,0,0,0,0,0,0,0,0,0,0
370714,2,1,0,0,0,0,0,0,0,0,0,0
370715,1,1,0,5,0,0,0,0,0,0,0,0
370715,2,1,0,0,0,0,0,0,0,0,0,0
370716,1,1,7,7,7,7,7,7,7,7,7,7
370717,1,1,0,0,0,0,0,0,0,0,0,0
370717,2,1,0,0,0,0,0,0,0,0,0,0
370718,1,1,13,13,13,13,13,13,13,13,13,13
370719,1,1,9,9,9,9,9,9,9,9,9,9
370720,1,1,0,0,0,0,0,0,0,0,0,0
370720,2,1,0,0,0,0,0,0,0,0,0,0
370721,1,1,0,0,0,0,0,0,0,0,0,0
370721,2,1,0,0,0,0,0,0,0,0,0,0
370723,1,1,0,0,13,0,0,0,36,20,0,0
370723,2,1,0,0,0,0,0,0,9,0,0,0
370724,1,1,23,23,23,23,23,23,23,23,23,23
370724,2,1,6,6,6,6,6,6,6,6,6,6
370725,1,1,9,9,9,9,9,9,9,9,9,9
370725,2,1,0,0,0,0,0,0,0,0,0,0
370726,1,1,0,0,10,0,0,0,0,0,0,0
370726,2,1,0,0,0,0,0,0,0,0,0,0
370727,1,1,0,0,0,0,0,0,0,0,0,0
370728,1,1,0,0,0,0,0,0,0,0,0,0
370728,2,1,20,0,16,8,20,12,25,18,29,6
370729,1,1,15,15,15,15,15,15,15,15,15,15
370729,2,1,15,0,0,0,0,0,0,0,0,0
370730,1,1,29,0,13,20,0,27,0,7,22,17
370731,1,1,0,0,0,0,0,0,0,0,0,0
370731,2,1,0,0,0,0,0,0,0,0,17,0
370732,1,1,17,17,17,17,17,17,17,17,17,17
370732,2,1,0,0,0,0,0,0,0,0,0,0
370733,1,1,0,0,0,0,0,0,0,0,0,0
370734,1,1,17,0,12,0,0,8,14,9,12,22
370735,1,1,0,0,0,0,0,0,0,21,0,0
370735,2,1,16,0,0,0,0,0,0,0,0,0
370736,0,1,0,0,0,0,0,0,0,0,22,0
370736,1,1,0,0,0,0,0,0,0,0,0,0
370737,1,1,21,0,0,0,13,0,28,0,0,0
370737,2,1,0,0,0,0,0,0,0,0,0,0