ST_CASE,VEH_NO,PER_NO,P1,P2,P3,P4,P5,P6,P7,P8,P9,P10
370738,1,1,0,0,0,0,0,0,0,0,0,0
370739,1,1,0,0,0,0,0,0,0,0,0,0
370740,1,1,0,0,0,24,0,0,0,0,0,0
370740,2,1,0,0,0,0,0,0,0,0,0,0
370741,1,1,0,0,0,0,0,0,0,0,0,0
370742,1,1,0,0,0,0,0,0,0,0,0,0
370743,1,1,29,29,29,29,29,29,29,29,29,29
370744,1,1,0,0,0,0,0,0,22,0,0,0
370744,2,1,0,0,0,0,0,0,0,0,0,0
370745,1,1,0,0,0,0,0,0,0,0,0,0
370745,2,1,0,0,0,0,0,0,0,0,0,0
370746,1,1,6,6,6,6,6,6,6,6,6,6
370747,1,1,0,0,0,0,0,0,0,0,0,0
370747,2,1,0,0,0,0,0,0,0,0,0,0
370748,0,1,0,0,0,0,0,0,0,0,0,0
370748,1,1,29,18,24,0,9,8,4,0,21,13
370749,0,1,13,0,0,0,0,0,0,0,22,14
370749,1,1,0,0,0,0,0,0,0,0,0,0
370750,1,1,26,26,26,26,26,26,26,26,26,26
370751,1,1,17,17,17,17,17,17,17,17,17,17
370752,1,1,0,0,0,0,0,0,0,0,0,0
370753,1,1,19,19,19,19,19,19,19,19,19,19
370754,1,1,0,0,0,0,0,0,0,2,7,0
370754,2,1,0,0,0,0,0,0,0,0,0,0
370755,1,1,0,0,0,11,0,0,0,0,0,0
370755,2,1,0,0,0,0,0,0,0,0,0,0
370756,1,1,7,7,7,7,7,7,7,7,7,7
370756,2,1,0,0,0,0,0,0,0,0,0,0
370757,1,1,4,29,0,0,9,0,14,0,0,0
370758,1,1,0,0,0,0,0,0,0,0,0,0
370758,2,1,0,0,0,0,0,0,0,0,0,0
370758,3,1,0,0,0,0,0,0,0,0,0,0
370758,4,1,0,0,0,0,0,0,0,0,0,0
370758,5,1,0,0,0,0,0,0,0,0,0,0
370759,1,1,0,0,0,0,0,0,0,0,0,3
370760,0,1,23,23,23,23,23,23,23,23,23,23
370760,1,1,0,0,0,0,17,0,0,0,0,0
370761,1,1,0,0,0,9,0,0,0,0,30,0
370761,2,1,0,0,0,0,0,0,0,0,0,0
370762,1,1,0,0,0,0,0,0,0,0,0,0
370762,2,1,0,0,0,0,0,0,0,0,0,0
370762,3,1,0,0,0,0,0,0,0,0,0,0
370762,4,1,0,0,0,0,0,10,0,0,0,0
370763,1,1,0,0,0,0,0,0,0,0,0,0
370763,2,1,0,0,0,0,0,0,0,0,0,0
370764,1,1,0,0,0,0,0,0,0,0,0,0
370764,2,1,0,0,0,0,0,0,0,0,0,0
370764,3,1,0,0,0,0,0,0,0,0,0,0
370764,4,1,0,0,0,17,0,0,0,0,0,13
370764,5,1,0,0,0,0,0,0,0,0,0,0
370764,6,1,0,0,0,0,0,0,0,0,0,0
370764,7,1,0,0,0,0,0,0,0,0,0,0
370764,8,1,0,0,0,0,0,0,0,0,0,0
370765,1,1,17,17,17,17,17,17,17,17,17,17
370766,1,1,0,0,0,0,0,0,0,0,0,0
370766,2,1,16,9,0,0,0,29,0,0,0,0
370767,1,1,0,0,0,0,0,0,0,0,0,0
370768,1,1,0,0,0,0,0,0,0,0,0,0
370769,1,1,0,0,0,0,0,0,0,0,0,0
370770,1,1,0,0,0,0,0,0,0,0,0,0
370770,2,1,0,0,0,0,0,0,0,0,0,0
370770,3,1,0,0,0,0,0,0,0,0,0,0
370770,4,1,0,0,0,0,0,0,0,15,0,0
370770,5,1,0,0,0,0,0,0,0,0,0,0
370771,0,1,0,0,0,0,0,0,0,0,0,0
370771,1,1,12,24,12,8,6,11,4,11,0,23
370772,1,1,17,17,17,17,17,17,17,17,17,17
370773,1,1,0,0,0,0,0,0,0,0,0,0
370773,2,1,0,0,0,0,0,0,0,0,0,0
370774,1,1,17,17,17,17,17,17,17,17,17,17
370775,3,1,0,0,0,0,22,0,0,0,0,0
370775,4,1,0,0,0,0,0,24,0,0,0,0
370775,5,1,0,0,0,0,0,0,0,0,0,0
370775,6,1,0,0,0,0,0,0,0,0,0,0
370776,1,1,0,22,0,16,0,21,0,0,19,4
370777,1,1,0,0,0,0,0,0,0,0,0,0
370778,1,1,0,0,0,0,0,0,0,0,0,0
370778,2,1,0,0,0,0,0,0,0,0,0,0
370779,1,1,0,0,0,0,0,0,0,0,0,0
370779,2,1,0,0,0,0,0,0,0,0,0,0
370780,1,1,0,0,0,0,0,0,0,0,0,0
370780,2,1,0,0,0,0,0,0,9,0,0,0
370780,3,1,0,0,0,0,0,0,0,0,0,0
370781,1,1,0,0,0,16,0,0,10,0,0,0
370781,2,1,15,0,0,0,0,0,0,0,0,0
370782,1,1,18,0,34,0,11,0,0,0,0,0
370783,1,1,0,0,0,0,0,0,0,0,0,0
370783,2,1,0,0,0,0,0,0,0,0,0,0
370783,3,1,0,0,0,0,0,0,0,0,0,0
370783,4,1,0,0,0,0,0,0,0,0,0,0
370783,5,1,0,0,0,0,0,0,0,0,0,0
370784,1,1,15,15,15,15,15,15,15,15,15,15
370785,1,1,0,0,0,0,0,0,0,0,0,0
370786,1,1,8,8,8,8,8,8,8,8,8,8
370787,0,1,0,0,0,0,0,0,0,0,0,0
370787,1,1,0,0,0,0,0,0,0,0,0,0
370788,1,1,0,0,0,0,0,0,0,0,0,0
370788,2,1,29,29,29,29,29,29,29,29,29,29
370789,1,1,0,0,0,0,0,0,0,0,0,0
370789,2,1,0,0,0,0,0,0,0,0,0,0
370790,1,1,18,18,18,18,18,18,18,18,18,18
370791,0,1,14,14,14,14,14,14,14,14,14,14
370791,1,1,0,0,0,0,0,0,0,0,0,0
370792,1,1,0,0,0,0,0,0,0,0,0,0
370792,2,1,0,19,0,0,0,0,10,5,0,0
370794,1,1,0,0,0,0,0,0,0,0,0,0
370795,1,1,18,18,18,18,18,18,18,18,18,18
370795,2,1,0,0,0,0,0,0,0,0,0,0
370796,1,1,0,0,0,0,0,0,0,0,0,0
370796,2,1,0,0,0,0,0,0,0,0,0,0
370797,0,1,0,0,0,0,0,0,0,0,0,0
370797,1,1,0,0,0,0,0,0,0,0,0,0
370798,1,1,23,23,23,23,23,23,23,23,23,23
370799,0,1,0,0,0,0,0,0,0,0,0,0
370799,1,1,0,0,0,0,0,0,0,0,0,0
370800,1,1,0,0,0,0,0,0,0,0,0,0
370800,2,1,0,0,0,0,0,0,0,0,0,0
370800,3,1,0,0,0,0,0,0,0,0,0,0
370801,1,1,21,21,21,21,21,21,21,21,21,21
370802,1,1,0,0,0,0,0,0,15,0,0,0
370802,2,1,0,20,0,0,0,0,0,0,0,0
370803,1,1,0,0,0,0,0,0,0,0,0,9
370804,1,1,9,9,9,9,9,9,9,9,9,9
370805,0,1,0,0,0,0,0,0,0,0,0,0
370805,1,1,0,0,0,0,0,0,0,0,0,0
370806,0,1,0,0,0,27,25,0,15,0,0,23
370806,1,1,0,0,12,0,0,0,0,0,0,0
370807,1,1,31,31,31,31,31,31,31,31,31,31
370808,1,1,20,20,20,20,20,20,20,20,20,20
370809,0,1,23,30,0,0,11,22,0,35,0,19
370809,1,1,0,0,0,0,0,0,0,0,0,0
370810,0,1,18,18,18,18,18,18,18,18,18,18
370810,1,1,14,29,16,22,10,19,7,16,15,15
370811,0,1,7,7,7,7,7,7,7,7,7,7
370811,1,1,7,7,7,7,7,7,7,7,7,7
370811,2,1,0,0,22,0,0,13,0,0,0,0
370812,1,1,0,0,0,0,0,24,0,0,0,0
370813,0,1,0,28,0,0,0,0,0,0,0,21
370813,1,1,3,21,8,25,10,22,0,15,9,7
370814,1,1,0,0,0,0,0,0,10,0,0,0
370814,2,1,0,0,0,0,0,0,0,0,0,0
370815,1,1,0,0,0,0,0,0,0,0,0,0
370816,1,1,23,23,23,23,23,23,23,23,23,23
370817,0,1,0,0,0,13,0,30,22,24,0,18
370817,1,1,0,0,0,0,0,0,0,21,0,0
370817,2,1,0,0,0,0,0,0,0,0,0,20
370818,0,1,0,0,0,0,0,0,0,0,0,0
370818,1,1,12,12,12,12,12,12,12,12,12,12
370819,0,1,12,12,12,12,12,12,12,12,12,12
370819,1,1,0,7,12,24,26,6,17,10,0,7
370820,1,1,0,0,0,0,0,0,0,0,0,0
370820,2,1,0,0,0,0,0,0,0,0,0,0
370821,1,1,0,0,0,0,0,0,0,0,0,0
370822,1,1,0,0,0,0,0,0,0,0,0,0
370823,1,1,0,0,0,0,0,0,0,0,0,0
370823,2,1,0,0,0,0,0,0,0,0,0,0
370823,3,1,0,0,0,0,0,0,0,0,0,0
370824,1,1,12,12,12,12,12,12,12,12,12,12
370825,1,1,0,0,0,0,0,13,0,0,0,0
370826,1,1,7,9,11,6,20,19,9,8,7,23
370826,2,1,0,0,0,6,0,0,0,0,0,0
370827,1,1,0,0,0,0,0,0,0,0,0,0
370828,0,1,0,0,0,0,0,0,0,0,0,0
370828,1,1,0,0,0,0,0,0,0,0,0,0
370829,1,1,28,28,28,28,28,28,28,28,28,28
370829,2,1,0,0,0,0,0,0,0,0,0,0
370830,0,1,0,0,0,0,0,0,0,0,0,0
370830,1,1,7,0,35,0,5,30,0,6,0,19
370831,1,1,0,0,0,0,0,0,0,0,0,0
370832,1,1,14,20,33,33,9,0,13,0,0,33
370833,1,1,9,9,9,9,9,9,9,9,9,9
370834,1,1,0,0,0,0,0,0,0,0,0,0
370834,2,1,0,0,0,0,0,0,0,0,0,0
370835,1,1,0,0,0,0,0,0,0,0,0,0
370835,2,1,0,0,0,0,0,0,0,0,0,0
370836,1,1,0,0,0,0,0,0,0,0,0,0
370837,1,1,0,0,0,0,0,0,0,0,0,0
370838,1,1,0,0,0,0,0,0,0,0,0,0
370838,2,1,0,0,0,0,0,0,0,0,0,0
370839,1,1,0,0,0,0,0,0,0,0,0,0
370839,2,1,0,0,0,0,0,0,0,0,0,0
370840,1,1,0,15,6,20,27,0,27,18,19,0
370841,1,1,0,0,0,0,0,0,0,0,0,0
370841,2,1,28,0,0,22,0,16,32,0,0,0
370841,3,1,0,0,0,0,0,0,16,0,0,0
370842,1,1,0,0,0,0,0,0,0,0,0,0
370843,1,1,0,0,0,0,0,0,0,0,0,4
370843,2,1,0,0,0,0,0,0,0,0,0,0
370844,0,1,0,20,0,0,0,0,8,5,0,0
370844,1,1,0,0,0,0,0,0,0,0,0,0
370845,1,1,0,0,0,0,0,0,0,0,0,0
370845,2,1,0,0,0,0,0,0,0,0,0,0
370846,1,1,0,0,0,0,0,0,0,0,0,0
370846,2,1,0,0,0,0,0,0,0,0,0,0
370847,1,1,10,10,10,10,10,10,10,10,10,10
370848,1,1,0,0,0,0,0,0,0,0,0,0
370849,0,1,0,0,0,0,0,0,0,17,0,0
370849,1,1,0,13,28,0,0,0,0,0,29,0
370850,1,1,0,0,0,0,0,0,0,0,0,0
370851,1,1,37,37,37,37,37,37,37,37,37,37
370852,1,1,0,0,0,0,0,0,0,0,0,0
370853,1,1,0,0,0,0,0,0,0,8,0,0
370853,2,1,0,0,0,0,0,0,0,0,0,0
370854,1,1,0,13,0,0,8,0,25,0,0,0
370854,2,1,0,0,0,0,0,0,0,0,0,0
370855,1,1,0,0,0,0,0,0,0,0,0,0
370855,2,1,0,0,0,0,0,0,0,0,0,0
370856,1,1,0,0,0,0,0,0,0,0,0,0
370856,2,1,12,0,0,0,0,0,0,0,0,0
370857,1,1,14,14,14,14,14,14,14,14,14,14
370858,1,1,0,0,0,0,0,0,0,0,0,0
370858,2,1,0,0,0,0,0,0,0,0,0,0
370858,3,1,0,0,0,0,0,0,0,0,0,0
370859,1,1,0,0,0,0,0,0,0,0,0,0
370859,2,1,0,0,0,0,0,0,0,0,0,0
370860,1,1,0,0,0,0,0,0,0,0,0,0
370861,1,1,17,0,21,0,26,37,31,0,28,11
370862,1,1,0,0,0,0,0,0,0,0,0,0
370863,0,1,19,19,19,19,19,19,19,19,19,19
370863,1,1,10,8,18,0,16,18,26,26,0,11
370863,2,1,0,0,0,0,0,0,0,0,0,0
370864,1,1,18,18,18,18,18,18,18,18,18,18
370865,1,1,14,14,14,14,14,14,14,14,14,14
370866,1,1,0,0,0,0,0,0,0,0,0,0
370866,2,1,0,0,0,0,0,0,0,0,0,0
370867,1,1,0,0,0,0,0,0,0,0,0,0
370868,0,1,30,30,30,30,30,30,30,30,30,30
370868,1,1,0,0,0,0,0,0,0,0,0,0
370869,1,1,24,0,0,0,0,0,0,0,0,0
370869,2,1,0,0,0,0,0,0,0,0,0,0
370870,1,1,22,22,22,22,22,22,22,22,22,22
370871,1,1,0,0,0,0,0,0,0,0,0,0
370872,1,1,0,0,0,0,0,0,0,0,0,0
370872,2,1,0,0,0,0,0,0,0,0,0,0
370873,1,1,10,10,10,10,10,10,10,10,10,10
370873,2,1,0,0,0,0,0,0,0,0,0,0
370874,0,1,14,14,14,14,14,14,14,14,14,14
370874,1,1,0,0,0,0,0,0,0,0,0,0
370875,1,1,0,25,0,0,0,32,0,0,0,0
370877,1,1,0,0,0,0,0,0,0,0,0,0
370877,2,1,0,0,0,0,0,0,0,0,0,0
370878,1,1,0,0,0,0,0,0,0,0,0,0
370878,2,1,23,23,23,23,23,23,23,23,23,23
370879,1,1,9,9,9,9,9,9,9,9,9,9
370880,1,1,0,0,0,0,0,0,0,0,0,0
370881,1,1,16,16,16,16,16,16,16,16,16,16
370881,2,1,0,0,0,0,0,15,0,3,0,0
370882,1,1,0,0,0,0,0,0,0,0,0,0
370882,2,1,0,0,0,0,0,0,0,0,0,0
370883,1,1,12,12,12,12,12,12,12,12,12,12
370884,1,1,0,0,0,0,0,0,0,0,0,0
370885,1,1,0,0,0,12,0,0,20,0,18,0
370886,1,1,0,0,0,0,0,0,0,0,0,0
370886,2,1,0,0,0,0,0,25,0,0,23,20
370887,1,1,0,0,0,0,0,0,0,0,0,0
370887,2,1,0,0,0,6,0,0,0,6,0,0
370888,1,1,24,24,24,24,24,24,24,24,24,24
370889,1,1,9,9,9,9,9,9,9,9,9,9
370890,0,1,0,0,0,0,0,0,0,0,0,0
370890,1,1,14,14,14,14,14,14,14,14,14,14
370891,1,1,0,0,0,0,0,0,0,0,0,24
370891,2,1,0,0,0,0,0,0,0,0,0,0
370891,3,1,0,0,0,0,0,0,0,0,18,0
370892,1,1,19,19,19,19,19,19,19,19,19,19
370893,1,1,0,0,0,0,0,0,0,0,0,0
370894,1,1,0,0,0,0,0,0,0,0,0,0
370894,2,1,0,0,0,0,0,0,0,0,0,0
370895,1,1,15,15,15,15,15,15,15,15,15,15
370895,2,1,0,0,0,0,8,0,0,0,0,30
370896,1,1,7,28,0,0,0,0,16,0,0,0
370896,2,1,0,0,0,0,0,0,0,0,0,0
370897,2,1,0,0,0,0,0,0,0,0,0,0
370898,1,1,0,0,0,0,0,0,0,0,0,0
370899,1,1,18,18,18,18,18,18,18,18,18,18
370899,2,1,0,0,0,0,0,0,0,0,0,0
370900,1,1,0,0,0,0,0,0,0,0,0,0
370900,2,1,0,0,0,0,0,0,0,0,0,0
370901,0,1,0,0,0,0,0,0,0,0,0,0
370901,0,2,0,0,0,0,0,0,0,0,10,0
370901,1,1,0,0,0,0,0,0,0,0,0,0
370902,1,1,42,0,14,0,0,0,0,16,19,0
370902,2,1,0,0,0,0,0,0,0,0,0,0
370903,1,1,0,0,0,0,0,0,0,0,0,0
370904,1,1,0,0,0,0,0,0,0,0,0,0
370904,2,1,0,0,0,0,0,0,0,0,0,0
370905,0,1,0,0,0,0,0,0,0,0,0,0
370905,1,1,0,0,0,0,0,0,0,0,0,0
370906,1,1,12,12,12,12,12,12,12,12,12,12
370907,1,1,9,0,0,0,0,0,0,0,0,3
370908,1,1,0,0,0,0,0,0,0,0,0,0
370909,1,1,20,0,0,0,0,0,0,0,0,0
370909,2,1,0,0,0,0,0,0,0,0,0,0
370910,0,1,0,0,0,0,0,0,0,0,0,0
370910,1,1,0,0,0,0,0,18,0,0,0,0
370911,1,1,15,15,15,15,15,15,15,15,15,15
370912,0,1,10,10,10,10,10,10,10,10,10,10
370912,1,1,19,0,0,0,0,0,0,0,0,0
370913,1,1,0,0,0,0,0,0,0,0,0,0
370913,3,1,0,0,0,22,0,23,0,0,0,0
370914,1,1,0,0,0,0,0,0,0,0,0,0
370914,2,1,0,0,0,0,22,0,0,16,0,0
370914,3,1,5,5,5,5,5,5,5,5,5,5
370914,4,1,0,0,0,0,0,0,0,0,0,0
370915,1,1,0,0,0,0,0,0,0,0,0,0
370916,1,1,0,0,0,0,0,0,0,0,0,0
370917,1,1,0,0,0,0,0,0,0,0,0,0
370918,1,1,0,0,0,0,0,0,0,0,0,0
370918,2,1,0,0,0,0,0,0,0,0,0,0
370919,1,1,0,0,17,0,0,0,0,0,0,0
370920,1,1,0,0,0,0,0,0,0,0,0,0
370920,2,1,0,0,0,0,0,0,0,0,0,0
370920,3,1,0,27,0,0,0,0,0,0,0,0
370921,0,1,0,0,0,0,0,0,0,0,0,0
370921,1,1,10,10,10,10,10,10,10,10,10,10
370922,1,1,0,0,0,0,0,0,0,0,0,0
370922,2,1,0,0,0,0,0,0,0,0,0,0
370923,1,1,13,22,20,23,20,22,13,8,10,29
370923,2,1,0,0,0,0,0,0,0,0,0,0
370924,1,1,0,0,0,0,0,0,0,0,0,0
370925,1,1,0,0,0,23,0,14,0,0,14,0
370925,2,1,0,0,0,0,0,0,0,0,0,0
370926,1,1,0,0,0,0,0,0,0,0,0,0
370926,2,1,0,0,0,0,0,0,0,0,0,0
370927,1,1,0,0,0,0,0,0,0,0,0,0
370927,2,1,0,0,0,0,0,0,0,0,0,0
370928,1,1,45,45,45,45,45,45,45,45,45,45
370929,1,1,0,0,0,0,0,0,0,0,0,0
370929,2,1,0,0,0,0,0,0,0,0,0,0
370929,3,1,0,0,0,0,0,0,0,0,0,0
370929,4,1,0,0,4,0,0,0,0,0,0,27
370930,1,1,30,30,30,30,30,30,30,30,30,30
370931,1,1,0,0,0,0,0,0,0,0,0,0
370931,2,1,0,0,0,0,0,0,0,0,0,0
370932,1,1,6,6,6,6,6,6,6,6,6,6
370933,1,1,0,0,0,0,0,0,0,0,0,0
370933,2,1,0,0,0,0,0,0,0,0,0,0
370934,1,1,0,0,0,0,0,0,0,0,0,0
370934,2,1,0,0,0,0,0,0,0,0,0,0
370935,1,1,8,8,8,8,8,8,8,8,8,8
370936,1,1,17,17,17,17,17,17,17,17,17,17
370936,2,1,0,0,16,0,18,0,0,39,0,0
370937,1,1,0,0,0,0,0,0,0,0,0,0
370938,1,1,11,11,11,11,11,11,11,11,11,11
370938,2,1,0,0,0,0,0,0,0,0,0,0
370939,1,1,19,19,19,19,19,19,19,19,19,19
370939,2,1,0,0,0,0,0,0,0,0,0,0
370940,1,1,23,23,23,23,23,23,23,23,23,23
370940,2,1,0,0,0,0,0,0,0,0,0,0
370941,1,1,0,0,0,0,0,0,0,0,0,0
370942,1,1,0,0,0,0,0,0,0,0,0,0
370943,0,1,0,0,0,0,0,0,0,0,0,19
370943,1,1,0,0,0,0,0,0,0,0,0,0
370944,1,1,0,0,0,0,0,0,0,0,0,0
370945,1,1,16,28,7,28,26,6,18,13,19,20
370946,0,1,14,14,14,14,14,14,14,14,14,14
370946,1,1,0,0,0,0,14,0,0,0,0,0
370947,1,1,23,23,23,23,23,23,23,23,23,23
370948,1,1,0,0,0,0,0,0,0,0,0,0
370949,1,1,0,0,8,0,0,0,0,14,0,5
370949,2,1,0,0,0,0,0,0,0,0,0,0
370950,1,1,0,0,0,0,0,0,0,0,0,0
370951,0,1,16,0,0,0,0,0,0,0,0,0
370951,0,2,0,0,0,0,0,0,0,0,0,0
370951,0,3,0,0,0,0,0,0,0,0,0,22
370951,1,1,0,0,0,0,0,0,0,0,0,0
370952,1,1,0,0,0,0,0,0,0,0,0,0
370953,1,1,7,7,7,7,7,7,7,7,7,7
370954,1,1,0,0,0,0,0,0,0,0,0,0
370955,1,1,24,24,24,24,24,24,24,24,24,24
370956,1,1,0,0,0,0,0,0,0,0,0,0
370957,1,1,9,9,9,9,9,9,9,9,9,9
370958,0,1,18,18,18,18,18,18,18,18,18,18
370958,1,1,11,0,0,0,0,0,0,0,0,0
370959,1,1,2,2,2,2,2,2,2,2,2,2
370959,2,1,0,0,0,0,0,0,0,0,0,0
370960,1,1,26,26,26,26,26,26,26,26,26,26
370961,1,1,0,0,0,0,0,0,0,0,0,0
370961,2,1,0,0,0,0,0,0,0,0,0,0
370962,1,1,9,9,9,9,9,9,9,9,9,9
370962,2,1,0,0,0,0,0,0,0,0,0,0
370963,1,1,0,0,0,0,0,0,0,0,0,0
370963,2,1,0,0,0,0,0,0,0,0,0,0
370964,1,1,0,0,0,0,0,0,0,0,0,31
370965,1,1,0,0,0,0,0,0,0,0,0,0
370965,2,1,0,0,19,0,0,0,0,0,17,0
370966,1,1,0,0,0,0,0,0,0,0,0,0
370966,2,1,0,0,0,0,0,0,0,0,0,0
370966,3,1,0,0,0,0,0,0,0,0,0,0
370967,1,1,0,0,0,0,0,0,0,0,0,0
370968,1,1,0,0,0,0,0,0,0,0,0,0
370969,1,1,0,0,0,0,0,0,0,0,0,0
370970,0,1,0,0,0,0,0,0,0,0,0,0
370970,1,1,0,0,0,0,0,0,0,0,0,0
370971,0,1,0,0,21,6,0,0,0,22,0,0
370971,1,1,0,0,0,0,0,0,0,0,0,0
370972,1,1,15,16,16,0,24,19,6,12,13,4
370973,1,1,0,22,31,8,14,14,15,24,7,0
370974,1,1,12,0,27,11,11,31,36,3,13,14
370974,2,1,0,0,0,0,0,0,0,0,0,0
370975,1,1,6,0,0,0,0,0,0,0,0,27
370975,2,1,11,11,11,11,11,11,11,11,11,11
370976,1,1,0,0,0,0,0,0,22,0,0,0
370977,1,1,0,0,0,0,0,0,0,3,0,0
370977,2,1,0,0,0,0,0,0,0,20,0,0
370978,1,1,27,0,8,19,11,8,20,13,8,10
370979,1,1,14,14,14,14,14,14,14,14,14,14
370980,1,1,0,0,0,0,0,0,0,0,0,0
370981,1,1,0,0,0,0,0,0,0,0,0,0
370981,2,1,0,0,0,0,0,0,0,0,0,0
370982,1,1,7,7,7,7,7,7,7,7,7,7
370983,1,1,0,0,0,26,0,15,0,0,0,0
370984,1,1,0,0,0,0,0,0,0,0,0,0
370985,0,1,0,0,0,0,0,0,0,0,0,0
370985,1,1,0,0,0,0,0,0,0,0,0,0
370986,1,1,0,0,0,0,0,0,0,0,0,0
370986,2,1,0,0,0,0,0,0,0,0,12,0
370987,1,1,0,0,0,32,0,0,0,0,0,0
370988,1,1,11,11,11,11,11,11,11,11,11,11
370989,0,1,22,22,22,22,22,22,22,22,22,22
370989,1,1,0,0,0,0,0,0,0,0,18,0
370990,0,1,0,0,0,0,0,0,0,0,0,0
370990,1,1,0,0,0,0,0,0,0,0,0,0
370991,0,1,0,0,0,0,0,0,0,0,0,0
370991,1,1,0,0,0,0,0,0,0,0,0,0
370992,0,1,0,0,0,0,0,0,0,0,0,0
370992,1,1,11,0,0,7,7,26,0,0,3,27
370993,2,1,0,0,0,0,0,0,0,0,0,0
370994,0,1,0,0,0,20,22,0,18,0,0,0
370994,1,1,0,0,0,0,0,0,0,0,0,0
370995,1,1,0,0,0,0,0,0,0,0,0,0
370995,2,1,0,0,0,0,0,0,0,0,0,0
370996,1,1,6,0,2,13,11,13,19,11,12,11
370996,2,1,0,0,0,0,0,0,0,0,0,0
370997,1,1,0,0,0,0,0,0,0,0,0,0
370998,1,1,0,0,0,0,0,0,0,0,0,0
370998,2,1,0,0,0,0,0,0,0,0,0,0
370999,1,1,0,0,0,0,0,0,0,0,0,0
371000,1,1,0,0,0,0,0,0,0,0,0,0
371001,1,1,0,0,0,0,0,0,0,0,0,0
371001,2,1,0,0,0,0,0,0,0,0,0,0
371002,1,1,0,0,0,0,0,0,0,0,0,0
371002,2,1,0,0,0,0,0,0,0,0,0,0
371003,1,1,12,12,12,12,12,12,12,12,12,12
371004,1,1,13,0,0,21,10,13,0,0,0,19
371005,1,1,19,19,19,19,19,19,19,19,19,19
371006,1,1,0,0,0,0,0,0,0,0,0,0
371006,2,1,26,0,0,22,0,0,0,0,0,0
371007,1,1,0,0,0,46,0,0,0,0,0,0
371007,2,1,0,0,0,0,0,0,0,0,0,0
371007,3,1,0,0,0,0,0,0,0,0,0,9
371007,4,1,0,0,0,0,0,0,0,0,0,0
371008,1,1,16,16,16,16,16,16,16,16,16,16
371009,1,1,0,0,0,0,0,0,0,0,0,0
371010,1,1,19,19,19,19,19,19,19,19,19,19
371011,0,1,14,14,14,14,14,14,14,14,14,14
371011,1,1,0,0,0,0,0,15,0,14,0,0
371012,1,1,13,13,13,13,13,13,13,13,13,13
371013,1,1,0,0,0,0,0,0,0,0,0,0
371013,2,1,13,13,13,13,13,13,13,13,13,13
371014,1,1,0,0,0,0,0,0,0,0,0,0
371014,2,1,0,0,0,0,0,0,0,0,0,0
371015,1,1,0,0,0,0,0,0,0,0,0,0
371015,2,1,0,0,0,0,0,0,0,0,0,0
371016,1,1,11,11,11,11,11,11,11,11,11,11
371017,1,1,16,16,16,16,16,16,16,16,16,16
371018,0,1,29,29,29,29,29,29,29,29,29,29
371018,1,1,0,0,0,0,0,10,0,0,0,0
371019,1,1,0,0,0,0,0,0,0,0,0,0
371020,1,1,0,0,0,0,0,0,0,0,0,0
371020,2,1,0,0,0,0,0,0,0,0,0,0
371021,1,1,0,0,0,0,0,0,0,0,0,0
371022,1,1,0,0,0,0,0,0,0,0,0,0
371022,2,1,0,0,0,0,0,0,0,0,0,0
371023,1,1,0,0,0,0,0,0,0,0,0,0
371024,1,1,0,0,0,0,0,0,0,0,0,0
371025,1,1,0,0,0,0,0,0,0,0,0,0
371025,2,1,0,0,0,0,0,0,0,0,0,0
371026,1,1,0,0,0,0,0,0,0,0,0,0
371026,2,1,0,0,0,0,0,0,0,0,0,0
371027,0,1,11,11,11,11,11,11,11,11,11,11
371027,1,1,0,0,0,0,0,0,0,0,0,0
371027,2,1,0,3,0,0,0,0,0,0,0,0
371028,0,1,12,12,12,12,12,12,12,12,12,12
371028,1,1,0,0,0,0,0,0,0,0,12,0
371029,1,1,0,0,0,0,0,0,0,0,0,0
371030,1,1,22,22,22,22,22,22,22,22,22,22
371030,2,1,0,0,11,0,0,0,0,0,0,0
371030,3,1,0,0,0,0,0,0,0,0,0,0
371031,0,1,0,0,0,0,0,0,0,0,0,0
371031,1,1,0,0,0,0,0,0,0,0,0,0
371032,1,1,0,0,0,0,0,0,0,0,0,0
371032,2,1,0,0,0,0,0,0,0,0,0,0
371033,0,1,0,0,0,0,0,0,0,0,0,0
371033,1,1,0,0,0,0,0,0,0,0,0,0
371035,1,1,9,0,13,3,0,11,0,0,0,9
371036,1,1,0,0,0,0,7,0,0,0,0,0
371036,2,1,0,0,0,0,0,0,0,0,0,0
371037,0,1,22,22,22,22,22,22,22,22,22,22
371037,1,1,0,0,0,0,0,0,0,0,0,0
371038,1,1,0,0,0,31,0,0,0,15,8,9
371039,1,1,28,28,28,28,28,28,28,28,28,28
371040,1,1,0,0,0,0,0,0,0,0,0,0
371041,1,1,0,0,0,0,0,0,0,0,0,0
371042,0,1,0,0,0,0,0,0,0,0,0,0
371042,1,1,0,0,0,0,0,0,0,0,0,12
371043,1,1,0,0,0,0,0,0,0,0,0,0
371044,1,1,13,13,13,13,13,13,13,13,13,13
371044,2,1,0,0,0,0,0,0,0,0,0,0
371044,3,1,0,0,0,0,0,0,0,0,0,0
371044,4,1,0,0,0,0,0,0,0,0,0,0
371045,1,1,0,0,0,0,0,0,0,0,0,0
371046,1,1,0,0,0,0,0,0,0,0,0,0