ST_CASE,VEH_NO,PER_NO,P1,P2,P3,P4,P5,P6,P7,P8,P9,P10
371047,1,1,22,22,22,22,22,22,22,22,22,22
371048,1,1,22,22,22,22,22,22,22,22,22,22
371048,2,1,0,0,0,0,0,0,0,0,0,0
371048,3,1,0,0,0,0,0,0,0,0,0,0
371049,1,1,20,20,20,20,20,20,20,20,20,20
371049,2,1,8,0,0,0,0,9,0,0,10,11
371050,0,1,0,0,0,0,0,0,0,0,0,0
371050,1,1,0,0,0,0,0,0,0,0,0,0
371051,1,1,5,5,5,5,5,5,5,5,5,5
371051,2,1,0,0,0,0,0,0,0,0,0,0
371052,1,1,0,0,0,0,0,0,0,0,0,0
371052,2,1,0,0,0,0,0,0,0,0,0,0
371053,1,1,10,10,10,10,10,10,10,10,10,10
371053,2,1,0,0,0,0,0,0,0,0,0,0
371054,1,1,0,0,0,0,0,0,0,0,0,0
371054,2,1,4,4,4,4,4,4,4,4,4,4
371055,1,1,0,0,0,0,0,0,0,0,0,0
371055,2,1,0,0,0,0,0,0,0,0,0,0
371056,1,1,16,16,16,16,16,16,16,16,16,16
371057,0,1,0,26,0,0,0,0,0,0,0,0
371057,1,1,0,0,0,0,0,0,0,0,0,0
371058,1,1,23,23,23,23,23,23,23,23,23,23
371058,2,1,0,0,0,11,3,0,0,0,0,0
371059,1,1,0,0,0,0,0,11,0,19,0,0
371059,2,1,0,0,0,0,0,0,0,0,0,0
371060,1,1,11,11,11,11,11,11,11,11,11,11
371061,1,1,0,0,0,0,0,0,0,0,0,0
371062,1,1,17,7,20,26,17,29,26,0,8,12
371063,0,1,16,6,30,16,23,0,16,27,26,22
371063,1,1,12,18,4,22,28,12,25,12,5,22
371064,1,1,0,0,0,0,7,0,0,0,0,0
371064,2,1,0,0,0,5,0,0,0,0,5,0
371065,0,1,0,17,51,0,0,10,0,0,0,0
371065,1,1,0,0,24,0,0,22,0,36,29,32
371066,1,1,5,5,5,5,5,5,5,5,5,5
371067,1,1,0,0,0,0,0,0,0,0,0,0
371067,2,1,0,0,0,0,0,0,0,0,0,0
371068,1,1,0,0,0,0,0,0,0,0,0,0
371068,2,1,5,5,5,5,5,5,5,5,5,5
371069,0,1,0,0,0,0,0,0,0,0,0,0
371069,1,1,0,19,0,0,0,0,0,0,0,0
371070,1,1,0,0,0,0,0,0,0,0,0,0
371070,2,1,0,0,0,0,0,0,0,0,0,0
371071,0,1,14,14,14,14,14,14,14,14,14,14
371071,1,1,0,0,0,0,0,0,0,0,0,0
371072,1,1,0,0,0,0,0,0,0,0,0,0
371072,2,1,0,16,0,0,0,0,0,0,0,0
371073,1,1,9,9,9,9,9,9,9,9,9,9
371073,2,1,0,0,0,0,0,0,0,0,0,0
371074,1,1,0,0,0,0,0,0,0,0,0,0
371075,1,1,0,0,0,0,0,0,0,0,0,18
371075,2,1,0,0,0,0,0,0,0,0,0,0
371076,0,1,10,10,10,10,10,10,10,10,10,10
371076,1,1,0,0,0,0,0,0,0,0,0,0
371077,1,1,0,0,0,0,0,0,0,0,0,0
371078,1,1,0,0,0,0,0,0,0,0,0,0
371078,2,1,0,0,0,0,0,0,0,0,0,0
371079,1,1,0,0,0,0,0,0,0,0,0,0
371079,2,1,0,0,0,0,0,0,0,0,18,0
371080,1,1,15,15,15,15,15,15,15,15,15,15
371080,2,1,0,0,0,0,0,0,0,0,0,0
371081,1,1,25,25,25,25,25,25,25,25,25,25
371082,1,1,0,0,0,0,0,0,0,0,0,0
371083,1,1,25,0,0,25,0,0,0,29,0,11
371083,2,1,0,0,0,0,0,0,0,0,0,0
371084,1,1,0,0,0,0,0,0,0,0,0,0
371084,2,1,0,0,0,0,0,0,0,0,0,0
371085,1,1,0,0,0,0,0,0,0,0,0,0
371085,2,1,23,0,0,13,0,0,17,0,0,0
371086,1,1,24,14,4,48,28,27,24,5,23,8
371086,2,1,0,0,0,0,0,0,0,0,0,0
371087,1,1,0,0,0,0,0,0,0,0,0,0
371088,1,1,0,0,0,0,0,0,0,0,0,0
371089,1,1,0,0,0,0,0,0,0,0,0,0
371089,2,1,0,0,0,0,0,0,0,0,0,0
371090,1,1,0,0,0,0,0,0,0,0,0,0
371091,1,1,0,0,0,0,0,0,0,0,10,0
371091,2,1,0,0,0,0,0,0,0,0,0,0
371092,1,1,0,0,0,0,0,0,0,0,0,0
371092,2,1,0,0,0,0,0,0,0,0,0,0
371093,1,1,0,0,0,0,0,0,0,0,0,10
371093,2,1,0,0,0,0,0,0,0,0,0,2
371094,1,1,0,0,0,0,25,0,0,5,0,18
371094,2,1,0,0,0,0,0,0,0,0,0,0
371095,1,1,0,0,0,0,0,0,0,0,0,0
371095,2,1,0,0,0,0,0,0,0,0,0,0
371095,3,1,0,0,0,0,0,0,0,0,0,0
371096,0,1,0,0,0,0,0,0,0,0,0,0
371096,1,1,0,0,0,0,0,0,0,0,0,0
371097,1,1,0,0,0,0,0,0,0,0,0,0
371097,2,1,0,0,0,0,0,0,0,0,0,0
371097,3,1,0,0,16,0,0,0,0,0,0,0
371098,1,1,0,0,0,0,0,0,5,0,0,0
371098,2,1,0,0,0,0,0,0,0,0,0,0
371098,3,1,0,0,0,0,11,13,0,0,0,0
371099,0,1,31,31,31,31,31,31,31,31,31,31
371099,1,1,0,0,0,0,0,0,0,0,0,14
371100,1,1,0,0,0,0,0,0,0,0,8,5
371101,1,1,0,0,0,0,0,0,0,0,0,31
371101,2,1,0,0,0,0,0,0,0,0,0,9
371102,1,1,0,0,0,0,0,0,0,0,0,0
371103,0,1,0,0,0,0,0,0,0,23,0,24
371103,2,1,8,8,8,8,8,8,8,8,8,8
371104,1,1,0,0,0,0,0,0,0,0,0,0
371104,2,1,0,0,0,0,0,0,0,0,0,0
371105,1,1,0,0,0,0,0,0,33,0,0,0
371105,2,1,0,0,0,0,0,0,0,0,0,0
371106,1,1,0,0,0,0,0,0,0,8,0,0
371106,2,1,0,0,0,0,0,0,0,0,0,0
371107,1,1,0,0,0,0,0,0,0,10,0,0
371108,1,1,0,0,0,0,0,0,0,25,14,0
371109,1,1,0,0,0,0,0,0,0,0,0,0
371109,2,1,0,0,0,0,0,27,0,0,0,12
371110,1,1,20,20,20,20,20,20,20,20,20,20
371111,1,1,20,0,0,0,9,18,15,0,27,0
371112,1,1,0,0,0,0,0,0,0,0,0,0
371113,1,1,0,0,0,18,0,0,0,0,0,0
371114,1,1,0,0,0,0,0,0,0,0,0,0
371115,1,1,0,0,0,0,0,0,0,0,0,0
371115,2,1,0,0,0,0,0,0,0,0,0,0
371116,1,1,0,0,0,0,0,0,0,0,0,0
371116,2,1,0,0,4,0,0,0,0,0,17,0
371117,1,1,0,0,0,0,0,0,0,0,0,0
371118,1,1,0,0,0,0,0,0,0,0,0,0
371119,0,1,0,0,0,0,0,0,0,0,0,0
371119,1,1,0,0,0,0,0,0,0,0,0,0
371120,0,1,0,0,0,0,0,0,0,0,0,0
371120,1,1,0,0,0,0,0,0,0,0,0,0
371121,1,1,0,0,0,0,0,0,0,10,0,0
371121,2,1,16,0,0,0,0,0,0,0,0,0
371122,1,1,0,8,0,12,0,0,0,0,0,17
371122,2,1,0,0,0,0,0,0,0,0,0,0
371123,1,1,0,0,0,0,0,0,0,0,0,23
371123,2,1,0,13,0,0,0,0,0,0,0,0
371124,1,1,30,30,30,30,30,30,30,30,30,30
371124,2,1,0,0,0,0,0,0,0,0,0,0
371125,1,1,0,0,0,0,0,0,0,31,20,0
371126,1,1,0,0,0,0,0,0,0,0,0,0
371127,1,1,0,0,0,0,0,0,0,0,0,0
371127,2,1,0,0,0,0,0,0,0,0,0,0
371127,3,1,0,0,0,0,0,0,0,0,0,0
371128,1,1,11,11,11,11,11,11,11,11,11,11
371129,1,1,0,0,0,0,7,0,0,0,0,0
371130,1,1,0,23,0,0,0,0,0,0,0,0
371131,1,1,0,0,0,0,0,0,0,0,0,0
371131,2,1,0,0,0,0,0,0,0,0,0,0
371132,1,1,0,0,0,0,0,0,0,0,0,0
371133,1,1,0,0,0,0,0,0,0,0,8,15
371133,2,1,0,0,0,0,0,0,0,0,0,0
371133,3,1,0,0,0,0,0,0,0,0,0,0
371133,4,1,0,0,0,0,0,0,0,0,0,0
371134,1,1,14,0,0,24,8,0,0,0,14,0
371134,2,1,8,0,14,0,6,0,0,31,20,0
371134,3,1,0,0,0,0,0,0,0,0,0,0
371135,1,1,0,0,0,0,0,0,0,0,0,0
371135,2,1,0,0,0,0,0,0,0,0,0,19
371136,1,1,0,0,0,0,0,0,0,0,0,0
371136,2,1,0,0,0,0,0,0,0,0,0,0
371136,3,1,0,0,0,0,0,0,0,0,0,0
371137,0,1,0,0,0,0,0,0,0,0,0,0
371137,1,1,14,0,0,0,0,0,0,0,0,3
371138,1,1,11,11,11,11,11,11,11,11,11,11
371139,1,1,0,0,0,0,0,0,0,0,0,0
371139,2,1,0,0,0,0,0,0,0,0,0,15
371140,1,1,0,0,0,0,0,0,0,0,0,0
371140,2,1,0,0,0,0,0,0,0,0,0,0
371141,1,1,0,0,0,0,0,0,0,0,0,0
371141,2,1,11,11,11,11,11,11,11,11,11,11
371142,1,1,0,0,0,0,0,0,0,0,0,0
371142,2,1,0,0,0,0,0,0,0,0,0,0
371143,0,1,17,33,0,0,12,11,17,0,0,23
371143,1,1,0,0,0,0,4,0,0,0,0,0
371144,1,1,0,0,0,0,0,0,0,0,0,0
371144,2,1,0,0,0,0,0,0,0,0,0,0
371145,1,1,0,0,0,0,0,0,0,0,0,0
371145,2,1,0,0,0,0,0,13,0,0,0,0
371146,1,1,0,0,0,0,0,0,0,0,0,0
371147,1,1,0,0,0,0,0,0,0,0,0,0
371148,1,1,0,0,0,0,0,0,0,0,0,0
371148,2,1,0,0,22,0,0,0,10,0,0,0
371149,0,1,0,0,0,0,0,0,0,30,0,0
371149,1,1,0,0,0,0,0,0,0,0,0,0
371150,1,1,7,0,0,10,0,0,0,0,0,0
371150,2,1,23,23,23,23,23,23,23,23,23,23
371151,1,1,0,0,0,0,0,0,0,0,0,0
371151,2,1,0,0,0,0,0,0,0,0,0,0
371152,1,1,0,0,0,0,0,0,0,0,0,0
371153,0,1,0,0,0,0,0,0,0,4,0,0
371153,1,1,0,14,0,0,0,0,0,0,0,0
371154,1,1,27,27,27,27,27,27,27,27,27,27
371155,1,1,10,18,0,17,12,22,6,0,27,0
371156,1,1,0,0,0,0,0,0,0,0,0,0
371156,2,1,0,0,0,0,0,0,0,0,0,0
371157,1,1,0,0,0,0,0,0,0,0,0,0
371157,2,1,0,0,0,0,0,0,0,0,0,0
371158,1,1,15,15,15,15,15,15,15,15,15,15
371159,1,1,0,0,0,0,0,0,0,0,0,0
371159,2,1,0,0,0,17,0,0,0,0,0,0
371160,0,1,0,0,0,0,0,0,0,0,0,57
371160,1,1,0,0,17,11,0,0,0,0,0,0
371161,1,1,0,0,0,0,0,0,0,0,0,0
371161,2,1,0,0,0,0,0,0,0,0,0,0
371161,3,1,0,0,0,0,0,0,0,0,0,0
371162,1,1,0,0,0,0,0,0,0,0,0,0
371162,2,1,20,20,20,20,20,20,20,20,20,20
371163,1,1,26,26,26,26,26,26,26,26,26,26
371164,1,1,21,21,21,21,21,21,21,21,21,21
371164,2,1,0,0,0,0,0,0,0,0,0,0
371165,1,1,0,0,0,0,0,0,0,0,0,0
371165,2,1,20,0,0,5,0,0,0,0,0,0
371166,2,1,0,0,0,21,0,0,0,0,0,0
371167,1,1,13,5,12,13,16,11,6,12,7,42
371167,2,1,0,0,0,0,0,0,0,0,0,0
371167,3,1,0,0,0,0,0,0,0,0,0,0
371168,1,1,0,0,0,0,0,0,0,0,0,0
371168,2,1,0,0,0,0,0,0,11,0,0,0
371169,0,1,0,0,5,0,0,0,0,0,0,0
371169,1,1,0,0,0,0,0,0,6,0,0,0
371170,1,1,9,9,9,9,9,9,9,9,9,9
371171,1,1,0,0,0,0,0,0,0,23,0,0
371171,2,1,0,0,0,0,0,0,0,0,0,0
371171,3,1,0,0,0,0,0,0,0,0,0,0
371172,1,1,0,0,0,0,0,0,0,11,0,0
371172,2,1,0,0,0,0,0,0,0,0,0,0
371173,1,1,0,16,12,28,0,0,22,6,17,24
371174,0,1,0,0,0,0,0,0,0,0,0,0
371174,1,1,0,0,15,0,0,0,0,10,0,10
371175,1,1,0,0,0,0,0,0,0,0,0,22
371176,1,1,0,0,0,0,0,0,0,0,0,0
371176,2,1,9,0,0,0,0,0,0,0,0,0
371177,1,1,17,17,17,17,17,17,17,17,17,17
371178,1,1,0,0,0,0,0,0,0,0,0,0
371179,1,1,6,6,6,6,6,6,6,6,6,6
371180,1,1,3,0,0,0,0,0,0,0,0,0
371180,2,1,0,0,0,0,0,0,0,0,0,3
371180,3,1,0,0,0,0,0,0,0,17,39,0
371180,4,1,0,0,0,0,0,0,0,0,0,0
371181,1,1,0,0,0,0,0,0,0,0,0,0
371181,2,1,0,0,0,0,0,0,0,0,0,0
371182,1,1,0,0,0,0,0,0,0,0,0,0
371182,2,1,0,0,0,0,0,0,0,0,0,0
371182,3,1,0,0,0,0,0,0,0,0,0,0
371182,4,1,10,0,0,0,0,0,0,0,0,11
371182,5,1,0,0,0,0,0,0,0,0,0,0
371182,6,1,0,0,0,0,0,0,0,0,0,0
371183,1,1,33,33,33,33,33,33,33,33,33,33
371183,2,1,0,0,0,0,0,0,0,0,0,0
371184,1,1,0,0,0,0,17,0,0,0,0,0
371185,1,1,0,0,0,0,0,0,17,0,0,0
371186,1,1,0,0,0,0,0,0,0,0,0,0
371186,2,1,0,0,0,0,0,0,0,0,0,0
371187,0,1,0,0,9,0,0,0,27,0,0,0
371187,1,1,0,0,0,0,0,0,0,0,0,0
371188,0,1,22,22,22,22,22,22,22,22,22,22
371188,1,1,0,0,11,0,0,0,0,0,0,0
371189,1,1,0,0,0,0,0,0,0,0,0,0
371189,2,1,0,0,0,0,0,0,0,0,0,0
371190,1,1,0,0,0,0,0,0,0,0,0,0
371190,2,1,0,0,0,0,0,0,0,0,0,0
371191,1,1,17,17,17,17,17,17,17,17,17,17
371191,2,1,0,0,0,0,21,10,13,0,0,0
371192,1,1,0,0,0,0,0,0,0,0,0,0
371192,2,1,0,0,16,0,0,0,0,0,0,0
371192,3,1,0,0,0,0,0,0,0,0,0,0
371193,1,1,0,0,13,32,3,0,0,9,12,15
371193,2,1,0,0,0,0,0,0,25,0,0,33
371194,1,1,0,0,0,0,0,0,0,0,0,0
371195,0,1,32,32,32,32,32,32,32,32,32,32
371195,1,1,0,0,0,0,0,0,0,0,0,0
371196,1,1,0,0,0,0,0,0,0,0,0,0
371197,1,1,0,0,0,0,0,0,0,0,0,0
371197,2,1,0,0,0,0,0,0,0,0,0,0
371198,1,1,0,0,0,0,0,0,0,0,0,0
371199,0,1,0,18,0,33,22,21,4,0,21,0
371199,1,1,0,0,0,0,0,0,0,0,0,0
371200,1,1,0,0,0,0,0,0,0,0,0,0
371200,2,1,0,0,21,0,0,0,0,0,0,0
371201,1,1,16,16,16,16,16,16,16,16,16,16
371202,1,1,12,13,0,15,14,2,24,0,6,25
371203,0,1,0,0,0,0,0,0,0,0,0,0
371203,1,1,0,0,0,0,0,0,0,0,0,17
371204,1,1,0,0,0,0,0,0,0,0,0,0
371204,2,1,0,0,24,0,0,0,0,0,0,0
371205,0,1,0,0,0,13,0,0,19,0,0,24
371205,1,1,0,0,0,0,0,0,0,23,0,0
371205,2,1,7,0,0,17,0,0,8,19,8,15
371206,1,1,0,0,0,0,0,0,0,0,0,0
371207,1,1,6,6,6,6,6,6,6,6,6,6
371208,1,1,13,13,13,13,13,13,13,13,13,13
371209,0,1,0,0,0,0,0,0,0,0,0,0
371209,1,1,0,0,0,0,0,9,0,27,0,0
371210,0,1,0,0,0,0,0,0,0,0,0,0
371210,1,1,0,0,0,0,0,0,0,0,0,0
371211,1,1,21,21,21,21,21,21,21,21,21,21
371212,1,1,0,0,0,0,0,0,0,0,0,0
371213,1,1,0,0,0,0,0,0,0,0,0,0
371214,0,1,0,0,0,0,0,0,0,0,0,0
371214,1,1,0,0,0,0,0,0,0,0,0,0
371215,0,1,0,0,0,0,0,0,0,0,0,0
371215,1,1,0,0,0,0,0,0,0,0,0,0
371216,1,1,0,0,0,0,0,0,0,0,0,0
371216,2,1,0,0,0,0,0,0,0,0,0,0
371216,3,1,0,0,0,0,0,0,0,0,0,0
371217,1,1,0,0,0,0,0,0,0,0,0,0
371218,1,1,0,0,0,0,0,0,0,0,0,0
371219,1,1,0,0,0,0,21,0,0,0,0,30
371220,1,1,0,0,0,0,0,0,0,0,0,0
371221,1,1,0,0,0,0,0,0,0,0,0,0
371221,2,1,0,0,0,0,0,0,0,0,0,0
371222,1,1,0,0,0,0,0,0,0,0,0,0
371222,2,1,0,0,0,0,0,0,0,0,0,0
371222,3,1,0,0,0,0,0,0,0,0,0,0
371222,4,1,0,0,0,0,0,0,0,0,0,0
371222,5,1,0,0,0,0,0,0,0,0,0,0
371222,6,1,0,0,0,0,0,0,0,0,0,0
371222,7,1,0,0,0,0,0,0,0,0,0,0
371223,1,1,0,0,0,0,0,0,0,0,0,0
371223,2,1,0,0,0,0,0,0,0,0,0,0
371224,1,1,0,21,0,0,0,0,0,0,0,0
371225,1,1,0,0,0,0,0,0,0,0,0,0
371225,2,1,0,0,0,0,0,0,0,0,0,0
371226,1,1,0,0,0,0,0,0,0,0,0,0
371226,2,1,0,0,0,0,0,0,0,0,0,0
371227,1,1,17,0,0,0,0,0,31,0,15,0
371228,1,1,0,0,0,26,0,0,0,0,0,0
371228,2,1,0,0,0,0,0,0,0,0,0,0
371229,1,1,0,21,0,0,0,0,0,0,0,0
371229,2,1,0,0,0,0,0,0,0,0,16,0
371230,1,1,0,0,0,0,0,0,0,0,0,0
371230,2,1,0,0,0,0,0,0,0,0,0,0
371231,1,1,23,23,23,23,23,23,23,23,23,23
371231,2,1,9,0,0,0,0,0,0,0,0,0
371232,1,1,0,0,0,0,0,0,0,0,0,0
371233,0,1,0,0,25,0,23,0,0,0,0,0
371233,1,1,18,18,18,18,18,18,18,18,18,18
371233,2,1,0,0,0,0,0,0,0,0,0,0
371234,1,1,0,0,0,0,0,0,0,0,0,0
371235,1,1,0,0,19,18,0,0,10,0,0,0
371236,1,1,0,0,0,0,0,0,0,0,0,0
371236,2,1,0,0,0,0,0,0,0,0,0,0
371237,1,1,28,0,24,25,3,15,5,13,8,20
371238,0,1,0,0,0,0,0,22,57,0,0,0
371238,1,1,0,0,0,0,0,0,0,0,0,0
371239,1,1,0,0,16,0,0,5,0,17,0,0
371239,2,1,0,0,0,0,0,0,0,0,0,0
371240,1,1,0,18,5,0,19,0,0,0,34,20
371241,1,1,0,0,0,0,0,0,0,0,0,0
371241,2,1,0,10,0,0,0,0,0,0,0,0
371242,1,1,0,0,0,0,0,0,0,0,0,0
371242,2,1,0,0,0,0,0,0,0,0,0,0
371243,1,1,0,0,0,0,0,0,0,0,0,0
371243,2,1,0,0,0,0,0,0,0,0,0,0
371244,1,1,0,0,0,0,0,0,0,0,0,0
371244,2,1,0,0,0,0,0,0,0,15,27,0
371245,1,1,0,0,0,0,0,0,0,0,0,0
371245,2,1,0,0,0,0,0,0,0,0,0,0
371246,0,1,0,0,0,0,0,0,0,0,0,0
371246,1,1,0,0,0,0,31,0,0,0,0,0
371247,1,1,11,0,0,0,0,0,0,0,0,0
371248,0,1,0,0,0,0,0,35,0,0,0,21
371248,1,1,0,11,0,30,23,0,0,0,0,0
371249,1,1,18,18,18,18,18,18,18,18,18,18
371250,1,1,0,0,0,0,0,0,0,0,0,0
371250,2,1,0,0,0,18,0,0,0,0,0,0
371251,1,1,0,0,0,0,0,0,0,0,0,0
371252,1,1,0,0,0,0,0,0,0,0,0,0
371252,2,1,0,0,0,0,0,0,0,0,0,0
371253,1,1,12,12,12,12,12,12,12,12,12,12
371254,0,1,20,20,20,20,20,20,20,20,20,20
371254,1,1,0,15,0,0,0,0,0,0,0,0
371255,1,1,0,0,0,0,0,0,0,0,0,0
371256,1,1,0,0,0,0,0,0,0,0,29,0
371257,1,1,29,29,29,29,29,29,29,29,29,29
371258,1,1,18,0,0,0,0,0,0,0,0,0
371258,2,1,0,0,0,0,19,0,0,0,18,0
371258,3,1,0,9,0,0,0,0,0,0,0,0
371259,1,1,9,0,26,26,14,0,36,25,20,20
371260,0,1,0,0,0,0,0,0,0,0,0,0
371260,1,1,0,0,0,0,0,0,0,0,0,0
371261,0,1,0,0,0,0,0,0,0,0,0,0
371261,1,1,0,0,0,0,12,0,0,0,0,0
371262,1,1,13,13,13,13,13,13,13,13,13,13
371262,2,1,11,11,11,11,11,11,11,11,11,11
371263,1,1,21,14,20,0,31,17,6,10,8,13
371264,2,1,10,10,10,10,10,10,10,10,10,10
371265,1,1,17,0,0,0,0,0,0,0,0,0
371265,2,1,0,0,0,9,0,0,0,0,0,0
371265,3,1,0,0,0,0,0,12,0,0,0,0
371265,4,1,0,0,26,0,0,0,0,0,0,0
371266,1,1,0,0,0,0,0,0,0,0,0,0
371266,2,1,0,0,0,0,0,0,0,0,0,0
371267,0,1,0,0,0,0,0,0,0,0,0,0
371267,1,1,0,22,0,0,0,0,0,0,0,0
371267,2,1,0,0,0,0,0,0,0,0,0,0
371267,3,1,0,0,0,0,0,0,0,0,0,0
371268,0,1,0,0,0,0,5,33,0,0,0,0
371268,1,1,0,0,0,0,0,0,0,0,0,0
371268,2,1,22,22,22,22,22,22,22,22,22,22
371269,1,1,19,9,13,10,17,0,0,5,0,0
371269,2,1,0,0,0,0,0,0,0,0,0,0
371270,1,1,0,0,0,0,0,28,0,0,0,0
371270,2,1,0,0,0,0,0,0,0,0,0,0
371270,3,1,0,0,0,5,0,0,0,0,0,0
371271,1,1,0,0,0,0,0,0,0,0,0,0
371271,2,1,0,0,0,2,0,0,0,0,0,0
371272,1,1,28,0,21,19,34,15,21,18,0,3
371273,1,1,16,16,16,16,16,16,16,16,16,16
371274,0,1,0,0,0,0,0,0,0,0,0,0
371274,1,1,0,0,0,0,0,0,0,14,0,27
371275,1,1,11,11,11,11,11,11,11,11,11,11
371276,1,1,25,25,25,25,25,25,25,25,25,25
371276,2,1,10,10,10,10,10,10,10,10,10,10
371277,1,1,12,0,0,6,0,22,0,0,0,5
371277,2,1,0,0,0,0,0,0,0,0,0,0
371278,1,1,22,0,0,0,0,0,0,0,0,0
371278,2,1,0,0,0,0,0,0,0,0,0,0
371279,1,1,0,0,0,0,0,0,0,0,0,0
371279,2,1,0,0,0,0,0,0,0,0,0,0
371280,1,1,0,0,0,0,0,0,0,0,0,0
371280,2,1,0,0,0,0,0,0,0,0,0,9
371281,1,1,0,0,10,17,0,17,0,20,0,11
371282,1,1,12,0,0,25,13,12,12,0,0,14
371283,1,1,0,0,0,0,0,0,0,0,0,0
371283,2,1,0,0,0,0,0,0,0,0,0,0
371284,1,1,0,0,0,0,0,0,0,0,0,0
371285,1,1,0,43,0,0,0,0,0,0,0,0
371286,1,1,10,16,0,0,0,2,9,0,0,19
371286,2,1,0,0,0,0,0,0,0,0,0,0
371287,1,1,0,0,0,0,0,0,0,0,0,0
371288,1,1,0,0,0,0,0,0,0,0,0,0
371288,2,1,0,0,30,0,0,0,0,0,0,0
371289,0,1,0,0,0,0,0,0,0,0,0,0
371289,1,1,0,0,0,0,0,0,0,37,0,0
371290,1,1,14,14,14,14,14,14,14,14,14,14
371291,1,1,26,26,26,26,26,26,26,26,26,26
371292,1,1,13,13,13,13,13,13,13,13,13,13
371294,1,1,15,15,15,15,15,15,15,15,15,15
371294,2,1,0,0,0,0,0,0,0,0,0,0
371295,0,1,11,11,11,11,11,11,11,11,11,11
371295,1,1,0,0,0,0,0,0,0,0,0,0
371296,0,1,34,14,6,0,21,16,22,0,0,0
371296,1,1,10,0,0,0,0,0,0,29,16,0
371297,0,1,0,0,0,0,0,0,0,0,0,0
371297,1,1,0,0,0,0,0,0,0,0,0,0
371298,0,1,0,0,0,0,0,0,0,0,0,0
371298,1,1,0,6,0,0,0,16,10,25,0,0
371299,2,1,0,0,0,0,0,0,0,0,0,0
371300,1,1,0,0,0,0,6,0,0,0,0,0
371300,2,1,0,5,0,0,0,9,8,25,0,0
371300,3,1,0,0,0,0,21,0,0,16,0,0
371301,1,1,0,15,0,0,17,23,0,0,8,24
371302,1,1,0,0,0,0,0,0,0,0,0,0
371302,2,1,0,0,0,0,0,0,0,0,0,0
371303,1,1,0,0,0,0,0,10,0,0,0,0
371303,2,1,0,0,0,0,0,0,0,0,0,0
371303,3,1,0,0,0,0,0,0,0,0,0,0
371304,1,1,0,0,0,0,0,0,0,0,0,0
371305,1,1,14,10,21,0,29,21,13,29,0,31
371306,1,1,16,16,16,16,16,16,16,16,16,16
371307,1,1,18,18,18,18,18,18,18,18,18,18
371307,2,1,0,0,0,0,0,0,0,0,0,0
371308,1,1,10,10,10,10,10,10,10,10,10,10
371309,1,1,0,0,0,0,0,0,0,0,0,0
371310,0,1,17,17,17,17,17,17,17,17,17,17
371310,1,1,0,0,0,0,0,0,0,0,16,0
371311,1,1,0,0,0,0,0,0,0,0,0,0
371312,1,1,0,0,0,0,0,0,0,0,0,0
371312,2,1,0,0,0,0,0,0,0,0,0,0
371312,3,1,0,0,0,0,0,0,0,0,0,0
371313,1,1,0,0,16,19,0,0,0,0,17,0
371314,1,1,0,0,0,0,0,0,2,0,0,7
371314,2,1,0,0,0,0,0,0,0,0,0,0
371315,1,1,0,0,0,0,0,0,0,0,0,0
371315,2,1,0,0,0,0,0,0,0,0,0,0
371316,0,1,0,0,0,0,0,0,0,0,0,0
371316,1,1,0,0,0,0,0,0,0,0,0,0
371317,1,1,0,0,0,0,0,0,0,0,0,0
371317,2,1,0,0,0,0,0,0,0,0,0,0
371318,1,1,0,0,0,0,0,0,0,0,0,0
371319,1,1,0,0,0,0,0,0,0,2,17,0
371319,2,1,0,0,0,0,0,0,0,0,0,0
371320,1,1,15,0,0,0,0,0,6,0,5,0
371320,2,1,0,0,0,0,0,0,0,0,0,0
371321,1,1,3,0,0,0,0,0,0,0,0,0
371321,2,1,0,0,0,0,0,0,0,0,0,0
371321,3,1,0,0,0,0,0,0,0,0,0,0
371322,1,1,0,0,0,0,0,0,0,0,0,0
371322,2,1,0,0,0,0,0,0,0,0,0,0
371323,1,1,0,0,0,0,0,18,0,0,0,0
371324,1,1,11,10,22,0,11,32,12,23,16,7
371325,1,1,8,8,8,8,8,8,8,8,8,8
371326,1,1,15,15,15,15,15,15,15,15,15,15
371327,1,1,0,0,0,0,0,0,0,0,0,0
371327,2,1,0,0,0,24,0,0,0,0,0,0
371327,3,1,0,0,0,0,0,0,0,0,0,0
371328,1,1,21,21,21,21,21,21,21,21,21,21
371329,1,1,0,17,0,0,0,0,0,0,0,12
371330,0,1,0,0,0,0,0,0,0,0,0,0
371330,1,1,0,0,0,0,0,0,0,0,0,0
371330,2,1,0,0,0,0,18,0,0,0,0,0
371331,1,1,10,10,10,10,10,10,10,10,10,10
371332,1,1,0,0,0,0,0,0,0,0,0,0
371332,2,1,0,0,0,0,0,0,0,0,0,0
371333,1,1,0,0,0,0,0,0,0,0,0,0
371333,2,1,0,0,0,0,0,0,0,0,0,0
371334,1,1,21,0,0,14,0,29,0,2,6,9
371335,1,1,0,0,0,0,0,9,0,0,0,0
371335,2,1,0,0,0,0,0,0,0,0,0,0
371336,0,1,0,0,0,51,0,0,0,0,0,0
371336,1,1,23,0,21,0,15,19,0,4,0,24
371337,1,1,0,0,0,0,0,0,0,0,0,0
371337,2,1,0,0,0,0,0,0,0,0,0,0
371338,0,1,0,0,0,0,0,0,0,0,0,0
371338,1,1,0,20,0,0,0,0,0,0,0,0
371339,1,1,0,0,0,0,0,0,0,0,0,0
371339,2,1,0,0,0,0,0,0,0,0,0,0