ST_CASE,VEH_NO,PER_NO,P1,P2,P3,P4,P5,P6,P7,P8,P9,P10
390594,2,1,0,31,7,0,0,29,18,18,0,0
390595,0,1,16,16,16,16,16,16,16,16,16,16
390595,0,2,6,17,19,32,24,17,10,15,21,24
390595,1,1,0,0,33,0,0,0,33,0,0,0
390596,1,1,6,6,6,6,6,6,6,6,6,6
390596,2,1,0,0,0,0,0,17,0,0,0,0
390597,1,1,0,0,0,0,0,0,0,0,0,0
390598,1,1,0,0,0,0,0,0,0,0,0,0
390598,2,1,0,0,0,17,7,0,0,14,0,0
390599,1,1,0,0,0,0,0,0,0,0,0,0
390599,2,1,0,0,0,0,0,0,0,0,0,0
390600,1,1,0,0,0,0,0,0,0,0,0,0
390600,2,1,0,0,0,0,0,0,0,0,0,0
390601,1,1,0,20,0,9,0,21,32,0,0,0
390601,2,1,24,24,24,24,24,24,24,24,24,24
390602,1,1,0,0,0,0,0,0,0,0,0,0
390602,2,1,0,0,0,0,17,0,0,0,0,0
390603,1,1,0,0,0,0,0,0,0,0,0,0
390603,2,1,0,0,0,0,0,0,0,0,24,0
390604,1,1,0,0,0,0,0,0,0,0,0,0
390604,2,1,0,0,0,0,0,0,0,0,0,0
390604,3,1,0,0,0,0,0,0,0,0,0,0
390605,1,1,13,0,0,20,26,0,0,0,0,32
390606,1,1,0,0,0,0,0,0,0,0,18,0
390606,2,1,0,19,0,6,0,0,0,0,25,0
390607,1,1,0,0,0,8,22,19,4,0,7,6
390608,1,1,11,11,11,11,11,11,11,11,11,11
390609,0,1,21,15,16,0,7,19,20,0,18,0
390609,1,1,0,6,5,0,2,6,13,0,11,0
390610,1,1,12,12,25,19,11,21,14,5,24,22
390610,2,1,0,0,0,0,17,12,15,5,9,0
390611,0,1,0,0,0,0,0,0,0,0,0,0
390611,1,1,0,0,20,0,0,0,0,0,0,0
390612,1,1,2,2,2,2,2,2,2,2,2,2
390613,1,1,0,0,0,0,0,0,0,0,0,0
390613,2,1,0,0,0,0,0,0,0,0,0,0
390614,1,1,18,18,18,18,18,18,18,18,18,18
390615,1,1,28,28,28,28,28,28,28,28,28,28
390616,1,1,18,16,27,13,18,23,17,30,34,15
390617,1,1,0,7,0,8,33,0,0,0,20,9
390617,2,1,20,20,20,20,20,20,20,20,20,20
390618,1,1,0,0,0,0,0,0,0,0,0,0
390619,1,1,26,8,0,22,30,9,22,11,14,0
390620,1,1,8,8,8,8,8,8,8,8,8,8
390621,1,1,0,0,0,0,0,0,0,12,10,0
390621,2,1,0,0,0,0,0,0,0,0,0,0
390622,1,1,0,0,0,0,0,0,0,0,0,0
390623,2,1,27,27,27,27,27,27,27,27,27,27
390624,1,1,18,0,0,0,0,15,0,15,0,0
390624,2,1,0,19,15,5,28,0,0,0,0,0
390625,1,1,0,0,0,0,0,0,0,0,0,0
390625,2,1,13,13,13,13,13,13,13,13,13,13
390626,1,1,0,0,0,0,0,0,0,0,0,0
390627,0,1,0,0,0,0,0,0,0,0,0,0
390627,1,1,9,0,0,8,0,0,15,7,17,20
390628,1,1,20,20,20,20,20,20,20,20,20,20
390629,1,1,0,0,0,0,0,0,0,0,0,0
390629,2,1,0,0,0,0,0,0,0,0,0,0
390630,1,1,14,14,14,14,14,14,14,14,14,14
390631,1,1,0,0,0,0,0,0,0,0,0,0
390632,1,1,0,0,0,0,0,0,0,0,0,0
390632,2,1,0,0,5,12,0,0,0,5,0,0
390632,3,1,0,0,0,0,0,0,0,0,5,0
390632,4,1,0,0,0,0,0,0,0,0,0,0
390633,1,1,0,0,0,3,0,0,0,5,0,0
390633,2,1,0,0,0,0,0,0,0,0,0,0
390633,3,1,0,0,0,0,0,3,0,0,0,0
390634,2,1,0,0,0,0,0,0,0,0,0,0
390635,1,1,0,0,0,0,0,0,0,0,0,0
390635,2,1,0,0,0,0,0,0,0,0,0,0
390635,3,1,0,0,0,0,16,0,15,0,16,0
390636,1,1,0,0,0,0,0,0,0,0,0,0
390636,2,1,16,0,0,0,14,14,0,0,0,0
390637,0,1,0,0,13,0,0,0,0,0,0,0
390637,0,2,0,0,0,0,0,0,0,0,0,0
390637,1,1,7,7,7,7,7,7,7,7,7,7
390638,2,1,0,0,0,0,0,0,0,0,0,0
390639,1,1,0,0,0,0,0,0,0,0,0,0
390640,1,1,0,0,0,0,0,0,0,0,0,0
390640,2,1,0,0,0,0,0,0,0,0,0,0
390641,1,1,14,14,14,14,14,14,14,14,14,14
390642,1,1,13,0,0,0,0,0,0,0,0,0
390642,2,1,0,0,0,0,0,0,0,0,0,0
390643,1,1,19,19,19,19,19,19,19,19,19,19
390643,2,1,0,0,0,0,3,0,0,0,0,0
390644,1,1,0,27,0,11,19,0,0,0,0,0
390644,2,1,13,0,0,0,0,0,0,0,0,0
390645,1,1,16,16,16,16,16,16,16,16,16,16
390646,1,1,0,0,0,0,0,0,0,0,0,0
390646,2,1,14,16,11,13,0,21,0,0,0,0
390647,1,1,0,39,19,4,0,0,0,0,14,0
390648,1,1,17,0,15,0,10,2,11,18,0,29
390649,1,1,25,25,25,25,25,25,25,25,25,25
390650,1,1,0,0,0,0,0,0,0,0,0,0
390651,1,1,0,0,0,0,0,0,0,0,0,0
390652,1,1,0,0,0,0,0,0,0,0,0,0
390652,2,1,0,0,0,0,0,0,5,0,14,0
390652,3,1,0,0,0,0,0,0,0,0,0,0
390652,4,1,0,0,0,0,0,16,0,0,0,0
390653,1,1,0,0,0,0,0,0,0,0,0,0
390654,1,1,9,17,0,28,0,0,21,0,0,0
390654,2,1,0,0,0,0,0,0,0,0,0,0
390655,1,1,21,16,0,11,0,12,7,13,0,0
390656,1,1,27,0,0,0,2,0,31,14,0,17
390657,1,1,17,14,11,0,0,5,0,0,15,24
390658,1,1,22,22,22,22,22,22,22,22,22,22
390659,1,1,0,0,0,0,0,0,0,0,0,0
390660,1,1,10,10,10,10,10,10,10,10,10,10
390661,1,1,3,3,3,3,3,3,3,3,3,3
390661,2,1,18,0,10,0,15,20,0,0,0,9
390662,1,1,0,0,4,0,0,0,1,0,0,13
390662,2,1,0,0,20,0,28,0,0,0,0,17
390663,1,1,12,12,12,12,12,12,12,12,12,12
390664,0,1,19,19,19,19,19,19,19,19,19,19
390664,1,1,0,31,5,16,0,3,10,0,9,13
390665,1,1,0,0,8,0,0,19,0,0,0,6
390665,2,1,0,0,0,0,0,0,0,0,0,0
390665,3,1,11,29,0,0,0,0,16,0,0,0
390666,1,1,0,0,0,0,0,0,0,0,0,0
390667,0,1,4,4,4,4,4,4,4,4,4,4
390667,1,1,0,0,0,0,10,0,7,0,0,20
390668,1,1,0,0,0,20,0,0,0,0,0,0
390668,2,1,15,15,15,15,15,15,15,15,15,15
390669,0,1,0,0,0,0,0,0,0,0,0,0
390669,1,1,7,21,0,0,0,7,12,0,0,24
390670,1,1,0,0,0,0,0,0,5,0,10,0
390670,2,1,15,0,0,0,0,0,0,0,9,0
390671,1,1,0,0,0,0,0,0,0,0,0,0
390671,2,1,0,0,0,0,0,0,0,0,0,0
390672,1,1,0,15,20,9,21,0,24,7,8,0
390673,1,1,0,0,0,0,0,0,0,0,0,0
390673,2,1,0,0,0,0,0,0,0,0,0,24
390674,1,1,27,27,27,27,27,27,27,27,27,27
390675,1,1,17,17,17,17,17,17,17,17,17,17
390676,1,1,0,10,0,0,21,0,0,0,0,0
390676,2,1,21,8,0,0,17,0,9,0,0,5
390676,3,1,22,13,17,5,17,13,9,8,11,19
390678,1,1,26,26,26,26,26,26,26,26,26,26
390678,2,1,0,0,13,0,0,0,0,0,0,0
390679,1,1,0,0,0,0,0,0,0,0,0,0
390679,2,1,0,0,0,0,0,0,0,0,0,0
390680,1,1,13,15,9,14,22,12,26,17,18,2
390680,2,1,0,0,0,0,0,0,0,0,0,0
390681,0,1,0,0,0,0,0,0,0,0,0,0
390681,1,1,11,0,6,10,0,0,0,0,0,17
390682,1,1,0,0,0,0,0,0,0,0,0,0
390682,2,1,18,18,18,18,18,18,18,18,18,18
390683,1,1,0,0,0,0,0,0,0,0,0,0
390684,0,1,0,0,0,0,0,0,0,0,0,0
390684,1,1,22,0,0,0,0,0,0,0,0,22
390685,1,1,0,7,0,0,0,18,2,0,2,0
390686,1,1,0,0,0,0,0,0,0,0,0,0
390687,1,1,14,14,14,14,14,14,14,14,14,14
390688,1,1,17,17,17,17,17,17,17,17,17,17
390689,1,1,0,0,0,0,0,0,0,0,0,0
390690,1,1,0,0,0,0,0,0,0,0,0,0
390690,2,1,0,0,0,0,0,0,0,0,0,18
390691,1,1,25,25,25,25,25,25,25,25,25,25
390692,1,1,0,0,0,0,0,0,0,0,0,0
390693,0,1,0,0,0,0,0,0,0,0,0,0
390693,1,1,0,0,0,0,0,0,0,0,0,0
390694,1,1,0,0,0,0,0,0,0,0,0,0
390694,2,1,22,0,21,0,0,0,0,12,0,0
390694,3,1,0,0,0,0,0,0,0,0,0,0
390695,1,1,0,0,0,0,0,11,0,0,0,0
390695,2,1,0,0,0,0,0,0,0,0,0,0
390696,1,1,11,11,11,11,11,11,11,11,11,11
390697,1,1,0,0,0,8,0,0,0,0,0,34
390697,2,1,0,0,0,26,0,39,11,0,0,0
390698,1,1,0,0,0,0,0,0,0,0,0,0
390698,2,1,0,0,11,0,0,0,0,0,0,0
390700,1,1,21,21,21,21,21,21,21,21,21,21
390701,0,1,0,0,0,0,0,0,0,0,0,0
390701,1,1,9,9,9,9,9,9,9,9,9,9
390701,2,1,21,0,0,0,0,8,0,0,0,0
390702,1,1,0,0,0,0,0,0,0,0,0,0
390702,2,1,0,0,0,0,0,0,0,0,0,0
390703,1,1,0,0,17,0,21,5,11,0,0,16
390703,2,1,0,0,0,0,0,0,0,0,0,0
390704,1,1,0,0,0,0,0,0,0,0,0,0
390704,2,1,0,0,16,17,20,0,4,0,0,7
390705,0,1,0,0,0,0,0,0,0,0,0,0
390705,1,1,0,0,0,0,11,0,0,0,0,0
390706,1,1,20,20,20,20,20,20,20,20,20,20
390706,2,1,0,12,0,9,17,0,14,0,6,0
390707,1,1,0,0,0,0,0,0,0,0,0,0
390707,2,1,0,0,0,0,0,0,3,5,0,0
390708,1,1,4,0,0,0,0,19,0,0,0,0
390708,2,1,0,0,0,0,0,0,0,0,0,0
390709,1,1,0,0,0,0,0,0,0,0,0,0
390709,2,1,0,0,0,0,0,0,0,0,0,0
390710,1,1,0,0,0,0,0,16,0,0,0,0
390710,2,1,6,0,0,0,0,0,0,0,0,0
390711,1,1,0,0,0,0,19,0,0,0,0,0
390711,2,1,0,0,0,0,0,0,0,0,0,0
390713,1,1,27,27,27,27,27,27,27,27,27,27
390714,1,1,34,34,34,34,34,34,34,34,34,34
390715,1,1,0,0,0,0,0,0,17,13,14,0
390715,2,1,0,0,0,12,0,0,11,0,0,0
390716,1,1,19,19,19,19,19,19,19,19,19,19
390717,1,1,22,22,22,22,22,22,22,22,22,22
390717,2,1,0,0,6,0,0,0,6,0,0,0
390717,3,1,0,0,0,0,0,0,0,16,0,0
390718,1,1,0,0,0,0,0,0,0,0,0,0
390719,1,1,0,0,0,0,0,0,0,0,0,0
390719,2,1,13,0,0,15,0,0,0,16,0,0
390720,1,1,0,0,0,0,0,0,0,0,0,22
390720,2,1,0,0,0,0,18,0,7,8,0,41
390721,1,1,0,0,0,0,0,0,0,0,0,0
390722,1,1,0,0,0,0,0,0,0,0,0,0
390722,2,1,0,0,0,0,0,0,0,0,0,0
390722,3,1,0,0,0,0,0,0,0,0,0,0
390723,1,1,4,0,0,7,0,0,0,0,0,0
390723,2,1,0,0,0,0,19,0,0,0,0,0
390724,1,1,0,0,0,0,0,0,0,0,0,0
390726,1,1,28,28,28,28,28,28,28,28,28,28
390727,1,1,21,21,21,21,21,21,21,21,21,21
390728,1,1,0,7,0,0,25,0,8,0,0,0
390728,2,1,0,0,0,0,19,0,24,0,0,11
390728,3,1,0,0,0,0,0,0,3,0,0,0
390729,1,1,0,0,0,0,0,0,0,0,0,0
390729,2,1,16,16,16,16,16,16,16,16,16,16
390730,0,1,0,0,0,0,0,0,0,0,0,0
390730,1,1,0,0,0,0,0,0,0,7,10,0
390730,2,1,15,0,0,0,16,0,0,0,0,0
390730,3,1,0,0,0,32,0,0,0,0,0,0
390731,1,1,0,0,0,12,18,0,0,0,0,0
390731,2,1,22,22,22,22,22,22,22,22,22,22
390732,1,1,0,0,0,0,0,0,0,0,0,0
390732,2,1,0,0,11,0,0,11,0,0,0,0
390733,1,1,16,16,16,16,16,16,16,16,16,16
390733,2,1,7,7,7,7,7,7,7,7,7,7
390734,1,1,0,0,0,16,0,0,0,0,0,0
390734,2,1,0,0,0,0,0,0,0,26,0,0
390735,1,1,0,0,0,0,0,0,0,0,0,0
390735,2,1,0,0,0,0,0,0,0,0,0,0
390736,0,1,0,0,0,0,0,0,0,0,0,0
390736,1,1,0,0,0,0,0,0,0,0,0,0
390737,1,1,20,29,0,0,0,0,0,0,0,0
390737,2,1,0,0,0,0,28,0,0,0,0,0
390738,1,1,0,0,0,0,0,0,0,0,0,0
390738,2,1,10,12,0,0,0,15,13,13,18,0
390739,0,1,0,0,0,24,0,0,0,0,0,0
390739,1,1,0,0,0,8,0,0,0,0,0,0
390740,0,1,0,0,0,0,0,0,0,0,0,0
390740,1,1,19,23,0,0,10,15,0,7,0,11
390741,1,1,0,0,0,0,0,0,0,0,0,0
390742,1,1,0,0,0,0,0,0,0,0,0,0
390743,1,1,0,0,0,0,0,0,0,0,0,0
390744,1,1,0,0,0,0,0,0,0,0,0,0
390745,1,1,4,4,4,4,4,4,4,4,4,4
390746,1,1,0,0,0,0,0,0,0,0,0,0
390747,1,1,4,4,4,4,4,4,4,4,4,4
390748,1,1,0,0,0,0,0,0,0,0,0,0
390748,2,1,0,0,0,0,0,0,13,0,0,16
390749,1,1,0,0,0,0,0,0,0,0,0,0
390750,1,1,0,0,0,0,0,0,5,12,27,0
390750,2,1,0,0,0,0,0,0,0,0,0,0
390751,1,1,3,3,3,3,3,3,3,3,3,3
390751,2,1,0,0,0,0,0,0,0,0,0,0
390752,1,1,0,0,0,0,0,0,0,0,0,0
390752,2,1,0,0,0,0,0,0,0,0,0,0
390752,3,1,3,0,0,0,0,0,0,0,0,0
390753,1,1,21,0,20,13,0,18,11,15,6,21
390753,2,1,0,0,0,0,0,0,0,0,0,0
390753,3,1,0,0,0,10,0,0,16,0,7,0
390754,1,1,0,0,0,0,0,0,0,0,0,0
390754,2,1,0,0,0,0,14,0,0,0,0,0
390755,1,1,10,10,10,10,10,10,10,10,10,10
390756,1,1,22,22,22,22,22,22,22,22,22,22
390756,2,1,0,0,0,0,0,0,0,0,0,0
390757,1,1,0,0,0,0,0,0,0,0,0,0
390757,2,1,0,0,0,0,0,0,0,0,0,0
390758,1,1,17,17,17,17,17,17,17,17,17,17
390759,1,1,0,0,0,0,0,0,0,0,0,0
390759,2,1,0,0,0,0,0,0,4,0,0,0
390760,1,1,0,0,0,0,0,0,0,0,0,0
390760,2,1,0,0,0,0,0,0,0,0,0,0
390761,1,1,22,22,22,22,22,22,22,22,22,22
390762,1,1,0,0,0,0,0,0,0,0,0,0
390763,0,1,34,34,34,34,34,34,34,34,34,34
390763,1,1,0,0,0,14,7,0,0,4,0,22
390764,1,1,7,11,0,18,17,0,11,22,5,0
390765,1,1,16,16,16,16,16,16,16,16,16,16
390766,0,1,0,0,0,0,0,0,0,0,0,12
390766,1,1,0,0,0,0,0,0,0,0,0,0
390767,1,1,0,0,0,3,0,0,23,0,18,0
390768,0,1,0,0,0,0,0,0,0,0,0,0
390768,1,1,0,0,0,0,0,0,0,0,0,0
390769,0,1,0,0,0,0,0,0,0,0,0,0
390769,1,1,0,0,0,0,0,0,0,0,0,0
390770,1,1,0,0,16,0,0,0,0,11,0,3
390771,1,1,15,4,0,22,16,26,4,5,27,12
390771,2,1,0,0,0,5,0,0,0,0,0,0
390772,1,1,11,9,0,20,0,0,0,12,0,0
390772,2,1,0,0,0,0,0,0,0,0,0,0
390773,0,1,0,0,0,0,0,0,0,0,0,0
390773,1,1,0,15,22,0,0,29,15,21,11,0
390774,1,1,12,22,11,10,14,14,0,0,0,0
390775,1,1,0,0,0,0,0,0,0,0,0,0
390775,2,1,0,0,0,0,0,21,0,0,0,16
390776,1,1,18,18,18,18,18,18,18,18,18,18
390777,1,1,0,0,0,0,0,0,0,0,0,0
390777,2,1,11,13,0,14,0,0,0,0,0,0
390778,1,1,0,0,0,0,0,0,0,0,0,0
390779,1,1,0,0,0,0,0,0,0,0,0,9
390779,2,1,21,21,21,21,21,21,21,21,21,21
390780,1,1,0,0,0,0,0,0,0,0,0,0
390780,2,1,0,0,0,0,0,0,0,0,0,0
390781,1,1,22,19,0,0,28,0,0,0,13,16
390781,2,1,18,0,19,0,8,17,0,25,27,0
390782,1,1,0,0,0,0,0,0,0,0,0,0
390782,2,1,0,0,0,0,0,0,0,0,0,0
390783,1,1,22,22,22,22,22,22,22,22,22,22
390784,1,1,0,0,0,0,0,0,0,0,0,0
390785,1,1,0,0,0,0,0,0,0,0,0,0
390786,1,1,0,0,0,0,0,0,0,0,0,0
390786,2,1,0,0,0,0,0,0,0,0,0,0
390787,1,1,0,0,0,0,0,0,0,0,0,0
390787,2,1,0,0,4,0,0,0,0,0,0,0
390788,1,1,0,0,7,0,19,0,16,14,0,13
390788,2,1,0,0,0,0,0,0,0,0,0,0
390788,3,1,0,0,0,0,6,0,38,0,0,10
390789,1,1,19,19,10,27,0,13,13,0,18,11
390789,2,1,22,0,27,22,18,2,0,12,21,17
390789,3,1,34,34,34,34,34,34,34,34,34,34
390790,1,1,39,39,39,39,39,39,39,39,39,39
390792,1,1,0,0,0,0,0,0,16,0,0,0
390792,2,1,0,0,0,0,0,0,0,0,0,0
390793,0,1,11,11,11,11,11,11,11,11,11,11
390793,1,1,0,21,0,5,11,0,8,0,0,14
390793,2,1,0,0,16,24,0,11,0,0,0,0
390794,0,1,0,0,5,0,0,0,0,0,0,0
390794,1,1,0,0,0,0,0,0,9,0,0,0
390795,1,1,0,0,19,0,21,0,15,22,34,0
390796,1,1,26,0,14,0,0,0,8,0,0,0
390796,2,1,0,0,0,0,21,0,0,0,20,0
390797,1,1,26,0,14,14,20,6,0,8,20,28
390797,2,1,0,5,0,0,0,0,0,0,0,0
390798,0,1,0,0,0,0,0,0,0,0,0,0
390798,1,1,15,0,0,0,4,8,9,0,16,17
390799,1,1,3,3,3,3,3,3,3,3,3,3
390800,1,1,9,9,9,9,9,9,9,9,9,9
390800,2,1,13,0,0,0,8,0,15,8,11,0
390801,1,1,20,0,0,0,17,0,0,0,0,0
390801,2,1,0,0,0,0,0,0,0,0,0,0
390803,1,1,0,0,0,0,0,0,0,0,0,0
390804,1,1,11,11,11,11,11,11,11,11,11,11
390805,1,1,8,8,8,8,8,8,8,8,8,8
390805,2,1,0,0,0,0,0,0,0,0,2,0
390805,3,1,0,0,0,0,0,0,0,0,0,0
390807,1,1,0,0,0,0,0,0,0,0,0,0
390807,2,1,0,32,0,0,0,0,0,0,32,0
390808,1,1,7,7,7,7,7,7,7,7,7,7
390809,1,1,0,0,23,0,14,14,0,0,0,0
390809,2,1,0,0,0,0,0,0,0,0,0,0
390811,1,1,0,0,0,0,0,0,0,0,0,0
390812,1,1,0,0,5,14,0,10,0,0,0,24
390813,1,1,16,16,16,16,16,16,16,16,16,16
390814,1,1,11,11,11,11,11,11,11,11,11,11
390815,1,1,17,17,17,17,17,17,17,17,17,17
390816,1,1,0,0,0,0,0,0,0,0,14,0
390817,1,1,0,0,0,0,0,0,0,0,0,0
390817,2,1,0,0,0,0,0,0,0,0,0,0
390818,1,1,34,0,0,25,0,19,0,0,16,0
390818,2,1,0,0,0,0,0,0,0,0,0,0
390819,1,1,0,0,0,0,0,0,0,0,0,0
390819,2,1,0,0,0,0,0,0,0,0,0,0
390821,1,1,0,0,0,0,0,0,0,0,0,0
390822,1,1,25,25,25,25,25,25,25,25,25,25
390823,1,1,0,0,0,0,0,0,0,16,0,0
390823,2,1,9,26,0,0,0,0,4,0,0,21
390824,1,1,0,14,0,0,0,0,0,6,0,0
390824,2,1,19,19,19,19,19,19,19,19,19,19
390825,0,1,0,0,0,0,0,0,14,0,0,0
390825,1,1,0,0,0,0,4,2,4,0,0,0
390826,1,1,18,18,18,18,18,18,18,18,18,18
390826,2,1,0,0,0,0,12,0,0,2,0,0
390827,0,1,31,31,31,31,31,31,31,31,31,31
390827,1,1,0,0,0,0,0,0,0,0,0,0
390828,0,1,12,12,12,12,12,12,12,12,12,12
390828,1,1,0,0,0,24,11,0,0,0,0,0
390829,1,1,15,0,0,0,21,11,4,0,0,11
390829,2,1,0,0,0,0,0,0,0,0,0,0
390830,1,1,3,3,3,3,3,3,3,3,3,3
390831,1,1,0,0,0,0,0,0,0,0,0,0
390831,2,1,0,0,0,0,0,0,0,0,0,0
390832,1,1,0,0,0,0,0,0,0,0,0,0
390832,2,1,0,26,0,0,0,0,0,0,0,0
390833,1,1,0,0,0,0,0,0,0,0,0,0
390833,2,1,0,0,24,0,0,0,0,0,0,0
390834,1,1,29,0,0,0,0,0,0,0,19,0
390834,2,1,0,0,6,0,0,9,18,8,0,0
390834,3,1,0,0,0,0,0,0,27,0,0,0
390835,0,1,12,0,17,25,29,0,0,0,0,0
390835,1,1,19,19,19,19,19,19,19,19,19,19
390836,1,1,17,17,17,17,17,17,17,17,17,17
390837,1,1,19,15,4,0,0,8,0,11,0,0
390838,0,1,0,0,0,0,0,0,0,0,0,0
390838,1,1,0,0,0,0,0,0,0,20,0,0
390839,1,1,0,0,0,0,0,0,0,0,0,0
390840,1,1,0,10,28,0,0,11,0,0,5,0
390840,2,1,0,0,0,0,7,0,0,11,0,0
390841,1,1,15,15,15,15,15,15,15,15,15,15
390842,1,1,32,32,32,32,32,32,32,32,32,32
390843,1,1,0,0,18,18,0,0,0,32,0,18
390843,2,1,0,0,0,0,0,33,17,0,0,0
390844,1,1,0,0,0,0,0,0,0,0,0,0
390844,2,1,31,0,0,0,0,0,45,0,0,0
390845,1,1,0,0,0,0,0,0,0,0,0,0
390845,2,1,0,0,14,0,0,0,0,0,0,0
390846,1,1,0,0,0,0,0,0,0,0,0,0
390846,2,1,0,0,0,0,17,2,0,0,0,0
390847,1,1,18,18,18,18,18,18,18,18,18,18
390848,1,1,0,0,17,16,0,0,0,15,16,16
390849,1,1,0,0,0,0,0,0,0,0,0,0
390850,1,1,0,0,26,19,0,16,0,12,0,0
390851,1,1,16,23,16,17,0,17,12,5,23,11
390852,1,1,0,0,0,31,0,0,18,0,0,0
390852,2,1,0,0,0,11,0,0,0,0,0,0
390853,1,1,0,0,0,0,0,0,0,0,0,0
390854,1,1,0,0,0,0,0,0,0,0,28,0
390854,2,1,0,0,0,0,0,0,0,0,0,0
390855,0,1,0,0,0,0,0,0,0,0,0,0
390855,1,1,6,0,0,0,18,6,22,0,0,38
390855,2,1,18,0,0,0,22,0,0,21,0,0
390856,1,1,0,0,0,0,0,0,0,0,0,0
390857,1,1,4,4,4,4,4,4,4,4,4,4
390858,1,1,13,13,13,13,13,13,13,13,13,13
390859,1,1,0,0,0,0,0,0,0,0,0,0
390859,2,1,0,0,0,0,0,0,0,0,0,0
390860,1,1,0,0,0,0,0,0,0,0,0,0
390860,2,1,18,18,18,18,18,18,18,18,18,18
390861,1,1,7,0,0,0,0,4,0,0,0,0
390861,2,1,9,9,9,9,9,9,9,9,9,9
390862,1,1,17,17,17,17,17,17,17,17,17,17
390863,1,1,0,9,0,0,0,11,0,0,0,0
390864,1,1,0,0,0,0,0,0,0,0,0,0
390865,1,1,0,0,0,0,0,0,0,0,0,0
390865,2,1,0,0,0,0,0,9,15,8,0,0
390866,1,1,0,0,0,0,0,0,0,0,0,0
390867,1,1,0,0,0,0,0,0,16,0,0,0
390867,2,1,0,0,0,0,0,0,0,0,0,0
390867,3,1,17,11,0,0,0,0,12,0,0,0
390868,1,1,25,25,25,25,25,25,25,25,25,25
390868,2,1,0,0,0,0,0,0,0,0,0,0
390869,1,1,0,0,0,0,0,0,0,0,0,0
390870,0,1,27,27,27,27,27,27,27,27,27,27
390870,1,1,3,18,14,10,0,0,15,6,13,16
390871,1,1,1,19,0,0,0,0,18,20,0,0
390872,1,1,17,17,17,17,17,17,17,17,17,17
390873,1,1,21,0,0,0,0,0,0,12,0,0
390874,1,1,16,16,16,16,16,16,16,16,16,16
390874,2,1,0,0,0,0,0,0,0,0,0,27
390874,3,1,0,0,0,0,18,0,0,0,0,19
390875,1,1,0,0,0,0,0,0,0,0,0,0
390876,1,1,0,0,0,0,0,0,0,0,0,0
390876,2,1,0,0,0,0,21,0,0,0,0,0
390877,1,1,0,0,0,0,0,0,0,0,0,0
390877,2,1,6,0,0,0,0,0,0,0,0,0
390878,1,1,24,24,24,24,24,24,24,24,24,24
390879,1,1,0,13,13,6,0,0,0,0,0,20
390880,1,1,0,0,31,0,0,0,0,0,0,0
390881,1,1,0,0,0,0,0,0,0,0,0,3
390881,2,1,0,0,0,0,0,0,0,0,0,0
390882,1,1,0,0,0,0,0,0,0,0,0,0
390883,1,1,22,6,22,15,3,12,9,2,0,23
390884,1,1,6,0,0,19,10,0,0,14,0,0
390884,2,1,0,0,0,0,0,0,0,0,0,0
390884,3,1,0,0,0,17,0,0,8,0,0,0
390885,1,1,0,9,11,0,0,0,0,0,3,10
390886,1,1,0,0,0,0,0,0,0,0,0,0
390886,2,1,0,0,0,0,0,0,0,0,0,0
390887,1,1,0,0,0,0,0,0,0,0,0,0
390888,1,1,0,0,0,0,0,31,0,0,0,0
390888,2,1,0,0,0,0,0,0,0,0,0,0
390889,1,1,7,7,7,7,7,7,7,7,7,7
390890,1,1,0,0,0,0,0,0,0,0,0,0
390890,2,1,0,14,0,0,0,17,0,0,0,0
390890,3,1,0,0,0,0,0,0,0,0,0,0
390890,4,1,0,0,0,0,0,0,0,0,0,0
390891,1,1,0,0,0,0,0,0,0,0,0,0
390892,0,1,0,0,0,0,0,0,0,0,0,0
390892,1,1,0,0,0,0,0,0,8,0,15,0
390893,1,1,17,0,0,0,0,0,0,0,0,0
390895,1,1,0,0,0,0,0,0,0,0,0,0
390896,1,1,28,17,0,16,10,28,0,0,0,16
390897,1,1,0,0,23,20,0,0,0,0,0,7
390897,2,1,0,0,0,0,0,0,0,0,0,0
390898,0,1,0,0,0,0,0,0,0,0,0,0
390898,1,1,0,0,0,16,0,0,0,0,8,0
390899,0,1,0,0,19,23,0,21,13,0,47,25
390899,1,1,0,8,0,0,0,0,14,0,9,0
390900,1,1,8,0,25,21,12,17,0,18,0,0
390901,0,1,2,2,2,2,2,2,2,2,2,2
390901,1,1,0,12,0,0,27,18,0,0,16,0
390902,1,1,15,15,15,15,15,15,15,15,15,15
390904,1,1,17,17,17,17,17,17,17,17,17,17
390905,1,1,5,0,0,0,0,0,0,0,0,0
390905,2,1,0,0,0,0,0,0,0,0,0,0
390906,1,1,0,0,0,0,0,11,0,0,0,0
390907,1,1,30,30,30,30,30,30,30,30,30,30
390908,0,1,0,0,0,0,0,0,0,0,0,0
390908,1,1,8,0,0,0,19,17,6,9,0,9