ST_CASE,VEH_NO,PER_NO,P1,P2,P3,P4,P5,P6,P7,P8,P9,P10
390909,0,1,15,31,22,0,0,0,43,28,27,0
390909,1,1,0,0,0,0,0,0,0,0,0,0
390911,1,1,0,0,0,14,21,0,0,14,0,23
390911,2,1,0,0,0,0,0,0,0,0,0,0
390912,0,1,24,24,24,24,24,24,24,24,24,24
390912,1,1,0,0,0,0,0,0,0,0,0,0
390913,1,1,14,23,0,0,0,0,0,0,0,0
390913,2,1,0,0,0,0,0,0,20,20,26,0
390914,1,1,0,0,0,0,0,0,0,0,0,0
390916,1,1,25,25,25,25,25,25,25,25,25,25
390917,1,1,0,22,0,0,0,0,0,0,13,0
390917,2,1,0,0,0,0,0,3,0,0,4,0
390918,1,1,6,6,6,6,6,6,6,6,6,6
390918,2,1,0,0,12,0,15,0,0,0,0,0
390919,1,1,0,0,0,0,0,0,0,0,0,0
390920,1,1,0,0,0,0,0,0,0,0,0,0
390920,2,1,0,0,0,0,9,0,0,0,0,0
390921,1,1,0,0,0,0,0,0,0,0,0,0
390922,1,1,20,0,0,12,0,17,0,0,15,15
390923,1,1,0,0,0,0,0,0,0,0,0,0
390923,2,1,0,0,0,0,0,0,0,0,0,0
390923,3,1,0,0,0,0,0,0,0,0,0,0
390923,4,1,0,0,0,0,0,0,0,0,0,3
390924,1,1,0,0,8,25,0,0,0,14,0,0
390924,2,1,0,0,0,0,0,0,0,0,0,0
390925,1,1,21,21,21,21,21,21,21,21,21,21
390925,2,1,15,15,15,15,15,15,15,15,15,15
390926,1,1,30,30,30,30,30,30,30,30,30,30
390927,1,1,16,16,0,0,0,0,0,0,9,0
390927,2,1,0,0,0,0,0,0,10,0,0,0
390927,3,1,0,0,0,0,0,0,0,0,0,0
390928,1,1,0,0,0,0,0,0,0,0,0,0
390929,1,1,13,13,13,13,13,13,13,13,13,13
390930,0,1,0,0,0,0,0,0,0,0,0,0
390930,1,1,0,14,0,0,0,0,0,9,0,0
390931,1,1,0,0,0,0,0,29,0,0,0,0
390931,2,1,0,0,0,0,0,0,0,0,0,0
390932,1,1,0,0,0,0,0,0,0,0,0,0
390933,1,1,4,4,4,4,4,4,4,4,4,4
390933,2,1,0,0,0,0,0,0,0,14,0,0
390934,1,1,0,0,16,0,0,0,0,0,0,0
390934,2,1,0,0,0,0,0,0,0,0,0,0
390935,1,1,0,0,0,0,0,0,0,0,0,13
390936,1,1,0,0,0,0,0,0,0,0,0,0
390937,1,1,28,28,28,28,28,28,28,28,28,28
390938,1,1,0,0,0,0,0,0,0,0,0,0
390938,2,1,0,0,0,0,0,0,0,0,0,0
390939,1,1,0,0,0,0,0,0,0,0,0,0
390940,1,1,0,0,0,0,0,0,0,0,0,0
390940,2,1,0,0,0,0,0,0,0,0,0,0
390942,1,1,0,0,0,0,0,0,0,0,0,0
390942,2,1,0,0,0,0,0,0,0,0,0,0
390943,1,1,0,0,0,0,0,0,0,0,32,0
390943,2,1,11,11,11,11,11,11,11,11,11,11
390943,3,1,0,0,0,0,0,0,0,0,0,0
390944,1,1,0,0,0,0,0,0,0,10,0,0
390944,2,1,0,0,0,0,0,0,0,0,0,0
390945,1,1,0,0,0,0,0,0,0,0,0,0
390946,0,1,7,0,0,26,0,0,0,0,0,0
390946,1,1,0,0,0,2,0,0,0,0,0,0
390947,1,1,0,0,0,0,0,0,0,0,0,0
390947,2,1,0,0,0,0,0,0,13,0,0,18
390947,3,1,0,16,6,11,0,21,0,0,18,0
390949,0,1,0,0,8,0,0,0,0,0,0,0
390949,1,1,0,0,0,0,0,0,0,0,0,0
390950,1,1,0,14,18,0,11,0,21,8,26,0
390950,2,1,0,0,0,0,0,0,0,0,0,0
390951,1,1,0,0,0,0,0,0,0,0,0,0
390951,2,1,0,0,12,0,0,7,0,0,5,0
390952,0,1,0,0,0,0,0,0,0,0,0,0
390952,1,1,13,13,13,13,13,13,13,13,13,13
390953,1,1,0,9,0,0,0,0,0,0,0,0
390954,0,1,0,0,33,0,16,0,0,33,0,7
390954,1,1,20,0,0,0,19,0,20,0,18,0
390955,1,1,0,0,0,0,0,0,0,0,0,0
390956,1,1,0,0,0,0,0,0,0,0,0,11
390956,2,1,0,0,0,0,0,0,0,0,0,0
390957,1,1,0,0,0,0,0,0,0,0,0,0
390957,2,1,0,0,0,0,0,0,0,0,0,0
390958,1,1,0,0,0,0,0,0,0,0,0,0
390958,2,1,0,0,0,0,0,0,0,0,0,0
390959,0,1,31,31,31,31,31,31,31,31,31,31
390959,1,1,0,0,0,0,0,0,0,0,0,0
390960,1,1,0,0,14,5,0,19,0,0,15,0
390960,2,1,0,0,0,0,0,0,0,0,0,0
390961,1,1,11,11,11,11,11,11,11,11,11,11
390961,2,1,0,30,0,0,0,31,19,8,18,0
390961,3,1,21,11,9,0,20,0,0,0,0,0
390962,1,1,0,0,0,0,0,0,0,0,0,0
390963,1,1,0,0,0,0,0,0,0,0,0,0
390964,1,1,38,0,7,0,0,0,0,0,0,0
390964,2,1,0,0,0,0,0,0,0,0,0,0
390965,1,1,0,0,0,0,0,0,0,0,0,0
390966,1,1,0,0,0,0,0,0,0,0,0,0
390967,1,1,0,0,0,0,0,0,0,0,0,0
390968,1,1,0,0,0,0,0,0,0,0,0,0
390968,2,1,0,0,0,0,0,0,0,18,0,0
390969,1,1,0,0,0,0,0,0,0,0,0,0
390969,2,1,0,0,22,0,0,0,0,0,0,0
390970,1,1,0,0,0,0,0,0,0,0,0,0
390971,0,1,4,4,4,4,4,4,4,4,4,4
390971,1,1,0,33,0,0,0,0,0,17,0,9
390972,1,1,0,24,27,0,13,0,0,9,0,8
390972,2,1,0,0,0,39,26,3,0,20,0,0
390974,1,1,18,8,0,0,0,0,0,0,0,0
390974,2,1,21,21,21,21,21,21,21,21,21,21
390975,1,1,0,0,0,0,0,0,0,0,0,0
390976,1,1,0,0,0,0,14,0,0,0,0,0
390976,2,1,0,0,0,0,0,0,0,0,0,0
390977,1,1,11,11,11,11,11,11,11,11,11,11
390977,2,1,0,0,0,0,0,0,0,6,0,0
390978,1,1,0,0,0,0,0,0,0,0,0,0
390979,1,1,17,17,17,17,17,17,17,17,17,17
390979,2,1,0,0,15,24,12,0,16,0,9,31
390982,1,1,16,16,16,16,16,16,16,16,16,16
390982,2,1,10,21,0,0,18,11,0,13,14,0
390983,1,1,25,25,25,25,25,25,25,25,25,25
390984,1,1,18,18,18,18,18,18,18,18,18,18
390985,1,1,15,0,0,18,0,0,0,0,0,24
390986,0,1,12,12,12,12,12,12,12,12,12,12
390986,1,1,0,0,0,0,0,0,0,0,0,0
390986,2,1,0,0,0,0,0,0,0,0,4,0
390987,1,1,25,25,25,25,25,25,25,25,25,25
390988,0,1,0,0,0,20,6,0,0,0,13,0
390988,1,1,19,19,19,19,19,19,19,19,19,19
390989,1,1,21,21,21,21,21,21,21,21,21,21
390990,0,1,15,0,31,0,23,35,11,0,0,9
390990,1,1,16,12,16,19,17,17,18,9,10,39
390991,1,1,12,12,12,12,12,12,12,12,12,12
390991,2,1,0,0,0,0,0,0,0,0,0,0
390991,3,1,0,0,0,0,0,0,0,0,0,0
390992,1,1,0,0,0,0,0,0,0,0,0,0
390992,2,1,18,0,0,0,42,11,0,0,0,13
390992,3,1,0,0,0,0,0,0,0,0,0,0
390993,1,1,0,0,0,0,0,0,23,13,0,0
390993,2,1,0,0,0,0,0,0,0,0,0,0
390994,1,1,18,18,18,18,18,18,18,18,18,18
390995,1,1,23,23,23,23,23,23,23,23,23,23
390996,0,1,11,22,0,0,0,0,15,17,16,0
390996,1,1,0,15,11,12,15,0,0,0,10,0
390997,1,1,0,0,0,0,0,0,0,0,0,0
390997,2,1,0,0,0,0,0,0,0,0,0,0
390998,1,1,26,26,26,26,26,26,26,26,26,26
390998,2,1,0,0,0,0,0,0,13,0,12,12
390999,1,1,0,0,0,0,0,0,0,0,0,0
390999,2,1,0,0,0,0,0,0,0,0,0,0
391000,1,1,24,24,24,24,24,24,24,24,24,24
391001,1,1,0,0,0,0,0,0,0,0,0,0
391002,1,1,14,0,17,0,0,0,0,20,0,0
391002,2,1,0,2,0,0,0,0,0,0,0,0
391003,1,1,0,0,0,0,0,0,0,0,0,0
391004,1,1,0,0,0,0,0,0,0,0,0,0
391005,1,1,0,0,0,0,0,0,0,0,0,0
391006,1,1,2,2,2,2,2,2,2,2,2,2
391007,1,1,0,0,0,0,0,0,0,0,0,0
391008,0,1,0,0,0,0,0,0,0,0,0,0
391008,1,1,17,25,13,3,0,0,0,17,0,0
391008,2,1,0,22,0,0,0,0,0,0,0,0
391008,3,1,0,23,0,0,0,0,0,0,0,0
391009,1,1,19,0,0,0,0,0,0,0,0,0
391009,2,1,0,0,0,0,0,0,0,0,9,0
391010,1,1,0,0,0,0,0,0,0,0,0,0
391011,1,1,0,0,0,0,0,0,0,0,0,0
391012,0,1,0,0,0,0,0,0,0,0,0,0
391012,1,1,0,0,0,0,0,0,0,0,0,0
391013,1,1,0,0,0,0,0,0,0,0,0,0
391013,2,1,0,0,0,0,0,0,0,0,0,0
391013,3,1,0,0,0,0,0,0,12,0,0,11
391014,1,1,0,0,0,0,0,0,0,0,0,0
391015,1,1,11,11,11,11,11,11,11,11,11,11
391016,1,1,17,17,17,17,17,17,17,17,17,17
391016,2,1,0,0,22,0,0,0,0,0,0,0
391017,1,1,0,0,0,0,0,0,0,0,0,0
391018,0,1,0,0,0,0,0,0,0,0,0,0
391018,1,1,0,0,11,0,0,0,0,0,0,0
391019,1,1,17,17,17,17,17,17,17,17,17,17
391020,1,1,0,3,0,9,0,0,0,6,28,7
391020,2,1,17,17,17,17,17,17,17,17,17,17
391021,1,1,15,13,12,0,10,34,14,12,4,20
391021,2,1,0,0,9,0,25,11,0,16,0,0
391022,1,1,24,24,24,24,24,24,24,24,24,24
391023,1,1,0,0,0,0,0,0,0,0,0,0
391023,2,1,4,0,0,0,0,0,0,9,0,0
391024,1,1,19,19,19,19,19,19,19,19,19,19
391024,2,1,7,0,0,10,0,0,0,0,0,0
391025,1,1,8,25,17,7,17,17,29,14,17,37
391026,0,1,0,0,0,0,0,0,0,0,0,0
391026,0,2,0,0,0,0,0,0,0,0,0,0
391026,1,1,0,0,10,0,0,0,20,0,0,0
391027,1,1,31,31,31,31,31,31,31,31,31,31
391027,2,1,0,0,0,0,0,0,0,0,0,0
391028,1,1,0,0,0,0,0,0,0,0,0,0
391029,1,1,0,0,0,0,0,0,0,0,0,0
391029,2,1,0,0,0,0,0,0,0,0,0,0
391030,1,1,0,0,0,0,15,0,0,0,25,0
391031,1,1,0,0,0,0,33,0,0,0,0,0
391032,1,1,0,0,0,0,0,0,0,0,0,0
391033,1,1,22,22,22,22,22,22,22,22,22,22
391034,0,1,12,12,12,12,12,12,12,12,12,12
391034,1,1,17,0,0,0,18,5,28,28,0,15
391035,0,1,0,0,0,0,0,0,0,0,0,0
391035,1,1,0,0,0,0,0,0,0,0,0,0
391036,1,1,22,22,22,22,22,22,22,22,22,22
391036,2,1,4,0,28,10,0,10,10,0,0,13
391036,3,1,0,0,0,30,0,16,23,7,0,0
391037,0,1,0,0,0,0,0,0,0,0,0,0
391037,1,1,13,0,7,0,0,0,0,0,0,0
391038,0,1,36,36,36,36,36,36,36,36,36,36
391038,1,1,9,26,0,7,0,0,0,0,0,0
391039,1,1,0,0,10,0,0,0,0,0,0,0
391040,1,1,18,18,18,18,18,18,18,18,18,18
391040,2,1,0,0,8,0,0,0,0,17,0,0
391041,1,1,7,7,7,7,7,7,7,7,7,7
391041,3,1,0,13,0,0,0,0,0,0,0,0
391042,1,1,0,0,0,0,0,0,0,0,0,0
391042,2,1,0,6,23,18,0,0,10,0,4,0
391043,1,1,0,0,21,24,0,22,0,0,0,0
391043,2,1,0,0,0,0,0,10,0,7,40,11
391044,1,1,23,23,23,23,23,23,23,23,23,23
391044,2,1,0,0,0,0,0,11,0,0,18,0
391045,1,1,25,25,25,25,25,25,25,25,25,25
391046,0,1,0,0,0,0,0,0,0,0,0,0
391046,1,1,0,0,0,0,18,0,15,0,0,0
391047,1,1,19,19,19,19,19,19,19,19,19,19
391048,1,1,0,23,0,0,0,11,0,0,0,0
391048,2,1,0,0,0,0,0,0,0,0,0,0
391049,1,1,0,0,0,0,0,0,0,0,0,0
391049,2,1,0,22,0,0,31,9,40,0,22,0
391050,0,1,0,0,0,0,0,0,0,0,0,0
391050,1,1,0,0,0,0,0,0,0,0,0,0
391051,1,1,19,19,19,19,19,19,19,19,19,19
391052,1,1,0,0,0,0,0,0,0,0,0,0
391053,1,1,18,0,0,21,21,18,13,0,0,23
391054,1,1,13,13,13,13,13,13,13,13,13,13
391055,1,1,0,0,0,0,0,0,0,0,0,0
391056,1,1,17,6,15,13,0,0,24,0,0,0
391056,2,1,0,0,0,0,0,0,0,0,0,0
391056,3,1,0,19,0,0,0,18,0,6,14,0
391056,4,1,0,0,3,0,13,0,10,0,0,0
391057,1,1,15,15,15,15,15,15,15,15,15,15
391057,2,1,0,17,0,20,0,0,0,12,25,15
391058,0,1,0,0,0,0,0,0,0,0,0,0
391058,1,1,14,0,6,0,0,5,0,4,0,5
391059,1,1,16,16,16,16,16,16,16,16,16,16
391059,2,1,0,0,0,0,0,0,0,0,0,0
391060,0,1,0,0,0,0,30,0,21,0,0,16
391060,1,1,14,0,0,0,0,0,0,8,0,0
391061,1,1,9,9,9,9,9,9,9,9,9,9
391062,1,1,24,24,24,24,24,24,24,24,24,24
391062,2,1,0,0,0,0,0,0,0,0,7,0
391063,1,1,8,23,16,0,21,13,20,17,0,16
391064,1,1,17,0,12,0,3,0,13,0,0,18
391064,2,1,12,0,0,0,9,25,0,31,15,19
391065,1,1,0,1,0,0,0,0,0,0,0,0
391065,2,1,0,0,0,0,0,0,0,0,0,0
391067,1,1,0,0,0,0,0,0,0,0,0,0
391068,0,1,0,0,0,0,0,0,0,0,0,0
391068,1,1,23,23,23,23,23,23,23,23,23,23
391068,2,1,0,0,6,13,0,14,0,0,0,0
391069,1,1,0,0,0,0,0,0,0,0,0,0
391069,2,1,0,0,0,0,0,0,0,0,0,0
391070,0,1,0,0,0,0,0,0,0,0,0,0
391070,1,1,0,0,20,15,0,0,0,0,0,8
391071,1,1,19,19,19,19,19,19,19,19,19,19
391072,1,1,0,0,0,0,0,0,15,8,0,0
391072,2,1,0,0,0,0,0,5,4,0,0,0
391073,1,1,0,0,0,0,0,0,0,0,0,0
391073,2,1,0,0,0,0,0,0,0,0,15,0
391074,1,1,0,0,0,0,0,0,0,0,0,0
391074,2,1,0,0,5,5,0,0,0,15,0,0
391075,1,1,0,0,23,0,0,0,0,11,19,0
391075,2,1,15,15,15,15,15,15,15,15,15,15
391076,1,1,0,0,0,0,0,0,0,0,0,0
391078,1,1,0,0,0,0,0,0,0,0,0,0
391078,2,1,0,0,0,0,13,0,0,0,0,0
391079,1,1,17,17,17,17,17,17,17,17,17,17
391080,1,1,7,0,12,15,35,20,20,14,11,5
391081,1,1,7,0,11,19,0,14,13,20,6,13
391082,1,1,29,29,29,29,29,29,29,29,29,29
391083,0,1,27,27,27,27,27,27,27,27,27,27
391083,1,1,28,16,7,0,11,4,24,0,24,0
391084,0,1,12,12,12,12,12,12,12,12,12,12
391084,1,1,22,0,13,9,28,4,0,0,11,12
391085,1,1,0,13,0,0,0,0,0,19,0,0
391085,2,1,0,0,0,0,0,0,0,0,0,0
391086,1,1,0,19,0,0,12,0,0,0,13,7
391086,2,1,0,0,0,0,0,0,0,0,0,0
391086,3,1,0,0,0,0,0,0,0,0,7,3
391087,1,1,0,0,0,0,0,0,0,0,0,0
391088,1,1,19,0,19,0,37,10,17,0,0,44
391089,1,1,0,0,0,0,8,3,0,0,0,0
391089,2,1,0,0,0,0,0,0,0,0,0,0
391090,1,1,16,16,16,16,16,16,16,16,16,16
391091,1,1,0,0,0,0,0,0,0,0,0,0
391091,2,1,0,0,0,0,0,0,0,0,0,0
391092,0,1,0,22,0,0,0,0,21,0,12,23
391092,1,1,0,0,0,13,0,0,3,0,0,19
391093,1,1,0,0,0,0,0,0,0,0,0,0
391094,1,1,28,28,28,28,28,28,28,28,28,28
391094,2,1,0,0,0,0,0,0,0,0,0,0
391095,0,1,0,0,0,0,0,0,0,0,0,0
391095,1,1,0,0,8,0,0,0,0,0,0,0
391096,1,1,22,22,22,22,22,22,22,22,22,22
391097,0,1,29,29,29,29,29,29,29,29,29,29
391097,1,1,0,0,0,0,0,19,0,0,0,9
391097,2,1,12,21,0,0,0,0,0,0,0,27
391097,3,1,11,0,0,0,25,15,0,0,0,25
391097,4,1,0,0,0,22,0,0,9,0,13,0
391097,5,1,0,8,0,0,0,0,11,2,0,0
391098,1,1,31,31,31,31,31,31,31,31,31,31
391099,1,1,0,0,0,0,0,0,0,0,0,0
391099,2,1,0,0,0,0,0,0,0,0,0,0
391100,1,1,0,0,0,0,0,0,0,0,0,0
391100,2,1,0,0,0,0,0,2,0,0,0,0
391101,1,1,0,0,0,0,0,0,0,0,0,0
391102,1,1,21,21,21,21,21,21,21,21,21,21
391102,2,1,0,0,0,0,0,13,0,0,0,0
391103,1,1,0,0,11,0,0,19,0,0,0,0
391104,1,1,0,0,0,0,0,0,0,0,0,0
391104,2,1,0,0,0,0,0,0,0,0,0,0
391105,1,1,32,32,32,32,32,32,32,32,32,32
391106,1,1,23,23,23,23,23,23,23,23,23,23
391106,2,1,26,0,8,0,12,0,0,6,0,0
391107,0,1,20,20,20,20,20,20,20,20,20,20
391107,1,1,0,0,0,0,0,25,0,0,0,0
391108,1,1,0,0,0,0,0,13,0,0,0,0
391108,2,1,16,0,0,0,0,0,0,0,0,20
391109,2,1,0,0,0,0,0,0,0,0,0,0
391110,1,1,35,35,35,35,35,35,35,35,35,35
391111,1,1,0,0,0,0,0,0,0,0,0,0
391112,1,1,4,4,4,4,4,4,4,4,4,4
391112,2,1,15,15,15,15,15,15,15,15,15,15
391113,1,1,0,0,10,0,0,0,18,0,0,0
391113,2,1,0,13,0,0,0,8,0,10,0,0
391113,3,1,0,0,10,0,15,0,20,0,0,0
391114,1,1,0,0,0,0,0,0,0,0,0,0
391114,2,1,0,6,0,0,0,0,0,15,19,0
391114,3,1,0,0,0,0,0,0,0,0,0,0
391115,1,1,0,0,0,0,0,0,0,0,0,0
391115,2,1,0,0,0,0,0,0,0,0,0,0
391116,1,1,0,21,18,19,0,0,14,6,0,16
391117,1,1,0,0,8,0,0,0,0,0,24,0
391117,2,1,0,0,0,0,0,0,0,0,0,0
391118,1,1,0,0,0,0,0,0,0,0,0,0
391119,1,1,0,0,0,0,0,0,0,0,0,0
391119,2,1,0,0,0,0,0,0,0,0,0,0
391119,3,1,13,0,0,0,0,0,0,19,0,0
391120,1,1,0,0,0,0,0,0,0,0,9,0
391120,2,1,0,0,0,0,0,0,0,0,0,0
391121,1,1,23,23,23,23,23,23,23,23,23,23
391122,1,1,0,0,0,0,0,0,0,0,0,0
391123,1,1,6,0,24,0,0,0,12,19,29,14
391124,1,1,0,0,0,0,0,0,0,0,0,0
391124,2,1,0,0,0,0,0,0,0,0,0,19
391125,0,1,0,0,0,0,0,0,0,0,0,0
391125,1,1,0,0,0,0,0,14,0,0,0,4
391126,1,1,28,28,28,28,28,28,28,28,28,28
391127,1,1,0,0,0,0,0,0,0,0,0,0
391127,2,1,0,0,0,0,0,0,0,0,0,0
391128,1,1,0,0,0,0,0,0,0,0,0,0
391129,2,1,14,14,14,14,14,14,14,14,14,14
391130,1,1,24,24,24,24,24,24,24,24,24,24
391131,1,1,0,0,0,0,0,0,0,0,0,0
391131,2,1,0,0,0,0,0,0,0,0,0,0
391132,0,1,10,10,10,10,10,10,10,10,10,10
391132,1,1,0,0,0,12,23,9,0,31,0,0
391132,2,1,0,0,0,0,0,0,0,0,0,0
391133,0,1,25,25,25,25,25,25,25,25,25,25
391133,1,1,0,0,0,0,0,0,0,0,0,0
391134,1,1,0,0,0,0,0,0,0,0,0,0
391134,2,1,0,0,0,0,0,0,15,0,0,0
391135,1,1,0,0,0,0,0,0,0,0,0,0
391135,2,1,11,0,0,0,7,0,0,0,0,0
391135,3,1,0,22,0,0,0,0,0,0,9,0
391136,1,1,0,0,0,0,0,0,0,0,0,0
391136,2,1,0,20,0,0,0,0,0,0,16,14
391137,1,1,23,23,23,23,23,23,23,23,23,23
391138,1,1,0,0,7,0,0,0,8,10,12,14
391139,1,1,0,0,0,0,16,0,12,0,0,0
391139,2,1,0,0,0,0,0,0,0,0,0,0
391140,1,1,24,24,24,24,24,24,24,24,24,24
391141,1,1,23,0,6,0,0,0,0,0,8,6
391141,2,1,0,0,0,0,0,0,0,0,13,0
391141,3,1,15,0,6,0,0,0,2,0,0,0
391142,0,1,0,0,0,5,0,0,0,0,0,0
391142,1,1,0,0,0,0,0,0,0,0,0,0
391143,0,1,0,0,0,0,0,29,0,0,0,0
391143,1,1,0,0,24,9,18,0,5,10,0,21
391144,0,1,16,28,0,26,22,11,7,22,0,27
391144,1,1,9,0,0,0,13,0,8,18,20,0
391145,1,1,20,22,6,28,24,5,7,10,17,15
391145,2,1,0,0,0,0,15,0,0,7,14,13
391146,1,1,9,9,9,9,9,9,9,9,9,9
391147,1,1,0,0,0,0,0,0,0,0,0,0
391148,1,1,0,0,0,0,0,0,0,0,0,0
391150,0,1,0,0,0,0,0,0,0,0,0,0
391150,1,1,14,0,0,4,0,0,0,0,0,0
391151,0,1,23,23,23,23,23,23,23,23,23,23
391151,1,1,0,0,20,0,14,0,0,0,0,0
391152,1,1,0,0,0,0,0,0,0,0,0,0
391152,2,1,26,26,26,26,26,26,26,26,26,26
391153,1,1,9,0,21,3,0,0,20,0,0,0
391153,2,1,16,16,16,16,16,16,16,16,16,16
391155,0,1,0,0,0,0,0,24,0,0,17,35
391155,1,1,0,0,0,0,0,0,0,0,0,0
391156,0,1,0,0,0,0,0,0,0,0,0,0
391156,0,2,0,0,9,0,0,0,0,20,9,0
391156,1,1,0,0,0,0,0,22,11,17,13,0
391157,1,1,27,27,27,27,27,27,27,27,27,27
391157,2,1,0,0,10,0,0,0,0,0,0,0
391157,3,1,0,0,0,0,0,20,0,10,0,22
391158,1,1,24,22,27,0,5,0,0,0,0,0
391158,2,1,0,0,0,0,0,0,0,0,0,0
391159,1,1,0,0,0,0,0,0,0,0,0,0
391159,2,1,4,7,11,13,0,20,10,23,23,22
391160,1,1,0,0,0,0,0,0,0,0,0,0
391160,2,1,0,13,0,0,14,8,0,0,9,0
391161,0,1,0,0,0,0,0,0,0,0,0,0
391161,1,1,0,0,0,0,0,0,0,0,0,0
391162,1,1,0,0,0,0,0,0,0,0,0,0
391162,2,1,0,0,0,0,0,0,0,0,0,0
391163,1,1,0,0,0,0,0,0,0,0,0,0
391164,1,1,0,0,0,0,0,0,0,0,0,0
391165,0,1,0,0,0,0,0,0,0,0,0,0
391165,1,1,0,0,0,0,10,0,0,0,0,0
391166,1,1,0,17,18,0,18,0,0,0,0,0
391166,2,1,0,0,21,0,0,0,0,0,0,13
391167,1,1,0,12,0,0,0,0,0,0,0,0
391167,2,1,15,15,15,15,15,15,15,15,15,15
391169,0,1,0,0,0,0,0,0,0,0,0,0
391169,1,1,20,9,11,0,0,0,0,0,8,0
391170,0,1,5,19,13,22,21,13,14,21,11,0
391170,1,1,11,0,0,13,23,0,20,9,5,0
391172,1,1,24,24,24,24,24,24,24,24,24,24
391173,1,1,15,15,15,15,15,15,15,15,15,15
391174,0,1,0,0,0,0,0,0,0,0,0,0
391174,1,1,22,0,0,0,0,0,0,0,0,0
391176,1,1,0,0,0,0,0,0,0,0,0,0
391176,2,1,0,0,0,0,0,0,0,0,0,0
391177,1,1,24,24,24,24,24,24,24,24,24,24
391179,0,1,11,11,11,11,11,11,11,11,11,11
391179,1,1,0,0,0,0,0,12,0,0,0,0
391180,1,1,0,0,0,0,0,0,0,0,0,0
391180,2,1,0,0,0,0,0,0,11,0,0,0
391181,1,1,38,38,38,38,38,38,38,38,38,38
391181,2,1,0,0,0,0,0,0,0,0,0,0
391182,1,1,0,0,0,0,0,0,0,0,0,0
391182,2,1,6,0,0,0,0,0,0,0,0,0
391183,1,1,0,0,0,0,0,0,0,0,0,0
391183,2,1,0,0,0,0,0,0,0,0,0,0
391184,0,1,0,0,0,0,0,0,0,0,0,0
391184,1,1,0,8,5,0,8,30,0,0,13,12
391185,1,1,13,13,13,13,13,13,13,13,13,13
391187,1,1,0,21,21,0,0,19,22,0,29,0
391188,1,1,7,20,0,0,0,0,0,0,0,19
391188,2,1,0,0,0,0,0,0,0,0,0,0
391189,0,1,0,0,18,0,24,6,23,13,31,0
391189,1,1,0,4,25,28,27,0,0,12,0,8
391190,1,1,20,20,20,20,20,20,20,20,20,20
391191,1,1,0,0,0,0,0,0,0,0,0,0
391191,2,1,0,14,0,0,0,0,0,20,0,0
391192,1,1,0,13,0,0,14,0,0,0,0,0
391193,1,1,15,15,15,15,15,15,15,15,15,15
391195,1,1,0,0,0,0,0,0,0,0,0,0
391196,1,1,13,13,13,13,13,13,13,13,13,13
391198,1,1,0,0,0,0,0,0,0,0,0,0
391199,1,1,0,0,0,0,0,0,0,0,0,0
391200,1,1,0,0,0,0,0,0,0,0,0,0
391200,2,1,0,0,0,0,0,0,0,0,0,0
391201,1,1,0,0,0,8,0,12,0,0,14,0
391201,2,1,22,0,0,0,0,8,0,0,20,0
391202,0,1,0,0,0,0,0,0,0,0,0,0
391202,1,1,14,0,0,0,0,0,0,0,0,0
391203,1,1,0,0,0,0,0,0,0,0,0,0
391203,2,1,15,6,0,0,0,0,0,0,0,0
391204,1,1,0,0,0,0,0,0,0,0,0,0
391204,2,1,0,0,0,0,0,0,0,2,0,0
391205,1,1,23,23,23,23,23,23,23,23,23,23
391206,1,1,0,0,0,0,0,0,0,0,0,0
391206,2,1,0,0,0,0,0,0,0,0,0,0
391207,0,1,14,22,0,22,0,10,30,33,16,28
391207,1,1,0,13,0,0,0,0,18,0,0,0
391207,2,1,0,0,0,0,0,0,0,0,6,0
391207,3,1,0,0,0,0,7,0,0,0,15,8
391208,1,1,0,0,0,0,0,0,0,0,0,0
391209,0,1,0,0,0,0,0,0,0,0,0,0
391209,1,1,8,0,10,0,0,12,10,11,0,0
391210,1,1,20,20,20,20,20,20,20,20,20,20
391211,1,1,4,4,4,4,4,4,4,4,4,4
391212,1,1,0,0,0,0,0,0,0,6,0,0
391212,2,1,0,0,0,0,0,0,0,0,0,0
391214,1,1,16,16,16,16,16,16,16,16,16,16
391214,2,1,30,30,30,30,30,30,30,30,30,30
391215,1,1,6,0,0,0,0,0,0,0,0,0
391215,2,1,25,0,0,0,0,0,0,0,0,0
391216,1,1,0,0,0,0,5,0,0,0,0,0
391216,2,1,0,0,0,0,0,0,0,0,0,0
391217,0,1,0,0,0,0,0,0,0,0,0,0
391217,1,1,15,19,0,0,0,0,0,0,0,0
391218,1,1,27,27,27,27,27,27,27,27,27,27