ST_CASE,VEH_NO,PER_NO,P1,P2,P3,P4,P5,P6,P7,P8,P9,P10
391218,2,1,9,9,9,9,9,9,9,9,9,9
391219,1,1,28,28,28,28,28,28,28,28,28,28
391219,2,1,0,0,0,0,0,0,9,12,19,0
391219,3,1,0,0,0,0,0,0,0,0,0,0
391220,0,1,19,17,20,0,16,0,21,0,31,0
391220,1,1,0,8,8,0,0,12,11,0,18,23
391221,1,1,24,24,24,24,24,24,24,24,24,24
391222,1,1,0,14,0,23,0,0,0,15,19,0
391223,1,1,29,29,29,29,29,29,29,29,29,29
391224,1,1,33,33,33,33,33,33,33,33,33,33
391225,1,1,0,0,0,0,0,0,0,0,0,0
391225,2,1,0,0,0,0,0,0,0,7,0,0
391225,3,1,0,0,0,0,0,0,0,12,14,0
391226,1,1,0,0,0,0,0,0,0,0,0,0
391226,2,1,0,0,3,0,0,0,0,13,21,0
391227,0,1,0,0,0,0,0,0,0,0,0,0
391227,1,1,0,0,0,0,0,0,0,0,0,0
391228,1,1,0,0,0,0,0,14,0,0,0,0
391229,1,1,14,14,14,14,14,14,14,14,14,14
391230,0,1,0,0,0,0,0,0,0,0,0,0
391230,1,1,0,0,0,0,12,13,17,0,0,11
391231,0,1,0,0,0,0,0,0,0,0,0,0
391231,1,1,4,0,0,0,0,0,0,0,0,0
391232,1,1,8,0,28,0,0,0,15,0,0,0
391232,2,1,8,0,0,0,0,0,0,0,0,10
391234,0,1,0,0,0,18,0,0,0,0,19,0
391234,0,2,22,12,37,0,0,17,28,31,16,31
391234,1,1,0,0,0,0,0,0,0,0,0,18
391234,2,1,22,0,0,0,0,22,0,18,0,13
391235,1,1,20,20,0,11,23,0,16,13,38,8
391236,1,1,0,0,0,0,0,0,0,0,0,0
391236,2,1,0,0,0,8,0,0,0,0,29,0
391237,1,1,0,0,0,0,0,10,0,0,0,0
391237,2,1,0,0,0,0,0,0,0,0,0,0
391238,1,1,0,0,0,0,0,0,0,0,0,0
391238,2,1,15,0,0,3,0,0,0,0,0,12
391239,1,1,25,25,25,25,25,25,25,25,25,25
391240,0,1,0,0,0,0,0,0,0,0,0,0
391240,1,1,0,15,0,0,0,0,0,0,0,0
391241,1,1,13,13,13,13,13,13,13,13,13,13
391242,0,1,0,0,0,0,0,0,0,0,0,0
391242,1,1,16,9,14,0,0,14,3,7,12,9
391243,1,1,0,0,0,0,0,0,0,22,0,0
391243,2,1,0,0,0,0,19,32,0,0,0,0
391244,1,1,21,21,21,21,21,21,21,21,21,21
391244,2,1,0,0,0,0,0,0,0,0,0,0
391245,0,1,12,0,0,0,0,0,14,0,0,0
391245,1,1,11,0,0,0,0,0,15,0,0,0
391246,1,1,0,0,8,7,0,0,0,36,32,21
391246,2,1,0,0,0,0,0,0,0,0,0,0
391247,1,1,0,0,0,0,0,0,0,0,0,0
391248,1,1,0,0,0,0,0,13,10,0,0,14
391248,2,1,12,12,12,12,12,12,12,12,12,12
391249,1,1,16,16,16,16,16,16,16,16,16,16
391249,2,1,0,17,0,0,0,0,0,17,0,0
391250,1,1,0,0,0,0,0,0,0,0,0,0
391250,2,1,0,3,0,3,14,0,0,11,0,0
391250,3,1,0,0,0,0,10,9,0,0,13,0
391251,0,1,0,0,0,0,0,0,0,0,0,0
391251,1,1,0,18,0,0,0,0,10,0,0,0
391252,1,1,0,0,0,0,0,0,0,0,0,0
391252,2,1,0,0,0,0,0,0,0,0,0,0
391253,1,1,37,37,37,37,37,37,37,37,37,37
391254,1,1,25,0,8,21,13,15,0,0,19,0
391255,1,1,0,0,0,0,0,0,0,0,0,14
391256,0,1,0,0,0,0,0,0,0,0,0,0
391256,1,1,0,17,0,0,0,0,0,0,0,13
391257,1,1,3,3,3,3,3,3,3,3,3,3
391258,1,1,18,21,15,16,10,9,13,0,19,17
391259,1,1,0,0,0,0,0,0,0,0,0,0
391260,1,1,0,0,0,0,0,0,0,0,0,0
391261,0,1,6,6,6,6,6,6,6,6,6,6
391261,1,1,17,0,10,28,0,0,0,0,0,0
391262,0,1,0,0,0,0,0,0,0,0,0,0
391262,1,1,0,0,0,0,0,0,0,20,0,0
391263,1,1,0,17,0,0,0,0,0,0,0,0
391263,2,1,0,0,0,0,16,7,0,0,0,7
391264,1,1,0,9,0,0,0,0,0,0,0,0
391264,2,1,0,0,0,0,10,0,0,0,0,27
391265,1,1,0,0,0,0,0,0,0,0,0,0
391265,2,1,0,8,0,0,0,0,0,0,0,12
391266,1,1,0,0,0,0,0,0,0,0,0,0
391266,2,1,0,0,0,0,0,0,18,0,0,0
391267,2,1,26,26,26,26,26,26,26,26,26,26
391268,1,1,0,0,0,0,0,0,0,0,0,0
391268,2,1,0,0,0,0,0,0,0,0,0,0
391269,1,1,17,17,17,17,17,17,17,17,17,17
391270,1,1,24,24,24,24,24,24,24,24,24,24
391271,1,1,0,0,0,0,0,0,0,0,0,0
391272,1,1,5,5,5,5,5,5,5,5,5,5
391272,2,1,20,0,0,0,0,0,12,0,9,0
391272,3,1,0,0,0,0,0,0,0,8,0,0
391273,0,1,0,0,0,0,0,0,0,0,0,0
391273,1,1,0,6,0,10,0,19,0,0,11,5
391274,1,1,0,0,0,0,0,0,0,0,0,0
391275,0,1,0,0,0,0,0,0,0,0,0,0
391275,1,1,0,0,13,0,0,0,0,19,0,0
391276,1,1,0,0,0,0,0,0,0,0,0,0
391276,2,1,0,0,0,0,0,0,5,0,0,0
391277,0,1,14,14,14,14,14,14,14,14,14,14
391277,1,1,0,0,0,0,0,13,24,16,0,0
391278,1,1,0,0,0,0,0,0,6,0,0,0
391278,2,1,0,0,0,0,0,0,0,0,0,0
391279,1,1,41,14,0,0,0,0,0,0,0,6
391279,2,1,7,0,0,0,0,3,0,0,0,0
391280,0,1,0,0,0,0,0,0,0,0,0,0
391280,1,1,7,0,0,0,24,9,9,21,0,11
391281,1,1,0,6,0,0,16,13,17,3,13,0
391281,2,1,0,0,0,0,0,0,0,0,0,0
391282,1,1,26,26,26,26,26,26,26,26,26,26
391283,1,1,0,0,0,0,0,0,0,0,0,0
391284,1,1,0,0,0,0,6,0,0,0,0,0
391284,2,1,0,12,0,0,0,0,0,0,0,0
391284,3,1,0,0,0,0,0,0,0,0,0,14
391285,0,1,17,17,17,17,17,17,17,17,17,17
391285,1,1,25,25,25,25,25,25,25,25,25,25
391286,0,1,0,0,0,0,0,0,0,0,0,0
391286,1,1,0,0,0,7,0,0,0,14,0,0
391287,1,1,0,0,0,0,0,0,0,0,0,0
391288,1,1,0,0,0,0,0,0,0,0,0,0
391289,1,1,0,0,0,0,0,0,0,0,0,0
391290,1,1,0,0,0,0,0,0,0,0,0,0
391290,2,1,0,0,0,0,22,15,0,10,0,0
391290,3,1,10,9,0,0,0,25,0,0,0,0
391291,0,1,28,28,28,28,28,28,28,28,28,28
391291,1,1,50,0,0,0,0,0,0,8,9,0
391292,1,1,0,8,10,14,2,15,12,19,0,11
391292,2,1,0,0,0,0,5,15,0,20,0,4
391293,1,1,11,11,11,11,11,11,11,11,11,11
391293,2,1,0,0,0,0,0,0,0,0,0,0
391294,1,1,0,0,0,0,0,0,0,0,0,0
391294,2,1,17,0,15,0,17,0,0,29,0,17
400001,0,1,0,0,0,0,0,0,0,0,0,0
400001,1,1,7,0,0,0,0,0,0,0,0,13
400002,1,1,26,26,26,26,26,26,26,26,26,26
400003,1,1,28,28,28,28,28,28,28,28,28,28
400004,0,1,0,0,0,0,0,0,0,0,0,0
400004,1,1,0,0,0,0,0,0,0,0,0,0
400004,2,1,0,0,0,0,0,0,0,0,0,0
400005,1,1,0,0,0,0,0,0,0,0,0,0
400005,2,1,0,0,0,0,0,0,0,0,0,0
400006,1,1,0,0,0,0,0,0,0,0,0,0
400006,2,1,0,0,0,0,0,0,0,0,0,0
400007,1,1,0,0,0,0,0,0,0,0,0,0
400007,2,1,0,0,0,0,0,0,0,0,0,0
400007,3,1,16,0,0,0,0,0,0,0,0,0
400008,1,1,25,25,25,25,25,25,25,25,25,25
400008,2,1,0,0,0,0,0,0,0,0,0,0
400008,3,1,0,0,0,0,0,0,0,0,0,0
400009,0,1,0,11,0,0,0,0,0,0,0,0
400009,1,1,0,0,0,0,0,0,0,0,0,0
400010,1,1,0,0,0,0,0,0,0,0,0,0
400010,2,1,13,13,13,13,13,13,13,13,13,13
400011,1,1,0,0,0,0,0,0,0,0,0,0
400011,2,1,0,22,0,0,0,0,0,28,0,0
400012,1,1,0,0,0,0,0,0,0,0,0,0
400012,2,1,0,0,0,0,0,0,0,0,0,0
400013,1,1,0,0,0,0,0,0,0,0,0,0
400013,2,1,0,0,0,0,0,0,0,0,12,0
400014,1,1,0,0,0,0,0,0,0,0,0,0
400014,2,1,0,0,0,0,0,0,0,0,0,0
400015,1,1,0,0,0,0,0,0,0,0,0,0
400015,2,1,0,0,0,0,0,0,0,0,0,0
400015,3,1,0,6,0,0,0,0,0,0,0,0
400016,0,1,0,0,0,0,0,0,0,0,0,0
400016,1,1,0,0,0,0,0,0,0,0,0,0
400017,1,1,0,0,0,0,0,0,0,0,0,0
400017,2,1,0,0,0,0,0,0,0,0,0,0
400018,1,1,6,6,6,6,6,6,6,6,6,6
400019,1,1,0,0,0,0,0,0,0,0,0,0
400019,2,1,0,0,0,0,0,0,0,0,0,0
400020,1,1,0,0,0,0,0,0,0,0,0,0
400020,2,1,0,0,0,0,0,0,0,0,0,0
400021,1,1,0,21,10,14,0,32,0,9,0,0
400021,2,1,0,0,0,0,0,0,0,0,0,0
400022,0,1,9,9,9,9,9,9,9,9,9,9
400022,0,2,0,0,0,0,0,0,0,0,0,0
400022,1,1,0,0,0,0,0,0,0,0,0,0
400023,0,1,0,0,0,0,0,0,0,0,0,0
400023,1,1,0,15,0,0,0,0,0,0,0,0
400024,1,1,25,25,25,25,25,25,25,25,25,25
400024,2,1,0,0,0,0,0,0,0,0,0,0
400025,1,1,0,0,0,0,0,0,0,0,0,0
400026,1,1,13,13,13,13,13,13,13,13,13,13
400027,1,1,2,2,2,2,2,2,2,2,2,2
400027,2,1,0,0,0,0,0,0,0,0,0,0
400028,0,1,0,0,0,0,0,0,0,0,0,0
400028,0,2,0,20,0,0,0,0,0,0,0,0
400028,1,1,0,0,0,0,0,0,0,0,0,0
400029,1,1,0,0,0,0,0,0,0,0,0,0
400029,2,1,0,0,0,0,0,0,0,0,0,0
400029,3,1,0,0,0,0,0,0,0,0,0,0
400030,1,1,20,20,20,20,20,20,20,20,20,20
400030,2,1,0,0,0,0,0,0,0,0,0,0
400032,0,1,0,0,0,0,0,0,0,0,0,0
400032,1,1,0,0,0,0,0,0,0,0,0,0
400033,0,1,12,12,12,12,12,12,12,12,12,12
400033,1,1,0,0,0,0,0,0,0,0,0,0
400034,1,1,0,0,0,0,0,0,0,0,0,0
400034,2,1,0,0,0,0,0,0,0,0,0,0
400036,1,1,0,0,0,0,0,0,0,0,0,0
400036,2,1,0,0,0,0,0,0,0,0,0,0
400037,1,1,4,4,4,4,4,4,4,4,4,4
400038,1,1,10,10,10,10,10,10,10,10,10,10
400039,1,1,16,16,16,16,16,16,16,16,16,16
400040,1,1,0,0,0,0,0,0,0,20,0,0
400040,2,1,0,0,16,0,0,0,0,2,0,0
400040,3,1,0,0,0,0,0,0,0,0,0,0
400040,4,1,0,0,0,0,0,0,0,0,0,0
400040,5,1,0,0,0,0,0,0,0,0,0,0
400040,6,1,0,0,0,0,0,0,0,0,0,0
400041,1,1,0,0,0,0,0,0,0,0,0,0
400042,1,1,0,0,0,0,0,0,0,0,0,0
400042,2,1,0,0,0,0,0,0,0,0,0,14
400043,1,1,0,0,16,0,0,0,0,0,0,0
400044,1,1,8,8,8,8,8,8,8,8,8,8
400045,1,1,26,26,26,26,26,26,26,26,26,26
400045,2,1,0,0,0,0,0,0,0,0,0,0
400046,1,1,0,0,0,0,0,0,0,0,0,0
400046,2,1,0,0,0,0,0,0,0,0,0,0
400047,0,1,0,0,0,0,0,0,0,0,0,0
400047,1,1,0,0,0,0,0,0,0,0,0,0
400048,1,1,0,0,0,0,0,0,0,0,0,0
400048,2,1,0,0,0,0,0,0,0,0,0,0
400049,1,1,25,25,25,25,25,25,25,25,25,25
400050,1,1,0,0,0,0,0,0,0,0,0,0
400050,2,1,0,0,0,0,0,0,0,0,0,0
400051,1,1,0,0,0,0,0,0,0,25,0,0
400052,0,1,0,0,0,0,0,0,0,0,0,0
400052,1,1,0,0,0,0,0,0,0,0,0,0
400053,1,1,0,0,0,0,0,0,0,0,0,0
400053,2,1,0,0,0,0,0,0,0,0,0,0
400054,1,1,0,0,0,0,0,0,0,0,0,0
400054,2,1,0,0,0,0,0,0,0,0,0,0
400055,0,1,0,0,0,0,0,0,0,0,0,0
400055,0,2,0,0,0,0,0,0,0,0,0,0
400055,1,1,0,0,0,0,0,0,0,0,0,0
400056,1,1,24,24,24,24,24,24,24,24,24,24
400057,1,1,0,0,0,0,0,0,0,0,0,0
400057,2,1,0,0,0,0,0,0,0,0,0,0
400057,3,1,0,0,0,0,0,0,0,0,0,0
400058,1,1,0,0,0,0,0,0,0,0,0,0
400058,2,1,0,0,0,0,0,0,0,0,0,0
400058,3,1,0,0,0,0,0,0,0,0,0,0
400059,1,1,0,0,0,0,0,0,0,0,0,0
400059,2,1,0,0,0,0,0,0,0,0,0,0
400060,1,1,0,0,0,0,0,0,0,0,0,0
400061,0,1,24,24,24,24,24,24,24,24,24,24
400061,1,1,0,0,0,0,0,0,0,0,0,0
400062,0,1,0,0,0,0,0,0,0,0,0,0
400062,1,1,0,0,0,0,0,0,0,0,0,0
400063,1,1,0,0,0,0,0,0,0,0,0,0
400063,2,1,0,0,0,0,0,0,0,0,0,0
400064,0,1,29,29,29,29,29,29,29,29,29,29
400064,1,1,7,6,0,0,0,0,0,0,0,0
400065,1,1,0,0,0,0,0,0,0,0,0,0
400065,2,1,0,0,0,0,0,0,15,0,0,0
400065,3,1,0,0,19,0,0,0,0,0,0,0
400066,1,1,8,8,8,8,8,8,8,8,8,8
400067,0,1,0,0,0,0,0,0,0,0,0,0
400067,1,1,0,7,16,0,0,0,14,19,0,0
400068,1,1,18,18,18,18,18,18,18,18,18,18
400068,2,1,24,0,0,0,0,0,0,0,0,0
400069,0,1,26,26,26,26,26,26,26,26,26,26
400069,1,1,0,0,10,0,0,7,0,0,0,0
400069,2,1,0,0,0,0,0,14,0,0,0,0
400071,1,1,23,23,23,23,23,23,23,23,23,23
400071,2,1,0,0,0,0,0,0,0,0,0,0
400072,1,1,0,0,0,0,0,0,0,0,0,0
400072,2,1,0,0,0,0,0,0,0,0,0,0
400072,3,1,0,0,0,0,0,12,0,0,0,0
400073,0,1,0,0,0,0,0,16,0,0,0,0
400073,1,1,0,28,0,13,0,0,0,15,18,0
400074,1,1,32,32,32,32,32,32,32,32,32,32
400075,1,1,21,21,21,21,21,21,21,21,21,21
400076,0,1,30,30,30,30,30,30,30,30,30,30
400076,1,1,0,0,0,0,0,0,0,0,0,0
400077,1,1,0,0,0,0,0,0,0,0,0,0
400077,2,1,0,0,0,0,0,0,0,0,0,0
400078,1,1,0,0,0,0,0,0,0,0,0,0
400079,1,1,23,23,23,23,23,23,23,23,23,23
400080,1,1,0,0,0,0,0,0,0,0,0,0
400081,1,1,28,28,28,28,28,28,28,28,28,28
400081,2,1,0,0,0,0,0,0,0,0,0,0
400082,0,1,0,0,0,0,0,0,0,0,0,0
400082,1,1,0,0,0,26,17,18,20,25,13,0
400083,1,1,22,22,22,22,22,22,22,22,22,22
400083,2,1,33,33,33,33,33,33,33,33,33,33
400084,1,1,0,0,0,0,0,0,0,0,0,0
400085,1,1,0,0,0,0,0,0,0,0,0,0
400085,2,1,0,0,0,0,0,14,0,0,0,0
400086,1,1,0,0,0,0,0,0,0,0,0,0
400087,1,1,0,0,0,0,0,0,0,0,0,0
400087,2,1,0,0,0,0,0,0,0,0,0,0
400088,1,1,0,0,0,0,0,0,0,0,0,0
400088,2,1,0,0,0,0,0,0,0,0,0,0
400089,1,1,0,0,0,0,0,0,0,0,0,0
400090,1,1,0,0,0,0,0,0,0,0,0,0
400090,2,1,0,0,0,0,0,0,0,0,0,0
400091,1,1,0,0,0,0,0,0,0,0,0,0
400092,1,1,2,2,2,2,2,2,2,2,2,2
400093,1,1,0,0,0,0,0,0,0,0,0,0
400093,2,1,1,1,1,1,1,1,1,1,1,1
400094,1,1,0,0,0,0,0,0,0,0,0,0
400095,0,1,5,5,5,5,5,5,5,5,5,5
400095,1,1,0,0,0,0,0,0,0,0,0,0
400096,1,1,0,0,0,0,0,0,0,0,0,0
400096,2,1,0,0,0,0,0,0,0,0,0,0
400097,1,1,0,0,0,0,0,0,0,0,0,0
400098,1,1,12,12,12,12,12,12,12,12,12,12
400098,2,1,0,0,0,0,0,0,0,0,0,0
400099,1,1,16,16,16,16,16,16,16,16,16,16
400100,1,1,6,6,6,6,6,6,6,6,6,6
400101,1,1,12,12,12,12,12,12,12,12,12,12
400101,2,1,0,0,0,0,0,0,0,0,0,0
400102,1,1,21,21,21,21,21,21,21,21,21,21
400102,2,1,0,0,0,6,0,0,0,0,0,0
400103,1,1,0,0,0,0,0,0,0,0,0,0
400103,2,1,0,0,0,0,0,0,0,0,0,0
400104,1,1,0,0,0,0,0,0,0,0,0,0
400104,2,1,6,6,6,6,6,6,6,6,6,6
400105,1,1,18,18,18,18,18,18,18,18,18,18
400106,1,1,19,48,0,0,0,16,27,2,0,5
400108,1,1,20,20,20,20,20,20,20,20,20,20
400108,2,1,0,0,0,0,0,0,0,0,0,0
400109,1,1,23,23,23,23,23,23,23,23,23,23
400110,1,1,0,0,0,0,0,0,0,0,0,0
400110,2,1,0,0,0,0,0,0,0,0,0,0
400111,1,1,0,0,0,0,0,0,0,0,0,0
400111,2,1,0,0,0,19,0,0,0,0,0,0
400111,3,1,0,0,0,0,0,0,0,0,0,0
400112,1,1,0,0,0,0,0,0,0,0,0,0
400112,2,1,0,0,0,0,0,0,0,0,0,0
400113,1,1,0,0,0,0,0,0,0,0,0,0
400114,1,1,0,0,0,0,0,0,0,0,0,0
400114,2,1,0,0,0,0,0,0,0,0,0,0
400116,1,1,0,17,0,0,0,12,0,0,0,0
400116,2,1,0,0,0,0,0,0,0,0,18,0
400117,0,1,0,0,0,0,0,0,0,0,0,0
400117,1,1,0,0,0,0,0,0,0,0,0,0
400117,2,1,0,0,0,0,0,0,0,0,0,0
400118,1,1,3,0,0,0,0,0,0,0,0,0
400118,2,1,15,15,15,15,15,15,15,15,15,15
400118,3,1,0,0,0,0,0,0,0,0,0,0
400119,1,1,22,22,22,22,22,22,22,22,22,22
400119,2,1,0,0,0,0,0,0,0,0,0,0
400120,1,1,10,10,10,10,10,10,10,10,10,10
400120,2,1,0,0,0,0,0,0,0,0,0,0
400121,1,1,6,6,6,6,6,6,6,6,6,6
400122,1,1,0,0,0,0,0,0,0,0,0,0
400123,1,1,0,0,0,0,0,0,0,0,0,0
400124,1,1,0,0,0,0,0,0,0,0,0,0
400124,2,1,0,0,0,0,0,0,0,0,0,0
400125,1,1,0,0,0,0,0,0,0,0,0,0
400125,2,1,0,0,0,0,0,0,0,0,0,0
400126,1,1,0,0,0,0,0,0,0,0,0,0
400126,2,1,0,0,10,0,0,0,0,0,0,0
400127,0,1,0,0,0,0,0,0,0,0,0,0
400127,1,1,0,0,0,0,0,0,0,0,0,0
400128,1,1,0,0,0,11,0,0,0,0,0,0
400128,2,1,0,0,0,0,0,0,0,0,0,21
400129,1,1,7,7,7,7,7,7,7,7,7,7
400130,0,1,0,0,0,0,0,0,0,0,0,0
400130,1,1,0,0,0,0,0,0,0,0,0,0
400131,1,1,0,0,0,0,0,0,0,0,0,0
400132,1,1,23,23,23,23,23,23,23,23,23,23
400133,1,1,0,0,0,0,0,0,0,0,0,0
400133,2,1,0,0,0,0,0,0,0,0,0,0
400133,3,1,0,0,0,5,0,0,0,0,0,0
400134,1,1,0,0,0,0,0,0,0,0,0,0
400134,2,1,0,0,0,0,0,0,0,0,0,0
400135,1,1,0,0,0,0,0,0,0,0,0,0
400135,2,1,0,0,0,0,0,0,0,0,0,0
400135,3,1,0,0,0,0,0,0,0,0,0,0
400136,1,1,0,0,0,0,0,0,0,0,0,0
400136,2,1,0,0,0,0,0,0,0,0,0,0
400137,0,1,0,0,0,0,0,0,0,0,0,0
400137,1,1,0,0,0,0,0,0,0,0,3,0
400138,1,1,2,2,2,2,2,2,2,2,2,2
400138,2,1,0,0,0,0,0,0,0,0,0,0
400139,1,1,20,20,20,20,20,20,20,20,20,20
400140,1,1,17,17,17,17,17,17,17,17,17,17
400141,1,1,1,1,1,1,1,1,1,1,1,1
400141,2,1,0,0,0,0,0,0,0,6,0,0
400142,1,1,11,11,11,11,11,11,11,11,11,11
400142,2,1,0,0,0,8,0,0,0,0,0,0
400142,3,1,0,0,0,0,0,0,0,0,0,0
400143,1,1,21,21,21,21,21,21,21,21,21,21
400144,1,1,0,0,31,0,0,0,0,16,30,0
400144,2,1,0,0,0,0,0,0,0,0,0,0
400145,1,1,0,0,0,0,0,0,0,0,0,0
400146,1,1,0,0,0,0,0,0,0,0,0,0
400146,2,1,0,0,0,0,0,0,0,0,0,0
400147,1,1,0,0,0,0,0,0,0,0,0,29
400148,1,1,0,0,0,0,0,11,19,0,0,14
400148,2,1,0,0,0,0,0,0,0,0,0,0
400148,3,1,0,0,0,0,0,10,0,0,0,0
400149,0,1,0,12,0,0,27,4,24,0,24,5
400149,1,1,0,0,0,0,0,0,0,0,0,0
400149,2,1,0,0,0,0,0,0,0,0,0,0
400150,1,1,7,7,7,7,7,7,7,7,7,7
400151,0,1,16,16,16,16,16,16,16,16,16,16
400151,1,1,0,0,0,0,0,0,0,0,0,0
400152,1,1,0,0,0,0,0,0,0,0,0,0
400153,1,1,19,19,19,19,19,19,19,19,19,19
400153,2,1,15,15,15,15,15,15,15,15,15,15
400154,1,1,0,0,0,0,0,0,0,0,0,0
400154,2,1,0,0,0,0,0,0,0,0,0,0
400155,1,1,22,22,22,22,22,22,22,22,22,22
400156,1,1,0,0,0,0,0,0,0,0,0,0
400157,1,1,0,0,0,0,0,0,0,0,0,0
400157,2,1,0,0,0,0,0,0,0,0,0,0
400158,0,1,0,0,0,0,0,0,0,0,0,0
400158,1,1,0,0,7,0,0,0,0,0,0,0
400159,0,1,0,0,0,0,0,0,0,0,0,0
400159,0,2,0,0,0,0,0,0,0,0,0,0
400159,1,1,0,0,0,0,0,0,0,0,0,0
400160,1,1,0,0,0,0,0,0,0,0,0,0
400160,2,1,0,0,8,0,0,0,0,0,0,20
400161,1,1,0,0,0,0,0,0,0,0,0,0
400162,1,1,0,0,0,0,0,0,0,0,0,0
400162,2,1,0,0,0,0,0,0,0,0,0,0
400163,0,1,0,0,0,0,0,0,0,0,0,0
400163,1,1,0,0,0,0,0,0,0,0,0,0
400164,0,1,0,0,0,0,0,0,0,0,0,0
400164,1,1,11,16,25,13,23,0,0,12,15,5
400165,1,1,20,20,20,20,20,20,20,20,20,20
400165,2,1,0,0,0,0,0,0,0,0,0,0
400166,1,1,0,0,0,0,0,0,0,0,0,0
400166,2,1,0,0,0,0,0,0,0,0,0,0
400167,1,1,0,0,0,0,0,0,0,0,0,0
400167,2,1,0,0,0,0,0,0,0,0,0,0
400167,3,1,11,0,0,0,0,0,0,0,0,0
400168,1,1,0,0,0,0,0,0,0,0,0,0
400168,2,1,0,0,0,0,0,19,0,0,0,0
400168,3,1,0,0,0,0,0,0,0,0,0,11
400168,4,1,0,0,0,0,0,0,0,0,0,0
400169,1,1,0,0,0,0,0,0,0,0,0,0
400170,1,1,0,0,0,0,0,0,0,0,0,0
400170,2,1,0,0,0,0,0,0,0,0,0,0
400172,1,1,15,15,15,15,15,15,15,15,15,15
400173,1,1,0,0,0,0,0,0,0,0,0,0
400173,2,1,0,0,0,0,0,0,0,0,0,0
400174,1,1,0,0,0,0,0,0,0,0,0,0
400174,2,1,0,0,0,0,0,0,0,0,0,0
400175,1,1,0,0,0,0,0,0,0,0,0,0
400175,2,1,0,0,0,0,0,0,0,0,0,0
400176,1,1,0,0,0,0,0,0,0,0,0,0
400176,2,1,0,0,0,0,0,0,0,0,0,0
400177,1,1,0,0,0,0,0,0,0,0,0,0
400177,2,1,0,0,0,0,0,0,0,0,0,0
400178,1,1,21,21,21,21,21,21,21,21,21,21
400179,1,1,0,0,0,0,0,0,0,0,0,0
400179,2,1,0,0,5,0,4,0,0,6,0,0
400180,0,1,0,0,0,0,0,0,0,0,0,0
400180,1,1,0,0,0,9,0,0,0,0,0,0
400181,1,1,0,0,0,0,0,0,0,0,0,0
400182,1,1,12,12,12,12,12,12,12,12,12,12
400182,2,1,6,6,6,6,6,6,6,6,6,6
400183,0,1,15,15,15,15,15,15,15,15,15,15
400183,1,1,14,0,0,0,0,0,15,0,0,0
400184,1,1,12,12,12,12,12,12,12,12,12,12
400185,1,1,0,0,0,0,0,0,0,0,0,0
400185,2,1,0,0,0,0,0,0,0,0,0,0
400186,1,1,0,0,0,0,0,0,0,0,0,0
400186,2,1,0,0,0,0,0,0,0,0,0,0
400187,1,1,21,21,21,21,21,21,21,21,21,21
400187,2,1,21,0,0,0,0,0,0,0,0,0
400187,3,1,0,0,0,0,0,0,0,0,0,0
400188,1,1,16,16,16,16,16,16,16,16,16,16
400189,1,1,0,0,0,0,0,0,0,0,0,0
400189,2,1,0,0,0,0,0,0,0,0,0,0
400190,1,1,0,0,0,0,0,0,0,0,0,0
400190,2,1,0,0,0,0,0,0,0,0,0,0
400191,0,1,15,15,15,15,15,15,15,15,15,15
400191,1,1,0,0,0,0,0,0,0,0,0,0
400192,1,1,0,0,0,0,0,0,0,0,0,0
400192,2,1,0,0,0,0,0,0,0,0,0,0
400193,1,1,0,0,0,0,0,0,0,0,0,0
400194,1,1,0,0,0,0,0,0,0,0,0,0
400194,2,1,0,0,0,0,0,0,0,0,0,0
400194,3,1,0,0,0,0,0,0,0,0,0,0
400195,1,1,0,0,0,0,0,0,0,0,0,0
400195,2,1,0,0,0,0,0,0,0,0,0,0
400195,3,1,0,0,0,0,0,0,0,0,0,0
400195,4,1,0,0,0,0,0,0,0,0,0,0
400195,5,1,0,0,0,0,0,0,0,0,0,0
400196,0,1,0,0,0,0,0,0,0,0,0,0
400196,1,1,0,0,0,14,0,0,0,0,0,0
400197,1,1,0,0,0,0,0,0,0,0,0,0
400198,1,1,0,0,0,0,0,0,0,0,0,0
400198,2,1,15,15,15,15,15,15,15,15,15,15
400199,1,1,22,22,22,22,22,22,22,22,22,22
400200,1,1,22,22,22,22,22,22,22,22,22,22
400201,1,1,0,0,0,0,0,0,0,0,16,0
400201,2,1,19,19,19,19,19,19,19,19,19,19
400202,1,1,0,0,0,0,0,0,0,0,0,0
400203,1,1,0,0,29,31,0,0,0,0,0,0
400203,2,1,0,0,0,0,0,0,0,0,0,0
400204,1,1,0,0,0,0,0,0,0,0,0,0
400205,1,1,0,0,0,0,0,0,0,0,0,0
400205,2,1,0,0,0,0,0,0,0,0,0,0
400206,1,1,0,0,0,0,0,0,0,0,0,0
400207,1,1,0,0,0,0,0,0,0,0,0,0
400207,2,1,0,0,0,0,0,0,0,15,0,0
400208,1,1,19,19,19,19,19,19,19,19,19,19
400209,1,1,40,40,40,40,40,40,40,40,40,40
400210,1,1,0,0,0,0,0,0,0,0,0,0
400211,1,1,0,0,0,0,0,0,0,0,0,0
400212,1,1,0,20,0,12,6,0,0,13,0,0
400213,1,1,0,0,0,0,0,0,0,0,0,0
400214,1,1,24,20,19,31,11,9,9,5,9,9