ST_CASE,VEH_NO,PER_NO,P1,P2,P3,P4,P5,P6,P7,P8,P9,P10
400215,0,1,0,0,0,0,0,0,0,0,0,0
400215,1,1,0,0,0,10,0,14,9,19,14,8
400216,1,1,0,0,0,0,0,0,0,0,0,0
400216,2,1,15,0,0,0,0,0,0,0,0,0
400217,1,1,0,0,0,0,0,0,0,0,0,0
400217,2,1,0,0,0,0,0,0,0,0,0,0
400218,1,1,16,16,16,16,16,16,16,16,16,16
400219,0,1,0,0,0,0,0,0,0,0,0,0
400219,1,1,0,0,0,0,0,0,0,0,0,0
400220,1,1,0,0,0,0,0,0,0,0,0,0
400220,2,1,0,0,0,0,0,0,0,0,0,0
400221,1,1,0,0,0,0,0,0,0,0,0,0
400221,2,1,0,0,0,0,0,0,0,0,0,0
400222,1,1,3,0,7,1,0,22,2,28,11,0
400222,2,1,0,0,0,0,0,0,0,0,0,0
400223,1,1,0,0,0,0,0,0,0,0,0,0
400223,2,1,0,0,0,0,0,0,0,0,0,0
400224,1,1,5,5,5,5,5,5,5,5,5,5
400224,2,1,0,0,0,0,0,0,0,0,0,0
400225,1,1,0,0,0,0,0,0,0,0,0,0
400226,1,1,0,0,0,0,0,0,0,0,0,0
400226,2,1,0,0,0,0,0,0,0,0,0,0
400227,0,1,0,0,0,0,0,5,0,0,0,0
400227,1,1,0,0,0,0,0,0,0,0,20,0
400228,1,1,13,13,13,13,13,13,13,13,13,13
400229,1,1,0,0,0,0,0,0,0,0,0,0
400229,2,1,0,0,0,0,0,0,0,0,15,11
400229,3,1,0,0,0,0,0,0,0,0,0,0
400229,4,1,0,0,0,0,0,0,0,0,0,0
400229,5,1,0,0,0,0,0,0,7,0,0,0
400229,6,1,0,0,0,0,0,0,0,0,0,0
400230,1,1,2,2,2,2,2,2,2,2,2,2
400230,2,1,0,0,0,0,0,0,0,0,0,0
400231,1,1,0,0,0,0,0,0,0,0,0,0
400231,2,1,0,0,0,0,0,0,0,0,0,0
400231,3,1,0,0,0,0,0,0,0,0,0,0
400231,4,1,0,0,0,0,0,0,0,14,0,0
400231,5,1,0,0,0,10,0,0,0,0,0,0
400231,6,1,0,0,0,0,0,0,0,0,0,0
400232,0,1,0,0,0,0,0,0,0,0,0,0
400232,1,1,0,0,0,0,0,0,0,0,0,0
400233,1,1,0,0,0,0,0,0,0,0,0,0
400233,2,1,0,0,0,0,0,0,0,0,0,0
400234,1,1,0,0,0,0,0,0,0,0,0,0
400234,2,1,0,0,0,0,0,0,0,0,0,0
400235,1,1,17,17,17,17,17,17,17,17,17,17
400236,1,1,18,18,18,18,18,18,18,18,18,18
400237,1,1,0,0,0,0,0,0,0,0,0,0
400237,2,1,0,0,0,0,0,0,0,0,0,0
400238,1,1,0,0,0,0,0,0,0,0,0,0
400238,2,1,0,0,0,0,0,14,0,16,0,11
400239,1,1,0,0,0,0,0,0,0,0,0,0
400239,2,1,0,0,0,0,0,0,0,0,0,0
400240,1,1,12,12,12,12,12,12,12,12,12,12
400241,0,1,0,0,0,0,0,0,0,0,0,0
400241,1,1,13,13,13,13,13,13,13,13,13,13
400242,1,1,0,0,0,0,0,0,0,0,0,0
400242,2,1,0,0,0,0,0,0,0,0,0,0
400242,3,1,0,0,0,0,0,0,0,0,0,0
400242,4,1,0,0,0,0,0,0,0,0,0,0
400243,1,1,19,19,19,19,19,19,19,19,19,19
400243,2,1,0,0,0,0,0,0,0,0,0,0
400244,1,1,0,0,0,0,0,0,0,0,0,0
400245,1,1,0,0,0,0,0,0,0,0,0,0
400246,0,1,16,16,16,16,16,16,16,16,16,16
400246,1,1,0,0,0,0,0,0,0,0,0,0
400247,1,1,5,0,0,0,0,0,0,0,0,0
400247,2,1,0,0,0,0,0,0,0,0,0,0
400247,3,1,0,0,0,0,0,0,0,0,0,0
400247,4,1,0,0,0,0,0,0,0,0,0,0
400247,5,1,0,0,0,19,16,0,10,0,0,0
400247,6,1,0,0,0,0,0,0,0,0,0,0
400248,1,1,0,0,0,0,0,0,0,0,0,0
400249,0,1,0,0,0,0,0,0,0,0,0,0
400249,1,1,0,0,0,0,0,0,0,0,0,0
400250,1,1,8,8,8,8,8,8,8,8,8,8
400251,1,1,0,0,0,0,0,0,0,0,0,0
400251,2,1,0,0,0,0,0,0,0,0,0,0
400252,1,1,0,0,0,0,0,0,0,0,0,0
400253,1,1,0,0,0,0,0,0,0,0,0,0
400253,2,1,0,0,0,15,0,0,0,0,0,0
400253,3,1,0,0,0,0,0,0,0,0,0,0
400254,1,1,0,0,0,0,0,0,0,0,0,0
400255,1,1,0,0,0,0,0,0,0,0,0,0
400256,1,1,32,9,21,0,0,10,7,0,0,0
400257,1,1,0,0,0,0,0,0,0,0,0,0
400258,1,1,26,26,26,26,26,26,26,26,26,26
400259,1,1,0,0,0,0,0,0,0,0,0,0
400260,1,1,0,0,0,0,0,0,0,0,0,0
400260,2,1,0,0,34,19,0,21,9,20,56,19
400261,1,1,0,0,0,0,0,0,0,0,0,0
400262,1,1,26,26,26,26,26,26,26,26,26,26
400263,1,1,0,0,0,0,0,0,0,0,0,0
400264,1,1,0,0,0,0,0,0,0,0,0,0
400265,2,1,6,0,21,6,14,0,18,18,0,0
400266,1,1,0,0,0,0,0,0,0,7,0,0
400266,2,1,0,0,0,0,0,0,0,0,0,0
400267,1,1,26,26,26,26,26,26,26,26,26,26
400268,1,1,18,18,18,18,18,18,18,18,18,18
400269,1,1,0,0,0,0,18,0,29,0,0,14
400270,1,1,21,21,21,21,21,21,21,21,21,21
400271,1,1,0,0,0,0,0,0,0,0,0,0
400271,2,1,0,0,0,0,0,0,0,0,0,0
400272,1,1,0,0,0,0,0,0,0,0,0,0
400272,2,1,0,0,0,0,0,0,0,0,0,0
400273,0,1,40,0,22,0,0,0,0,0,0,32
400273,1,1,0,0,17,0,0,0,0,0,0,0
400274,1,1,0,0,0,0,0,0,0,0,0,0
400274,2,1,0,0,0,0,0,0,0,0,0,0
400275,0,1,0,0,0,0,0,0,0,0,0,0
400275,1,1,0,0,0,0,0,0,0,0,0,0
400276,0,1,0,0,0,0,0,0,0,0,0,0
400276,1,1,0,0,0,0,0,0,0,0,0,0
400277,0,1,0,0,0,0,0,0,0,0,0,0
400277,1,1,0,0,0,0,0,0,0,0,0,0
400278,1,1,0,0,0,0,0,0,0,0,0,0
400279,1,1,0,0,0,0,0,0,0,0,0,0
400279,2,1,0,0,0,0,0,0,0,0,0,0
400280,1,1,0,0,0,0,0,0,0,0,0,0
400280,2,1,0,0,0,0,0,0,0,0,0,0
400281,0,1,15,0,0,0,18,21,0,29,0,24
400281,1,1,10,17,0,10,14,4,0,0,0,3
400281,2,1,0,0,0,0,0,0,0,0,0,0
400281,3,1,0,0,0,0,3,0,0,0,0,0
400282,1,1,0,0,0,0,0,0,0,0,0,0
400283,1,1,14,14,14,14,14,14,14,14,14,14
400284,1,1,0,0,0,4,0,0,7,0,0,0
400284,2,1,0,0,0,0,0,0,0,0,0,0
400285,1,1,0,0,0,0,0,0,0,0,0,0
400285,2,1,0,0,0,0,0,0,0,0,0,0
400286,1,1,21,21,21,21,21,21,21,21,21,21
400286,2,1,0,0,0,0,0,0,0,0,0,0
400286,3,1,0,0,0,0,0,0,0,0,0,19
400286,4,1,0,0,0,0,0,0,0,0,0,0
400287,1,1,0,0,0,0,0,0,0,0,0,0
400287,2,1,0,0,15,0,0,0,0,0,0,0
400288,1,1,0,0,0,0,0,0,0,0,0,0
400288,2,1,0,0,0,0,0,0,0,0,0,0
400289,2,1,0,0,0,0,0,0,0,0,0,0
400290,0,1,0,0,0,0,0,0,0,0,0,0
400290,1,1,0,0,0,0,0,0,0,0,0,0
400291,1,1,20,0,0,12,15,24,18,31,12,11
400292,1,1,0,0,0,0,0,0,0,0,0,0
400293,1,1,0,0,0,0,0,0,0,0,0,0
400293,2,1,0,0,0,0,0,0,0,0,0,0
400294,1,1,0,0,0,0,0,0,0,0,0,0
400295,1,1,0,0,0,0,0,0,0,0,0,0
400295,2,1,0,0,0,0,0,0,0,0,0,0
400296,1,1,0,0,0,0,0,0,0,0,0,0
400297,1,1,0,0,0,0,0,0,0,0,0,0
400298,1,1,0,0,0,0,0,0,0,0,0,0
400298,2,1,9,0,0,0,0,0,0,0,0,0
400299,1,1,0,0,0,0,0,0,0,0,0,0
400300,1,1,11,11,11,11,11,11,11,11,11,11
400301,1,1,0,0,0,0,0,0,0,0,0,0
400301,2,1,0,0,0,0,0,0,0,0,0,0
400302,1,1,23,23,23,23,23,23,23,23,23,23
400303,1,1,0,0,0,0,0,0,0,0,0,0
400304,1,1,20,20,20,20,20,20,20,20,20,20
400305,1,1,0,0,0,0,0,0,0,0,0,0
400305,2,1,0,0,2,0,0,0,0,0,0,0
400306,1,1,0,0,0,0,0,0,0,0,0,0
400307,1,1,0,0,0,0,0,0,0,0,0,0
400308,1,1,0,0,0,0,0,0,0,0,0,0
400309,0,1,0,0,0,0,0,0,0,0,0,0
400309,1,1,0,0,0,0,0,0,0,0,0,0
400311,0,1,18,0,29,0,0,8,0,16,0,0
400311,1,1,0,0,0,0,31,0,0,0,0,0
400312,1,1,0,0,0,0,0,0,0,0,0,0
400312,2,1,0,0,0,0,0,0,0,0,0,0
400313,1,1,0,0,0,0,0,0,0,0,0,0
400313,2,1,0,0,0,0,0,0,0,0,0,0
400314,1,1,0,0,0,0,0,0,0,0,0,0
400314,2,1,0,0,0,0,0,0,0,0,0,0
400315,1,1,0,0,0,0,0,0,0,0,0,0
400315,2,1,0,0,0,0,0,0,0,0,0,9
400316,1,1,0,0,0,0,0,0,0,0,0,0
400316,2,1,0,0,0,0,0,0,0,0,0,0
400317,1,1,0,0,0,0,0,0,0,0,0,0
400317,2,1,0,0,0,0,0,0,0,0,0,0
400317,3,1,0,0,0,0,0,0,0,0,0,0
400318,1,1,21,21,21,21,21,21,21,21,21,21
400318,2,1,0,0,0,0,25,21,0,0,0,0
400319,1,1,0,0,0,0,0,0,0,0,0,0
400319,2,1,0,0,0,0,0,0,0,0,0,0
400319,3,1,0,0,0,0,0,0,16,0,0,0
400320,1,1,0,0,0,0,0,0,0,0,0,0
400321,1,1,29,0,0,0,0,0,0,0,0,0
400321,2,1,0,0,0,0,0,0,0,0,0,0
400322,1,1,0,0,0,0,0,0,0,0,0,0
400323,0,1,17,17,17,17,17,17,17,17,17,17
400323,1,1,0,0,0,0,0,0,0,0,0,0
400324,1,1,0,0,0,0,0,0,0,0,0,0
400325,0,1,27,27,27,27,27,27,27,27,27,27
400325,1,1,0,0,0,0,0,0,0,0,0,0
400326,0,1,14,14,14,14,14,14,14,14,14,14
400326,1,1,15,15,15,15,15,15,15,15,15,15
400327,0,1,0,0,0,0,0,0,0,0,0,0
400327,1,1,13,13,13,13,13,13,13,13,13,13
400328,1,1,12,12,12,12,12,12,12,12,12,12
400328,2,1,0,0,0,0,0,0,0,0,0,0
400329,0,1,0,0,0,0,0,0,0,0,0,0
400329,1,1,0,0,0,0,0,0,0,0,0,0
400330,1,1,0,29,0,0,21,0,0,0,20,0
400331,1,1,0,0,0,0,0,0,0,0,0,0
400331,2,1,0,0,0,0,0,0,0,0,0,0
400332,1,1,22,22,22,22,22,22,22,22,22,22
400333,1,1,0,0,0,0,0,0,0,0,0,0
400333,2,1,0,0,0,0,0,0,0,0,0,0
400333,3,1,0,0,0,0,0,0,0,0,0,0
400334,1,1,19,19,19,19,19,19,19,19,19,19
400335,1,1,18,18,18,18,18,18,18,18,18,18
400335,2,1,0,0,0,0,0,0,0,0,0,0
400336,1,1,0,0,0,0,0,0,0,0,0,0
400336,2,1,0,0,0,0,0,0,0,0,0,0
400337,1,1,0,0,0,0,0,0,0,0,0,0
400338,1,1,20,20,20,20,20,20,20,20,20,20
400339,1,1,2,2,2,2,2,2,2,2,2,2
400340,1,1,0,0,0,0,0,0,0,0,0,0
400340,2,1,0,0,0,0,0,0,0,0,0,0
400340,3,1,0,0,0,0,0,0,9,0,0,6
400341,0,1,0,0,9,0,0,42,14,0,0,13
400341,0,2,0,24,11,0,0,25,24,38,37,0
400341,1,1,0,0,0,0,0,0,0,0,0,0
400342,1,1,0,0,0,0,0,0,31,0,14,0
400342,2,1,0,19,0,0,0,0,0,0,0,0
400343,1,1,0,0,0,0,0,0,0,0,0,0
400343,2,1,0,0,0,0,0,0,0,0,0,0
400344,1,1,0,0,0,29,0,0,0,18,0,0
400344,2,1,0,0,0,0,0,0,0,0,0,13
400345,1,1,0,0,0,0,0,0,0,0,0,0
400346,1,1,21,21,21,21,21,21,21,21,21,21
400347,1,1,0,0,0,0,0,0,0,0,0,0
400347,2,1,0,0,0,0,0,0,0,0,0,0
400348,1,1,0,0,0,0,0,0,0,0,0,0
400349,1,1,0,0,0,0,0,0,0,0,0,0
400349,2,1,0,0,0,0,17,0,0,0,0,0
400350,1,1,0,0,0,0,0,35,0,0,0,0
400350,2,1,0,0,0,0,0,0,0,0,0,0
400351,1,1,0,0,0,0,0,0,0,0,0,0
400351,2,1,0,0,0,51,0,0,0,0,0,0
400351,3,1,0,0,0,0,0,0,0,0,0,0
400352,0,1,0,0,0,0,0,0,0,0,0,0
400352,1,1,0,0,0,0,0,0,0,0,0,0
400352,2,1,0,0,0,0,0,0,0,0,0,0
400353,1,1,0,0,0,0,0,0,0,0,0,0
400353,2,1,0,0,0,0,0,0,0,0,0,0
400353,3,1,0,0,0,0,0,0,0,0,0,0
400354,1,1,0,0,0,0,0,0,0,0,0,0
400355,1,1,16,16,16,16,16,16,16,16,16,16
400356,1,1,0,0,0,0,0,0,0,0,0,0
400357,1,1,15,15,15,15,15,15,15,15,15,15
400358,1,1,6,6,6,6,6,6,6,6,6,6
400359,0,1,0,0,0,0,0,0,0,0,0,0
400359,1,1,0,0,0,0,0,0,0,0,0,0
400360,1,1,0,0,0,0,0,0,0,0,0,0
400360,2,1,0,0,0,0,0,0,0,0,0,0
400361,1,1,0,0,0,0,0,0,0,0,0,0
400361,2,1,0,0,0,0,0,0,0,0,0,0
400362,1,1,0,0,0,0,0,0,0,0,0,0
400362,2,1,0,0,0,0,0,0,0,0,0,0
400363,1,1,11,11,11,11,11,11,11,11,11,11
400364,1,1,0,0,0,0,0,0,0,0,0,0
400365,1,1,0,0,0,0,0,0,0,0,0,0
400365,2,1,0,0,0,0,0,0,0,0,0,0
400365,3,1,0,0,0,0,0,0,0,0,0,0
400365,4,1,0,0,0,0,0,0,0,0,0,0
400366,1,1,0,0,0,0,0,0,0,0,0,0
400366,2,1,0,4,0,13,0,0,0,0,10,0
400367,1,1,0,0,0,0,0,0,0,0,0,0
400367,2,1,0,0,0,0,0,0,0,0,0,0
400368,1,1,0,0,0,0,0,0,0,0,0,0
400369,1,1,0,0,0,0,0,0,0,0,0,0
400369,2,1,0,0,0,0,0,0,0,0,0,0
400370,1,1,0,0,0,0,0,0,0,0,0,0
400370,2,1,0,0,0,0,0,0,0,0,0,0
400370,3,1,0,0,0,0,0,0,0,0,0,0
400371,1,1,12,12,12,12,12,12,12,12,12,12
400372,1,1,0,0,0,0,0,0,0,0,0,0
400373,1,1,27,27,27,27,27,27,27,27,27,27
400374,1,1,5,0,13,13,0,16,0,0,0,0
400375,1,1,0,0,0,0,0,0,0,0,0,0
400375,2,1,0,0,0,0,0,0,0,0,0,0
400376,1,1,13,0,0,20,21,0,0,0,16,0
400377,0,1,0,0,0,0,0,0,0,0,0,0
400377,1,1,12,0,4,8,4,17,10,10,13,6
400378,0,1,0,0,0,0,0,0,0,0,0,0
400378,1,1,14,0,0,0,6,0,18,0,0,0
400379,1,2,28,7,0,0,0,0,0,0,0,0
400380,1,1,31,31,31,31,31,31,31,31,31,31
400381,1,1,0,0,0,0,0,0,0,0,0,0
400381,2,1,18,0,0,0,0,0,0,0,0,0
400382,1,1,0,10,0,0,0,0,0,0,0,0
400383,1,1,0,0,0,0,0,0,0,0,0,0
400384,1,1,0,0,0,0,0,0,0,0,0,0
400384,2,1,0,0,0,0,0,0,0,0,0,0
400385,1,1,0,0,0,0,0,0,0,0,0,0
400385,2,1,0,0,0,0,0,0,0,0,0,0
400386,1,1,0,0,0,0,0,0,0,0,0,0
400387,1,1,0,0,0,0,0,0,0,0,0,0
400388,0,1,0,0,0,0,0,0,0,0,0,0
400388,1,1,0,0,0,0,0,0,0,0,0,0
400389,1,1,8,0,25,0,0,0,29,0,13,0
400390,1,1,20,20,20,20,20,20,20,20,20,20
400390,2,1,0,0,0,0,0,0,0,0,0,0
400391,1,1,0,0,0,0,0,0,0,0,0,0
400391,2,1,0,0,0,0,0,0,0,0,0,0
400392,1,1,14,14,14,14,14,14,14,14,14,14
400392,2,1,0,0,0,0,0,0,0,0,0,0
400393,1,1,2,2,2,2,2,2,2,2,2,2
400393,2,1,0,0,0,0,0,0,0,0,0,0
400394,1,1,0,0,0,0,0,0,0,0,0,0
400394,2,1,0,0,0,0,16,0,0,0,0,0
400395,1,1,15,15,15,15,15,15,15,15,15,15
400396,1,1,0,0,0,0,0,0,0,0,0,0
400397,1,1,19,19,19,19,19,19,19,19,19,19
400398,1,1,0,0,0,0,0,0,0,0,0,0
400398,2,1,25,25,25,25,25,25,25,25,25,25
400399,1,1,0,0,0,0,0,0,0,0,0,0
400401,1,1,9,0,22,0,20,0,0,0,0,0
400402,1,1,12,12,12,12,12,12,12,12,12,12
400403,1,1,0,0,0,0,0,0,0,0,0,0
400403,2,1,3,3,3,3,3,3,3,3,3,3
400404,1,1,8,8,8,8,8,8,8,8,8,8
400405,1,1,0,0,0,0,0,0,0,0,0,0
400405,2,1,27,27,27,27,27,27,27,27,27,27
400407,1,1,0,0,0,0,0,0,0,0,0,0
400407,2,1,0,0,0,0,0,0,0,0,0,0
400408,1,1,15,15,15,15,15,15,15,15,15,15
400409,1,1,0,0,0,0,0,0,0,0,0,0
400409,2,1,0,0,0,0,0,0,0,0,0,0
400410,1,1,0,0,0,0,0,0,0,0,0,0
400410,2,1,0,0,0,0,0,0,0,0,0,0
400411,1,1,0,0,0,0,18,0,0,0,0,19
400412,0,1,0,0,0,0,0,0,0,0,0,0
400412,1,1,0,0,0,0,0,0,0,0,0,0
400413,1,1,0,0,0,0,0,0,0,0,0,0
400413,2,1,0,0,0,0,0,0,0,0,0,0
400414,1,1,0,0,0,0,0,0,0,0,0,0
400415,1,1,0,0,0,0,0,0,24,0,6,0
400416,1,3,11,20,37,22,22,14,0,15,12,20
400417,1,1,0,0,0,0,0,0,0,0,0,0
400418,1,1,12,12,12,12,12,12,12,12,12,12
400418,2,1,0,0,0,0,0,0,0,0,0,0
400419,1,1,12,18,24,10,14,8,16,36,20,17
400420,1,1,27,24,0,0,4,0,13,8,0,8
400421,0,1,0,0,18,0,11,0,0,0,0,0
400421,1,1,0,0,0,0,0,0,0,0,0,0
400422,1,1,0,0,0,0,0,0,0,0,0,0
400422,2,1,0,0,0,0,0,0,0,0,0,0
400422,3,1,0,0,0,0,0,0,0,0,0,0
400423,0,1,0,0,0,0,0,0,0,0,0,0
400423,1,1,0,0,0,0,0,0,0,0,0,0
400424,1,1,0,0,0,0,0,0,0,0,0,0
400424,2,1,0,0,0,0,0,0,0,0,0,0
400425,1,1,16,16,16,16,16,16,16,16,16,16
400426,1,1,0,0,0,0,0,0,0,0,0,0
400427,1,1,0,0,0,0,0,0,0,0,0,0
400428,1,1,29,29,29,29,29,29,29,29,29,29
400428,2,1,0,0,0,0,0,0,0,0,0,0
400429,1,1,0,0,0,0,0,0,0,0,0,0
400429,2,1,0,0,0,0,0,0,0,0,0,0
400430,1,1,0,0,0,0,0,0,0,0,0,0
400430,2,1,0,0,0,0,0,0,0,0,0,0
400431,1,1,0,0,0,0,0,0,0,0,0,0
400432,1,1,18,0,0,0,0,26,0,0,7,0
400433,0,1,0,0,0,0,0,0,0,0,0,0
400433,1,1,0,0,26,0,0,16,15,0,0,0
400434,1,1,0,0,0,0,0,0,0,0,0,0
400435,1,1,0,0,0,0,0,0,0,0,0,0
400435,2,1,0,0,0,0,0,0,0,0,0,0
400436,1,1,0,0,0,0,0,0,0,0,0,0
400436,2,1,0,0,0,0,0,18,0,0,0,0
400436,3,1,0,0,0,0,0,0,0,0,0,0
400437,1,1,0,0,0,0,0,0,0,0,0,0
400438,1,1,15,15,15,15,15,15,15,15,15,15
400438,2,1,12,0,0,0,0,0,0,0,0,0
400439,1,1,0,0,0,0,0,0,0,0,0,0
400440,1,1,0,0,0,0,0,0,0,0,0,0
400441,0,1,0,0,0,0,0,0,0,0,0,0
400441,1,1,6,6,6,6,6,6,6,6,6,6
400442,0,1,25,25,25,25,25,25,25,25,25,25
400442,1,1,0,0,0,0,0,0,0,0,0,0
400443,1,1,0,0,0,0,0,0,0,0,0,0
400444,1,1,6,18,0,19,0,0,6,0,0,0
400444,2,1,0,0,0,0,0,0,0,0,0,0
400444,3,1,0,0,0,0,0,0,0,0,0,0
400445,1,1,0,0,0,0,14,0,0,23,0,0
400445,2,1,0,0,0,0,0,0,0,0,0,0
400445,3,1,0,24,0,0,0,0,0,0,0,0
400446,0,1,0,0,0,0,0,0,0,0,0,0
400446,1,1,28,4,15,0,7,4,24,5,9,21
400447,1,1,0,0,0,0,0,0,0,0,0,0
400447,2,1,0,0,0,0,0,0,0,0,0,0
400448,1,1,0,0,0,0,0,0,0,0,0,0
400449,1,1,0,0,0,0,0,0,0,0,0,0
400449,2,1,0,0,0,0,0,0,0,0,0,0
400449,3,1,0,0,0,0,0,0,0,0,0,0
400450,1,1,0,0,0,0,0,0,0,0,0,0
400451,0,1,0,0,0,0,0,0,0,0,0,0
400451,1,1,8,8,8,8,8,8,8,8,8,8
400452,1,1,0,0,0,0,0,0,0,0,0,0
400452,2,1,0,0,0,0,0,0,0,0,0,0
400453,1,1,0,0,0,15,0,0,8,0,0,0
400453,2,1,0,0,0,0,0,0,0,0,0,0
400454,1,1,0,0,0,0,0,0,0,0,0,0
400455,1,1,0,0,0,0,0,0,0,0,0,0
400456,0,1,19,19,19,19,19,19,19,19,19,19
400456,1,1,0,0,0,0,0,0,0,0,0,0
400457,0,1,0,0,0,0,0,0,0,0,0,0
400457,1,1,0,0,0,0,0,0,0,0,0,0
400458,1,1,0,0,0,0,0,0,0,0,0,0
400458,2,1,0,0,0,0,0,0,0,0,0,0
400459,1,1,0,0,0,0,0,0,0,0,0,0
400460,1,1,0,0,0,0,0,0,0,0,0,0
400461,1,1,0,0,0,0,0,0,0,0,0,0
400461,2,1,0,0,0,0,0,0,0,0,0,0
400462,0,1,0,0,0,0,0,0,0,0,0,0
400462,1,1,6,0,30,0,20,21,0,0,0,0
400463,1,1,22,22,22,22,22,22,22,22,22,22
400464,1,1,0,0,0,0,0,0,0,0,0,0
400465,1,1,0,0,0,0,0,0,0,0,0,0
400465,2,1,0,0,0,0,0,0,0,0,0,0
400466,1,1,0,0,0,0,0,0,0,0,0,0
400466,2,1,0,0,0,0,0,0,0,0,0,0
400467,1,1,0,0,0,0,0,0,0,0,0,0
400467,2,1,0,0,0,0,0,0,0,0,0,0
400468,0,1,23,23,23,23,23,23,23,23,23,23
400468,1,1,0,0,0,0,0,0,0,0,13,0
400468,2,1,6,0,23,0,10,0,21,15,16,0
400469,1,1,2,2,2,2,2,2,2,2,2,2
400470,1,1,0,0,0,0,0,0,0,0,0,0
400470,2,1,0,0,0,0,0,0,0,0,0,0
400471,2,1,0,0,0,0,0,0,0,0,0,0
400472,1,1,0,0,0,0,0,0,0,0,0,0
400472,2,1,0,0,0,0,0,0,0,0,0,0
400473,1,1,0,0,0,0,0,0,0,0,0,0
400473,2,1,0,0,0,0,0,0,0,0,0,0
400474,0,1,0,0,33,0,9,0,0,0,0,0
400474,1,1,0,0,0,0,0,0,0,0,0,0
400475,1,1,0,4,14,0,0,4,3,0,0,0
400476,1,1,10,0,60,28,0,0,16,0,19,22
400477,1,1,0,0,0,0,0,0,0,0,0,0
400477,2,1,0,0,0,0,0,0,0,0,0,0
400478,1,1,0,0,0,0,0,0,0,0,0,0
400479,1,1,0,0,0,0,0,0,0,0,0,0
400479,2,1,0,0,0,0,0,0,0,0,0,0
400480,0,1,0,0,0,0,0,0,0,0,0,0
400480,1,1,0,0,0,0,0,0,0,0,0,0
400481,1,1,0,0,0,0,0,0,0,0,0,0
400482,1,1,0,0,0,0,0,0,0,0,0,0
400483,0,1,0,0,0,0,0,0,0,0,0,0
400483,1,1,0,0,0,0,0,0,0,0,0,0
400484,1,1,8,8,8,8,8,8,8,8,8,8
400485,1,1,0,0,0,0,0,0,0,0,0,0
400485,2,1,0,0,0,0,0,0,0,0,0,0
400486,1,1,0,0,0,0,0,22,0,0,0,0
400487,1,1,0,0,0,0,0,0,0,0,0,0
400487,2,1,0,0,0,0,0,0,0,0,0,0
400488,1,1,0,0,0,0,0,0,0,0,0,0
400489,1,1,0,0,0,0,0,0,0,0,0,0
400489,2,1,0,0,0,0,0,20,0,0,0,0
400489,3,1,0,0,0,0,0,0,0,0,0,0
400489,5,1,0,0,0,0,0,0,0,0,0,0
400490,1,1,18,18,18,18,18,18,18,18,18,18
400490,2,1,0,0,21,0,0,0,0,0,0,0
400490,3,1,0,0,0,0,5,0,0,0,0,0
400491,1,1,0,0,0,0,0,0,0,0,0,0
400491,2,1,0,0,0,0,0,0,0,0,0,0
400491,3,1,0,0,0,0,7,0,0,0,0,0
400491,4,1,0,0,0,31,0,0,0,0,0,22
400492,1,1,0,0,0,0,0,0,0,0,0,0
400492,3,1,0,0,0,0,0,0,0,0,0,0
400493,1,1,0,0,0,0,0,0,0,0,0,0
400493,2,1,0,0,0,0,0,0,0,0,0,0
400494,1,1,0,0,0,0,0,0,0,0,0,0
400495,1,1,0,0,0,0,0,0,0,0,0,0
400496,1,1,0,0,0,0,0,0,0,0,0,0
400497,0,1,0,0,0,0,0,0,0,0,0,0
400497,1,1,0,0,0,0,0,0,0,15,0,0
400498,1,1,13,0,0,0,0,0,0,0,0,0
400498,2,1,0,0,0,0,0,0,0,0,0,0
400499,1,1,3,3,3,3,3,3,3,3,3,3
400500,1,1,15,15,15,15,15,15,15,15,15,15
400501,1,1,0,0,0,0,0,0,0,0,0,0
400502,1,1,12,12,12,12,12,12,12,12,12,12
400503,1,1,15,15,15,15,15,15,15,15,15,15
400504,1,1,0,0,0,0,0,0,0,0,0,0
400505,1,1,0,0,0,14,0,0,11,24,21,0
400505,2,1,0,0,0,0,0,0,0,0,0,0
400506,1,1,12,12,12,12,12,12,12,12,12,12
400506,2,1,0,0,0,0,0,0,0,0,28,0
400506,3,1,0,0,14,0,0,0,0,0,0,0
400507,1,1,0,0,0,0,0,0,0,0,0,0
400508,1,1,40,40,40,40,40,40,40,40,40,40
400508,2,1,0,0,0,0,0,0,0,0,0,0
400509,1,1,29,29,29,29,29,29,29,29,29,29
400509,2,1,0,0,0,0,7,0,0,0,0,0
400510,1,1,0,0,0,0,0,0,0,0,0,0
400510,2,1,0,0,22,0,0,0,0,0,0,0
400511,0,1,36,36,36,36,36,36,36,36,36,36
400511,1,1,0,0,0,0,0,0,0,0,0,0
400512,1,1,9,9,9,9,9,9,9,9,9,9
400512,2,1,0,0,0,0,0,0,0,12,0,0
400513,1,1,22,22,22,22,22,22,22,22,22,22
400513,2,1,0,0,0,0,0,0,0,0,0,0
400514,1,1,34,34,34,34,34,34,34,34,34,34
400515,1,1,16,16,16,16,16,16,16,16,16,16
400515,2,1,0,0,0,0,0,21,0,0,0,0
400516,1,1,0,0,0,0,0,0,0,0,0,0
400517,0,1,0,0,0,0,0,0,0,0,0,0
400517,1,1,0,15,29,0,14,29,20,5,7,4
400518,1,1,18,18,18,18,18,18,18,18,18,18
400519,1,1,0,0,0,0,0,0,0,0,0,0
400519,2,1,0,0,0,0,0,0,0,0,0,0
400520,1,1,0,0,0,0,0,0,0,0,0,0
400521,1,1,0,0,23,0,0,0,0,0,0,0