ST_CASE,VEH_NO,PER_NO,P1,P2,P3,P4,P5,P6,P7,P8,P9,P10
410120,1,1,31,31,31,31,31,31,31,31,31,31
410120,2,1,0,0,0,0,0,0,0,0,0,0
410121,1,1,0,0,12,15,24,18,0,28,0,14
410122,1,1,0,0,0,0,0,0,0,19,0,0
410123,1,1,0,0,0,0,0,0,0,0,0,0
410123,2,1,14,0,0,0,0,0,0,0,0,0
410124,1,1,0,0,0,0,0,0,0,0,0,13
410125,1,1,9,4,30,23,0,18,24,26,17,19
410125,2,1,18,26,0,0,0,3,0,22,0,0
410126,1,1,0,0,0,0,0,0,0,0,0,0
410127,1,1,15,15,15,15,15,15,15,15,15,15
410128,1,1,13,13,13,13,13,13,13,13,13,13
410128,2,1,0,0,14,0,6,0,0,0,0,0
410129,1,1,12,12,12,12,12,12,12,12,12,12
410130,1,1,0,0,22,15,0,17,0,0,0,0
410131,1,1,1,1,1,1,1,1,1,1,1,1
410131,2,1,0,0,0,0,0,0,0,0,0,16
410132,1,1,25,20,0,0,15,0,16,11,21,14
410132,2,1,0,0,0,11,15,0,0,0,0,0
410133,1,1,0,0,0,0,0,0,0,0,0,0
410133,2,1,24,0,0,0,0,0,0,0,10,0
410134,0,1,0,0,0,0,0,0,0,0,0,0
410134,1,1,11,11,11,11,11,11,11,11,11,11
410135,1,1,6,27,16,18,0,26,0,44,0,11
410136,0,1,15,15,15,15,15,15,15,15,15,15
410136,1,1,0,0,0,0,0,0,0,0,0,0
410138,1,1,0,0,0,0,0,0,0,0,0,0
410139,1,1,30,0,19,21,11,0,0,0,11,0
410139,2,1,0,0,0,0,0,0,0,0,0,2
410140,1,1,6,6,6,6,6,6,6,6,6,6
410141,0,1,24,0,0,0,25,13,0,0,18,0
410141,1,1,0,0,0,0,0,0,0,0,0,16
410142,1,1,20,32,16,0,25,14,31,0,0,5
410143,1,1,0,0,0,0,0,0,0,14,0,0
410144,1,1,17,17,17,17,17,17,17,17,17,17
410144,2,1,0,0,0,0,0,0,0,0,0,0
410145,1,1,17,0,0,17,0,28,0,16,0,21
410146,1,1,14,25,30,0,32,20,0,0,29,0
410147,1,1,0,0,20,0,0,0,0,19,0,0
410147,2,1,15,0,0,0,0,0,0,4,0,0
410148,1,1,0,26,9,22,0,11,0,7,12,24
410149,1,1,18,18,18,18,18,18,18,18,18,18
410149,2,1,0,0,0,0,0,0,0,0,0,11
410150,1,1,0,0,0,0,0,0,0,0,0,11
410150,2,1,0,0,0,0,0,0,0,0,0,0
410151,1,1,0,14,15,0,16,0,0,0,22,0
410152,1,1,16,19,0,0,0,0,0,0,29,16
410153,1,1,3,3,3,3,3,3,3,3,3,3
410153,2,1,5,0,0,4,6,0,0,12,0,0
410154,1,1,18,18,18,18,18,18,18,18,18,18
410154,2,1,0,0,0,0,0,0,0,0,0,0
410155,1,1,26,22,14,0,9,16,32,0,0,0
410156,1,1,0,0,0,13,0,0,18,0,0,0
410156,2,1,0,0,0,0,0,0,0,0,0,0
410157,1,1,0,0,0,22,0,21,24,11,0,25
410157,2,1,0,0,0,0,0,0,0,0,0,0
410158,0,1,0,0,0,0,0,0,19,0,31,0
410158,1,1,0,0,0,0,0,0,0,0,0,0
410159,1,1,0,0,0,0,0,0,0,0,0,0
410159,2,1,0,0,0,0,0,0,0,0,0,0
410160,1,1,0,0,0,0,7,0,13,0,0,0
410161,1,1,20,20,20,20,20,20,20,20,20,20
410162,1,1,13,7,0,5,12,14,19,17,7,16
410163,1,1,14,17,0,0,10,0,23,0,14,0
410164,1,1,0,0,0,22,0,11,0,29,5,0
410165,1,1,0,0,0,0,0,0,0,0,0,0
410165,2,1,0,0,0,0,0,7,0,0,0,0
410166,1,1,0,0,0,34,10,15,19,0,26,29
410167,1,1,9,7,0,10,0,0,0,0,0,0
410167,2,1,0,10,0,0,0,0,0,9,0,0
410168,0,1,27,0,15,0,0,0,0,0,0,0
410168,1,1,0,0,0,0,0,0,0,0,0,0
410169,1,1,0,0,0,7,0,0,0,0,0,0
410169,2,1,0,17,0,0,0,0,0,0,0,0
410170,1,1,18,22,0,0,13,0,3,0,0,22
410171,1,1,0,0,0,0,0,0,0,0,0,0
410172,1,1,0,9,12,0,18,14,0,29,23,0
410173,1,1,0,0,0,0,0,0,4,0,0,0
410173,2,1,17,0,16,0,0,0,10,0,24,5
410174,1,1,0,0,0,0,24,0,0,0,0,19
410174,2,1,0,0,0,0,0,0,0,0,0,0
410174,3,1,0,0,0,0,8,0,0,0,0,12
410175,1,1,6,0,0,6,0,12,0,12,0,0
410175,2,1,0,0,0,0,0,0,0,0,0,0
410176,1,1,24,0,0,16,0,0,0,0,0,32
410176,2,1,0,0,0,0,0,0,0,5,0,0
410177,1,1,0,19,15,15,21,0,0,0,0,0
410177,2,1,0,0,0,0,0,0,0,0,0,0
410178,1,1,22,22,22,22,22,22,22,22,22,22
410179,1,1,0,0,0,0,0,0,0,0,28,0
410179,2,1,0,0,0,0,0,0,0,0,0,0
410179,3,1,0,0,0,0,0,0,0,0,0,0
410180,0,1,0,0,0,0,0,0,0,0,0,0
410180,1,1,0,0,0,0,0,0,0,0,0,0
410181,1,1,16,21,0,14,0,10,0,11,7,0
410182,1,1,0,0,0,25,0,0,23,0,0,0
410182,2,1,0,0,26,0,17,0,0,0,0,25
410183,1,1,19,9,4,23,27,8,14,10,26,0
410184,1,1,0,0,0,0,0,0,0,0,0,0
410184,2,1,0,0,0,0,0,0,0,0,0,0
410185,0,1,0,0,0,12,20,0,0,0,36,0
410185,1,1,0,0,0,0,0,0,0,0,20,0
410186,1,1,0,20,0,0,10,0,0,12,0,0
410186,2,1,0,0,0,0,0,0,0,0,0,0
410187,1,1,6,14,0,0,12,15,32,22,16,0
410187,2,1,0,0,0,0,15,0,0,0,0,0
410188,1,1,0,15,31,0,0,0,9,0,18,0
410189,1,1,16,16,16,16,16,16,16,16,16,16
410189,2,1,0,0,0,0,0,0,0,0,0,0
410189,3,1,0,0,0,0,0,0,0,0,0,0
410189,4,1,0,0,0,0,0,0,0,0,0,0
410190,1,1,16,16,16,16,16,16,16,16,16,16
410191,0,1,16,0,26,0,8,20,21,0,18,0
410191,1,1,16,16,16,16,16,16,16,16,16,16
410192,1,1,27,27,27,27,27,27,27,27,27,27
410193,1,1,0,11,0,0,6,0,0,0,0,13
410194,1,1,13,13,13,13,13,13,13,13,13,13
410194,2,1,0,0,11,0,0,0,18,0,0,0
410195,1,1,21,21,21,21,21,21,21,21,21,21
410196,1,1,0,0,0,0,0,0,0,0,0,0
410197,1,1,5,5,5,5,5,5,5,5,5,5
410197,2,1,0,0,0,0,0,0,0,0,0,0
410198,1,1,0,0,0,0,0,0,0,0,0,0
410198,2,1,0,0,0,0,0,0,0,0,0,0
410199,0,1,0,0,0,0,0,0,0,0,0,0
410199,1,1,0,0,0,0,0,4,0,0,0,0
410200,1,1,0,26,0,9,6,0,0,0,0,0
410201,1,1,0,0,0,0,0,0,0,0,0,0
410201,2,1,0,0,0,0,0,0,0,0,0,0
410202,1,1,11,11,11,11,11,11,11,11,11,11
410203,1,1,0,0,0,0,0,0,0,0,0,0
410203,2,1,11,13,0,0,0,0,4,0,0,14
410204,1,1,16,16,16,16,16,16,16,16,16,16
410205,1,1,9,9,9,9,9,9,9,9,9,9
410206,1,1,27,0,18,0,22,0,0,32,29,19
410207,1,1,0,0,0,0,0,0,0,0,0,0
410207,2,1,0,0,0,0,0,0,0,0,0,0
410208,1,1,0,0,0,0,0,0,0,0,0,0
410208,2,1,7,20,0,0,0,0,12,0,9,0
410209,1,1,0,0,0,0,0,0,0,0,0,0
410209,2,1,0,0,0,0,0,0,0,0,0,0
410210,1,1,0,0,0,0,0,0,0,0,0,0
410210,2,1,0,0,0,0,0,0,0,0,0,0
410211,1,1,0,19,0,0,0,0,0,0,0,7
410211,2,1,0,16,0,0,0,15,0,4,0,19
410212,1,1,0,0,0,0,0,0,0,0,0,0
410212,2,1,0,0,0,0,0,0,0,0,0,0
410213,1,1,19,0,0,0,8,12,4,20,16,0
410213,2,1,23,10,14,6,19,11,10,23,13,12
410213,3,1,13,0,14,0,0,18,6,23,14,0
410214,1,1,0,0,0,0,0,0,0,0,0,0
410214,2,1,0,0,0,0,0,0,0,0,0,0
410215,1,1,0,27,0,0,0,0,0,10,0,21
410216,1,1,16,0,0,17,0,0,0,0,0,9
410216,2,1,0,16,0,0,0,15,0,0,0,19
410217,0,1,0,0,29,0,0,14,15,0,32,0
410217,1,1,6,0,0,10,0,0,0,0,0,0
410217,2,1,11,17,13,16,0,0,17,9,0,15
410218,1,1,7,7,7,7,7,7,7,7,7,7
410219,0,1,0,0,36,0,16,0,0,0,0,0
410219,1,1,0,0,0,0,0,0,0,0,0,0
410220,1,1,0,0,0,0,0,0,0,0,0,0
410220,2,1,0,0,0,0,0,0,0,0,0,0
410221,1,1,22,22,22,22,22,22,22,22,22,22
410221,2,1,0,0,0,0,0,0,0,0,0,0
410222,1,1,0,0,0,0,0,0,0,0,0,0
410222,2,1,0,0,0,0,0,0,0,0,0,0
410223,1,1,0,0,0,0,0,0,13,0,0,0
410223,2,1,0,0,0,0,9,0,0,0,0,0
410224,1,1,16,16,16,16,16,16,16,16,16,16
410225,1,1,6,6,6,6,6,6,6,6,6,6
410225,2,1,0,0,0,0,0,0,0,0,0,0
410225,3,1,0,0,0,0,13,14,16,0,7,0
410226,1,1,18,18,18,18,18,18,18,18,18,18
410227,1,1,0,0,0,0,0,0,0,0,0,0
410227,2,1,0,0,0,0,0,0,0,0,0,0
410228,1,1,23,0,27,0,0,0,0,24,0,11
410229,1,1,0,0,0,0,0,0,0,0,0,0
410230,1,1,0,0,0,0,0,0,0,0,0,0
410231,1,1,0,0,7,0,0,0,0,0,0,16
410231,2,1,0,0,0,0,0,0,0,0,0,0
410232,1,1,0,0,0,0,0,0,0,0,0,0
410233,1,1,27,27,27,27,27,27,27,27,27,27
410234,1,1,15,15,0,10,17,0,12,12,29,0
410235,0,1,0,0,0,0,0,0,0,0,0,0
410235,1,1,6,0,0,9,9,5,10,12,0,13
410236,0,1,0,0,0,0,0,0,0,0,0,0
410236,1,1,17,17,17,17,17,17,17,17,17,17
410237,1,1,0,0,0,0,0,0,0,0,0,0
410237,2,1,2,2,2,2,2,2,2,2,2,2
410238,1,1,0,0,0,0,0,0,0,0,0,0
410238,2,1,0,0,0,5,0,0,0,0,0,0
410239,1,1,17,17,17,17,17,17,17,17,17,17
410239,2,1,0,13,0,8,0,0,13,0,0,13
410240,1,1,18,18,18,18,18,18,18,18,18,18
410241,1,1,10,10,10,10,10,10,10,10,10,10
410242,1,1,0,0,0,0,0,0,0,0,0,0
410242,2,1,0,0,0,0,0,0,0,0,0,0
410243,1,1,0,0,0,0,0,0,0,0,0,0
410246,1,1,0,30,0,0,0,0,0,3,13,0
410246,2,1,0,0,0,0,0,27,24,0,24,12
410247,1,1,0,0,0,0,0,18,0,0,0,14
410247,2,1,0,0,0,0,0,0,0,27,2,0
410248,0,1,8,0,0,0,0,0,0,0,20,0
410248,1,1,5,0,31,23,0,0,4,0,0,7
410249,1,1,0,0,0,0,0,0,0,0,0,0
410249,2,1,0,0,0,0,0,0,0,0,0,0
410250,1,1,0,0,0,0,0,0,29,0,0,0
410250,2,1,0,0,0,0,10,0,0,3,10,0
410251,1,1,0,0,0,0,0,0,0,0,0,0
410251,2,1,0,0,0,0,0,0,0,0,0,0
410252,1,1,0,0,0,0,0,0,0,0,0,0
410253,1,1,0,0,0,0,0,0,0,0,0,0
410254,1,1,0,2,22,0,21,16,16,9,6,0
410254,2,1,0,0,0,0,0,0,0,0,0,0
410255,0,1,37,37,37,37,37,37,37,37,37,37
410255,1,1,0,0,0,0,0,0,0,0,0,0
410256,1,1,24,15,0,41,0,0,22,0,0,0
410257,0,1,0,0,0,0,0,0,0,0,0,48
410257,1,1,0,0,0,0,0,0,0,0,0,0
410258,1,1,0,0,0,0,0,0,0,0,0,0
410258,2,1,0,0,0,0,0,0,0,0,0,0
410259,1,1,18,24,0,16,26,7,10,0,21,15
410259,2,1,0,0,0,0,0,0,0,0,0,0
410260,0,1,0,0,0,0,30,0,0,0,0,0
410260,1,1,0,21,0,0,16,0,8,0,0,0
410261,1,1,25,25,25,25,25,25,25,25,25,25
410262,1,1,0,0,0,0,0,0,0,0,0,0
410263,1,1,0,4,0,0,0,22,0,0,10,23
410263,2,1,0,0,0,0,0,0,0,0,0,0
410264,1,1,0,0,10,16,0,3,0,12,0,16
410264,2,1,0,0,0,0,0,0,0,0,0,0
410265,0,1,12,12,12,12,12,12,12,12,12,12
410265,1,1,0,0,0,12,0,0,0,0,0,0
410266,0,1,11,11,11,11,11,11,11,11,11,11
410266,1,1,0,0,0,0,0,0,0,0,0,0
410267,1,1,23,23,23,23,23,23,23,23,23,23
410268,1,2,27,27,27,27,27,27,27,27,27,27
410269,1,1,7,7,7,7,7,7,7,7,7,7
410270,1,1,20,20,20,20,20,20,20,20,20,20
410271,0,1,35,25,25,26,36,13,20,41,18,19
410271,1,1,0,0,0,0,0,0,0,0,0,0
410272,1,1,0,0,0,0,0,0,0,0,0,0
410272,2,1,0,0,0,0,0,0,0,0,0,0
410273,1,1,0,0,0,0,0,0,0,0,0,0
410273,2,1,0,0,0,23,0,34,4,0,0,0
410274,0,1,0,0,0,0,0,0,0,0,0,0
410274,1,1,14,0,9,0,0,0,17,6,0,0
410274,2,1,0,0,0,0,0,0,0,0,0,3
410275,1,1,11,0,0,23,10,17,11,0,16,0
410276,1,1,19,18,36,0,0,0,0,0,0,13
410276,2,1,0,0,0,0,0,0,0,0,0,0
410276,3,1,0,0,0,12,0,0,0,25,19,8
410277,1,1,0,0,0,0,0,0,18,0,0,0
410277,2,1,0,0,0,27,31,0,5,0,13,0
410278,1,1,0,0,0,0,0,31,23,0,6,0
410278,2,1,0,0,0,0,0,0,0,0,0,0
410279,0,1,0,0,0,0,0,0,0,0,0,0
410279,1,1,24,0,0,4,14,0,0,0,0,0
410280,1,1,0,0,12,0,0,0,0,0,20,0
410281,1,1,1,1,1,1,1,1,1,1,1,1
410281,2,1,0,0,0,0,0,0,0,0,22,31
410281,3,1,0,0,0,0,18,0,0,0,0,0
410282,1,1,18,18,18,18,18,18,18,18,18,18
410283,0,1,6,6,6,6,6,6,6,6,6,6
410283,1,1,0,0,0,9,14,0,0,0,0,23
410284,1,1,0,0,0,11,0,0,0,0,0,25
410284,2,1,0,9,26,0,0,0,0,0,0,0
410284,3,1,0,0,0,19,0,0,0,0,0,24
410284,4,1,0,0,0,60,0,0,0,0,0,0
410285,1,1,0,0,0,0,0,0,0,0,0,0
410286,1,1,0,0,0,7,23,8,0,22,0,0
410286,2,1,0,0,0,0,0,0,0,0,0,0
410287,1,1,0,0,0,0,0,0,0,0,0,0
410287,2,1,0,0,0,0,0,0,0,0,0,0
410288,0,1,0,0,0,0,0,0,0,0,0,0
410288,1,1,0,0,0,0,0,0,0,20,7,0
410289,1,1,18,0,0,0,0,14,11,10,16,0
410290,0,1,0,0,26,0,0,0,0,0,0,0
410290,1,1,0,0,0,0,0,0,0,0,0,0
410291,1,1,0,0,0,0,0,0,0,0,0,0
410291,2,1,0,0,0,0,0,0,0,0,0,0
410291,3,1,15,27,0,0,24,0,22,0,0,0
410292,1,1,0,0,0,21,0,0,0,0,0,0
410294,1,1,0,0,0,0,0,0,0,0,0,0
410294,2,1,0,0,0,0,0,0,13,0,0,0
410295,1,1,34,34,34,34,34,34,34,34,34,34
410296,1,1,0,0,0,0,0,0,0,0,0,0
410297,1,1,0,0,0,0,0,0,0,0,0,0
410297,2,1,0,0,0,0,0,0,0,0,0,0
410298,1,1,0,0,0,0,0,0,0,0,0,0
410298,2,1,0,0,0,0,0,0,0,0,0,0
410299,1,1,0,0,0,0,0,0,0,0,0,0
410300,1,1,0,0,0,0,0,0,0,0,0,0
410301,1,1,0,0,0,0,0,0,0,15,0,0
410302,1,1,22,22,22,22,22,22,22,22,22,22
410303,1,1,0,0,0,0,0,0,0,0,0,0
410303,2,1,0,0,0,0,9,0,0,0,0,0
410304,1,1,0,0,0,0,0,0,0,0,0,0
410305,1,1,22,0,14,11,13,11,0,22,0,12
410305,2,1,0,0,0,0,0,0,0,0,0,0
410305,3,1,14,0,0,15,0,0,0,4,0,14
410306,1,1,0,0,0,0,0,0,0,0,0,0
410306,2,1,20,20,20,20,20,20,20,20,20,20
410307,1,1,0,16,12,0,0,0,0,0,0,0
410308,1,1,40,40,40,40,40,40,40,40,40,40
410309,1,1,0,20,0,0,0,0,0,0,0,0
410310,1,1,28,0,23,0,33,22,0,0,0,0
410310,2,1,0,16,0,0,0,0,0,0,27,0
410311,1,1,39,39,39,39,39,39,39,39,39,39
410311,2,1,20,27,0,0,0,0,0,0,22,0
410312,1,1,15,15,15,15,15,15,15,15,15,15
410312,2,1,5,0,0,0,0,0,0,0,0,13
410313,1,1,16,0,29,28,0,25,13,0,0,0
410314,1,1,26,26,26,26,26,26,26,26,26,26
410315,1,1,21,21,21,21,21,21,21,21,21,21
410315,2,1,0,0,0,0,0,0,0,0,0,0
410316,1,1,15,15,15,15,15,15,15,15,15,15
410316,2,1,0,0,0,0,0,0,0,0,0,0
410317,1,1,0,0,0,0,0,0,0,0,0,0
410318,1,1,4,4,4,4,4,4,4,4,4,4
410318,2,1,0,0,0,0,0,0,0,0,0,0
410318,3,1,27,9,0,0,0,0,0,0,15,0
410318,4,1,30,0,44,0,0,0,0,0,0,5
410319,1,1,0,0,0,0,0,0,0,0,0,0
410319,2,1,0,0,0,0,0,0,0,15,0,0
410320,1,1,0,0,0,0,0,6,0,0,0,0
410320,2,1,0,0,0,0,0,0,0,0,0,0
410321,1,1,0,0,0,0,0,6,0,0,15,6
410321,2,1,0,17,0,0,0,5,0,0,0,0
410322,1,1,22,22,22,22,22,22,22,22,22,22
410322,2,1,35,0,0,23,0,0,30,6,0,0
410323,1,1,0,0,0,0,0,0,0,0,0,0
410323,2,1,0,13,0,0,0,18,0,0,23,11
410324,0,1,1,1,1,1,1,1,1,1,1,1
410324,1,1,23,0,0,0,0,24,0,0,11,0
410325,1,1,16,16,16,16,16,16,16,16,16,16
410326,1,1,8,8,8,8,8,8,8,8,8,8
410327,1,1,0,4,0,0,14,20,0,0,0,0
410327,2,1,0,0,14,0,0,0,0,0,9,0
410328,1,1,0,0,0,21,0,0,28,0,0,10
410329,1,1,0,0,0,0,0,22,0,0,0,26
410330,1,1,0,0,0,0,0,0,0,0,0,0
410331,1,1,0,0,0,0,0,0,0,19,0,0
410331,2,1,0,0,0,0,0,0,0,0,0,0
410332,1,1,0,0,0,0,0,0,0,0,0,0
410333,1,1,0,0,0,0,0,0,0,0,0,0
410333,2,1,0,0,0,0,0,0,0,0,0,0
410334,1,1,0,0,0,0,0,0,0,0,0,0
410335,1,1,0,0,0,0,0,0,0,0,0,0
410335,2,1,0,11,7,0,16,0,0,0,8,0
410335,3,1,0,0,0,0,0,9,0,0,0,0
410336,1,1,0,0,0,0,0,0,0,0,0,0
410336,2,1,0,0,0,0,0,0,0,29,0,0
410337,0,1,34,0,19,0,0,22,13,0,13,0
410337,1,1,6,25,0,7,9,0,0,16,11,16
410339,1,1,0,0,0,0,0,0,0,0,0,0
410341,0,1,24,24,24,24,24,24,24,24,24,24
410341,1,1,0,0,0,0,41,0,0,0,0,0
410342,1,1,0,0,0,0,0,0,0,18,0,0
410343,1,1,0,0,0,0,0,0,0,0,0,0
410344,1,1,9,9,9,9,9,9,9,9,9,9
410345,1,1,6,6,6,6,6,6,6,6,6,6
410346,1,1,30,8,0,0,19,0,0,7,5,10
410347,1,1,0,0,0,0,0,0,0,0,0,0
410347,2,1,0,0,0,0,0,0,0,0,0,0
410348,0,1,40,0,0,0,0,16,0,0,0,40
410348,1,1,0,0,0,0,7,0,0,0,0,7
410349,1,1,0,0,0,0,0,0,0,0,0,10
410349,2,1,0,0,6,6,0,0,0,0,0,0
410349,3,1,5,0,0,0,10,0,0,15,0,0
410349,4,1,0,6,28,0,12,0,9,0,0,15
410350,1,1,17,17,17,17,17,17,17,17,17,17
410351,1,1,0,0,0,0,0,0,0,0,0,0
410351,2,1,20,0,0,0,0,0,0,0,0,0
410352,1,1,0,0,0,0,0,0,0,0,0,0
410352,2,1,0,0,0,0,0,0,0,0,0,0
410353,0,1,21,21,21,21,21,21,21,21,21,21
410353,1,1,0,0,18,0,0,0,4,0,0,0
410354,1,1,0,0,0,0,0,0,0,0,0,0
410355,0,1,31,0,30,47,0,0,0,0,0,0
410355,1,1,8,0,0,0,0,27,0,0,0,15
410356,0,1,0,0,0,0,0,0,0,0,0,0
410356,1,1,9,0,6,7,0,4,9,0,10,9
410357,1,1,0,0,0,0,0,0,0,0,0,0
410357,2,1,0,0,0,0,0,0,0,0,0,0
410358,1,1,26,26,26,26,26,26,26,26,26,26
410359,1,1,0,0,17,0,0,0,0,0,0,0
410359,2,1,0,0,0,12,0,0,0,0,0,0
410359,3,1,0,0,0,0,0,0,0,0,0,0
410360,1,1,13,13,13,13,13,13,13,13,13,13
410361,1,1,5,5,5,5,5,5,5,5,5,5
410362,0,1,28,28,28,28,28,28,28,28,28,28
410362,1,1,0,0,0,0,0,0,0,0,0,0
410363,1,1,0,0,0,0,0,0,0,0,0,0
410364,1,1,0,0,0,0,0,0,0,0,0,0
410365,1,1,33,33,33,33,33,33,33,33,33,33
410366,1,1,3,19,0,8,0,0,7,13,0,0
410367,0,1,0,0,0,0,0,0,0,0,0,0
410367,1,1,0,0,0,0,0,0,10,0,12,0
410368,0,1,0,0,0,0,0,0,0,0,0,0
410368,1,1,0,0,16,0,0,0,0,0,0,0
410369,1,1,0,0,0,0,0,0,0,0,0,0
410369,2,1,0,0,0,0,0,21,0,0,15,10
410370,0,1,0,0,0,0,0,0,0,0,0,0
410370,1,1,0,0,22,0,0,4,0,0,7,13
410371,1,1,8,0,0,0,23,0,0,0,31,10
410372,1,1,26,0,0,0,0,0,0,0,13,0
410373,1,1,0,0,0,0,0,0,0,0,0,0
410374,1,1,8,8,8,8,8,8,8,8,8,8
410374,2,1,0,0,0,0,0,0,0,0,0,0
410375,1,1,10,10,10,10,10,10,10,10,10,10
410376,1,1,0,0,0,0,0,0,0,0,0,0
410376,2,1,0,0,0,0,0,6,5,0,0,0
410376,3,1,0,0,0,0,10,0,13,0,0,0
410377,1,1,0,0,0,0,0,0,0,0,0,0
410377,2,1,0,8,0,0,0,15,0,0,0,0
410378,1,1,32,32,32,32,32,32,32,32,32,32
410378,2,1,0,0,0,0,0,0,0,0,0,0
410379,1,1,0,0,0,0,0,0,0,0,0,0
410380,1,1,0,0,0,0,0,0,0,0,0,0
410381,1,1,0,0,0,0,0,0,0,0,0,0
410382,1,1,0,15,0,0,0,0,0,7,42,13
410383,1,1,29,29,29,29,29,29,29,29,29,29
410384,1,1,0,0,0,0,0,0,0,0,0,0
410385,0,1,0,0,0,0,0,0,0,0,0,0
410385,1,1,0,0,0,0,0,0,0,0,0,0
410386,1,1,13,0,0,9,0,0,0,0,10,0
410386,2,1,0,0,0,0,0,0,0,0,0,0
410386,3,1,0,0,22,0,0,0,0,0,0,0
410387,1,1,0,0,0,6,0,0,0,0,0,0
410387,2,1,0,0,0,0,0,0,0,0,0,0
410388,1,1,0,0,0,0,0,0,0,0,0,0
410388,2,1,0,0,0,0,3,0,0,0,0,0
410389,1,1,0,0,0,0,0,0,0,0,0,16
410389,2,1,29,0,0,0,0,0,0,0,6,0
410390,1,1,12,12,12,12,12,12,12,12,12,12
410391,1,1,0,0,0,0,0,0,0,0,0,0
410392,1,1,15,15,15,15,15,15,15,15,15,15
410392,2,1,11,0,16,16,20,0,0,0,0,0
410393,0,1,0,0,0,0,0,0,0,0,0,0
410393,1,1,0,0,0,10,15,0,14,21,0,0
410394,1,1,21,21,21,21,21,21,21,21,21,21
410395,1,1,3,3,3,3,3,3,3,3,3,3
410395,2,1,0,0,0,0,0,0,0,0,0,0
410396,1,1,0,0,0,0,0,0,0,0,0,0
410397,1,1,0,0,0,0,0,0,0,0,0,0
410397,2,1,2,2,2,2,2,2,2,2,2,2
410398,1,1,14,0,19,51,17,0,0,0,0,0
410399,0,1,0,0,0,0,0,0,0,0,0,0
410399,1,1,0,0,0,0,0,0,0,0,18,0
410400,1,1,0,0,0,0,0,0,0,0,0,0
410400,2,1,0,0,0,0,0,0,0,0,0,0
410401,1,1,0,0,0,0,0,0,0,0,0,0
410402,1,1,4,4,4,4,4,4,4,4,4,4
410403,1,1,0,0,0,0,0,0,0,0,0,0
410403,2,1,0,10,0,0,0,0,0,0,0,17
410404,1,1,0,0,0,0,0,0,0,0,0,0
410404,2,1,0,0,0,0,0,0,0,0,0,0
410404,3,1,0,0,22,0,8,0,25,0,13,0
410405,0,1,0,0,0,5,0,0,0,0,0,0
410405,1,1,0,0,0,0,0,0,0,0,0,0
410406,1,1,15,14,21,13,10,42,24,15,13,19
410407,1,1,27,27,27,27,27,27,27,27,27,27
410408,1,1,0,0,0,0,0,0,0,0,0,0
410408,2,1,17,0,0,0,0,0,0,0,0,0
410409,1,1,19,19,19,19,19,19,19,19,19,19
410409,2,1,0,0,0,0,0,0,0,0,0,0
410410,0,1,14,0,0,31,22,0,0,0,0,0
410410,1,1,0,0,0,0,0,0,0,0,0,0
410411,1,1,33,33,33,33,33,33,33,33,33,33
410412,1,1,22,22,22,22,22,22,22,22,22,22
410413,1,1,16,16,16,16,16,16,16,16,16,16
410414,1,1,0,0,22,0,25,0,31,0,24,11
410415,1,1,23,23,23,23,23,23,23,23,23,23
410415,2,1,0,0,22,0,0,0,0,0,0,0
410416,1,1,28,28,28,28,28,28,28,28,28,28
410417,0,1,0,0,0,0,0,0,0,0,0,0
410417,1,1,0,0,12,0,0,0,0,0,0,11
410418,1,1,0,0,11,29,0,0,0,0,0,0
410418,2,1,17,0,0,0,0,0,7,0,0,0
410419,1,1,13,0,0,0,0,18,0,8,11,7
410420,1,1,1,1,1,1,1,1,1,1,1,1
410420,2,1,0,0,0,0,0,0,0,0,0,0
410421,0,1,0,0,0,0,0,0,0,0,0,0
410421,1,1,0,0,0,0,0,0,0,5,0,0
410422,1,1,0,0,13,6,0,14,20,3,0,0
410423,1,1,0,0,21,0,0,0,14,0,0,0
410423,2,1,0,14,0,0,0,0,0,0,0,0
410423,3,1,0,0,0,22,0,0,22,0,0,0
410423,4,1,0,0,0,0,0,0,0,0,0,0
410424,1,1,0,0,0,0,0,0,0,0,0,0
410424,2,1,0,0,0,0,0,0,28,15,0,16
410424,3,1,0,0,0,0,0,0,0,0,0,0
410424,4,1,0,0,0,0,0,0,11,0,0,0
410424,5,1,0,0,0,0,0,0,0,0,0,0
410425,1,1,0,0,0,0,13,0,0,0,0,0
410425,2,1,4,0,0,0,0,0,0,0,0,0
410426,0,1,0,0,0,0,0,0,0,0,0,0
410426,0,2,0,0,0,0,0,0,0,20,0,11
410426,1,1,20,17,29,0,0,0,0,13,16,14
410427,1,1,0,0,0,0,0,13,0,0,13,0
410427,2,1,0,0,0,0,0,0,0,0,0,0
410427,3,1,0,0,0,0,0,0,0,0,0,0
410427,4,1,0,0,0,0,0,0,0,0,0,0