ST_CASE,VEH_NO,PER_NO,P1,P2,P3,P4,P5,P6,P7,P8,P9,P10
410428,1,1,22,22,22,22,22,22,22,22,22,22
410429,1,1,0,0,0,0,0,0,0,0,0,0
410429,2,1,0,0,0,0,0,0,0,0,5,0
410429,3,1,0,0,0,20,0,0,17,0,20,11
410430,1,1,6,0,16,14,0,19,28,0,26,17
410430,2,1,0,27,0,0,16,0,0,0,25,0
410431,1,1,0,0,19,8,0,0,0,0,19,0
410432,1,1,0,0,0,0,0,0,0,0,0,0
410432,2,1,12,0,0,0,0,18,0,0,0,0
410433,0,1,0,0,0,0,0,0,0,0,0,0
410433,1,1,0,0,0,0,7,5,14,13,7,13
410434,1,1,0,0,0,0,0,0,0,0,0,0
410434,2,1,0,0,0,0,0,0,0,0,0,0
410435,1,1,1,1,1,1,1,1,1,1,1,1
410435,2,1,0,0,0,0,0,8,0,0,0,0
410435,3,1,0,0,0,0,18,0,0,0,0,15
410436,1,1,19,19,19,19,19,19,19,19,19,19
410437,0,1,0,0,0,0,0,0,0,0,0,0
410437,1,1,0,0,0,0,0,0,0,0,0,0
410438,0,1,0,0,0,0,0,0,0,0,0,0
410438,1,1,0,0,0,0,0,0,0,0,0,21
410439,1,1,21,21,21,21,21,21,21,21,21,21
410440,1,1,12,12,12,12,12,12,12,12,12,12
410440,2,1,0,0,0,0,0,0,12,13,0,10
410441,1,1,0,0,0,0,0,0,0,0,0,0
410442,1,1,0,0,0,0,0,0,0,0,0,0
410443,1,1,0,0,0,0,0,0,0,0,0,0
410444,1,1,0,0,0,0,0,0,0,0,0,0
410445,1,1,17,0,13,0,0,0,3,0,0,0
410445,2,1,9,0,0,9,0,0,0,0,0,0
410446,1,1,0,0,0,0,0,0,0,0,0,0
410446,2,1,0,0,0,0,0,0,0,0,0,0
410447,0,1,0,0,0,0,0,0,0,0,0,0
410447,1,1,0,0,0,0,14,0,20,0,11,12
410448,1,1,0,0,0,0,0,0,0,0,0,0
410449,1,1,0,0,0,0,0,0,0,0,0,0
410450,1,1,0,0,0,11,0,0,0,12,0,0
410451,1,1,0,10,21,13,14,31,4,27,15,9
410451,2,1,0,0,0,0,0,0,0,0,0,7
410451,3,1,24,0,0,0,0,0,10,0,12,0
410452,0,1,25,25,25,25,25,25,25,25,25,25
410452,1,1,0,0,18,22,0,0,0,0,0,0
410453,0,1,25,25,25,25,25,25,25,25,25,25
410453,1,1,0,0,0,0,0,0,0,0,0,0
410454,0,1,0,0,0,0,0,0,0,0,26,0
410454,1,1,12,0,0,0,0,0,0,0,14,0
410455,1,1,5,5,5,5,5,5,5,5,5,5
410456,0,1,0,23,16,0,0,16,0,0,33,0
410456,1,1,5,0,0,0,0,0,0,0,0,0
410457,1,1,0,0,0,0,0,0,0,0,0,0
410457,2,1,0,0,0,0,0,0,0,0,0,0
410458,1,1,16,16,16,16,16,16,16,16,16,16
410459,1,1,0,0,0,0,0,0,0,0,0,0
410460,1,1,0,0,0,0,0,0,0,0,0,0
410460,2,1,0,0,0,0,0,15,0,0,15,0
410461,0,1,23,23,23,23,23,23,23,23,23,23
410461,1,1,0,0,0,0,0,0,18,0,0,0
410461,2,1,0,0,0,0,0,0,0,0,0,0
410461,3,1,0,0,0,0,0,9,0,0,0,0
410462,1,1,0,0,0,0,0,0,0,0,0,0
410463,1,1,14,14,14,14,14,14,14,14,14,14
410464,0,1,0,14,26,12,14,19,12,0,0,0
410464,1,1,43,0,0,0,12,5,0,12,0,0
410465,1,1,0,20,0,0,0,0,24,0,0,20
410465,2,1,0,0,0,0,0,0,4,15,0,0
410466,1,1,13,13,13,13,13,13,13,13,13,13
410467,1,1,29,29,29,29,29,29,29,29,29,29
410468,1,1,0,0,0,0,0,0,0,0,0,0
410468,2,1,0,0,0,0,0,0,0,0,0,0
410469,1,1,0,0,0,0,0,0,0,0,0,0
410470,1,1,19,0,0,0,0,0,13,0,0,24
410471,1,1,0,0,24,0,0,0,0,0,0,0
410472,1,1,31,0,0,10,0,0,12,0,0,9
410473,1,1,0,0,0,0,0,0,0,0,0,0
410473,2,1,0,0,0,0,33,0,4,0,0,15
410474,0,1,0,0,0,0,0,0,0,0,0,0
410474,1,1,0,0,8,0,0,14,8,0,0,0
410475,1,1,0,0,0,0,0,0,0,0,0,0
410476,0,1,0,0,0,0,0,0,0,0,0,0
410476,1,1,0,0,13,13,0,0,0,0,0,14
410476,2,1,0,0,0,2,0,0,26,0,0,7
410477,1,1,0,0,0,0,0,0,0,0,0,0
410478,1,1,0,0,13,0,21,0,0,15,0,12
410478,2,1,0,0,0,0,0,0,0,0,0,0
410478,3,1,0,0,0,0,0,0,0,0,8,0
410478,4,1,25,28,0,0,0,17,0,19,0,0
410478,5,1,0,0,0,0,0,0,0,0,0,0
410479,1,1,0,0,0,0,0,0,0,0,0,0
410480,1,1,10,10,10,10,10,10,10,10,10,10
410481,0,1,0,0,0,0,0,0,0,0,0,0
410481,1,1,22,9,0,3,0,0,6,17,0,12
410483,0,1,0,0,0,0,0,0,0,0,0,0
410483,1,1,0,0,0,0,0,0,0,0,0,0
410484,0,1,0,0,0,0,0,0,0,0,0,0
410484,1,1,16,0,11,0,0,0,13,11,22,10
410485,1,1,0,0,0,0,0,0,0,0,0,0
410486,1,1,0,0,0,0,0,0,0,0,0,0
410487,1,1,17,17,17,17,17,17,17,17,17,17
410488,0,1,0,0,0,0,0,0,0,0,0,0
410488,0,2,0,29,20,0,0,0,0,29,15,0
410488,0,3,0,0,0,0,0,0,0,0,0,0
410488,1,1,0,0,0,0,0,0,0,0,0,0
410489,1,1,0,0,0,0,0,0,0,0,0,0
410490,0,1,0,0,0,0,0,0,0,0,0,0
410490,1,1,0,0,0,18,0,0,0,0,0,0
410491,0,1,0,0,0,0,0,0,0,0,0,0
410491,1,1,0,18,14,11,12,6,0,18,0,0
410492,0,1,0,0,0,0,0,0,0,0,0,0
410492,0,2,0,26,27,24,6,5,17,0,0,28
410492,1,1,7,20,20,0,14,8,9,6,11,13
410493,1,1,21,19,7,9,13,8,7,8,20,12
410494,0,1,3,3,3,3,3,3,3,3,3,3
410494,1,1,8,4,11,0,14,0,0,0,12,11
410496,1,1,0,0,0,0,0,0,0,0,0,0
410496,2,1,0,0,0,0,0,0,0,0,0,0
410497,0,1,17,0,0,22,29,10,0,42,0,4
410497,1,1,10,4,9,7,10,6,18,0,19,0
410498,0,1,17,0,0,0,0,0,0,0,25,0
410498,1,1,0,0,0,18,0,0,0,0,26,0
410499,1,1,23,0,0,11,13,43,0,0,0,0
410499,2,1,0,0,0,6,0,5,0,0,0,0
410500,1,1,0,0,0,0,0,0,0,0,0,0
410500,2,1,0,0,5,0,0,0,4,0,0,0
410501,1,1,10,21,0,0,11,0,0,12,33,0
410501,2,1,32,0,0,17,0,13,0,6,0,0
410502,0,1,0,0,0,29,0,0,0,0,13,15
410502,1,1,7,0,0,0,0,14,15,10,0,15
410503,0,1,7,7,7,7,7,7,7,7,7,7
410503,1,1,30,30,30,30,30,30,30,30,30,30
410504,0,1,0,0,0,0,22,13,0,0,16,0
410504,1,1,0,8,0,0,15,5,0,0,26,0
410505,1,1,0,0,28,19,0,0,0,0,0,0
410506,1,1,0,0,0,0,0,0,0,0,0,0
410506,2,1,1,1,1,1,1,1,1,1,1,1
410506,3,1,13,25,0,10,0,0,12,0,0,8
410507,0,1,0,0,0,0,0,0,0,0,0,0
410507,1,1,0,0,0,0,0,18,0,0,0,0
410508,1,1,0,0,0,0,0,0,0,0,0,0
410508,2,1,0,0,0,0,0,0,0,0,0,0
410509,1,1,0,0,21,0,13,0,0,0,0,15
410509,2,1,5,5,5,5,5,5,5,5,5,5
410510,0,1,0,0,0,0,0,0,0,0,0,0
410510,1,1,0,0,14,21,0,0,0,16,0,0
410511,1,1,20,20,20,20,20,20,20,20,20,20
410512,1,1,0,0,0,0,0,0,0,0,0,0
410513,0,1,28,28,28,28,28,28,28,28,28,28
410513,1,1,20,3,3,0,15,19,4,20,14,7
410514,1,1,4,4,4,4,4,4,4,4,4,4
410514,2,1,0,0,0,0,0,0,0,0,8,0
410515,1,1,7,0,0,7,0,0,0,0,0,0
410515,2,1,0,0,0,0,0,0,0,0,0,0
410516,0,1,23,23,23,23,23,23,23,23,23,23
410516,1,1,0,0,0,0,0,0,0,12,0,17
410516,2,1,0,0,17,0,0,0,0,0,0,0
410516,3,1,0,0,0,0,0,8,0,0,0,0
410516,4,1,0,0,9,0,0,0,0,0,0,0
410517,0,1,0,0,0,0,0,0,0,0,0,0
410517,1,1,6,0,3,0,20,10,17,0,6,0
410518,1,1,25,11,21,24,16,0,25,21,20,8
410519,0,1,11,11,11,11,11,11,11,11,11,11
410519,1,1,0,0,5,8,0,0,0,0,0,0
410519,2,1,0,0,5,0,0,0,0,0,0,22
410520,0,1,0,0,0,0,0,0,0,0,0,0
410520,1,1,0,0,22,0,0,0,0,0,0,0
410521,1,1,10,10,10,10,10,10,10,10,10,10
410522,1,1,10,10,10,10,10,10,10,10,10,10
410522,2,1,0,0,0,0,0,0,0,0,0,0
410523,0,1,0,0,0,0,0,0,0,0,0,0
410523,1,1,0,15,6,18,19,0,9,5,0,14
410524,0,1,0,0,0,0,0,0,0,0,0,0
410524,1,1,9,9,9,9,9,9,9,9,9,9
410525,1,1,0,0,0,10,0,0,19,3,0,5
410526,0,1,0,0,0,0,0,0,0,0,0,0
410526,1,1,14,14,14,14,14,14,14,14,14,14
410527,0,1,16,0,0,0,11,15,0,35,37,5
410527,1,1,0,0,0,0,0,0,0,0,0,17
410528,1,1,0,25,0,0,0,29,0,0,0,0
410529,1,1,23,23,23,23,23,23,23,23,23,23
410530,1,1,9,9,9,9,9,9,9,9,9,9
410531,1,1,0,0,0,0,0,0,0,0,0,0
410531,2,1,0,0,0,0,0,0,0,0,0,0
410532,1,1,0,0,0,0,0,0,0,0,0,0
410532,2,1,0,0,0,0,0,0,0,0,0,0
410533,1,1,0,0,0,0,0,0,0,0,0,0
410534,0,1,26,26,26,26,26,26,26,26,26,26
410534,1,1,0,0,0,8,0,0,0,0,7,0
410535,1,1,21,0,0,0,22,0,0,0,0,0
410535,2,1,0,0,0,0,0,0,0,0,0,0
410536,1,1,0,0,0,0,8,0,9,15,0,0
410537,1,1,0,0,0,0,0,0,0,0,0,0
410537,2,1,0,0,0,0,0,0,0,0,0,0
410539,0,1,0,0,0,0,0,0,0,0,0,0
410539,1,1,0,0,0,0,0,0,5,0,0,0
410540,1,1,0,0,0,0,0,0,0,0,0,0
410540,2,1,0,0,22,0,9,14,0,0,0,0
410540,3,1,0,0,0,0,0,0,0,33,0,14
410541,1,1,0,0,0,0,0,0,0,0,4,0
410542,0,1,0,0,0,0,0,0,0,0,0,0
410542,1,1,7,18,0,9,15,25,8,0,0,22
410543,1,1,20,20,13,34,16,15,11,9,14,12
410545,0,1,40,40,40,40,40,40,40,40,40,40
410545,1,1,0,0,0,0,0,0,0,0,0,0
410545,2,1,0,0,0,7,17,0,7,16,0,0
410546,0,1,0,0,0,0,0,0,0,0,0,0
410546,0,2,0,0,0,17,27,0,0,0,0,0
410546,1,1,0,0,21,0,15,18,9,0,0,0
410547,1,1,14,14,14,14,14,14,14,14,14,14
410548,0,1,0,0,0,0,0,0,0,0,0,0
410548,1,1,0,0,0,0,0,0,0,0,0,0
410549,1,1,21,21,21,21,21,21,21,21,21,21
410550,1,1,0,0,0,0,0,0,0,0,0,0
410551,1,1,0,0,0,0,0,0,25,0,0,0
410551,2,1,0,0,0,0,0,0,0,0,0,0
410551,3,1,0,0,0,0,16,0,0,0,0,0
410552,1,1,23,0,16,0,17,0,0,7,0,0
410553,1,2,25,16,0,0,0,0,0,0,0,0
410554,1,1,16,0,5,0,10,20,9,25,0,0
410556,1,1,0,0,0,0,24,0,7,0,0,0
410557,1,1,0,0,10,16,0,0,0,0,0,0
410557,2,1,0,0,0,0,0,0,0,0,0,0
410558,0,1,0,0,0,0,0,0,0,0,0,0
410558,1,1,0,0,0,0,0,0,0,0,0,0
410559,1,1,0,15,19,14,0,0,0,0,25,0
410561,1,1,11,11,11,11,11,11,11,11,11,11
410563,1,1,0,0,0,0,0,0,0,0,0,0
410563,2,1,0,0,11,0,9,0,12,15,0,0
410564,1,1,0,0,0,0,0,0,0,0,0,0
410564,2,1,0,0,0,0,0,0,0,0,0,5
410565,1,1,0,0,27,26,0,0,0,0,6,0
410565,2,1,0,15,0,0,0,0,7,0,0,0
420001,1,5,0,20,0,0,6,4,0,41,0,27
420002,0,1,9,9,9,9,9,9,9,9,9,9
420002,1,1,0,0,0,0,0,0,0,0,0,0
420003,1,1,0,0,0,0,0,0,0,0,0,0
420003,2,1,0,0,0,0,0,0,0,0,0,0
420004,0,1,0,0,0,0,0,0,0,0,0,0
420004,1,1,8,14,21,24,0,0,0,0,0,0
420005,0,1,0,0,0,0,0,0,0,0,0,0
420005,1,1,0,0,0,0,0,0,0,0,0,0
420006,0,1,27,27,27,27,27,27,27,27,27,27
420006,1,1,0,0,0,0,0,0,0,0,0,0
420007,1,1,25,25,25,25,25,25,25,25,25,25
420008,1,1,23,17,21,21,27,32,7,7,15,16
420009,1,1,0,0,0,0,0,0,0,0,0,0
420009,2,1,0,0,11,0,0,0,0,0,0,0
420010,1,1,0,0,0,0,0,0,0,0,0,0
420010,2,1,0,0,0,0,0,0,0,0,0,0
420011,1,1,0,0,0,0,0,0,0,0,0,0
420012,0,1,0,0,0,0,0,0,0,0,0,0
420012,1,1,22,30,15,29,0,22,0,6,0,17
420013,0,1,23,23,23,23,23,23,23,23,23,23
420013,1,1,0,0,26,0,9,9,0,0,0,16
420014,1,1,18,18,18,18,18,18,18,18,18,18
420015,0,1,11,11,11,11,11,11,11,11,11,11
420015,1,1,18,14,10,0,0,0,0,25,11,29
420016,1,1,21,21,21,21,21,21,21,21,21,21
420017,1,1,22,22,22,22,22,22,22,22,22,22
420018,1,1,12,12,12,12,12,12,12,12,12,12
420018,2,1,0,0,0,0,0,0,0,0,0,0
420019,1,1,16,0,19,0,12,21,6,0,27,6
420020,1,1,27,0,0,0,6,28,0,0,0,0
420020,2,1,0,0,10,0,0,0,0,0,33,20
420021,1,1,0,0,0,0,0,0,0,0,0,0
420021,2,1,0,0,0,0,0,0,0,0,0,0
420022,1,1,12,12,12,12,12,12,12,12,12,12
420023,1,1,1,1,1,1,1,1,1,1,1,1
420024,1,1,0,0,0,0,0,0,0,0,0,0
420024,2,1,0,0,0,0,0,0,0,0,0,0
420025,1,1,16,16,16,16,16,16,16,16,16,16
420026,1,1,0,0,0,0,0,0,0,0,0,0
420027,0,1,0,0,0,0,0,0,0,0,0,0
420027,1,1,0,0,0,0,0,0,0,0,0,0
420028,1,1,0,0,0,0,0,0,0,0,0,0
420028,2,1,0,0,0,0,0,0,0,0,0,0
420028,3,1,0,0,0,0,0,0,0,0,15,0
420029,1,1,0,0,0,0,0,0,0,0,0,0
420029,2,1,0,0,0,0,0,0,0,0,0,0
420030,1,1,0,0,0,8,0,0,0,0,0,0
420031,1,1,25,25,25,25,25,25,25,25,25,25
420032,1,1,0,0,0,0,0,0,0,0,0,0
420033,1,1,0,0,0,0,0,0,0,0,0,0
420033,2,1,0,0,0,0,0,0,0,0,0,0
420034,1,1,0,0,0,0,0,0,0,0,0,13
420035,1,1,0,0,0,0,0,0,0,0,0,0
420036,1,1,0,0,0,0,0,0,0,0,0,0
420036,2,1,0,0,0,0,0,0,0,0,0,0
420037,0,1,0,0,40,0,0,0,0,0,20,0
420037,1,1,0,0,0,9,13,16,0,0,0,21
420038,1,1,0,0,0,0,0,0,0,0,0,0
420038,2,1,0,17,0,0,0,0,0,0,0,0
420038,3,1,0,0,0,0,0,0,0,0,0,0
420039,0,1,0,0,0,0,0,0,0,0,0,0
420039,1,1,0,0,0,0,0,0,0,0,0,0
420040,1,1,0,0,0,0,0,0,0,0,0,0
420041,1,1,0,0,0,0,0,0,0,0,0,0
420042,1,1,0,25,16,0,24,13,8,26,24,18
420043,1,1,0,0,0,0,0,0,0,0,0,0
420043,2,1,0,0,0,0,0,0,0,0,0,3
420044,1,1,0,0,0,0,0,0,0,0,0,0
420044,2,1,0,0,0,0,0,0,0,0,0,0
420044,3,1,0,0,0,0,0,0,0,0,0,0
420044,4,1,0,0,0,0,0,0,0,0,0,0
420045,1,1,0,0,0,0,0,0,0,0,0,0
420045,2,1,0,0,0,0,15,0,0,0,0,0
420046,1,1,0,0,0,0,0,0,0,0,0,0
420047,1,1,19,19,19,19,19,19,19,19,19,19
420048,1,1,0,0,0,0,0,0,0,0,0,0
420048,2,1,0,0,0,0,0,0,0,0,0,0
420049,1,1,0,0,38,24,0,0,0,0,0,0
420050,1,1,0,0,0,0,0,0,0,0,0,0
420051,1,1,0,0,0,0,0,0,0,0,0,0
420052,1,1,0,0,0,0,0,0,0,0,0,0
420052,2,1,0,0,0,0,0,0,0,0,0,0
420053,1,1,0,0,0,0,0,0,0,0,0,0
420053,2,1,17,0,0,0,20,0,0,0,0,0
420053,3,1,0,0,0,0,0,24,0,0,0,0
420054,1,1,13,13,13,13,13,13,13,13,13,13
420054,2,1,0,0,0,0,0,0,0,0,0,16
420055,1,1,0,0,0,0,11,0,0,0,0,0
420055,2,1,0,0,0,0,0,0,0,0,0,0
420056,0,1,0,0,0,0,0,0,0,0,0,0
420056,1,1,0,0,0,0,21,0,0,0,0,0
420057,1,1,0,0,0,0,0,0,0,0,0,0
420058,1,1,0,0,0,0,0,0,0,0,0,0
420059,1,1,21,21,21,21,21,21,21,21,21,21
420060,1,1,19,19,19,19,19,19,19,19,19,19
420061,1,1,0,0,0,0,0,0,0,0,0,0
420061,2,1,0,0,0,0,0,0,0,0,0,0
420062,1,1,20,20,20,20,20,20,20,20,20,20
420063,1,1,0,0,0,0,0,0,0,0,0,0
420063,2,1,0,0,0,0,0,0,0,0,0,0
420064,1,1,42,42,42,42,42,42,42,42,42,42
420066,1,1,0,0,0,0,0,0,0,0,0,0
420067,1,1,0,0,12,0,0,0,0,0,0,19
420067,2,1,0,0,0,0,0,0,0,0,0,0
420068,1,1,0,0,0,0,0,0,0,0,0,0
420068,2,1,0,0,0,0,0,0,0,0,0,0
420069,1,1,9,20,5,10,11,6,9,20,18,20
420070,1,1,0,0,0,0,0,0,0,0,0,0
420070,2,1,0,0,0,0,0,0,0,0,0,0
420071,0,1,28,28,28,28,28,28,28,28,28,28
420071,1,1,0,0,0,0,0,0,0,0,0,0
420072,1,1,0,0,0,0,0,0,0,0,0,0
420073,1,1,0,0,0,0,0,0,0,0,0,0
420073,2,1,0,0,0,0,0,0,0,0,0,0
420073,3,1,0,0,0,0,0,0,0,0,0,0
420074,1,1,0,0,0,0,0,0,0,0,0,0
420074,2,1,0,0,0,0,0,0,0,0,0,0
420075,1,1,0,0,0,0,0,0,0,0,0,0
420075,2,1,0,0,0,0,0,0,0,0,0,0
420076,1,1,0,0,0,0,0,0,0,0,0,0
420076,2,1,0,0,0,0,0,0,0,0,0,0
420077,1,1,0,0,0,0,0,0,0,0,0,0
420077,2,1,0,0,0,0,0,0,0,0,18,11
420078,1,1,0,0,0,0,0,0,0,0,0,0
420078,2,1,20,0,0,0,0,0,0,0,0,0
420079,0,1,18,15,9,18,12,17,21,27,21,20
420079,1,1,0,0,0,0,0,0,0,0,0,0
420080,1,1,0,0,0,0,0,0,0,0,0,0
420081,1,1,3,0,0,0,21,0,0,21,6,0
420081,2,1,0,0,0,0,0,0,0,0,7,0
420082,1,1,0,0,0,0,0,0,0,0,0,0
420082,2,1,0,0,0,0,0,0,0,0,0,0
420083,1,1,0,0,0,0,0,0,0,0,0,0
420084,1,1,0,0,0,0,0,0,0,0,0,0
420084,2,1,0,0,0,0,0,0,0,0,0,0
420085,1,1,0,0,0,0,0,0,0,0,0,0
420085,2,1,0,0,0,0,0,0,0,0,0,0
420086,1,1,0,11,0,0,0,0,0,0,0,0
420086,2,1,0,0,0,0,0,0,0,0,0,0
420087,0,1,0,0,0,0,0,0,0,0,0,0
420087,1,1,0,0,0,0,0,0,0,0,0,0
420088,1,1,0,0,0,0,0,0,0,0,0,0
420089,1,1,0,0,0,0,0,0,0,0,0,0
420089,2,1,0,0,0,0,0,0,0,0,0,0
420089,3,1,0,0,0,0,0,0,0,0,0,0
420090,1,1,0,14,0,0,0,0,0,0,0,0
420091,1,1,28,28,28,28,28,28,28,28,28,28
420092,1,1,0,0,0,0,0,0,0,0,0,0
420092,2,1,0,0,0,0,0,0,0,0,0,0
420093,0,1,0,0,0,0,0,0,0,0,0,0
420093,1,1,0,0,0,14,0,0,0,0,0,0
420094,1,1,0,15,0,0,0,0,11,0,0,0
420095,1,1,0,0,0,0,0,0,0,0,0,0
420096,1,1,16,15,29,16,18,0,14,9,32,9
420097,0,1,0,0,0,0,0,0,0,0,0,0
420097,1,1,6,6,6,6,6,6,6,6,6,6
420098,1,1,0,0,0,0,0,0,0,0,0,0
420099,0,1,0,0,0,0,0,0,0,0,0,0
420099,1,1,0,0,0,0,0,0,0,0,0,0
420100,1,1,18,18,18,18,18,18,18,18,18,18
420101,1,1,0,0,0,0,0,0,0,0,9,0
420102,1,1,0,0,0,0,0,0,0,0,0,0
420103,1,1,18,18,18,18,18,18,18,18,18,18
420103,2,1,0,0,0,0,0,0,0,0,0,0
420104,1,1,0,0,0,0,0,0,0,0,0,0
420104,2,1,0,0,0,0,0,0,0,0,0,0
420104,3,1,0,0,0,0,0,0,0,0,0,0
420105,1,1,0,0,0,17,0,0,0,0,0,0
420105,2,1,0,0,0,0,0,0,0,0,0,0
420106,1,1,28,28,28,28,28,28,28,28,28,28
420106,2,1,0,0,0,0,0,0,0,0,0,0
420106,3,1,0,0,0,0,0,0,0,0,0,0
420107,1,1,0,0,0,0,0,0,0,0,0,0
420108,1,1,0,0,0,0,0,0,0,0,0,0
420108,2,1,0,0,0,0,0,0,0,0,0,0
420109,0,1,25,25,25,25,25,25,25,25,25,25
420109,1,1,4,4,4,4,4,4,4,4,4,4
420109,2,1,0,0,0,0,0,0,16,0,0,0
420110,1,1,0,0,0,0,0,0,0,0,0,0
420110,2,1,0,0,0,0,0,0,0,0,0,0
420111,1,1,0,0,0,0,0,0,0,19,0,0
420112,1,1,14,14,14,14,14,14,14,14,14,14
420112,2,1,0,0,0,0,0,0,0,0,0,0
420113,1,1,20,20,20,20,20,20,20,20,20,20
420113,2,1,0,0,0,0,0,0,0,0,0,0
420114,1,1,0,0,0,0,0,0,0,0,0,0
420114,2,1,0,0,0,0,0,0,0,0,0,0
420115,1,1,14,14,14,14,14,14,14,14,14,14
420115,2,1,0,0,0,0,0,0,0,0,0,0
420116,1,1,0,0,0,0,0,0,0,0,0,0
420117,1,1,0,0,0,0,0,0,0,0,0,0
420118,1,1,28,28,28,28,28,28,28,28,28,28
420119,0,1,0,0,0,0,0,0,0,0,0,0
420119,1,1,2,39,0,10,0,0,0,21,0,0
420120,1,1,25,0,14,0,0,0,0,0,0,2
420120,2,1,13,13,13,13,13,13,13,13,13,13
420121,1,1,28,28,28,28,28,28,28,28,28,28
420122,1,1,0,0,20,0,0,19,22,0,0,0
420123,0,1,27,9,11,20,6,36,23,16,17,34
420123,1,1,0,0,0,0,7,0,0,0,0,0
420124,0,1,0,0,0,0,0,0,0,0,0,0
420124,1,1,0,0,0,0,0,0,0,48,0,0
420125,1,1,0,0,0,0,0,0,18,0,3,16
420126,1,1,1,1,1,1,1,1,1,1,1,1
420127,1,1,0,0,0,0,13,10,0,9,0,0
420128,1,1,0,0,0,0,0,0,0,0,0,0
420128,2,1,0,0,15,0,0,0,0,0,0,0
420129,1,1,21,21,21,21,21,21,21,21,21,21
420130,1,1,18,18,18,18,18,18,18,18,18,18
420131,1,1,0,0,0,0,0,0,0,0,0,0
420131,2,1,0,0,0,0,0,0,0,0,0,0
420132,1,1,0,0,0,0,0,0,0,0,0,0
420132,2,1,0,0,0,6,0,0,0,0,0,0
420133,0,1,0,0,0,0,0,0,0,0,0,0
420133,1,1,0,0,0,0,0,0,0,0,0,0
420134,1,1,0,0,0,0,0,0,0,0,0,0
420135,1,1,0,0,0,0,0,0,0,0,0,0
420135,2,1,0,0,0,0,0,0,0,0,0,0
420136,1,1,19,19,19,19,19,19,19,19,19,19
420136,2,1,0,0,0,0,0,0,0,0,0,0
420136,3,1,9,9,9,9,9,9,9,9,9,9
420137,1,1,28,28,28,28,28,28,28,28,28,28
420138,1,1,0,0,23,0,0,0,0,0,0,0
420138,2,1,0,0,0,0,0,0,0,0,0,0
420139,1,1,21,21,21,21,21,21,21,21,21,21
420140,1,1,0,0,0,29,0,0,23,0,0,0
420140,2,1,0,2,0,0,0,0,0,0,0,13
420141,1,1,0,0,0,0,0,0,0,0,0,0
420142,1,1,0,0,0,0,0,0,0,0,0,0
420143,1,1,6,16,11,36,29,8,17,23,24,11
420144,1,1,0,0,0,0,0,0,0,0,0,0
420145,1,1,0,0,0,0,0,0,0,0,0,0
420145,2,1,0,0,0,0,0,0,0,0,0,0
420146,1,1,15,15,15,15,15,15,15,15,15,15
420147,1,1,0,0,0,0,0,0,0,0,0,0
420147,2,1,0,0,0,0,0,0,0,0,0,0
420148,0,1,0,0,0,0,0,0,0,0,0,0
420148,1,1,0,0,0,0,0,0,0,0,13,0
420149,1,1,0,0,0,0,0,0,0,0,0,0
420150,1,1,68,68,68,68,68,68,68,68,68,68
420151,1,1,0,0,0,0,0,0,0,0,0,0
420151,2,1,0,0,0,0,0,0,0,0,0,0
420152,1,1,0,0,0,33,0,0,0,0,0,3
420152,2,1,0,0,0,0,0,0,0,0,0,0
420153,1,1,9,0,0,12,0,0,19,0,0,0
420154,1,1,0,0,0,0,0,0,0,0,0,0
420155,1,1,0,0,0,0,0,0,0,0,0,0
420155,2,1,0,0,0,0,0,0,0,0,0,0
420156,0,1,0,0,0,0,0,0,0,0,0,0
420156,1,1,0,0,0,0,0,0,0,0,0,0
420157,1,1,0,0,0,0,0,0,0,0,0,0
420157,2,1,0,0,0,20,0,0,0,0,0,0
420158,1,1,0,0,0,0,0,0,0,0,0,0
420159,0,1,1,1,1,1,1,1,1,1,1,1
420159,1,1,0,0,0,0,0,0,0,0,0,0
420160,1,1,0,0,0,0,0,0,0,0,0,0
420160,2,1,0,0,0,0,0,0,0,0,0,0
420161,0,1,0,0,0,0,0,0,0,0,0,0
420161,1,1,0,0,0,0,0,0,0,0,0,0
420162,1,1,0,0,0,0,0,0,0,0,0,0
420163,1,1,0,21,24,30,16,11,18,11,19,16
420163,2,1,0,0,0,9,12,0,0,0,0,16
420164,1,1,0,0,0,0,0,0,0,0,0,0
420164,2,1,0,0,0,0,0,0,0,0,0,18
420165,1,1,0,0,0,0,0,0,0,0,0,0
420165,2,1,0,0,0,0,0,0,0,0,0,0
420166,1,1,0,0,0,0,0,0,0,0,0,0
420166,2,1,0,0,0,0,0,0,0,0,0,0
420166,3,1,17,15,0,0,0,6,0,0,0,12
420167,0,1,0,0,0,0,0,0,0,0,0,0
420167,1,1,0,0,0,0,0,0,0,0,0,0
420168,1,1,37,37,37,37,37,37,37,37,37,37
420168,2,1,0,34,0,14,0,21,0,0,0,0
420169,1,1,0,0,0,0,0,0,0,0,0,0
420169,2,1,0,0,0,0,0,25,0,0,20,0
420170,1,1,18,18,18,18,18,18,18,18,18,18
420171,1,1,22,22,22,22,22,22,22,22,22,22
420171,2,1,0,0,0,0,0,0,0,0,0,0
420172,1,1,0,0,0,28,9,0,0,0,0,0