ST_CASE,VEH_NO,PER_NO,P1,P2,P3,P4,P5,P6,P7,P8,P9,P10
450458,0,1,0,0,0,0,0,0,0,0,0,0
450458,1,1,0,0,20,0,0,0,0,0,0,0
450459,0,1,0,0,0,0,0,0,0,0,0,0
450459,1,1,0,0,0,0,0,0,0,0,0,0
450460,1,1,0,0,0,0,0,0,0,0,0,0
450460,2,1,0,0,0,0,0,0,0,0,0,0
450461,1,1,0,0,0,0,0,0,0,0,0,0
450462,0,1,33,0,8,6,0,23,21,0,0,0
450462,1,1,0,0,0,0,0,0,0,17,0,0
450463,0,1,0,0,0,28,0,0,0,34,0,0
450463,1,1,0,0,0,0,0,0,0,0,0,0
450464,1,1,0,0,0,0,0,0,0,0,0,0
450464,2,1,0,0,0,0,0,0,0,0,0,0
450465,1,1,4,4,4,4,4,4,4,4,4,4
450465,2,1,0,0,0,0,0,0,0,0,0,0
450466,1,1,0,0,0,0,0,0,0,0,0,0
450466,2,1,0,0,0,0,0,0,0,0,0,0
450467,1,1,0,0,0,9,0,0,0,0,0,0
450467,2,1,0,0,0,0,0,0,0,0,0,0
450467,3,1,14,14,14,14,14,14,14,14,14,14
450468,1,1,17,17,17,17,17,17,17,17,17,17
450468,2,1,18,18,18,18,18,18,18,18,18,18
450469,1,1,2,25,28,0,12,21,0,20,16,13
450469,2,1,21,0,0,0,0,0,0,0,0,20
450470,1,1,0,0,0,0,0,0,0,0,0,0
450470,2,1,13,13,13,13,13,13,13,13,13,13
450471,1,1,19,19,19,19,19,19,19,19,19,19
450471,2,1,0,0,9,0,0,0,14,0,0,0
450471,3,1,0,0,0,0,0,0,0,0,0,0
450472,1,1,19,19,19,19,19,19,19,19,19,19
450473,1,1,0,0,0,0,0,0,0,0,0,0
450473,2,1,0,0,0,0,0,0,0,0,0,0
450474,1,1,0,0,0,0,0,0,0,0,2,0
450474,2,1,5,5,5,5,5,5,5,5,5,5
450475,1,1,17,17,17,17,17,17,17,17,17,17
450476,1,1,24,24,24,24,24,24,24,24,24,24
450477,1,1,8,8,8,8,8,8,8,8,8,8
450478,1,1,0,0,0,0,0,0,0,0,0,0
450479,1,1,14,0,0,0,0,0,0,12,33,0
450480,1,1,20,20,20,20,20,20,20,20,20,20
450481,1,1,19,19,19,19,19,19,19,19,19,19
450482,1,1,11,11,11,11,11,11,11,11,11,11
450483,0,1,0,0,0,0,0,0,0,0,0,0
450483,0,2,0,0,0,13,0,0,14,0,15,18
450483,1,1,0,0,0,0,0,0,0,0,0,0
450484,0,1,14,14,14,14,14,14,14,14,14,14
450484,1,1,0,0,0,0,0,0,0,0,0,0
450484,2,1,0,0,0,0,0,0,0,0,0,0
450485,1,1,0,0,0,0,0,0,0,0,0,0
450486,1,1,0,18,14,0,38,0,7,18,0,6
450487,0,1,21,21,21,21,21,21,21,21,21,21
450487,1,1,0,0,0,0,0,0,0,0,0,0
450488,1,1,0,0,0,0,0,0,0,0,0,0
450488,2,1,0,0,0,6,0,0,0,0,0,0
450489,1,1,0,0,0,0,0,0,0,0,0,0
450489,2,1,0,0,0,0,0,0,0,0,20,0
450490,1,1,32,0,0,0,0,0,0,0,0,17
450490,2,1,31,31,31,31,31,31,31,31,31,31
450490,3,1,9,0,0,6,20,0,0,0,0,0
450491,1,1,0,0,0,0,0,0,0,0,0,0
450492,1,1,0,0,0,0,0,0,0,0,0,0
450493,1,1,15,15,15,15,15,15,15,15,15,15
450494,1,1,0,0,0,0,0,19,0,0,0,0
450494,2,1,0,0,0,0,0,0,0,0,0,0
450495,1,1,0,0,0,0,0,0,0,0,0,0
450495,2,1,0,0,0,0,0,12,0,0,0,0
450496,1,1,15,15,15,15,15,15,15,15,15,15
450497,1,1,11,11,11,11,11,11,11,11,11,11
450498,1,1,41,41,41,41,41,41,41,41,41,41
450499,1,1,0,0,0,0,0,0,0,0,0,0
450499,2,1,17,17,17,17,17,17,17,17,17,17
450500,1,1,12,12,12,12,12,12,12,12,12,12
450501,1,1,23,0,0,0,0,0,0,0,5,0
450502,1,1,0,0,0,0,0,0,0,0,0,0
450503,1,1,0,0,0,0,0,0,0,0,0,0
450503,2,1,0,0,0,0,0,0,0,0,0,0
450504,1,1,17,14,32,7,13,14,19,8,12,24
450505,0,1,0,0,0,0,0,0,14,0,30,4
450505,1,1,0,0,12,27,0,0,0,0,0,0
450505,2,1,0,0,0,0,6,0,0,0,0,0
450506,1,1,15,15,15,15,15,15,15,15,15,15
450507,1,1,0,0,0,0,0,0,0,0,0,0
450507,2,1,0,0,0,0,0,0,0,0,0,0
450508,1,1,21,21,21,21,21,21,21,21,21,21
450509,1,1,21,21,21,21,21,21,21,21,21,21
450510,0,1,0,0,0,0,0,0,0,0,0,0
450510,1,1,0,0,0,0,0,0,0,0,0,0
450511,1,1,0,0,0,0,0,0,0,0,0,0
450512,1,1,0,0,0,0,0,0,0,0,0,0
450512,2,1,0,0,0,0,0,0,0,0,0,0
450513,0,1,28,28,28,28,28,28,28,28,28,28
450513,1,1,0,0,0,0,0,0,0,0,0,0
450514,1,1,0,0,0,0,0,0,0,0,0,0
450515,0,1,24,6,0,8,0,0,2,27,0,0
450515,1,1,0,0,0,0,0,0,0,0,0,0
450516,1,1,0,0,0,0,0,0,0,0,0,0
450516,2,1,0,0,0,0,0,0,0,0,0,0
450517,1,1,8,8,8,8,8,8,8,8,8,8
450517,2,1,0,0,0,0,0,0,0,0,0,0
450518,1,1,22,22,22,22,22,22,22,22,22,22
450519,1,1,0,0,0,0,0,0,0,0,0,0
450519,2,1,0,0,0,0,0,0,0,0,0,0
450520,1,1,0,0,0,0,0,0,0,0,0,0
450520,2,1,0,0,0,0,0,0,0,0,0,0
450521,1,1,0,0,27,30,19,0,18,15,26,11
450522,1,1,0,0,0,0,0,0,0,0,0,0
450522,2,1,0,0,0,0,0,0,0,0,6,0
450523,1,1,0,0,0,0,0,0,0,0,0,0
450523,2,1,0,0,0,0,0,0,0,0,0,0
450524,1,1,0,0,0,0,0,0,0,0,0,0
450524,2,1,0,0,8,0,0,0,0,0,0,0
450525,1,1,0,0,0,0,0,0,0,0,0,0
450525,2,1,0,0,0,0,0,0,0,0,0,0
450526,1,1,0,0,0,0,0,0,0,0,0,0
450527,1,1,19,19,19,19,19,19,19,19,19,19
450528,0,1,0,0,0,0,0,0,0,0,0,0
450528,1,1,0,14,0,0,0,0,0,0,0,0
450529,1,1,0,0,0,0,0,0,0,0,0,19
450529,2,1,0,0,0,0,0,0,0,0,0,0
450530,1,1,0,0,0,0,0,0,0,0,0,0
450530,2,1,0,0,0,0,0,0,0,0,0,0
450531,0,1,0,0,0,0,0,0,0,0,0,0
450531,1,1,0,0,0,0,15,0,0,0,0,0
450532,1,1,0,0,0,0,0,0,0,0,0,0
450532,2,1,0,0,0,0,0,0,0,0,0,0
450533,1,1,10,10,10,10,10,10,10,10,10,10
450534,1,1,0,0,0,0,0,0,0,0,0,0
450535,1,1,0,0,11,0,0,0,0,0,0,0
450535,2,1,0,0,0,0,0,0,0,0,0,0
450536,0,1,0,0,0,0,0,0,0,0,0,0
450536,1,1,0,0,0,0,0,0,12,0,0,0
450537,1,1,0,0,0,0,0,0,0,0,0,0
450537,2,1,0,22,0,0,0,0,0,16,0,0
450538,1,1,26,26,26,26,26,26,26,26,26,26
450539,1,1,0,0,0,0,0,0,0,0,0,0
450539,2,1,0,0,0,0,0,0,0,0,0,0
450540,1,1,0,9,14,0,0,0,0,15,0,0
450541,1,1,0,0,0,0,40,0,0,0,0,0
450541,2,1,0,0,0,0,0,0,0,0,0,0
450542,1,1,0,0,0,0,0,0,0,0,0,0
450542,2,1,0,0,0,0,0,0,0,0,0,0
450543,1,1,0,0,0,0,0,0,0,0,0,0
450543,2,1,0,0,0,0,0,0,0,0,0,0
450544,1,1,0,0,0,0,0,0,0,0,0,0
450545,0,1,0,0,0,0,0,0,0,0,0,0
450545,1,1,35,15,0,0,0,0,0,0,0,0
450546,0,1,28,28,28,28,28,28,28,28,28,28
450546,1,1,0,0,0,0,0,0,0,0,0,0
450547,1,1,0,0,0,0,0,0,0,0,0,0
450547,2,1,0,0,0,0,0,0,0,0,0,0
450547,3,1,0,0,0,0,0,0,0,0,0,0
450548,1,1,0,0,0,0,0,0,0,0,0,0
450548,2,1,0,0,0,0,0,0,0,0,0,0
450549,1,1,0,0,0,0,0,0,0,0,0,0
450550,1,1,0,0,0,0,0,0,0,0,0,0
450551,1,1,0,0,0,0,0,0,0,0,0,0
450552,1,1,0,0,0,0,0,0,0,16,0,0
450553,1,1,22,22,22,22,22,22,22,22,22,22
450554,1,1,0,0,0,0,0,0,0,0,0,0
450554,2,1,0,0,0,0,0,0,0,0,0,0
450554,3,1,0,0,0,0,0,0,0,0,0,0
450555,1,1,0,0,0,0,0,0,0,0,0,0
450555,2,1,0,0,0,8,0,0,0,0,3,13
450556,0,1,0,0,0,0,0,0,0,0,0,0
450556,1,1,0,0,0,0,0,0,0,0,0,0
450558,1,1,0,0,0,0,0,0,0,0,0,0
450558,2,1,0,0,0,0,0,0,0,0,0,0
450559,1,1,0,0,0,0,0,0,0,0,0,17
450559,2,1,0,0,0,0,0,0,0,0,0,0
450560,0,1,0,0,0,0,0,0,0,0,0,0
450560,1,1,0,0,0,0,0,0,0,0,0,3
450561,0,1,16,16,16,16,16,16,16,16,16,16
450561,1,1,0,0,20,15,0,0,0,0,0,0
450562,1,1,0,0,0,0,0,0,0,0,0,0
450562,2,1,18,18,18,18,18,18,18,18,18,18
450563,0,1,0,24,22,0,23,0,0,0,0,0
450563,1,1,0,0,0,0,0,0,0,0,0,0
450564,1,1,18,18,18,18,18,18,18,18,18,18
450565,0,1,0,0,0,0,0,0,0,0,0,0
450565,1,1,0,0,0,0,0,0,0,0,9,0
450566,1,1,0,0,0,0,0,0,0,0,0,0
450566,2,1,0,0,0,0,0,0,0,0,0,0
450567,1,1,0,0,0,0,0,0,0,0,0,0
450567,2,1,0,0,0,0,0,0,0,0,0,0
450568,1,1,0,0,0,0,0,0,0,0,0,0
450569,1,1,0,0,0,0,0,0,0,0,0,0
450569,2,1,0,0,0,14,0,0,0,0,0,0
450570,1,1,0,0,0,0,0,0,0,0,0,0
450570,2,1,0,0,0,0,0,0,0,0,0,0
450571,1,1,20,20,20,20,20,20,20,20,20,20
450572,1,1,0,0,0,0,0,0,0,0,0,0
450572,2,1,20,20,20,20,20,20,20,20,20,20
450573,1,1,0,0,0,0,0,0,0,0,0,0
450574,1,1,0,0,0,0,0,0,0,0,0,0
450574,2,1,0,0,0,0,0,0,0,0,0,0
450575,1,1,8,0,0,0,0,0,0,0,0,0
450575,2,1,0,0,0,0,0,0,0,0,0,0
450576,0,1,20,20,20,20,20,20,20,20,20,20
450576,1,1,0,0,7,17,0,0,0,14,0,0
450577,1,1,0,0,0,0,0,0,0,0,0,0
450577,2,1,23,23,23,23,23,23,23,23,23,23
450578,1,1,0,0,0,0,0,0,0,0,0,0
450578,2,1,0,0,0,0,0,0,0,0,0,0
450579,1,1,15,15,15,15,15,15,15,15,15,15
450580,1,1,0,0,0,0,0,0,0,0,0,0
450580,2,1,0,0,0,0,0,0,0,0,0,0
450580,3,1,0,0,0,0,0,0,0,0,0,0
450580,4,1,0,0,0,0,0,0,0,0,0,0
450580,5,1,0,0,0,0,0,0,0,0,0,0
450581,1,1,0,0,13,0,9,0,0,0,10,0
450582,0,1,30,16,0,0,0,0,26,0,17,0
450582,1,1,0,0,0,0,0,0,0,0,0,0
450583,1,1,10,0,0,37,12,0,0,22,0,0
450584,0,1,9,9,9,9,9,9,9,9,9,9
450584,1,1,0,0,0,0,0,0,0,0,35,0
450585,1,1,13,13,13,13,13,13,13,13,13,13
450586,1,1,20,17,16,7,21,20,6,9,15,23
450587,1,1,0,16,0,0,0,0,0,0,0,0
450587,2,1,0,0,0,0,0,26,0,0,0,0
450588,1,1,0,0,0,0,0,0,0,0,0,0
450588,2,1,0,0,0,0,0,0,0,0,0,0
450589,1,1,0,0,0,0,0,0,0,0,0,0
450589,2,1,0,0,0,0,0,0,0,0,0,0
450590,1,1,0,0,0,0,0,0,0,0,0,0
450590,2,1,0,0,0,0,12,0,0,0,0,0
450590,3,1,0,0,0,0,0,0,0,0,0,0
450590,4,1,0,0,0,0,0,0,0,0,0,0
450591,1,1,0,0,0,0,0,0,0,0,0,0
450592,1,1,0,8,0,0,0,0,0,0,0,1
450592,2,1,24,19,0,0,0,0,0,0,0,0
450592,3,1,0,0,0,0,0,0,0,0,0,0
450592,4,1,0,0,0,0,0,28,0,0,0,0
450592,5,1,0,0,0,0,0,0,0,0,0,0
450593,1,1,0,0,0,0,0,0,0,0,0,0
450593,2,1,0,0,0,0,0,0,0,0,0,0
450594,1,1,0,0,0,0,0,0,0,0,0,0
450594,2,1,0,0,0,0,0,0,0,0,0,0
450595,1,1,0,0,0,0,0,0,0,0,0,0
450595,2,1,0,27,0,0,0,0,0,38,0,0
450596,0,1,0,27,26,16,15,22,30,21,26,19
450596,1,1,0,0,0,0,0,5,0,0,0,0
450597,1,1,9,9,9,9,9,9,9,9,9,9
450598,0,1,0,0,0,0,0,0,0,0,0,0
450598,1,1,0,0,0,0,0,0,0,0,0,0
450599,1,1,0,0,0,0,0,0,0,0,0,0
450599,2,1,0,0,0,0,0,0,0,5,0,0
450600,1,1,0,0,0,0,0,0,0,0,0,0
450601,1,1,16,10,0,34,12,0,21,0,26,10
450602,1,1,0,0,0,0,0,0,0,0,0,0
450602,2,1,0,0,0,0,0,0,0,0,0,0
450603,1,1,19,19,19,19,19,19,19,19,19,19
450604,0,1,0,32,0,0,0,0,23,0,0,0
450604,1,1,0,0,0,0,0,0,15,0,0,0
450605,1,1,0,0,23,0,0,0,16,0,7,0
450606,1,1,0,0,0,0,0,0,0,0,0,0
450607,1,1,0,23,0,17,23,0,12,0,0,0
450608,1,1,0,0,0,0,0,0,0,0,20,0
450609,1,1,0,0,0,0,0,0,0,0,0,0
450610,1,1,20,20,20,20,20,20,20,20,20,20
450611,1,1,16,16,16,16,16,16,16,16,16,16
450612,1,1,4,4,4,4,4,4,4,4,4,4
450612,2,1,0,0,0,0,0,0,0,0,0,0
450613,1,1,0,0,22,0,6,0,0,0,28,5
450613,2,1,2,2,2,2,2,2,2,2,2,2
450614,1,1,0,0,0,26,0,0,0,0,0,0
450614,2,1,23,21,0,14,12,9,0,19,5,4
450615,1,1,0,0,29,0,0,0,0,0,11,0
450616,0,1,0,0,0,0,0,0,0,0,0,0
450616,1,1,0,0,0,0,0,0,0,0,0,0
450617,0,1,7,0,4,0,0,45,8,11,0,0
450617,1,1,0,0,0,0,0,0,0,0,0,0
450618,1,1,0,0,0,0,0,0,0,0,0,0
450619,0,1,21,21,21,21,21,21,21,21,21,21
450619,1,1,0,0,0,0,0,0,0,0,30,0
450620,0,1,0,0,0,0,0,0,0,0,0,0
450620,1,1,0,0,0,0,0,0,0,0,0,0
450621,0,1,14,14,14,14,14,14,14,14,14,14
450621,1,1,0,2,0,0,0,16,0,0,0,0
450622,1,1,0,0,0,0,0,0,0,0,0,0
450623,1,1,10,33,26,38,3,25,24,37,37,10
450624,1,1,7,12,0,16,0,8,0,0,0,0
450625,1,1,0,0,0,0,0,0,0,0,0,0
450625,2,1,0,0,0,0,0,0,0,0,0,0
450626,1,1,0,0,0,0,0,0,0,0,0,0
450626,2,1,20,20,20,20,20,20,20,20,20,20
450627,1,1,0,0,0,0,0,0,0,0,0,0
450627,2,1,39,39,39,39,39,39,39,39,39,39
450628,1,1,0,0,0,0,0,0,0,0,0,0
450629,0,1,20,20,20,20,20,20,20,20,20,20
450629,1,1,0,0,0,0,0,0,0,0,0,0
450630,1,1,0,0,0,0,0,0,0,0,0,0
450630,2,1,15,15,15,15,15,15,15,15,15,15
450631,1,1,0,0,0,0,0,0,0,0,0,0
450631,2,1,0,0,0,0,0,0,0,0,0,0
450632,1,1,0,0,0,0,0,0,0,0,0,0
450632,2,1,0,0,0,0,0,0,0,0,0,0
450633,1,1,17,17,17,17,17,17,17,17,17,17
450634,1,1,1,1,1,1,1,1,1,1,1,1
450635,1,1,0,0,0,0,0,0,0,0,0,0
450635,2,1,0,0,0,0,0,0,0,0,0,0
450636,0,1,0,0,0,24,8,0,0,23,0,0
450636,1,1,0,0,0,0,0,0,0,0,0,0
450637,1,1,0,0,5,0,17,0,0,0,0,0
450637,2,1,0,0,0,0,0,0,0,0,0,0
450638,1,1,0,0,0,0,0,0,0,0,0,0
450638,2,1,0,0,0,0,0,0,0,0,0,0
450639,1,1,23,23,23,23,23,23,23,23,23,23
450640,1,1,0,0,0,0,0,0,0,0,0,0
450640,2,1,0,22,10,6,31,0,9,23,8,0
450641,1,1,18,18,18,18,18,18,18,18,18,18
450642,1,1,2,2,2,2,2,2,2,2,2,2
450643,1,1,20,20,20,20,20,20,20,20,20,20
450643,2,1,0,0,0,0,0,0,0,0,0,0
450644,1,1,0,0,0,0,0,0,0,0,0,28
450644,2,1,11,11,11,11,11,11,11,11,11,11
450645,0,1,0,0,0,0,0,0,0,0,0,0
450645,1,1,0,0,0,0,0,0,0,0,0,0
450646,1,1,9,9,9,9,9,9,9,9,9,9
450647,1,1,25,25,25,25,25,25,25,25,25,25
450648,1,1,11,11,11,11,11,11,11,11,11,11
450649,1,1,0,0,0,0,0,0,0,0,20,0
450649,2,1,0,0,0,0,0,0,0,0,0,0
450650,1,1,0,0,0,0,0,0,0,0,0,0
450650,2,1,0,0,0,0,0,0,0,0,0,0
450651,1,1,0,0,0,0,0,0,0,0,0,0
450651,2,1,0,0,0,0,0,0,0,0,0,0
450652,0,1,0,18,0,33,0,0,0,39,0,11
450652,1,1,0,0,0,0,0,0,0,0,0,0
450653,1,1,0,0,0,0,0,0,0,0,0,0
450654,1,1,0,20,0,0,0,0,0,0,0,0
450654,2,1,0,0,0,0,0,0,0,0,0,0
450654,3,1,0,0,0,0,0,0,0,0,0,0
450655,1,1,11,11,11,11,11,11,11,11,11,11
450656,0,1,0,0,0,0,0,9,0,0,17,20
450656,1,1,0,3,0,21,0,11,0,0,0,0
450657,1,1,0,0,0,0,0,1,0,0,0,0
450657,2,1,0,0,0,0,0,0,0,0,0,0
450658,0,1,11,0,11,0,0,0,0,0,0,0
450658,1,1,0,0,0,0,0,0,0,0,0,0
450659,1,1,0,0,0,0,0,0,0,0,0,0
450659,2,1,4,4,4,4,4,4,4,4,4,4
450659,3,1,0,0,16,0,0,0,0,20,0,0
450660,1,1,0,0,0,0,0,0,0,0,0,0
450661,1,1,0,0,0,0,0,0,0,0,0,0
450661,2,1,12,20,11,16,29,6,7,13,11,16
450662,1,1,11,11,11,11,11,11,11,11,11,11
450663,0,1,0,0,0,0,0,0,0,0,0,0
450663,1,1,0,0,0,0,0,0,0,0,0,0
450664,1,1,0,0,0,0,0,0,0,0,0,0
450665,1,1,0,0,0,0,0,0,0,0,0,0
450666,1,1,0,0,0,0,0,0,0,0,0,0
450666,2,1,0,0,0,0,0,0,0,0,0,0
450667,1,1,0,0,0,0,0,0,0,0,0,0
450667,2,1,0,0,0,0,0,0,0,0,0,0
450668,1,1,0,0,0,0,0,0,0,0,0,0
450669,1,1,0,0,0,0,0,0,0,0,0,0
450669,2,1,0,0,0,0,0,0,0,0,0,0
450670,1,1,0,0,0,0,0,0,0,0,0,0
450671,1,1,0,0,0,0,0,0,0,0,0,0
450672,1,1,0,0,0,20,0,0,0,0,0,0
450672,2,1,0,0,0,0,0,0,0,0,0,0
450673,1,1,7,7,7,7,7,7,7,7,7,7
450673,2,1,0,0,0,0,0,0,0,0,0,0
450674,1,1,0,0,0,0,0,0,0,0,0,0
450674,2,1,0,0,0,0,0,0,25,0,0,0
450675,1,1,14,14,14,14,14,14,14,14,14,14
450676,1,1,0,0,0,0,0,0,0,0,0,0
450677,0,1,0,0,0,0,0,0,0,0,0,0
450677,1,1,0,0,0,0,0,10,0,0,0,0
450678,1,1,24,24,24,24,24,24,24,24,24,24
450679,0,1,8,8,8,8,8,8,8,8,8,8
450679,1,1,0,0,0,0,0,0,0,0,0,0
450680,1,1,10,0,0,0,0,0,0,0,0,0
450680,2,1,0,0,0,0,0,0,0,0,0,0
450681,1,1,0,0,0,0,0,0,0,0,0,0
450681,2,1,21,21,21,21,21,21,21,21,21,21
450682,1,1,0,0,0,0,0,0,0,0,0,0
450683,1,1,0,0,0,0,0,0,0,0,0,0
450683,2,1,7,7,7,7,7,7,7,7,7,7
450684,1,1,0,0,0,15,0,0,9,0,0,0
450685,1,1,0,0,0,0,0,0,0,0,0,0
450685,2,1,0,0,0,0,0,0,0,0,8,0
450686,1,1,0,0,0,0,0,0,0,0,0,0
450686,2,1,0,0,0,0,0,0,0,0,0,0
450687,1,1,16,13,14,13,6,12,21,15,22,23
450688,0,1,0,0,0,0,0,0,0,0,0,0
450688,1,1,0,0,0,0,0,0,0,0,0,0
450689,1,1,0,0,0,0,0,15,0,0,0,0
450689,2,1,22,0,0,0,0,0,0,0,0,0
450689,3,1,25,25,25,25,25,25,25,25,25,25
450690,0,1,0,0,0,0,0,0,0,0,0,0
450690,1,1,0,0,0,0,0,0,0,0,0,0
450691,1,1,0,0,0,0,0,0,0,0,0,0
450691,2,1,0,0,0,0,0,0,0,0,0,23
450691,3,1,4,4,4,4,4,4,4,4,4,4
450692,1,1,15,15,15,15,15,15,15,15,15,15
450693,1,1,5,5,5,5,5,5,5,5,5,5
450693,2,1,0,0,0,0,0,0,0,0,0,0
450694,1,1,4,4,4,4,4,4,4,4,4,4
450694,2,1,14,14,14,14,14,14,14,14,14,14
450695,1,1,0,0,0,0,0,0,0,0,11,0
450695,2,1,0,0,0,0,0,0,0,0,0,0
450696,1,1,0,0,0,0,0,0,0,0,0,0
450696,2,1,0,0,0,0,0,0,0,0,0,0
450697,1,1,0,0,0,0,0,0,0,0,0,0
450697,2,1,0,0,0,0,0,0,0,0,0,0
450697,3,1,0,0,0,0,0,0,0,0,0,0
450698,1,1,0,0,0,0,0,0,0,0,0,0
450698,2,1,0,0,0,0,0,0,0,0,0,0
450699,1,1,0,0,0,0,0,0,0,0,0,0
450699,2,1,0,0,0,0,0,0,0,0,0,0
450699,3,1,0,0,0,0,0,0,0,0,0,0
450700,1,1,0,0,0,0,0,0,0,0,0,0
450700,2,1,0,0,0,0,0,0,0,0,0,0
450700,3,1,0,0,0,0,0,0,0,0,0,0
450701,1,1,0,0,0,0,0,0,0,0,0,0
450701,2,1,0,0,29,0,0,0,0,0,0,0
450702,1,1,0,0,0,0,0,9,0,0,0,0
450702,2,1,18,18,18,18,18,18,18,18,18,18
450703,1,1,27,27,27,27,27,27,27,27,27,27
450704,1,1,14,14,14,14,14,14,14,14,14,14
450705,1,1,0,0,0,0,0,0,0,0,0,0
450705,2,1,18,11,8,15,22,18,17,16,6,10
450706,0,1,0,0,0,0,0,0,0,0,0,0
450706,1,1,0,0,0,0,0,0,0,0,0,0
450707,2,1,0,0,0,0,0,0,0,0,0,0
450708,1,1,6,9,0,0,0,0,0,0,0,0
450708,2,1,0,0,0,0,0,0,0,0,0,0
450709,1,1,19,19,19,19,19,19,19,19,19,19
450709,2,1,0,0,0,0,0,0,0,0,0,0
450710,1,1,0,0,0,0,0,0,0,0,0,0
450710,2,1,0,0,6,0,0,0,0,30,0,0
450711,1,1,14,14,14,14,14,14,14,14,14,14
450711,2,1,0,37,0,0,0,0,0,0,0,0
450712,1,1,0,26,0,0,0,0,0,0,0,0
450712,2,1,12,12,12,12,12,12,12,12,12,12
450713,1,1,0,0,0,0,0,0,0,0,0,0
450713,2,1,0,0,0,0,0,0,0,0,0,0
450714,1,1,1,1,1,1,1,1,1,1,1,1
450715,0,1,0,0,0,27,0,0,0,0,0,0
450715,1,1,13,0,0,0,14,0,0,0,0,0
450716,1,1,6,6,6,6,6,6,6,6,6,6
450717,1,1,19,19,19,19,19,19,19,19,19,19
450718,1,1,0,0,0,0,0,0,0,0,0,0
450719,1,1,0,0,0,0,0,0,0,0,0,0
450719,2,1,0,0,0,0,0,0,0,0,0,0
450720,0,1,0,0,0,0,12,0,0,0,0,0
450720,1,1,0,0,0,0,0,0,16,0,0,12
450721,1,1,0,0,0,0,0,0,0,7,0,0
450721,2,1,11,11,11,11,11,11,11,11,11,11
450722,1,1,0,0,0,0,0,0,0,0,0,0
450723,1,1,10,10,10,10,10,10,10,10,10,10
450723,2,1,0,0,0,0,0,12,0,0,0,0
450724,1,1,0,0,0,0,0,0,0,0,0,0
450724,2,1,0,0,0,0,0,0,0,0,0,0
450725,0,1,0,0,0,0,0,0,0,0,0,0
450725,1,1,0,0,0,0,0,0,0,0,0,0
450726,1,1,0,26,0,22,41,30,0,0,0,0
450726,2,1,0,0,0,0,0,0,0,0,0,0
450727,1,1,0,0,0,0,0,0,0,0,0,0
450727,2,1,8,0,0,0,0,0,0,0,0,0
450728,1,1,0,0,0,0,0,0,0,0,0,0
450728,2,1,0,0,0,0,0,0,17,0,0,0
450728,3,1,0,0,0,0,0,0,0,0,0,0
450729,1,1,0,0,0,0,0,0,0,0,0,0
450729,2,1,0,0,0,0,0,0,0,0,3,2
450729,3,1,0,0,0,0,0,0,0,0,0,0
450730,1,1,4,0,0,0,0,0,0,0,0,0
450730,2,1,0,0,0,0,0,0,0,0,0,0
450731,0,1,0,0,0,0,0,0,0,0,0,0
450731,1,1,0,0,0,0,0,0,0,0,0,0
450732,1,1,0,0,0,0,0,0,0,0,0,0
450733,1,1,0,0,0,0,0,0,0,0,0,0
450735,1,1,19,19,19,19,19,19,19,19,19,19
450736,1,1,11,11,11,11,11,11,11,11,11,11
450737,1,1,0,0,0,0,0,0,0,0,0,0
450738,0,1,0,0,0,0,0,0,0,0,0,0
450738,1,1,0,0,0,0,0,0,0,0,0,0
450739,1,1,0,0,0,13,0,31,14,0,0,0
450739,2,1,0,0,0,0,0,0,0,0,0,0
450740,0,1,8,8,8,8,8,8,8,8,8,8
450740,1,1,0,0,0,0,0,0,0,0,0,0
450741,1,1,22,22,22,22,22,22,22,22,22,22
450742,1,1,0,0,0,0,0,0,0,0,0,0
450743,1,1,0,0,11,0,0,0,0,0,19,0
450743,2,1,0,0,0,0,0,0,0,0,0,0
450744,1,1,14,14,14,14,14,14,14,14,14,14
450744,2,1,14,14,14,14,14,14,14,14,14,14
450745,1,1,19,0,27,0,25,21,6,34,0,0
450746,1,1,35,35,35,35,35,35,35,35,35,35
450747,1,1,0,0,0,0,0,0,0,0,0,0
450748,1,1,10,10,10,10,10,10,10,10,10,10
450749,0,1,0,0,0,0,0,0,0,0,0,0
450749,1,1,0,0,0,0,0,17,0,0,15,0
450750,0,1,0,0,0,0,0,0,0,0,0,0
450750,1,1,0,0,0,0,0,0,0,0,0,0
450751,0,1,28,28,28,28,28,28,28,28,28,28
450751,1,1,0,0,0,0,13,0,0,0,0,0
450752,0,1,0,0,0,0,0,11,0,0,0,21
450752,1,1,0,0,0,0,0,0,0,0,0,0
450753,1,1,0,0,12,0,0,0,0,0,0,0
450753,2,1,0,0,0,0,0,0,0,0,0,0
450754,1,1,0,0,0,0,0,0,0,13,0,0
450754,2,1,0,0,0,14,13,0,0,0,0,0
450755,1,1,0,0,0,0,0,0,0,0,0,0
450755,2,1,0,0,0,0,0,0,0,0,0,0
450756,0,1,16,16,16,16,16,16,16,16,16,16
450756,1,1,0,0,0,0,0,0,0,0,0,0
450757,1,1,0,0,0,0,0,0,0,0,0,0
450757,2,1,0,0,0,0,0,0,0,0,0,0
450758,0,1,0,0,0,0,0,0,0,0,0,0