ST_CASE,VEH_NO,PER_NO,P1,P2,P3,P4,P5,P6,P7,P8,P9,P10
480034,0,2,28,36,0,0,0,0,0,0,0,0
480034,1,1,0,0,10,0,0,7,0,18,36,8
480035,0,1,23,23,23,23,23,23,23,23,23,23
480035,1,1,0,8,0,0,0,0,11,0,0,0
480036,0,1,0,0,0,0,0,0,0,0,0,0
480036,1,1,33,0,5,0,0,0,0,0,0,13
480036,2,1,0,0,0,0,0,0,0,0,0,0
480037,1,1,23,23,23,23,23,23,23,23,23,23
480038,1,1,6,6,6,6,6,6,6,6,6,6
480038,2,1,0,16,21,0,0,10,6,0,0,18
480039,0,1,0,0,0,0,0,0,0,0,0,12
480039,1,1,0,0,0,0,0,0,0,0,0,0
480040,0,1,0,0,7,0,0,0,16,0,0,25
480040,1,1,11,0,0,4,21,0,14,12,17,0
480041,1,1,0,0,0,0,0,0,0,0,0,0
480042,1,1,13,13,13,13,13,13,13,13,13,13
480042,2,1,23,0,9,9,0,0,14,0,0,0
480043,0,1,0,0,0,13,0,0,0,18,0,0
480043,1,1,14,0,7,10,17,2,0,0,0,0
480044,1,1,0,0,0,0,0,0,0,0,0,0
480044,2,1,0,0,0,0,0,0,0,0,0,0
480045,0,1,0,0,0,0,0,0,0,0,0,0
480045,1,1,30,0,0,0,0,0,19,0,0,0
480046,1,1,16,0,0,0,0,0,26,0,0,15
480046,2,1,0,0,0,0,0,0,0,0,0,0
480047,0,1,0,0,0,0,0,0,0,0,0,0
480047,1,1,0,0,0,0,0,0,0,0,14,0
480048,0,1,0,0,0,29,0,11,31,17,0,22
480048,1,1,22,7,13,24,16,0,12,14,23,20
480049,1,1,14,12,31,20,8,15,8,5,15,15
480050,1,1,0,5,0,2,0,0,0,0,11,0
480050,2,1,14,14,14,14,14,14,14,14,14,14
480051,1,1,0,0,0,0,26,0,0,0,20,0
480051,2,1,0,11,0,20,22,8,0,0,14,11
480052,0,1,0,0,0,0,0,0,0,0,0,0
480052,1,1,0,0,0,0,0,0,0,0,0,0
480053,1,1,0,0,0,0,0,0,11,0,0,0
480053,2,1,0,0,0,0,0,0,3,5,0,0
480054,1,1,8,0,0,0,0,9,0,0,12,16
480054,2,1,0,0,0,0,8,0,0,0,0,0
480055,0,1,28,0,22,0,17,0,0,27,0,25
480055,1,1,0,15,9,7,0,0,14,22,0,0
480056,0,1,0,0,0,0,0,0,0,0,0,0
480056,1,1,0,0,0,0,23,0,0,0,29,18
480057,0,1,0,0,0,0,0,0,0,0,0,0
480057,1,1,16,22,0,0,0,10,11,9,10,19
480058,1,1,0,36,24,0,0,0,0,0,0,0
480059,1,1,39,39,39,39,39,39,39,39,39,39
480060,1,1,0,0,11,0,0,8,0,0,0,0
480060,2,1,0,0,0,0,0,0,0,0,0,0
480061,1,1,22,13,17,27,19,12,19,17,23,22
480062,1,1,12,0,0,0,0,0,0,0,0,0
480062,2,1,0,10,0,0,0,0,15,16,0,0
480063,1,1,21,21,21,21,21,21,21,21,21,21
480064,1,1,0,0,0,0,0,0,0,0,0,0
480065,1,1,16,16,16,16,16,16,16,16,16,16
480065,2,1,11,10,27,0,0,16,0,16,0,0
480066,1,1,22,22,22,22,22,22,22,22,22,22
480066,2,1,16,9,11,0,0,0,0,0,0,0
480068,0,1,0,0,19,11,25,6,0,0,0,19
480068,1,1,0,0,0,0,0,0,0,7,0,0
480069,1,1,0,8,0,0,0,0,0,0,0,6
480069,2,1,0,0,0,0,0,0,0,0,0,0
480069,3,1,0,0,0,0,0,0,0,0,0,0
480070,0,1,0,0,0,0,0,0,0,0,0,0
480070,1,1,0,0,0,11,0,0,0,0,0,16
480070,2,1,0,0,0,0,0,0,0,0,16,0
480071,0,1,0,0,0,0,0,0,0,0,0,0
480071,1,1,14,0,0,0,0,0,0,12,0,0
480072,0,1,0,0,0,0,0,0,0,0,0,0
480072,1,1,0,23,0,0,0,0,0,15,0,0
480073,0,1,0,0,0,0,0,0,0,0,0,0
480073,1,1,25,0,0,0,0,0,6,0,8,0
480074,0,1,24,24,24,24,24,24,24,24,24,24
480074,1,1,0,0,0,0,0,6,0,0,0,0
480075,1,1,17,17,17,17,17,17,17,17,17,17
480075,2,1,11,33,0,26,0,9,17,0,13,23
480076,1,1,0,0,0,0,0,0,0,0,0,0
480076,2,1,0,0,0,0,0,0,0,0,0,0
480077,0,1,0,0,49,0,0,0,0,5,0,0
480077,1,1,0,0,0,0,0,0,3,0,0,0
480078,0,1,0,23,9,0,0,0,15,19,0,19
480078,1,1,0,0,0,0,0,0,0,0,0,21
480079,1,1,0,0,0,0,28,0,0,0,6,0
480079,2,1,0,0,0,0,0,0,0,0,0,0
480080,1,1,0,0,22,0,0,0,0,0,15,14
480081,1,1,0,0,0,0,0,0,0,0,5,0
480081,2,1,0,0,12,0,0,19,22,0,5,0
480082,1,1,0,20,10,3,0,8,19,19,15,0
480083,1,1,9,10,6,16,14,20,23,16,18,21
480084,1,1,15,35,26,13,0,27,0,15,0,13
480085,0,1,0,0,0,0,8,0,0,0,0,0
480085,1,1,0,7,0,18,0,0,0,0,23,7
480086,0,1,31,31,31,31,31,31,31,31,31,31
480086,1,1,19,0,0,0,0,12,0,7,0,0
480087,1,1,0,0,0,0,0,0,0,0,0,0
480087,2,1,0,0,0,0,0,0,0,0,0,1
480088,1,1,5,5,5,5,5,5,5,5,5,5
480088,2,1,0,0,0,0,0,0,0,0,0,0
480089,1,1,11,0,0,0,0,25,0,13,0,9
480089,2,1,7,0,24,0,19,6,11,22,0,17
480090,1,1,16,14,41,19,7,29,31,23,16,26
480091,1,1,0,0,7,0,0,0,0,19,18,0
480091,2,1,0,33,17,0,14,11,8,0,5,3
480092,0,1,22,22,22,22,22,22,22,22,22,22
480092,1,1,17,0,0,0,0,0,0,0,0,0
480093,1,1,28,28,28,28,28,28,28,28,28,28
480093,2,1,5,10,20,0,10,37,24,0,21,0
480094,1,1,13,13,13,13,13,13,13,13,13,13
480095,1,1,0,0,0,0,4,0,0,0,0,0
480095,2,1,22,22,22,22,22,22,22,22,22,22
480096,1,1,0,7,24,0,0,0,0,0,0,0
480097,1,1,5,0,15,0,0,0,0,0,0,0
480098,1,1,0,36,32,0,0,20,13,0,8,0
480099,1,1,0,0,13,0,0,0,0,0,13,0
480099,2,1,0,16,0,0,0,0,0,16,13,0
480100,0,1,0,0,0,0,0,0,0,0,0,0
480100,1,1,0,14,0,0,0,0,0,0,0,0
480101,0,1,0,0,0,0,0,0,0,0,0,0
480101,1,1,0,0,0,0,0,0,0,7,5,0
480102,0,1,8,8,8,8,8,8,8,8,8,8
480102,1,1,0,0,12,0,0,0,0,22,0,0
480103,1,1,0,0,0,0,0,0,0,0,0,0
480103,2,1,12,0,18,0,0,0,0,0,0,0
480103,3,1,0,0,0,0,0,0,0,0,0,0
480104,1,1,0,0,0,0,0,0,0,0,0,0
480104,2,1,0,0,23,0,26,0,0,0,0,0
480105,0,1,11,11,11,11,11,11,11,11,11,11
480105,1,1,0,3,0,0,0,15,0,14,16,0
480106,1,1,0,0,0,13,0,0,8,0,15,0
480106,2,1,11,0,13,0,0,0,18,32,0,0
480107,1,1,0,0,0,0,0,0,0,0,0,0
480108,0,1,0,0,0,7,0,0,0,47,0,0
480108,1,1,27,0,0,0,0,0,0,23,0,17
480109,1,1,16,16,16,16,16,16,16,16,16,16
480109,2,1,0,0,0,0,0,0,0,0,0,0
480110,1,1,23,0,0,0,0,0,14,0,10,0
480110,2,1,0,0,0,0,0,0,0,0,0,0
480111,1,1,0,0,0,0,0,0,0,0,0,0
480111,2,1,0,5,0,0,22,0,0,18,0,0
480112,0,1,0,14,16,0,0,0,0,0,0,0
480112,1,1,0,0,0,0,0,0,0,0,0,0
480113,1,1,0,0,0,0,0,0,0,0,0,0
480113,2,1,0,0,0,0,0,0,0,0,0,0
480114,1,1,0,0,0,0,0,0,0,0,0,0
480115,1,1,0,26,10,7,5,19,10,15,5,19
480116,1,1,16,16,16,16,16,16,16,16,16,16
480117,1,1,0,13,12,0,8,0,24,0,0,0
480118,1,1,16,16,16,16,16,16,16,16,16,16
480118,2,1,0,0,0,0,0,0,0,0,0,0
480119,1,1,0,0,0,0,0,0,0,0,0,0
480119,2,1,0,25,0,0,0,0,0,0,0,0
480120,1,1,0,0,0,0,5,0,0,0,0,0
480120,2,1,0,0,0,0,0,0,0,0,0,0
480121,0,1,26,17,0,0,28,18,42,17,0,0
480121,1,1,0,0,24,0,0,0,0,0,27,0
480122,0,1,17,17,17,17,17,17,17,17,17,17
480122,1,1,13,0,8,0,0,0,0,0,8,15
480123,0,1,37,37,37,37,37,37,37,37,37,37
480123,1,1,0,0,0,16,23,5,0,0,19,0
480124,0,1,0,0,0,0,0,0,0,0,0,0
480124,1,1,12,20,5,0,20,22,10,0,9,0
480125,1,1,23,23,23,23,23,23,23,23,23,23
480125,2,1,0,13,0,0,0,0,0,11,0,0
480126,1,1,0,0,0,0,13,22,0,0,0,0
480126,2,1,0,0,0,0,0,0,0,0,0,0
480127,1,1,0,0,0,0,0,0,17,13,0,8
480127,2,1,0,0,5,0,0,0,0,0,0,0
480128,1,1,16,18,27,28,21,34,31,25,11,20
480129,1,1,0,13,0,13,19,9,0,0,0,0
480130,1,1,0,0,11,0,15,0,19,8,11,0
480130,2,1,0,0,0,0,0,0,0,0,0,0
480131,1,1,0,0,0,0,0,0,0,0,0,0
480131,2,1,0,0,10,0,8,0,0,0,0,0
480132,0,1,0,0,0,0,0,12,28,20,0,0
480132,1,1,0,0,0,0,0,29,0,4,0,0
480133,0,1,29,29,29,29,29,29,29,29,29,29
480133,1,1,0,0,0,0,0,0,0,0,0,15
480134,1,1,0,0,0,0,0,0,0,0,0,0
480134,2,1,29,0,0,0,14,0,0,8,0,0
480135,1,1,10,0,0,18,0,0,0,0,0,9
480135,2,1,0,0,0,0,0,0,0,0,0,0
480135,3,1,10,21,28,0,0,15,12,19,3,0
480135,4,1,5,0,5,0,5,0,0,0,3,0
480135,5,1,0,26,0,0,0,0,0,0,23,0
480136,1,1,20,20,20,20,20,20,20,20,20,20
480137,0,1,20,20,20,20,20,20,20,20,20,20
480137,1,1,20,21,11,2,9,10,18,0,4,9
480138,1,1,0,0,0,0,14,0,19,0,0,0
480138,2,1,20,0,15,16,0,22,0,0,17,12
480139,1,1,13,0,0,16,23,6,12,56,11,9
480139,2,1,0,0,16,0,0,0,13,0,28,0
480139,3,1,0,23,13,0,26,20,6,27,17,4
480140,0,1,35,35,35,35,35,35,35,35,35,35
480140,1,1,0,0,0,0,0,0,0,0,0,0
480141,1,1,31,31,31,31,31,31,31,31,31,31
480141,2,1,0,0,0,6,0,0,0,0,0,0
480142,1,1,7,0,0,13,0,26,0,10,0,15
480143,1,1,0,0,0,0,0,0,0,0,0,0
480143,2,1,0,0,0,0,0,0,0,0,0,0
480144,1,1,25,25,25,25,25,25,25,25,25,25
480145,1,1,0,0,0,0,0,0,0,0,0,0
480146,1,1,14,14,14,14,14,14,14,14,14,14
480147,0,1,0,0,0,0,0,0,0,0,0,0
480147,1,1,0,0,0,0,0,0,0,0,0,0
480148,1,1,0,17,0,0,0,24,0,0,0,0
480148,2,1,0,0,0,0,0,0,0,0,0,0
480149,1,1,24,24,24,24,24,24,24,24,24,24
480150,1,1,19,0,0,0,14,0,18,0,12,15
480150,2,1,0,0,0,0,0,0,0,0,0,0
480151,1,1,1,1,1,1,1,1,1,1,1,1
480152,1,1,0,0,0,21,0,6,0,0,28,0
480152,2,1,12,12,12,12,12,12,12,12,12,12
480153,1,1,22,22,22,22,22,22,22,22,22,22
480154,1,1,21,0,0,17,8,16,19,12,0,10
480154,2,1,0,0,0,0,19,0,22,0,28,0
480155,1,1,0,0,0,0,0,14,0,0,0,0
480156,1,1,12,12,18,20,9,0,18,0,0,0
480156,2,1,0,0,0,0,0,0,0,0,0,0
480157,0,1,0,0,0,0,0,0,0,0,0,0
480157,1,1,0,0,20,0,0,25,0,0,0,0
480158,0,1,18,18,18,18,18,18,18,18,18,18
480158,1,1,0,0,0,0,0,0,0,0,0,0
480159,1,1,15,15,15,15,15,15,15,15,15,15
480160,1,1,14,14,14,14,14,14,14,14,14,14
480161,1,1,1,1,1,1,1,1,1,1,1,1
480162,1,1,7,0,9,0,23,0,21,0,16,0
480162,2,1,8,0,8,4,0,0,0,15,0,7
480163,0,1,23,0,4,0,17,0,0,9,0,0
480163,1,1,0,0,4,0,0,0,0,7,0,0
480163,2,1,0,0,0,8,5,0,0,17,0,0
480164,1,1,23,23,23,23,23,23,23,23,23,23
480165,0,1,0,25,7,41,0,0,0,0,29,29
480165,1,1,6,0,0,11,0,0,0,0,0,13
480166,0,1,0,0,0,0,0,0,0,0,0,0
480166,1,1,0,0,9,0,0,4,0,0,0,0
480167,0,1,12,12,12,12,12,12,12,12,12,12
480167,1,1,0,0,3,0,0,0,24,0,0,0
480168,1,1,19,0,0,0,22,28,0,11,0,0
480169,1,1,0,0,0,0,0,0,0,0,0,0
480169,2,1,0,17,0,0,0,28,0,0,0,0
480169,3,1,0,0,9,0,0,6,17,0,0,0
480170,1,1,0,0,0,0,0,0,0,0,0,0
480171,1,1,21,21,21,21,21,21,21,21,21,21
480171,2,1,0,0,0,0,0,0,0,0,0,0
480171,3,1,0,0,0,0,0,0,0,0,0,0
480172,1,1,0,0,9,0,0,0,0,17,0,0
480172,2,1,0,21,0,0,0,0,0,0,0,0
480173,1,1,22,0,0,0,0,22,0,0,0,0
480173,2,1,0,0,0,0,0,0,0,0,0,0
480174,1,1,0,19,23,0,24,0,0,0,19,13
480175,0,1,0,0,0,37,0,0,0,0,0,0
480175,1,1,0,0,0,1,5,28,0,0,6,0
480176,1,1,0,0,0,0,0,0,0,0,0,0
480176,2,1,15,0,0,0,0,0,0,0,0,0
480177,1,1,0,0,18,1,15,15,22,16,16,19
480178,1,1,0,10,0,0,0,0,0,0,0,21
480178,2,1,0,0,0,0,0,0,0,0,0,0
480179,1,1,0,0,0,0,0,0,0,0,0,0
480179,2,1,0,0,27,0,20,0,0,32,0,0
480180,1,1,16,16,16,16,16,16,16,16,16,16
480181,1,1,0,0,0,0,0,21,0,0,0,0
480181,2,1,0,0,0,16,0,0,0,0,0,0
480181,3,1,0,24,0,0,0,0,0,0,17,0
480182,1,1,19,19,19,19,19,19,19,19,19,19
480182,2,1,0,0,0,0,0,0,0,0,0,0
480182,3,1,0,0,0,0,0,0,0,0,0,0
480183,0,1,0,0,30,33,13,0,0,0,39,0
480183,1,1,0,0,0,30,0,7,0,0,0,0
480184,1,1,9,0,0,0,0,8,39,0,13,0
480184,2,1,0,0,0,0,0,0,0,0,0,0
480185,0,1,0,25,15,0,6,0,10,0,0,20
480185,1,1,19,10,0,0,0,0,0,20,6,19
480186,0,1,4,0,16,0,0,0,35,0,26,0
480186,1,1,0,0,23,0,11,0,0,0,0,0
480187,0,1,20,30,12,26,0,0,16,0,13,0
480187,1,1,18,0,0,0,0,17,15,16,17,30
480188,1,1,22,22,22,22,22,22,22,22,22,22
480188,2,1,0,0,0,0,0,0,0,0,0,0
480189,1,1,0,0,0,0,0,0,5,0,10,17
480189,2,1,0,0,0,0,0,0,0,0,0,0
480189,3,1,0,16,0,0,0,4,0,0,7,0
480190,1,1,0,0,0,0,0,0,0,0,0,8
480190,2,1,0,0,0,0,0,0,0,0,0,0
480191,1,1,0,0,0,25,0,0,0,13,0,0
480191,2,1,0,0,26,0,0,0,0,0,0,9
480192,1,1,37,0,29,0,0,30,0,11,0,16
480193,0,1,0,0,29,8,0,0,10,0,0,0
480193,1,1,0,0,0,0,0,0,0,0,0,0
480194,1,1,10,4,14,12,18,0,16,19,7,19
480194,2,1,0,0,0,0,0,0,14,0,0,0
480195,1,1,0,0,0,0,0,0,0,0,0,0
480196,1,1,0,0,0,0,0,0,0,0,0,0
480197,1,1,0,0,0,0,0,0,0,0,0,0
480197,2,1,0,0,0,0,0,0,0,0,0,0
480197,3,1,21,21,6,0,0,0,0,0,0,0
480198,0,1,0,0,0,0,0,0,35,34,0,19
480198,1,1,0,9,0,0,19,0,0,33,7,6
480199,1,1,0,0,0,18,0,0,0,0,19,0
480199,2,1,13,0,0,0,0,21,0,0,0,0
480200,1,1,10,0,0,0,0,0,0,0,0,0
480200,2,1,0,0,0,0,0,0,0,0,10,0
480200,3,1,0,0,0,0,0,0,0,0,0,0
480201,1,1,0,0,0,0,0,0,0,0,0,0
480201,2,1,0,0,0,0,0,0,0,0,0,0
480202,1,1,0,0,0,0,0,0,0,0,0,0
480202,2,1,0,0,10,0,0,0,0,0,0,0
480203,1,1,0,0,0,12,0,0,10,0,0,0
480203,2,1,0,0,37,0,0,0,0,0,0,0
480204,0,1,0,0,0,0,0,0,0,0,0,0
480204,1,1,0,0,0,0,0,0,0,0,0,0
480205,0,1,0,0,0,0,0,0,0,0,0,0
480205,1,1,0,0,0,32,0,0,23,17,0,0
480206,1,1,3,0,0,0,0,0,0,0,0,0
480207,0,1,0,0,0,0,0,0,0,0,0,0
480207,1,1,0,0,0,0,6,14,0,17,0,0
480208,1,1,0,0,0,0,19,20,7,0,8,0
480208,2,1,0,0,9,0,0,10,0,7,25,4
480209,1,1,0,0,0,0,0,0,0,0,0,0
480209,2,1,0,9,9,0,0,13,0,0,0,0
480210,1,1,0,0,0,0,0,0,0,0,0,0
480210,2,1,0,0,0,0,0,7,0,0,0,5
480211,0,1,0,0,0,0,0,0,0,0,0,0
480211,1,1,0,0,0,0,0,0,0,0,0,0
480212,0,1,0,0,0,0,0,0,0,0,0,0
480212,1,1,18,18,38,13,21,16,24,16,0,15
480213,1,1,0,0,16,0,0,24,0,0,31,0
480214,1,1,0,0,0,0,0,0,0,0,0,0
480214,2,1,0,0,20,0,0,0,20,0,15,20
480215,0,1,25,0,21,5,25,0,12,0,25,0
480215,1,1,0,0,0,0,0,0,0,0,0,0
480216,1,1,0,0,0,0,0,0,0,0,13,0
480216,2,1,0,0,0,0,0,0,0,0,0,0
480217,1,1,8,0,0,0,0,34,14,0,0,0
480219,1,1,40,9,0,0,0,0,5,0,30,0
480220,1,1,16,16,16,16,16,16,16,16,16,16
480221,1,1,12,12,12,12,12,12,12,12,12,12
480222,0,1,0,0,24,9,16,0,0,0,22,0
480222,1,1,10,27,10,0,16,17,4,6,5,25
480223,1,1,0,0,0,0,0,0,0,0,0,0
480223,2,1,20,0,0,0,0,0,0,0,0,0
480224,1,1,0,0,8,0,0,0,0,0,0,0
480224,2,1,0,0,0,0,0,0,14,0,0,0
480225,1,1,17,17,17,17,17,17,17,17,17,17
480225,2,1,19,0,0,0,0,0,0,0,0,0
480226,1,1,28,0,0,10,0,0,0,25,0,19
480226,2,1,0,9,0,0,0,23,27,28,3,0
480226,4,1,5,0,0,34,9,17,12,0,0,0
480227,0,1,7,0,0,0,20,0,0,0,0,0
480227,1,1,6,39,14,0,16,0,0,0,12,6
480228,0,1,18,18,18,18,18,18,18,18,18,18
480228,1,1,0,0,0,0,0,0,0,0,0,0
480229,1,1,0,0,0,0,0,0,0,0,0,0
480230,0,1,9,9,9,9,9,9,9,9,9,9
480230,1,1,0,11,9,4,0,0,0,0,12,0
480231,1,1,0,0,0,0,0,0,0,0,0,0
480231,2,1,10,0,9,0,16,0,8,9,3,0
480232,1,1,5,18,18,0,0,17,14,12,22,0
480233,0,1,0,0,0,0,0,0,0,0,0,0
480233,1,1,0,0,0,0,0,0,0,10,0,0
480234,1,1,23,0,23,13,46,0,32,0,0,0
480235,0,1,0,36,11,0,0,0,0,0,0,16
480235,1,1,0,0,0,0,0,0,0,0,0,16
480236,1,1,17,17,17,17,17,17,17,17,17,17
480236,2,1,0,0,10,17,0,10,0,14,6,0
480237,1,1,0,0,0,0,0,0,0,0,0,0
480237,2,1,0,9,0,0,0,0,5,0,0,0
480238,1,1,43,0,23,22,26,19,8,0,36,13
480239,1,1,0,0,0,0,0,0,0,0,0,0
480239,2,1,13,13,13,13,13,13,13,13,13,13
480240,1,1,9,0,0,0,18,0,22,0,0,0
480241,0,1,10,52,0,0,0,0,0,0,0,0
480241,1,1,0,0,0,0,0,9,0,0,0,6
480243,1,1,19,19,19,19,19,19,19,19,19,19
480243,2,1,0,0,0,0,0,0,0,0,0,0
480244,1,1,0,0,5,0,0,16,0,0,0,0
480245,0,1,0,0,0,0,0,0,0,0,0,0
480245,1,1,0,0,0,0,0,0,0,4,0,0
480246,0,1,0,0,24,0,0,0,15,0,0,0
480246,1,1,0,0,8,0,0,0,0,0,0,0
480247,1,1,13,16,16,16,60,12,18,31,18,19
480248,1,1,19,19,19,19,19,19,19,19,19,19
480248,2,1,0,0,0,0,0,0,0,0,0,0
480249,1,1,0,0,0,0,0,0,0,0,0,0
480249,2,1,0,0,0,0,20,0,0,4,0,0
480250,1,1,0,0,0,0,0,0,0,0,0,0
480250,2,1,0,0,0,0,0,0,0,0,0,0
480251,1,1,0,0,0,0,23,10,0,27,19,0
480252,1,1,0,0,0,38,0,0,19,7,0,0
480253,1,1,17,17,17,17,17,17,17,17,17,17
480253,2,1,1,1,1,1,1,1,1,1,1,1
480254,1,1,0,0,0,0,0,0,16,9,0,0
480254,2,1,0,24,0,0,0,0,18,0,18,18
480254,3,1,0,0,0,0,0,0,14,0,0,0
480255,1,1,19,19,19,19,19,19,19,19,19,19
480256,1,1,0,0,0,0,0,0,0,27,0,9
480256,2,1,0,0,0,0,0,0,0,0,0,0
480257,1,1,15,15,15,15,15,15,15,15,15,15
480258,0,1,0,0,0,0,0,10,0,0,39,14
480258,1,1,0,0,14,18,25,0,26,19,0,0
480258,2,1,16,22,12,0,8,0,0,29,7,0
480260,1,1,0,0,0,0,0,0,0,0,0,0
480260,2,1,0,0,0,0,0,0,0,0,0,0
480260,3,1,0,0,0,0,0,10,0,0,0,9
480260,4,1,0,0,0,3,0,0,0,0,0,0
480260,5,1,0,0,0,0,0,0,0,8,0,0
480260,6,1,10,0,0,0,17,0,0,0,0,0
480260,7,1,0,0,0,0,0,0,0,0,0,0
480260,8,1,0,0,0,0,0,0,0,0,0,0
480260,9,1,0,0,0,0,0,0,0,0,0,0
480260,10,1,0,0,10,0,0,0,0,0,0,0
480260,11,1,0,0,0,0,0,0,23,0,0,0
480260,12,1,0,0,0,0,0,0,0,0,0,0
480261,1,1,18,18,18,18,18,18,18,18,18,18
480261,2,1,0,0,0,0,0,0,0,0,0,0
480262,0,1,0,0,0,0,0,0,0,22,0,0
480262,1,1,0,0,0,0,0,0,0,0,0,0
480263,1,1,0,0,28,17,0,5,16,12,0,6
480264,1,1,0,0,24,0,0,17,43,0,27,8
480265,1,1,0,12,0,16,18,24,0,0,0,15
480266,1,1,0,0,0,0,0,0,6,10,0,0
480267,1,1,21,21,21,21,21,21,21,21,21,21
480268,1,1,17,17,17,17,17,17,17,17,17,17
480268,2,1,16,0,10,0,13,8,0,0,12,0
480269,1,1,0,27,0,0,0,0,0,0,0,4
480269,2,1,0,28,0,0,0,0,0,0,0,0
480270,1,1,24,24,24,24,24,24,24,24,24,24
480271,1,1,0,0,0,0,0,0,0,0,0,0
480271,2,1,0,0,0,0,0,0,0,0,0,0
480272,1,1,11,9,23,36,10,27,9,11,13,30
480272,2,1,0,0,21,0,0,0,0,7,0,9
480272,3,1,0,0,0,8,0,0,18,0,0,0
480272,4,1,0,0,0,5,0,0,0,0,31,0
480272,5,1,0,0,0,0,0,0,13,0,0,0
480272,6,1,8,0,0,17,0,0,0,0,21,23
480272,7,1,0,0,0,0,0,0,0,17,24,0
480273,1,1,18,18,18,18,18,18,18,18,18,18
480273,2,1,0,0,8,0,0,0,0,0,0,21
480275,1,1,0,0,0,0,0,0,0,0,0,0
480275,2,1,14,0,0,0,0,0,0,0,0,0
480276,1,1,0,30,0,0,8,0,0,27,13,0
480276,2,1,0,0,0,0,0,0,0,0,0,0
480276,3,1,0,8,0,0,23,18,0,0,0,9
480276,4,1,0,0,0,0,0,0,13,0,0,0
480277,1,1,0,0,0,0,0,0,0,0,0,0
480277,2,1,0,5,0,0,0,0,0,0,0,0
480278,1,1,18,0,0,0,0,32,0,0,0,22
480278,2,1,0,10,20,0,0,0,12,0,0,0
480280,0,1,0,3,23,0,0,0,11,0,4,22
480280,1,1,0,0,0,22,0,0,0,0,0,0
480281,1,1,8,0,0,0,15,0,0,0,0,0
480281,2,1,0,0,0,0,0,12,25,13,0,0
480282,0,1,0,0,0,0,23,0,0,0,0,0
480282,1,1,11,0,0,0,9,18,9,0,0,0
480282,2,1,0,0,0,8,10,0,3,0,0,0
480283,0,1,17,17,17,17,17,17,17,17,17,17
480283,1,1,0,0,22,21,20,0,0,0,0,0
480284,1,1,19,19,19,19,19,19,19,19,19,19
480285,0,1,4,4,4,4,4,4,4,4,4,4
480285,1,1,0,5,0,11,0,13,4,13,0,10
480286,1,1,30,30,30,30,30,30,30,30,30,30
480287,1,1,29,29,29,29,29,29,29,29,29,29
480288,1,1,21,21,21,21,21,21,21,21,21,21
480288,2,1,0,0,18,6,0,12,23,0,0,14
480289,1,1,0,0,0,14,8,0,0,17,0,11
480289,2,1,12,0,0,0,2,0,0,0,11,0
480290,1,1,0,0,0,0,19,0,0,0,26,0
480290,2,1,0,0,27,0,0,0,0,0,0,0
480291,1,1,24,24,24,24,24,24,24,24,24,24
480292,1,1,19,19,19,19,19,19,19,19,19,19
480293,0,1,0,12,54,8,0,0,0,0,43,30
480293,1,1,25,10,0,0,0,0,0,13,0,11
480294,1,1,24,0,0,0,0,0,0,0,4,0
480294,2,1,0,0,0,0,0,0,0,0,0,0
480295,1,1,0,0,11,12,0,30,0,0,0,0
480296,1,1,20,20,20,20,20,20,20,20,20,20
480296,2,1,13,11,0,16,18,16,14,13,36,17
480297,1,1,0,0,0,0,9,0,0,0,0,0
480298,1,1,35,35,35,35,35,35,35,35,35,35
480299,1,1,22,22,22,22,22,22,22,22,22,22
480299,2,1,0,0,0,19,11,0,0,0,0,10
480300,1,1,4,0,0,0,0,0,0,0,0,0
480300,2,1,0,0,0,0,0,0,0,0,0,0
480301,0,1,0,0,30,0,0,14,0,0,0,0
480301,1,1,9,0,0,0,0,0,0,0,0,0
480302,0,1,8,8,8,8,8,8,8,8,8,8
480302,1,1,0,17,0,27,30,0,17,13,0,0
480303,1,1,0,0,0,0,0,6,0,0,19,4
480303,2,1,9,0,0,21,0,0,0,28,0,0
480304,1,1,0,20,21,0,6,17,0,0,17,5
480305,1,1,0,0,3,0,0,0,15,0,0,0
480305,2,1,0,0,0,27,23,0,33,50,0,0
480306,1,1,18,18,18,18,18,18,18,18,18,18
480307,0,1,0,0,0,0,0,20,14,6,0,23
480307,1,1,4,7,0,0,0,0,0,0,0,0
480308,1,1,18,18,18,18,18,18,18,18,18,18
480308,2,1,16,16,16,16,16,16,16,16,16,16
480308,3,1,10,20,0,14,8,12,0,27,0,14