ST_CASE,VEH_NO,PER_NO,P1,P2,P3,P4,P5,P6,P7,P8,P9,P10
480310,1,1,22,22,22,22,22,22,22,22,22,22
480310,2,1,0,0,11,0,0,18,0,0,0,0
480311,1,1,0,0,0,0,11,13,0,0,24,0
480311,2,1,0,0,0,0,0,7,0,0,0,0
480311,3,1,0,0,0,18,0,0,13,8,0,0
480312,1,1,0,0,0,0,0,0,0,0,0,0
480312,2,1,12,0,0,0,0,0,0,9,0,0
480312,3,1,0,0,0,0,0,13,0,0,10,0
480312,4,1,0,0,0,0,0,0,0,0,0,0
480312,5,1,16,10,0,0,0,0,0,0,0,0
480314,1,1,0,0,0,0,0,0,0,0,0,0
480314,2,1,0,0,0,0,0,0,0,0,17,11
480315,1,1,15,0,13,9,17,0,0,0,0,0
480315,2,1,24,0,0,0,0,6,29,0,0,12
480316,0,1,0,0,0,0,0,0,0,0,0,0
480316,1,1,0,0,0,0,0,0,0,0,15,0
480316,2,1,0,0,0,20,21,19,22,0,0,0
480317,1,1,0,0,0,0,0,0,0,0,0,0
480317,2,1,0,0,0,0,0,0,0,0,14,0
480318,1,1,0,0,0,0,0,0,0,0,0,0
480319,0,1,27,27,27,27,27,27,27,27,27,27
480319,1,1,0,0,11,23,6,3,3,17,17,19
480320,1,1,15,15,15,15,15,15,15,15,15,15
480321,1,1,30,30,30,30,30,30,30,30,30,30
480322,0,1,0,0,0,0,0,0,0,0,0,0
480322,1,1,0,26,0,0,30,10,0,0,0,0
480323,1,1,0,0,0,0,21,0,0,9,0,8
480323,2,1,0,0,0,2,0,0,0,0,0,0
480324,1,1,0,0,0,14,0,19,0,0,0,0
480325,1,1,19,0,0,6,0,3,0,0,0,0
480325,2,1,0,8,0,0,6,0,18,0,0,0
480325,3,1,0,0,0,0,0,0,0,0,0,0
480326,1,1,21,21,21,21,21,21,21,21,21,21
480327,1,1,25,25,25,25,25,25,25,25,25,25
480328,1,1,0,8,0,25,0,0,0,0,0,0
480328,2,1,22,0,24,13,0,11,0,0,0,0
480329,1,1,0,0,0,0,0,0,0,0,0,0
480330,0,1,0,0,0,0,0,0,0,0,0,0
480330,1,1,0,0,0,0,0,0,0,0,0,0
480331,1,1,0,0,0,0,0,0,0,0,0,0
480331,2,1,5,0,0,20,0,21,0,0,0,5
480332,0,1,29,39,0,22,8,0,0,0,0,0
480332,1,1,0,17,0,0,0,0,0,0,0,0
480332,2,1,6,0,19,3,0,13,0,23,23,13
480333,1,1,23,23,23,23,23,23,23,23,23,23
480333,2,1,11,0,22,25,9,12,31,13,11,19
480333,3,1,0,0,0,0,0,0,0,0,0,0
480334,0,1,32,32,32,32,32,32,32,32,32,32
480334,1,1,0,0,0,0,0,0,0,0,0,0
480335,0,1,0,0,0,0,0,0,0,0,0,26
480335,1,1,0,0,0,10,0,0,0,0,14,0
480336,1,1,0,0,0,0,0,0,0,0,0,0
480336,2,1,0,0,0,0,0,0,0,0,0,16
480337,1,1,14,0,28,18,0,24,8,20,0,0
480338,1,1,0,0,0,0,0,0,0,0,0,0
480339,1,1,0,0,14,0,0,0,0,4,13,0
480339,2,1,0,25,32,0,0,0,0,0,23,0
480339,3,1,0,0,0,0,10,0,0,0,9,0
480339,4,1,0,23,0,0,16,0,0,17,0,13
480339,5,1,0,0,0,0,0,0,0,0,0,0
480340,1,1,0,0,0,0,0,0,0,0,0,0
480340,2,1,0,0,0,0,0,0,0,25,0,0
480341,0,1,0,0,0,16,0,32,0,9,6,21
480341,1,1,21,13,0,16,0,0,0,0,20,8
480342,1,1,0,0,0,0,0,0,0,0,0,0
480343,0,1,23,0,17,0,6,20,0,0,0,0
480343,1,1,17,0,0,0,0,0,0,4,8,0
480344,1,1,23,23,23,23,23,23,23,23,23,23
480344,2,1,0,0,0,11,0,0,10,13,0,19
480344,3,1,0,0,0,13,0,0,0,0,0,23
480345,0,1,29,29,29,29,29,29,29,29,29,29
480345,1,1,0,3,15,10,0,0,0,10,14,0
480346,1,1,0,0,0,0,0,0,0,0,0,0
480348,1,1,0,0,0,0,0,0,0,0,0,0
480348,2,1,0,0,0,10,0,0,0,24,0,8
480348,3,1,0,0,0,0,0,23,0,0,0,0
480348,4,1,7,0,0,0,23,0,0,0,0,0
480349,1,1,31,31,31,31,31,31,31,31,31,31
480350,1,1,43,25,7,13,15,13,20,0,49,24
480351,0,1,13,0,0,0,0,0,0,6,0,0
480351,1,1,0,0,0,0,18,0,0,0,0,0
480352,1,1,0,0,9,0,0,0,0,20,0,20
480353,0,1,13,13,13,13,13,13,13,13,13,13
480353,1,1,0,0,0,0,0,0,0,0,0,0
480354,0,1,0,0,0,0,0,0,0,0,0,0
480354,1,1,0,0,0,0,0,0,0,11,0,0
480355,0,1,0,0,0,0,0,0,0,0,0,0
480355,1,1,5,33,0,5,4,0,7,14,0,14
480356,1,1,16,7,15,7,13,7,12,13,8,32
480357,0,1,26,26,26,26,26,26,26,26,26,26
480357,1,1,4,20,0,0,0,0,0,0,12,0
480358,1,1,0,0,9,0,0,0,0,0,0,13
480358,2,1,10,10,10,10,10,10,10,10,10,10
480359,1,1,0,0,0,0,0,0,0,0,0,0
480360,1,1,0,0,0,0,0,0,0,0,0,0
480360,2,1,0,0,0,0,28,0,2,6,6,0
480361,1,1,0,0,0,0,0,0,0,0,0,0
480362,0,1,0,0,0,0,0,0,0,0,0,0
480362,1,1,9,0,10,8,15,15,7,0,12,0
480363,1,1,0,0,10,16,0,6,12,22,0,0
480364,0,1,0,0,0,0,0,0,0,0,0,0
480364,1,1,0,0,0,0,12,9,13,0,0,0
480365,1,1,0,0,0,23,0,0,19,0,0,0
480366,1,1,13,13,13,13,13,13,13,13,13,13
480367,1,1,0,0,0,0,19,0,0,0,0,0
480368,1,1,15,0,0,6,20,0,0,0,0,0
480368,2,1,0,0,0,3,0,0,0,0,0,0
480369,0,1,0,0,0,0,9,24,0,0,8,27
480369,1,1,18,0,3,0,5,0,23,0,14,0
480370,0,1,0,0,0,0,0,0,0,0,0,0
480370,1,1,9,23,0,0,0,0,0,0,0,0
480371,1,1,4,4,4,4,4,4,4,4,4,4
480372,1,1,0,0,0,0,0,0,0,0,0,0
480373,1,1,21,0,27,0,0,0,16,34,0,15
480374,0,1,0,0,21,37,4,0,0,0,0,0
480374,1,1,13,0,21,0,10,0,0,0,0,0
480376,1,1,0,0,0,21,0,11,0,0,0,0
480376,2,1,0,17,0,0,0,0,0,0,0,27
480377,1,1,0,0,0,0,0,0,0,0,0,0
480378,0,1,0,0,0,0,0,0,0,0,0,0
480378,1,1,33,8,0,2,16,11,0,10,13,0
480379,1,1,0,0,0,0,0,0,0,0,0,0
480379,2,1,9,0,0,7,7,0,0,0,0,0
480379,3,1,0,0,0,0,0,0,0,0,0,10
480379,4,1,9,12,0,0,0,0,18,0,0,0
480379,5,1,0,0,0,0,6,0,0,0,0,0
480380,0,1,0,0,0,0,0,0,0,0,0,0
480380,1,1,0,2,12,0,0,13,0,0,4,0
480381,1,1,10,24,25,0,0,0,11,0,0,22
480382,1,1,0,21,11,0,16,0,17,12,23,26
480383,1,1,0,0,0,0,0,0,0,0,0,12
480384,1,1,7,7,7,7,7,7,7,7,7,7
480385,1,1,0,0,0,0,0,0,0,0,0,0
480385,2,1,0,0,0,0,0,0,0,0,3,0
480386,1,1,8,8,8,8,8,8,8,8,8,8
480387,1,1,0,0,0,0,0,16,0,0,0,6
480387,2,1,0,0,12,0,0,0,0,0,0,12
480388,1,1,17,0,0,0,27,0,0,27,0,15
480389,1,1,0,10,0,0,0,0,4,0,0,3
480390,1,1,24,24,24,24,24,24,24,24,24,24
480391,1,1,0,0,20,17,0,0,0,0,0,0
480391,2,1,0,0,0,8,5,0,0,0,12,0
480392,0,1,0,0,0,0,0,0,0,0,0,0
480392,1,1,21,17,11,0,13,8,27,0,17,0
480393,0,1,0,0,0,0,0,0,0,0,0,0
480393,0,2,0,0,0,0,0,0,30,12,14,0
480393,1,1,0,0,0,0,0,0,0,0,0,0
480393,3,1,0,0,0,0,0,3,0,0,0,0
480394,1,1,0,0,0,0,0,0,0,0,11,0
480394,2,1,9,0,24,0,26,0,0,0,0,0
480395,1,1,29,29,29,29,29,29,29,29,29,29
480395,2,1,0,0,19,0,16,0,0,0,0,0
480395,3,1,0,0,10,0,0,0,6,0,0,0
480396,1,1,0,20,0,20,0,8,18,34,0,0
480397,1,1,0,0,23,0,0,7,22,7,14,0
480398,1,1,0,15,32,30,5,18,5,0,5,20
480398,2,1,0,8,7,25,18,0,0,0,7,15
480399,1,1,0,8,0,0,16,0,31,0,0,0
480400,1,1,0,0,0,0,0,0,0,0,0,0
480400,2,1,0,0,0,0,0,0,22,0,0,0
480401,1,1,0,14,32,24,0,0,0,17,0,19
480402,1,1,0,0,0,0,10,0,0,0,0,0
480402,2,1,0,0,17,4,0,0,18,0,0,0
480403,1,1,0,6,0,0,0,0,0,0,11,0
480403,2,1,0,0,0,0,0,0,0,42,0,0
480404,1,1,0,0,0,0,0,0,0,0,0,0
480404,2,1,0,0,0,0,23,0,0,0,0,0
480405,1,1,0,0,0,7,0,0,0,0,0,0
480405,2,1,0,0,0,0,0,0,0,0,0,0
480406,1,1,0,0,0,0,0,0,0,0,0,0
480407,1,1,0,0,13,19,0,8,2,0,0,0
480408,1,1,20,20,20,20,20,20,20,20,20,20
480409,0,1,12,0,0,13,0,0,0,26,17,22
480409,1,1,0,0,18,16,20,0,19,17,11,4
480410,0,1,0,0,0,0,17,0,0,0,0,0
480410,1,1,0,0,0,0,0,0,0,0,0,0
480410,2,1,0,0,0,0,0,0,0,0,0,0
480411,0,1,16,12,0,0,0,0,0,0,0,0
480411,1,1,15,14,0,12,11,0,8,10,3,0
480412,1,1,0,0,13,0,0,0,0,0,0,0
480412,2,1,0,0,0,0,0,1,0,0,0,0
480413,1,1,23,20,24,8,19,21,0,15,12,8
480413,2,1,0,0,0,0,0,0,0,18,0,0
480414,1,1,0,0,0,0,0,0,0,0,0,18
480414,2,1,0,25,0,28,0,0,0,32,0,0
480415,1,1,0,14,0,0,0,0,0,0,0,0
480416,1,1,18,0,0,0,0,13,0,18,30,0
480417,1,1,10,0,0,0,0,0,0,0,0,8
480417,2,1,0,0,13,0,3,0,5,0,13,0
480418,1,1,3,3,3,3,3,3,3,3,3,3
480419,1,1,0,0,11,0,34,0,0,15,0,0
480419,2,1,0,0,0,0,0,0,0,18,0,17
480421,1,1,0,0,0,0,11,23,0,0,0,12
480422,0,1,0,0,0,0,0,0,0,0,0,0
480422,1,1,24,0,12,0,0,14,0,0,0,3
480423,1,1,0,0,0,0,0,0,0,0,0,0
480424,0,1,0,0,0,0,0,0,0,0,0,0
480424,1,1,0,0,0,0,0,0,0,0,0,0
480425,1,1,15,15,15,15,15,15,15,15,15,15
480425,2,1,0,0,25,23,0,7,0,16,20,0
480425,3,1,0,0,13,0,0,0,0,13,0,9
480426,1,1,23,0,21,13,0,0,0,16,0,0
480427,1,1,0,0,24,0,0,39,0,0,0,0
480428,0,1,0,0,10,29,0,36,0,0,30,0
480428,1,1,0,18,11,0,22,11,21,16,11,6
480429,1,1,0,0,0,0,0,0,0,0,0,0
480429,2,1,0,7,0,0,0,0,0,30,0,0
480430,0,1,0,0,17,0,20,0,4,0,21,0
480430,1,1,0,26,0,0,0,0,0,0,0,22
480432,0,1,0,0,0,0,0,0,0,0,0,0
480432,1,1,13,13,13,13,13,13,13,13,13,13
480433,1,1,22,22,22,22,22,22,22,22,22,22
480434,1,1,0,0,0,0,0,0,0,0,0,0
480434,2,1,0,17,0,0,0,0,9,0,0,0
480435,1,1,0,0,0,0,0,0,0,0,0,0
480435,2,1,0,0,0,0,0,14,0,0,0,0
480435,3,1,0,0,0,0,0,0,0,0,0,0
480435,4,1,0,0,12,0,0,0,18,0,0,0
480436,1,1,10,0,0,0,0,0,0,0,0,0
480437,1,1,0,0,0,0,0,0,0,0,0,0
480437,2,1,0,0,0,0,0,0,0,39,0,13
480438,1,1,25,0,11,0,0,0,0,0,15,18
480439,1,1,0,0,0,0,0,15,0,0,0,0
480439,2,1,0,0,0,0,0,0,2,0,0,0
480440,0,1,0,0,0,0,0,0,0,0,0,0
480440,1,1,0,3,0,0,0,0,0,0,0,0
480441,1,1,19,19,19,19,19,19,19,19,19,19
480441,2,1,0,0,22,0,0,0,0,21,0,0
480442,1,1,0,0,0,0,14,0,16,9,10,0
480443,0,1,0,0,0,0,0,0,0,0,0,0
480443,1,1,0,0,8,0,0,0,0,0,0,0
480444,1,1,25,25,25,25,25,25,25,25,25,25
480445,0,1,28,29,17,34,19,17,32,47,28,54
480445,1,1,24,0,11,0,0,0,0,0,0,11
480446,1,1,19,19,19,19,19,19,19,19,19,19
480447,1,1,20,20,20,20,20,20,20,20,20,20
480448,1,1,0,0,6,5,0,0,0,0,0,0
480448,2,1,0,0,0,0,0,5,19,0,0,0
480448,3,1,0,7,0,0,0,0,0,0,0,0
480448,4,1,0,6,0,0,23,26,18,0,12,0
480448,5,1,0,0,0,0,0,0,0,0,0,0
480448,6,1,0,0,11,3,0,0,0,0,0,0
480449,1,1,0,9,0,6,0,0,17,0,0,0
480449,2,1,0,0,0,0,0,0,0,0,0,0
480450,1,1,0,0,0,0,46,17,0,0,0,15
480451,1,1,20,0,18,22,0,0,0,0,0,0
480451,2,1,0,0,0,0,0,0,0,0,0,0
480452,1,1,16,16,16,16,16,16,16,16,16,16
480452,2,1,0,0,0,0,0,0,0,0,0,0
480453,1,1,17,17,17,17,17,17,17,17,17,17
480453,2,1,0,0,0,0,0,0,0,0,0,0
480454,1,1,0,17,15,0,0,26,14,18,0,0
480455,1,1,0,0,0,0,0,0,9,0,0,0
480455,2,1,0,42,0,18,0,0,0,26,0,36
480456,0,1,14,22,0,0,9,14,0,0,0,0
480456,1,1,0,0,0,0,0,0,0,0,0,0
480457,1,1,24,24,24,24,24,24,24,24,24,24
480457,2,1,0,0,18,0,0,14,0,0,0,0
480458,1,1,0,0,0,0,0,0,0,0,0,0
480458,2,1,0,0,0,0,0,0,0,0,0,0
480459,1,1,15,15,15,15,15,15,15,15,15,15
480460,1,1,10,10,10,10,10,10,10,10,10,10
480461,1,1,3,0,0,0,0,13,30,0,0,0
480461,2,1,0,0,18,0,0,0,0,0,8,0
480461,3,1,0,0,0,0,0,0,0,0,0,0
480461,4,1,0,0,0,0,0,0,0,7,0,0
480462,1,1,0,0,20,0,0,23,0,0,18,19
480462,2,1,0,18,0,20,0,0,0,0,0,0
480462,3,1,0,0,0,0,0,7,0,0,0,0
480463,1,1,0,0,23,0,0,0,0,0,0,0
480463,2,1,0,0,0,4,0,0,0,0,0,0
480464,1,1,0,0,0,0,0,0,0,0,0,0
480464,2,1,0,0,25,0,0,0,0,0,0,0
480465,1,1,0,0,0,0,0,0,0,0,0,0
480466,0,1,0,0,0,0,0,0,0,0,0,0
480466,1,1,0,18,0,16,19,11,7,0,0,16
480466,4,1,0,0,0,0,0,18,0,0,0,11
480466,5,1,0,0,0,0,0,0,0,0,0,23
480466,6,1,0,7,0,0,0,8,0,12,13,7
480466,7,1,13,4,0,0,0,0,21,17,9,0
480466,8,1,0,0,0,13,0,0,0,0,0,25
480466,9,1,0,13,0,32,14,0,0,0,0,31
480466,10,1,0,11,0,0,0,15,0,0,0,23
480467,1,1,10,10,10,10,10,10,10,10,10,10
480468,0,1,0,0,0,0,17,30,0,0,0,33
480468,1,1,13,13,13,13,13,13,13,13,13,13
480469,1,1,34,34,34,34,34,34,34,34,34,34
480470,0,1,25,25,25,25,25,25,25,25,25,25
480470,1,1,0,0,0,0,0,0,0,0,0,0
480471,0,1,0,0,0,8,5,12,0,32,0,0
480471,1,1,23,0,11,19,0,6,30,32,0,0
480472,0,1,0,0,0,0,0,0,0,0,0,0
480472,0,2,0,0,0,0,0,0,0,0,0,0
480472,0,3,0,0,0,0,0,0,0,0,0,0
480472,1,1,0,0,29,9,0,15,48,11,35,21
480472,2,1,0,0,0,0,0,0,0,0,0,0
480474,0,1,4,4,4,4,4,4,4,4,4,4
480474,1,1,0,0,0,0,16,0,0,0,0,0
480475,1,1,1,1,1,1,1,1,1,1,1,1
480475,2,1,13,13,13,13,13,13,13,13,13,13
480476,1,1,0,0,0,14,0,16,0,0,0,20
480476,2,1,0,7,0,0,0,11,0,13,11,0
480477,0,1,0,0,0,0,0,0,0,0,0,0
480477,1,1,0,0,0,0,9,20,0,0,7,0
480477,3,1,22,0,16,0,0,0,0,0,0,7
480477,4,1,0,0,0,0,0,0,0,0,0,0
480478,0,1,33,36,25,0,14,20,20,38,15,15
480478,1,1,0,0,20,13,10,0,0,0,0,7
480479,1,1,28,8,7,4,16,5,9,16,16,4
480480,1,1,0,0,25,0,0,9,0,19,0,0
480480,2,1,13,0,0,0,22,0,0,0,9,0
480481,1,1,0,0,8,0,14,0,22,0,0,0
480482,1,1,31,31,31,31,31,31,31,31,31,31
480483,1,1,0,25,0,15,26,0,11,0,8,0
480484,0,1,0,25,0,0,0,24,0,0,0,0
480485,0,1,17,0,0,0,0,0,0,0,0,14
480485,1,1,4,9,0,0,0,12,8,11,12,8
480486,1,1,0,0,0,0,0,0,0,0,7,0
480487,1,1,0,0,0,0,0,0,0,0,0,0
480488,1,1,19,19,19,19,19,19,19,19,19,19
480489,0,1,0,0,0,0,0,0,0,0,0,13
480489,1,1,0,0,0,0,9,0,0,0,0,0
480490,1,1,0,27,18,0,0,6,23,32,26,24
480491,1,1,0,0,10,21,0,0,0,12,26,0
480492,1,1,0,0,7,3,0,0,0,0,0,0
480492,2,1,0,0,0,0,16,0,18,0,0,0
480493,1,1,0,0,0,0,0,0,0,0,0,0
480493,2,1,0,0,0,0,0,0,0,0,0,0
480494,1,1,4,0,21,0,33,0,0,0,9,0
480496,1,1,0,0,0,43,0,0,0,0,0,0
480497,1,1,0,0,0,0,0,0,0,0,0,0
480497,2,1,0,0,0,0,15,0,0,20,0,0
480498,1,1,15,0,23,0,14,24,0,14,0,31
480498,2,1,15,0,0,12,0,0,30,10,32,0
480499,1,1,14,0,0,0,0,35,0,29,0,0
480500,1,1,0,0,0,0,0,0,0,0,0,0
480501,1,1,0,0,18,0,0,0,20,0,0,0
480501,2,1,0,0,0,0,0,0,0,0,0,0
480502,0,1,0,14,0,0,0,0,0,0,0,0
480502,1,1,0,0,10,0,0,0,0,0,0,0
480503,0,1,0,0,0,0,0,0,0,0,0,0
480503,1,1,11,0,0,0,0,0,0,0,0,0
480504,1,1,6,6,6,6,6,6,6,6,6,6
480505,1,1,0,0,0,0,0,0,0,0,0,0
480505,2,1,0,0,0,0,0,0,0,0,0,0
480505,3,1,0,0,3,4,0,9,0,12,0,23
480505,4,1,0,0,0,0,0,0,0,0,0,0
480505,5,1,0,14,0,0,0,9,0,0,0,0
480506,0,1,18,18,18,18,18,18,18,18,18,18
480506,1,1,3,30,0,34,0,0,11,0,13,0
480507,1,1,0,0,0,12,0,0,0,0,10,0
480507,2,1,0,0,29,0,0,0,0,0,0,0
480508,0,1,0,26,22,0,0,26,0,0,0,15
480508,1,1,8,0,0,0,0,0,0,0,0,0
480509,1,1,16,16,16,16,16,16,16,16,16,16
480510,1,1,4,21,0,14,24,15,10,11,0,4
480511,0,1,0,0,0,0,0,0,0,0,0,0
480511,1,1,0,0,0,0,0,0,0,0,0,0
480512,0,1,0,22,17,0,18,0,33,0,0,0
480512,1,1,0,11,0,10,0,0,16,21,9,0
480512,2,1,0,0,0,0,20,13,18,0,20,13
480513,1,1,8,0,0,0,0,0,11,10,0,0
480514,1,1,0,31,0,32,0,0,0,19,15,12
480514,2,1,18,0,0,0,0,0,17,0,0,0
480514,3,1,30,0,0,0,0,0,0,0,0,14
480515,1,1,5,0,0,0,0,0,0,0,7,0
480516,1,1,29,29,29,29,29,29,29,29,29,29
480517,1,1,22,0,26,16,15,0,0,0,0,0
480518,1,1,12,12,12,12,12,12,12,12,12,12
480518,2,1,0,0,27,0,0,25,23,29,22,0
480519,1,1,0,0,0,0,0,0,0,0,0,0
480520,1,1,0,0,0,0,0,0,0,7,0,0
480521,1,1,30,30,30,30,30,30,30,30,30,30
480522,1,1,33,0,13,16,0,10,0,23,14,0
480523,1,1,0,0,0,18,22,0,0,0,0,15
480524,1,1,0,0,0,13,20,22,0,0,9,0
480524,2,1,0,0,0,0,13,0,0,0,0,0
480524,3,1,0,0,15,21,27,10,0,28,0,15
480525,1,1,0,0,0,0,0,0,0,0,0,0
480526,1,1,16,16,16,16,16,16,16,16,16,16
480527,1,1,9,3,0,0,0,0,0,13,0,0
480527,2,1,0,0,0,22,0,19,16,0,0,0
480528,0,1,16,16,16,16,16,16,16,16,16,16
480528,1,1,0,11,0,0,24,18,12,30,0,0
480529,1,1,0,0,0,24,35,27,0,0,20,12
480530,1,1,14,14,14,14,14,14,14,14,14,14
480531,1,1,0,0,0,0,0,0,0,0,0,0
480531,2,1,0,0,0,0,0,0,0,0,0,0
480532,1,1,25,25,25,25,25,25,25,25,25,25
480533,1,1,0,0,0,0,0,0,0,0,0,0
480533,2,1,0,0,0,0,2,0,0,0,0,0
480534,1,1,0,0,0,0,0,0,0,0,0,0
480534,2,1,0,0,0,0,0,0,0,0,0,0
480535,1,1,0,0,0,0,0,0,0,0,0,0
480536,1,1,27,0,0,19,0,12,0,0,0,0
480537,1,1,0,0,0,0,0,0,0,8,0,0
480537,2,1,0,0,0,0,3,0,0,0,0,0
480538,0,1,13,13,13,13,13,13,13,13,13,13
480538,1,1,13,0,0,0,3,0,0,17,0,16
480539,0,1,24,24,24,24,24,24,24,24,24,24
480539,1,1,15,0,7,17,0,0,19,20,0,0
480540,1,1,0,0,0,0,0,0,20,0,12,0
480540,2,1,0,0,0,0,0,0,0,1,0,0
480540,3,1,0,0,0,0,0,0,0,0,0,11
480541,0,1,0,0,0,0,0,0,0,0,0,0
480541,1,1,12,13,7,19,8,16,21,7,17,11
480542,0,1,0,0,0,0,0,18,14,0,0,0
480542,0,2,0,0,0,0,0,35,0,0,0,0
480542,0,3,22,0,0,0,0,17,0,0,0,0
480542,1,1,0,0,0,0,0,0,0,0,0,0
480543,1,1,7,7,7,7,7,7,7,7,7,7
480544,1,1,29,29,29,29,29,29,29,29,29,29
480544,2,1,20,0,0,0,0,0,0,0,0,0
480544,3,1,21,14,0,0,12,0,0,0,0,0
480545,1,1,3,3,3,3,3,3,3,3,3,3
480546,1,1,0,7,0,15,0,0,0,29,0,0
480546,2,1,0,0,18,15,0,0,0,0,0,0
480547,1,1,5,5,5,5,5,5,5,5,5,5
480548,1,1,0,0,0,0,0,0,0,0,0,0
480549,0,1,0,0,0,0,0,29,0,0,0,0
480549,0,2,0,0,0,0,0,0,16,0,30,0
480549,1,1,0,0,0,0,21,9,0,0,0,0
480549,2,1,17,0,0,0,0,0,0,6,0,0
480549,3,1,0,17,0,0,0,18,0,23,0,0
480549,4,1,0,0,0,0,0,19,21,0,0,10
480549,5,1,0,18,0,0,0,0,0,10,0,0
480549,6,1,0,0,0,0,0,0,0,0,0,0
480549,7,1,0,0,0,0,0,0,0,0,0,0
480549,8,1,0,17,13,0,0,0,0,0,21,0
480549,9,1,0,0,0,0,0,0,0,0,0,0
480549,10,1,0,0,0,0,0,0,0,0,0,0
480549,11,1,16,0,0,0,0,19,0,19,0,0
480549,13,1,0,14,23,0,0,0,0,0,0,0
480549,14,1,0,11,0,0,0,0,0,0,0,0
480549,15,1,0,0,11,0,0,0,0,0,0,0
480549,16,1,0,0,27,0,10,0,0,0,17,0
480549,17,1,0,0,0,0,0,0,0,0,0,0
480549,18,1,0,0,0,15,0,0,0,21,0,0
480549,19,1,0,0,0,0,0,0,0,0,0,0
480549,20,1,0,0,0,0,0,0,0,0,20,0
480549,21,1,0,0,0,0,0,0,0,0,0,0
480549,22,1,0,0,0,0,0,0,0,0,0,8
480549,23,1,0,0,0,5,19,13,0,0,0,0
480549,24,1,0,0,10,0,0,0,28,0,24,0
480549,25,1,0,0,0,0,0,9,0,8,11,0
480549,26,1,22,0,0,15,0,0,0,0,0,0
480549,27,1,0,0,0,0,11,0,0,0,0,0
480549,28,1,0,0,0,0,0,0,14,0,0,0
480549,29,1,0,0,12,0,0,0,0,0,0,0
480549,30,1,0,0,0,0,16,0,0,0,0,0
480549,31,1,0,0,15,0,11,6,0,0,0,0
480549,32,1,13,0,0,0,0,0,0,0,0,0
480549,33,1,0,0,0,0,0,0,0,0,0,0
480549,34,1,0,0,0,0,0,0,0,0,0,0
480549,35,1,0,0,15,0,0,0,0,0,0,0
480549,36,1,0,12,0,0,0,0,10,0,0,0
480549,37,1,21,0,0,0,0,0,0,0,23,0
480549,38,1,0,0,0,0,0,0,0,0,0,0
480549,39,1,29,0,0,0,0,25,0,0,0,21
480549,40,1,0,0,0,0,0,0,8,0,0,0
480549,41,1,13,0,0,13,0,0,0,21,0,0
480549,42,1,0,0,0,8,0,0,8,0,0,0
480549,43,1,0,0,0,0,0,0,0,17,0,0
480549,44,1,0,0,0,0,0,0,0,6,0,0
480549,45,1,0,0,0,0,0,0,0,0,0,0
480549,46,1,0,0,0,0,0,0,0,0,0,0
480549,47,1,26,0,0,0,0,0,0,0,0,0
480549,48,1,0,0,0,0,0,12,0,0,0,0
480549,49,1,0,0,0,0,0,0,8,0,6,0
480549,50,1,0,0,0,9,0,0,9,0,0,0
480549,51,1,0,16,0,0,0,12,0,0,0,0
480549,52,1,0,0,0,0,0,0,0,14,0,0
480549,53,1,14,0,0,14,0,0,14,0,15,0
480549,54,1,0,0,25,0,0,0,0,0,0,0
480549,55,1,13,14,0,25,22,0,0,0,0,0
480549,56,1,0,8,28,0,22,0,0,0,0,0
480549,57,1,0,0,0,0,0,0,3,4,0,0
480549,58,1,18,0,12,0,0,0,0,0,0,0
480549,59,1,0,0,0,0,0,0,0,0,21,5
480549,60,1,0,0,9,0,15,0,0,0,11,0
480549,61,1,33,0,0,0,0,0,0,0,0,0
480549,62,1,16,0,0,19,0,0,14,0,0,8
480549,63,1,0,0,0,0,0,0,27,0,7,0
480549,64,1,0,0,0,0,0,0,0,0,0,0
480549,65,1,0,0,0,9,0,0,0,0,0,0
480549,66,1,0,0,0,0,0,0,0,0,0,0
480549,67,1,0,14,6,0,0,0,0,0,0,22
480549,68,1,0,0,0,0,0,0,0,0,0,0
480549,69,1,0,0,0,0,0,10,0,0,0,0
480549,70,1,0,0,0,0,0,0,0,0,0,0
480549,71,1,0,0,0,0,0,0,0,0,0,0
480549,72,1,0,0,0,0,0,0,0,0,0,0
480549,73,1,0,0,11,0,0,0,0,0,0,0
480549,74,1,18,0,0,0,0,0,0,0,0,16
480549,75,1,0,0,0,0,0,19,4,0,0,0
480549,76,1,13,19,0,0,0,0,0,0,0,0
480549,77,1,0,0,0,0,0,11,0,0,0,0
480549,78,1,0,0,0,0,0,0,0,0,0,0
480549,79,1,0,0,9,0,0,37,34,0,0,0
480549,80,1,0,0,0,0,0,19,0,0,0,0
480549,81,1,0,0,0,0,0,0,0,0,0,0
480549,82,1,16,0,0,0,0,0,0,0,0,0
480549,83,1,0,0,0,0,0,0,0,0,0,0