ST_CASE,VEH_NO,PER_NO,P1,P2,P3,P4,P5,P6,P7,P8,P9,P10
480549,84,1,0,2,0,0,0,0,0,0,0,0
480549,85,1,0,0,0,0,0,0,0,0,0,12
480549,86,1,0,0,0,0,0,0,15,0,0,0
480549,87,1,0,0,0,0,0,0,0,0,0,0
480549,88,1,0,0,0,0,19,0,0,0,10,19
480549,89,1,0,0,0,0,0,0,0,13,0,0
480549,90,1,0,0,0,0,0,0,0,0,0,0
480549,91,1,0,16,0,0,0,0,0,0,0,0
480549,92,1,0,0,0,0,0,0,20,0,0,0
480549,93,1,0,0,0,15,0,0,0,0,0,0
480549,94,1,0,0,0,0,0,0,11,0,0,0
480549,95,1,0,0,0,0,0,0,0,0,0,0
480549,96,1,24,0,0,0,0,0,0,0,0,0
480549,97,1,0,0,0,0,0,0,0,0,0,0
480549,98,1,0,0,0,0,0,9,13,0,0,0
480549,99,1,0,0,0,0,0,0,0,0,0,0
480549,100,1,0,0,0,0,14,0,0,0,0,0
480549,101,1,0,0,0,13,0,0,0,0,20,0
480549,102,1,4,0,0,0,0,0,0,0,0,0
480549,103,1,13,0,0,0,0,0,0,0,0,0
480549,104,1,0,0,0,0,0,20,0,0,0,0
480549,105,1,0,9,0,0,0,0,0,0,0,0
480549,106,1,0,0,2,0,0,0,0,0,0,0
480549,107,1,0,0,4,0,0,0,0,13,0,0
480549,108,1,9,18,0,0,0,0,0,17,7,7
480549,109,1,0,0,0,0,23,7,17,0,0,28
480549,110,1,0,0,0,0,13,12,0,0,0,21
480549,111,1,0,0,0,14,0,0,0,0,0,0
480549,112,1,0,0,0,0,0,0,0,0,9,0
480549,113,1,0,0,0,0,0,0,0,0,0,0
480549,114,1,0,0,0,0,0,0,0,0,0,0
480549,115,1,0,0,11,28,0,0,0,0,0,0
480549,116,1,0,0,0,0,0,0,0,0,0,0
480549,117,1,0,0,17,0,0,0,0,0,21,0
480549,118,1,0,0,0,0,0,29,0,0,0,0
480549,119,1,0,12,0,0,0,0,0,0,0,0
480549,120,1,0,18,26,12,0,0,0,0,0,14
480549,121,1,0,0,0,0,14,0,0,20,0,0
480549,122,1,0,0,9,0,25,0,0,0,0,0
480549,123,1,20,0,0,0,0,0,0,0,0,0
480549,124,1,0,25,0,0,26,0,0,0,0,0
480549,125,1,11,0,0,0,18,10,0,0,0,11
480549,126,1,0,17,0,0,7,0,5,13,15,0
480549,127,1,0,0,0,0,0,0,0,0,0,0
480549,128,1,0,0,0,19,0,0,0,0,0,0
480549,129,1,0,0,0,0,0,0,0,0,0,0
480549,130,1,0,14,0,0,0,0,16,0,0,0
480550,1,1,3,3,3,3,3,3,3,3,3,3
480551,1,1,15,15,15,15,15,15,15,15,15,15
480552,1,1,22,0,0,0,0,0,18,0,0,0
480552,2,1,0,0,0,3,0,24,0,6,4,0
480553,0,1,0,0,0,0,0,0,0,0,0,0
480553,1,1,0,0,0,0,0,0,18,0,0,0
480554,0,1,18,18,18,18,18,18,18,18,18,18
480554,1,1,0,0,11,17,0,11,10,0,13,0
480555,1,1,24,24,24,24,24,24,24,24,24,24
480556,1,1,0,0,0,0,0,0,0,0,0,0
480556,2,1,0,11,0,16,0,0,0,20,0,0
480557,1,1,0,0,0,0,0,0,0,0,0,0
480558,1,1,0,0,0,0,0,0,0,0,0,0
480558,2,1,0,0,0,0,0,0,0,0,0,0
480558,3,1,0,0,0,0,0,0,0,0,0,0
480559,0,1,0,0,0,0,0,0,0,34,0,17
480559,1,1,0,0,0,0,0,0,9,0,0,0
480560,1,1,2,2,2,2,2,2,2,2,2,2
480561,1,1,0,0,0,0,0,0,0,0,0,0
480561,2,1,0,0,0,0,7,0,0,0,0,9
480562,1,1,0,0,0,0,0,0,0,0,0,0
480562,2,1,0,0,0,1,0,0,0,0,11,0
480563,1,1,0,0,0,0,0,0,0,0,0,0
480563,2,1,0,0,0,0,0,0,0,0,16,0
480563,3,1,0,0,0,35,0,0,0,0,0,0
480564,1,1,22,22,22,22,22,22,22,22,22,22
480564,2,1,0,0,0,0,0,0,0,0,0,0
480565,1,1,0,0,0,14,0,0,0,0,0,0
480565,2,1,0,5,0,0,29,0,0,0,0,0
480565,3,1,0,0,0,26,0,0,6,31,0,0
480566,0,1,0,8,21,17,0,0,0,0,0,0
480566,1,1,7,0,0,0,12,0,0,0,0,0
480567,1,1,0,0,0,0,0,0,0,2,7,0
480567,2,1,0,0,0,0,0,0,0,0,0,0
480567,3,1,22,0,15,15,24,17,13,0,0,15
480568,1,1,0,23,0,0,0,0,0,0,13,0
480569,1,1,4,0,0,0,0,0,0,0,0,0
480569,2,1,21,21,21,21,21,21,21,21,21,21
480570,1,1,0,0,0,0,0,0,0,14,0,0
480571,1,1,0,0,0,0,0,0,0,0,0,0
480572,1,1,7,0,0,0,0,0,0,0,0,0
480572,2,1,0,0,0,0,0,0,0,0,0,0
480573,0,1,19,19,19,19,19,19,19,19,19,19
480573,1,1,0,0,0,0,0,0,0,0,0,0
480574,1,1,0,0,0,0,0,0,0,0,0,0
480574,2,1,0,0,0,0,0,0,0,0,11,0
480574,3,1,0,11,0,0,13,0,0,0,0,0
480575,1,1,11,11,11,11,11,11,11,11,11,11
480576,1,1,0,0,0,0,0,0,0,0,0,0
480576,2,1,6,6,6,6,6,6,6,6,6,6
480577,0,1,0,0,0,0,0,0,0,0,0,0
480577,1,1,0,0,11,0,0,0,0,10,0,0
480577,2,1,0,0,21,0,0,0,0,10,16,0
480578,1,1,0,0,20,0,0,0,26,9,0,14
480579,0,1,30,0,33,25,0,18,38,0,25,0
480579,1,1,6,6,0,8,0,7,24,0,9,0
480580,1,1,0,0,0,0,0,0,0,0,0,0
480580,2,1,0,0,0,0,0,0,0,0,0,0
480580,3,1,0,0,0,0,0,0,35,0,7,8
480581,1,1,0,0,19,0,0,13,0,0,0,0
480581,2,1,0,0,0,0,0,0,0,0,0,2
480582,0,1,0,0,0,0,0,0,0,0,0,0
480582,1,1,0,0,0,0,0,0,0,0,0,0
480583,1,1,28,28,28,28,28,28,28,28,28,28
480584,1,1,17,17,17,17,17,17,17,17,17,17
480585,1,1,0,0,0,0,0,0,0,0,0,0
480585,2,1,0,0,0,0,0,0,0,0,0,0
480585,3,1,0,37,0,0,0,0,0,0,0,0
480585,4,1,0,0,13,0,0,0,0,0,0,0
480586,0,1,0,0,0,0,0,0,0,0,0,0
480586,1,1,0,0,0,0,0,0,0,18,0,0
480587,1,1,0,0,0,0,0,0,0,0,0,0
480587,2,1,0,0,0,7,0,11,0,0,0,0
480588,1,1,0,0,0,0,0,0,0,0,0,0
480589,1,1,0,0,0,0,0,0,0,0,0,0
480589,2,1,0,0,0,0,0,0,0,0,24,0
480589,3,1,0,0,0,0,0,15,0,0,0,12
480590,1,1,0,20,11,0,0,0,0,0,0,0
480590,2,1,0,0,0,0,0,0,0,0,0,0
480591,1,1,29,29,29,29,29,29,29,29,29,29
480591,2,1,0,0,0,0,0,0,0,0,0,0
480591,3,1,0,0,0,0,0,0,0,0,0,0
480592,1,1,0,0,0,0,44,5,22,0,22,9
480593,1,1,6,0,0,0,0,0,9,0,0,0
480593,2,1,0,0,0,8,0,0,0,0,34,0
480595,1,1,22,0,0,0,0,0,0,0,0,0
480595,2,1,0,0,0,0,0,10,0,0,0,0
480596,1,1,0,0,0,0,0,0,0,0,0,0
480596,2,1,0,0,4,0,0,0,0,0,0,0
480597,1,1,0,0,0,0,0,0,0,0,0,0
480597,2,1,0,0,0,0,0,0,0,0,0,0
480598,0,1,0,0,26,0,0,31,5,0,0,0
480598,1,1,12,0,7,0,21,8,5,11,11,11
480599,1,1,0,0,0,0,0,0,0,0,0,20
480599,2,1,0,0,0,0,0,21,0,0,0,0
480600,1,1,10,14,18,14,17,15,8,1,19,11
480600,2,1,14,14,14,14,14,14,14,14,14,14
480601,1,1,23,23,23,23,23,23,23,23,23,23
480602,1,1,0,0,0,0,0,0,0,0,0,0
480602,2,1,0,0,0,0,0,0,0,0,6,0
480603,1,1,0,0,0,0,0,0,0,0,0,0
480603,2,1,0,0,0,0,0,16,8,0,3,0
480604,1,1,0,0,0,0,0,0,0,2,9,0
480604,2,1,6,9,0,0,0,0,0,0,0,0
480605,1,1,0,13,18,17,0,6,14,9,15,12
480606,1,1,0,0,0,0,0,0,0,0,0,0
480607,1,1,33,0,36,20,0,23,15,16,17,14
480607,2,1,0,0,0,8,14,0,14,0,0,0
480608,1,1,16,15,8,30,0,29,0,0,0,36
480608,2,1,0,0,0,0,0,13,0,12,0,0
480609,1,1,0,15,20,18,28,27,0,9,19,0
480610,1,1,19,19,19,19,19,19,19,19,19,19
480611,1,1,0,0,0,0,0,0,28,0,0,0
480611,2,1,0,0,18,0,0,0,0,0,0,0
480612,1,1,0,0,0,0,0,0,0,0,16,15
480612,2,1,0,0,0,0,0,0,0,6,0,0
480613,1,1,0,22,0,0,0,0,9,0,0,0
480613,2,1,0,0,0,0,0,0,0,0,0,0
480614,0,1,0,0,15,0,0,21,11,0,0,0
480614,1,1,0,0,0,0,0,0,0,0,0,0
480615,1,1,7,0,0,0,0,0,12,0,0,0
480616,0,1,0,0,0,24,0,18,7,0,0,0
480616,1,1,0,0,0,0,5,17,0,14,0,0
480617,0,1,0,0,0,30,0,0,15,28,0,0
480617,1,1,9,0,0,0,0,0,0,0,0,0
480618,1,1,2,0,6,0,0,0,0,5,0,0
480618,2,1,0,10,0,0,0,0,0,31,0,0
480619,1,1,0,0,0,0,13,0,0,23,12,0
480620,1,1,0,0,0,0,0,0,9,0,0,0
480620,2,1,12,12,12,12,12,12,12,12,12,12
480621,1,1,21,21,21,21,21,21,21,21,21,21
480622,1,1,22,22,22,22,22,22,22,22,22,22
480623,0,1,8,0,6,0,0,0,0,0,25,0
480624,1,1,9,9,9,9,9,9,9,9,9,9
480624,2,1,0,0,0,0,0,0,0,0,0,0
480625,0,1,0,0,0,35,0,9,0,0,0,0
480625,1,1,0,0,0,0,23,0,0,0,0,0
480626,1,1,0,0,8,10,0,0,8,11,0,6
480627,1,1,23,23,23,23,23,23,23,23,23,23
480628,1,1,0,19,0,0,18,0,22,0,0,0
480629,1,1,0,0,0,0,0,0,0,0,0,0
480630,1,1,0,0,17,0,0,0,0,0,0,0
480630,2,1,0,0,12,15,21,0,12,8,0,0
480631,1,1,0,0,0,0,0,0,0,0,0,0
480633,1,1,0,0,0,0,4,38,23,0,0,0
480634,1,1,25,25,25,25,25,25,25,25,25,25
480635,0,1,0,0,0,0,0,0,0,0,0,0
480635,1,1,0,12,24,0,21,0,0,12,0,0
480636,1,1,14,14,14,14,14,14,14,14,14,14
480637,1,1,0,0,0,0,0,0,0,0,0,0
480637,2,1,0,0,0,0,0,0,0,0,0,0
480638,1,1,0,4,0,0,7,0,0,0,0,22
480638,2,1,0,0,0,0,0,0,0,0,0,5
480639,1,1,0,0,0,0,0,0,0,0,0,0
480640,1,1,21,0,0,0,10,7,12,0,0,0
480640,2,1,9,21,0,0,0,10,0,0,0,19
480641,1,1,0,0,0,0,0,0,0,0,0,0
480642,0,1,20,20,20,20,20,20,20,20,20,20
480642,1,1,0,0,0,0,0,0,0,0,0,0
480643,1,1,0,0,0,0,0,0,0,0,0,0
480643,2,1,0,0,0,0,12,20,0,0,0,0
480643,3,1,0,0,0,0,0,0,0,0,0,0
480644,0,1,0,0,0,12,8,0,15,0,0,0
480644,1,1,67,0,20,48,0,27,0,0,16,0
480645,1,1,0,18,35,0,0,0,0,0,0,0
480645,2,1,19,6,0,18,24,0,0,0,0,11
480646,1,1,15,0,7,0,16,0,0,0,0,0
480646,2,1,0,0,0,0,0,0,0,0,0,0
480646,3,1,0,0,0,0,0,0,0,0,2,0
480647,1,1,0,0,0,0,0,0,0,0,0,0
480648,0,1,0,0,0,0,0,0,0,0,0,0
480648,1,1,0,0,0,24,0,27,0,0,0,6
480649,1,1,18,9,14,4,14,18,6,9,3,19
480650,1,1,0,0,0,0,0,0,0,0,0,0
480650,2,1,16,14,0,0,0,17,0,0,9,0
480651,1,1,22,22,22,22,22,22,22,22,22,22
480652,1,1,0,0,0,0,0,0,0,0,0,0
480653,0,1,0,0,0,0,0,0,0,0,0,0
480653,1,1,0,0,0,0,0,0,0,0,0,0
480654,1,1,12,12,12,12,12,12,12,12,12,12
480655,0,1,0,0,0,0,0,0,0,9,0,0
480655,1,1,22,0,16,10,17,0,14,3,0,9
480656,0,1,14,0,0,0,0,36,0,19,43,0
480656,1,1,0,0,16,18,13,0,0,0,0,10
480657,1,1,0,26,0,14,10,0,0,0,0,0
480658,1,1,0,0,0,0,10,0,20,0,0,0
480658,2,1,0,0,0,0,0,0,0,0,0,0
480659,1,1,29,29,29,29,29,29,29,29,29,29
480659,2,1,4,0,0,0,0,0,0,0,0,8
480660,1,1,0,9,0,0,0,0,0,0,18,19
480660,2,1,0,0,0,0,0,0,0,0,0,0
480661,1,1,0,0,0,0,0,0,0,0,0,0
480661,2,1,5,5,5,5,5,5,5,5,5,5
480662,1,1,15,0,0,0,0,19,0,23,0,19
480663,1,1,0,0,0,0,0,18,0,0,0,0
480664,1,1,12,18,0,0,0,0,0,0,0,0
480664,2,1,0,5,0,0,0,0,9,0,0,0
480665,1,1,12,28,0,44,0,0,22,31,12,20
480665,2,1,0,29,10,0,0,9,0,31,0,0
480666,0,1,35,15,0,0,0,6,0,29,0,0
480666,1,1,0,27,13,18,6,8,11,10,13,19
480667,1,1,0,19,0,0,0,0,12,0,25,0
480667,2,1,0,0,13,0,0,0,0,18,0,0
480667,3,1,0,0,0,0,0,0,0,13,12,0
480668,1,1,13,13,13,13,13,13,13,13,13,13
480668,2,1,0,0,0,0,0,0,0,0,0,0
480669,1,1,0,0,0,0,0,0,0,0,0,0
480670,1,1,0,14,23,0,0,0,0,32,0,0
480671,1,1,10,0,17,0,0,0,12,10,0,11
480671,2,1,0,0,35,0,0,9,17,0,0,0
480672,1,1,0,14,20,16,13,25,0,5,0,25
480673,1,1,25,25,25,25,25,25,25,25,25,25
480674,0,1,0,0,0,0,0,0,0,0,0,0
480674,1,1,0,0,0,0,0,0,0,0,0,0
480675,1,1,15,15,15,12,5,24,13,19,31,20
480676,1,1,27,24,32,9,16,31,18,35,19,21
480677,0,1,0,0,0,0,0,0,0,0,0,0
480677,1,1,0,0,0,9,16,0,9,0,0,0
480678,1,1,0,0,0,0,0,0,0,0,0,0
480679,1,1,0,0,0,20,0,0,0,0,21,12
480679,2,1,0,0,0,0,21,0,0,0,0,0
480679,3,1,18,0,0,0,0,0,0,0,0,0
480680,0,1,0,0,0,0,0,0,0,0,0,0
480680,1,1,0,0,0,0,29,0,0,0,0,0
480681,1,1,20,14,0,0,0,0,0,0,0,0
480681,2,1,2,2,2,2,2,2,2,2,2,2
480682,1,1,0,0,0,0,21,0,0,14,0,0
480682,2,1,0,0,0,0,0,0,0,0,0,0
480683,1,1,0,0,15,0,0,0,0,0,0,29
480684,1,1,8,8,8,8,8,8,8,8,8,8
480684,2,1,8,23,0,0,0,0,9,0,0,0
480685,1,1,0,0,5,0,0,13,0,0,14,11
480686,1,1,0,0,0,0,0,0,0,0,0,0
480686,2,1,0,18,0,0,6,10,0,29,13,17
480687,1,1,0,26,16,15,15,18,0,0,0,0
480687,2,1,0,17,0,26,10,11,0,0,0,9
480688,1,1,0,0,0,0,0,0,0,0,0,0
480689,1,1,23,23,23,23,23,23,23,23,23,23
480690,1,1,0,0,0,0,0,0,0,0,0,0
480690,2,1,0,14,0,0,0,0,20,7,0,5
480690,3,1,0,0,0,0,0,0,0,0,0,0
480691,0,1,0,0,0,0,0,0,0,0,0,0
480691,1,1,0,15,17,24,0,0,0,0,0,0
480692,1,1,0,0,0,0,0,0,0,0,0,0
480693,1,1,17,0,0,0,0,0,0,0,0,8
480693,2,1,0,22,0,29,0,0,0,0,0,0
480694,1,1,0,0,0,0,0,0,11,19,0,0
480695,1,1,0,0,0,0,0,0,9,35,0,0
480696,1,1,0,0,0,19,22,9,0,0,0,15
480697,1,1,0,20,14,28,5,0,0,7,0,0
480699,1,1,0,0,0,0,0,0,0,0,0,0
480699,2,1,0,0,0,0,0,0,0,0,0,0
480700,1,1,7,0,0,0,25,0,0,19,22,12
480700,2,1,0,0,0,0,0,0,0,0,0,0
480701,1,1,8,8,8,8,8,8,8,8,8,8
480702,1,1,0,0,12,0,12,0,8,0,0,0
480702,2,1,0,0,0,0,0,0,0,11,19,0
480703,0,1,0,0,0,0,0,0,0,0,0,0
480703,1,1,10,5,0,0,0,13,7,16,6,2
480704,1,1,0,0,0,0,0,0,0,0,0,0
480705,1,1,23,23,23,23,23,23,23,23,23,23
480706,1,1,13,13,13,13,13,13,13,13,13,13
480707,1,1,14,3,0,0,0,0,0,0,0,0
480707,2,1,0,0,0,0,0,0,0,0,0,0
480707,3,1,0,0,0,0,0,0,0,0,13,12
480708,1,1,28,0,0,20,0,0,0,15,0,0
480708,2,1,32,19,0,0,29,0,0,0,13,0
480709,1,1,0,0,5,0,31,0,0,0,0,0
480710,1,1,0,0,0,0,0,0,0,0,0,0
480710,2,1,0,0,0,0,0,0,0,0,0,0
480711,0,1,0,0,0,13,13,24,0,0,0,8
480711,1,1,0,13,5,0,0,0,0,0,0,17
480712,1,1,0,0,0,0,0,13,0,0,0,13
480712,2,1,0,0,20,0,0,0,0,0,0,0
480714,1,1,0,0,0,0,0,0,0,0,0,0
480715,1,1,0,0,0,0,0,0,0,0,12,0
480715,2,1,0,18,0,0,0,0,0,22,10,0
480716,0,1,24,24,24,24,24,24,24,24,24,24
480716,1,1,12,3,4,7,13,8,0,11,19,10
480717,0,1,26,13,11,39,0,0,37,0,0,0
480717,1,1,0,0,0,0,20,18,0,0,0,0
480718,0,1,0,0,0,0,0,0,0,0,0,0
480718,1,1,23,15,0,0,0,0,0,0,0,0
480719,1,1,19,19,19,19,19,19,19,19,19,19
480720,1,1,0,0,0,0,0,0,0,0,0,0
480721,1,1,0,0,0,0,0,0,0,0,0,0
480722,1,1,0,0,0,0,0,0,0,0,0,0
480722,2,1,0,0,0,0,0,0,0,0,0,0
480723,1,1,0,11,0,0,0,0,0,0,0,0
480723,2,1,0,0,0,0,0,0,0,0,0,0
480724,1,1,0,0,0,0,0,0,0,0,0,0
480724,2,1,7,7,7,7,7,7,7,7,7,7
480725,1,1,0,0,0,0,0,0,0,0,0,0
480725,2,1,31,0,0,0,0,0,0,0,0,0
480726,1,1,6,6,6,6,6,6,6,6,6,6
480727,1,1,0,0,0,17,13,0,16,8,0,29
480727,2,1,23,0,0,19,0,0,12,20,0,21
480728,1,1,12,12,12,12,12,12,12,12,12,12
480728,2,1,0,0,0,0,0,0,0,0,0,0
480729,1,1,0,0,0,0,0,0,0,19,0,0
480729,2,1,14,0,0,0,0,0,0,0,0,0
480730,1,1,0,0,0,0,0,0,0,0,0,0
480730,2,1,0,0,28,0,23,9,0,0,0,0
480731,1,1,0,0,0,0,0,0,0,0,0,0
480731,2,1,0,0,0,0,0,0,0,0,0,0
480731,3,1,0,0,0,9,0,24,0,0,0,0
480731,4,1,0,35,0,0,0,0,0,0,0,0
480732,1,1,0,0,0,0,0,0,14,0,0,0
480732,2,1,0,0,0,0,9,8,0,0,0,0
480733,0,1,16,0,0,8,0,0,0,0,21,0
480733,1,1,8,11,0,0,0,0,30,18,7,18
480734,1,1,20,20,20,20,20,20,20,20,20,20
480734,2,1,14,14,14,14,14,14,14,14,14,14
480735,1,1,16,16,16,16,16,16,16,16,16,16
480736,0,1,0,0,0,0,0,0,0,0,0,0
480736,1,1,0,0,0,0,0,0,0,0,0,0
480737,1,1,0,0,0,0,0,0,0,0,0,0
480738,1,1,0,0,0,0,0,0,0,0,0,0
480738,2,1,23,25,0,0,0,0,0,0,0,0
480739,1,1,0,0,0,15,0,0,0,7,17,0
480739,2,1,5,0,0,0,0,0,0,0,0,0
480740,1,1,20,0,14,22,15,3,0,0,11,0
480741,1,1,21,0,15,0,0,0,0,0,0,0
480741,2,1,0,9,0,0,0,0,0,0,0,0
480742,1,1,0,9,7,0,0,20,26,0,4,0
480743,1,1,4,4,4,4,4,4,4,4,4,4
480744,1,1,25,25,25,25,25,25,25,25,25,25
480745,1,1,0,27,0,0,0,0,0,0,0,0
480745,2,1,0,0,0,0,0,0,0,0,0,0
480746,1,1,0,0,0,0,0,0,0,0,0,0
480747,1,1,23,24,28,25,31,11,0,20,24,0
480748,1,1,35,35,35,35,35,35,35,35,35,35
480748,2,1,0,0,0,0,0,0,0,0,0,0
480748,3,1,11,0,0,0,0,0,0,0,0,0
480749,0,1,0,0,0,0,0,0,0,0,0,0
480749,1,1,0,33,13,10,0,0,0,9,0,10
480750,1,1,0,9,0,0,0,0,22,0,0,0
480750,2,1,0,6,0,10,15,19,0,0,0,3
480751,1,1,24,24,24,24,24,24,24,24,24,24
480752,0,1,24,24,24,24,24,24,24,24,24,24
480752,1,1,0,21,0,5,0,0,14,8,15,0
480753,0,1,36,18,27,21,0,0,12,35,11,10
480753,1,1,0,0,16,0,0,0,0,12,0,0
480754,1,1,22,22,22,22,22,22,22,22,22,22
480755,1,1,0,0,0,0,0,0,0,0,0,0
480755,2,1,0,0,0,0,0,0,0,7,0,0
480755,3,1,0,0,0,0,0,0,0,0,16,0
480756,1,1,0,0,0,0,0,0,0,0,0,0
480756,2,1,15,15,15,15,15,15,15,15,15,15
480757,1,1,0,8,14,0,11,16,0,0,0,0
480758,1,1,0,0,0,0,0,0,0,0,0,0
480759,1,1,24,24,24,24,24,24,24,24,24,24
480760,1,1,8,19,0,13,22,0,0,0,20,25
480761,1,1,0,0,8,0,0,0,0,0,13,0
480761,2,1,0,25,0,0,0,0,0,0,2,0
480762,1,1,0,0,0,0,0,0,0,0,0,0
480762,2,1,0,0,0,0,0,0,0,0,0,0
480763,1,1,0,0,0,0,0,32,11,0,0,10
480763,2,1,0,8,0,0,0,0,0,0,0,0
480764,0,1,0,0,0,0,0,0,0,0,0,0
480764,1,1,0,0,0,18,0,0,0,0,0,0
480765,1,1,23,23,23,23,23,23,23,23,23,23
480766,1,1,0,0,0,25,20,12,0,0,0,26
480766,2,1,0,0,6,0,0,0,0,0,0,6
480767,1,1,21,21,21,21,21,21,21,21,21,21
480767,2,1,0,0,0,0,0,42,0,0,0,0
480768,0,1,11,11,11,11,11,11,11,11,11,11
480768,1,1,0,9,22,0,27,20,13,9,29,0
480769,1,1,0,5,9,19,25,23,5,19,5,5
480769,2,1,8,0,0,0,0,0,0,0,0,0
480769,3,1,0,0,0,0,0,19,0,0,0,0
480770,1,1,20,0,0,0,0,0,0,0,0,0
480770,2,1,0,0,10,0,0,0,0,0,0,0
480772,1,1,0,0,0,0,0,0,0,12,10,0
480773,1,1,0,0,0,0,0,13,0,0,0,0
480773,2,1,0,0,0,6,0,13,0,0,0,7
480774,1,1,0,0,0,26,0,0,6,17,22,29
480775,1,1,1,1,1,1,1,1,1,1,1,1
480775,2,1,0,0,0,0,0,0,0,0,0,0
480776,1,1,0,0,0,0,0,0,0,0,0,0
480777,0,1,5,5,5,5,5,5,5,5,5,5
480777,1,1,0,0,0,5,0,0,0,0,0,0
480778,1,1,0,0,0,0,24,30,21,7,27,0
480779,1,1,14,14,14,14,14,14,14,14,14,14
480779,2,1,0,0,0,0,0,0,0,0,0,38
480780,1,1,0,0,0,0,0,0,6,0,0,0
480780,2,1,0,0,0,0,0,0,0,0,0,0
480781,1,1,31,31,31,31,31,31,31,31,31,31
480781,2,1,18,17,0,0,0,0,0,0,13,0
480782,1,1,0,13,0,0,0,22,12,18,0,0
480782,2,1,0,0,0,0,0,0,0,0,0,0
480783,1,1,0,0,0,0,0,0,0,0,0,7
480783,2,1,18,18,18,18,18,18,18,18,18,18
480784,1,1,0,0,0,0,0,0,0,0,0,0
480785,1,1,11,11,11,11,11,11,11,11,11,11
480786,1,1,12,12,12,12,12,12,12,12,12,12
480786,2,1,0,0,0,0,0,0,0,0,6,0
480787,1,1,0,0,0,0,0,0,0,0,0,0
480787,2,1,0,0,0,0,0,0,0,0,15,0
480788,1,1,18,16,22,19,19,23,19,16,0,14
480789,1,1,0,0,0,0,0,0,0,0,0,0
480790,1,1,0,23,0,7,0,0,0,0,0,0
480790,2,1,5,5,5,5,5,5,5,5,5,5
480791,1,1,0,0,0,12,0,0,0,0,0,6
480791,2,1,22,0,4,0,0,0,0,22,0,0
480791,3,1,0,0,0,21,0,15,0,16,23,12
480792,1,1,0,24,0,0,0,12,9,0,0,0
480793,1,1,14,14,14,14,14,14,14,14,14,14
480794,1,1,0,0,0,4,0,22,0,0,0,0
480795,0,1,10,10,10,10,10,10,10,10,10,10
480795,1,1,0,0,0,3,16,13,26,0,22,17
480796,1,1,0,0,0,0,0,0,5,0,0,0
480796,2,1,0,0,0,0,0,0,0,0,0,0
480797,0,1,0,0,0,0,0,0,0,0,0,0
480797,1,1,0,0,20,0,0,0,0,12,21,0
480798,1,1,21,21,21,21,21,21,21,21,21,21
480799,0,1,25,25,25,25,25,25,25,25,25,25
480799,1,1,0,0,0,0,0,0,0,0,0,0
480800,1,1,14,0,0,0,0,0,0,0,11,0
480801,1,1,1,1,1,1,1,1,1,1,1,1
480801,2,1,13,0,24,0,19,5,0,0,0,0
480802,1,1,19,19,19,19,19,19,19,19,19,19
480803,1,1,27,27,27,27,27,27,27,27,27,27
480804,0,1,25,25,25,25,25,25,25,25,25,25
480804,1,1,0,0,0,23,0,30,7,0,0,0
480805,1,1,0,0,0,4,31,0,28,0,30,0
480805,2,1,0,0,0,0,0,4,0,0,0,9
480806,1,1,0,0,0,0,0,0,0,0,0,0
480806,2,1,0,0,0,0,0,0,0,0,0,0
480807,1,1,0,0,0,0,0,0,0,0,0,0
480808,0,1,0,0,0,0,0,0,0,0,0,0
480808,1,1,0,0,0,0,0,0,0,0,0,0
480809,1,1,16,0,0,0,11,0,14,0,0,13
480810,1,1,0,0,0,0,0,0,0,0,0,0
480811,1,1,0,0,22,0,15,0,14,0,0,0
480812,1,1,5,0,13,0,0,0,0,0,0,14
480813,0,1,0,0,18,23,12,0,0,0,35,0
480813,1,1,0,0,0,0,29,0,0,0,12,6
480814,1,1,0,0,0,0,0,0,0,0,0,0
480814,2,1,0,0,18,15,20,0,0,0,0,0
480815,1,1,27,27,27,27,27,27,27,27,27,27
480815,2,1,0,5,0,0,13,0,0,0,8,0
480816,0,1,0,0,0,0,0,0,0,0,0,0
480816,1,1,0,0,4,0,19,18,0,12,0,0
480817,1,1,0,0,0,0,0,0,0,0,0,0
480818,1,1,0,0,0,0,0,0,0,0,0,0
480818,2,1,0,0,0,0,0,0,0,0,0,0
480819,0,1,0,24,2,0,0,0,4,0,0,26
480819,1,1,0,0,17,0,0,0,0,0,0,0
480820,1,1,21,21,21,21,21,21,21,21,21,21
480820,2,1,0,0,0,10,0,0,17,13,0,0
480821,1,1,0,0,0,0,6,0,0,10,19,0
480822,1,1,0,0,0,0,0,0,0,0,22,0
480822,2,1,14,0,0,0,0,0,0,0,0,0
480823,1,1,0,9,0,0,0,0,0,15,11,5
480823,2,1,0,0,0,0,0,0,1,0,0,0
480824,1,1,0,12,32,0,0,0,0,0,25,0