ST_CASE,VEH_NO,PER_NO,P1,P2,P3,P4,P5,P6,P7,P8,P9,P10
480825,1,1,11,0,49,17,0,7,0,0,21,0
480826,1,1,21,0,0,0,16,0,0,0,0,0
480827,1,1,0,0,0,0,0,0,0,0,0,0
480828,1,1,28,0,0,0,0,0,0,15,0,0
480829,1,1,17,0,0,0,12,0,21,0,0,0
480829,2,1,0,0,24,10,0,0,0,28,10,24
480830,1,1,0,0,0,0,0,21,0,6,0,0
480831,1,1,35,35,35,35,35,35,35,35,35,35
480832,1,1,23,23,23,23,23,23,23,23,23,23
480833,1,1,0,0,0,0,0,0,0,0,0,0
480833,2,1,8,0,0,0,0,0,0,0,4,0
480834,1,1,0,0,0,0,0,0,0,0,0,0
480834,2,1,7,7,7,7,7,7,7,7,7,7
480835,0,1,0,0,0,0,0,0,0,0,0,0
480835,1,1,0,0,0,0,0,0,0,4,0,0
480836,1,1,19,19,19,19,19,19,19,19,19,19
480837,1,1,22,22,22,22,22,22,22,22,22,22
480838,1,1,0,0,0,0,0,0,0,0,0,0
480838,2,1,0,0,0,0,0,0,0,0,0,0
480839,1,1,0,0,0,0,0,0,13,12,0,0
480839,2,1,0,0,0,0,0,0,0,0,0,0
480839,3,1,0,23,8,0,0,0,0,0,0,0
480839,4,1,20,0,0,0,0,0,0,0,0,0
480840,1,1,0,0,0,0,8,0,0,0,0,0
480841,1,1,18,18,18,18,18,18,18,18,18,18
480841,2,1,0,0,0,0,14,0,0,0,0,0
480842,1,1,10,0,0,0,0,0,6,0,0,0
480842,2,1,0,0,0,0,0,0,0,8,0,0
480843,1,1,0,0,0,0,8,0,0,0,0,0
480843,2,1,0,0,0,0,0,0,0,0,0,0
480844,1,1,0,0,0,0,0,0,0,0,0,0
480844,2,1,12,0,0,0,0,0,0,0,0,0
480845,1,1,15,15,15,15,15,15,15,15,15,15
480845,2,1,0,0,0,0,0,0,0,0,0,0
480845,3,1,0,0,0,0,14,0,0,0,0,0
480845,4,1,18,0,0,0,0,0,0,0,0,0
480845,5,1,0,0,0,0,0,0,0,0,0,0
480845,6,1,0,20,0,10,0,0,0,0,0,0
480845,7,1,0,0,0,28,20,14,0,21,0,0
480846,0,1,0,14,14,0,0,0,0,0,0,0
480846,1,1,0,0,0,0,0,0,0,17,0,0
480847,0,1,0,21,0,0,28,0,9,0,7,0
480847,1,1,0,0,0,0,0,0,0,0,0,0
480848,1,1,24,24,24,24,24,24,24,24,24,24
480849,1,1,0,0,0,14,0,0,0,0,0,0
480850,1,1,18,18,18,18,18,18,18,18,18,18
480851,1,1,0,5,36,11,0,12,0,0,0,12
480852,1,1,11,11,11,11,11,11,11,11,11,11
480852,2,1,0,0,18,0,0,0,4,0,0,12
480853,1,1,6,24,0,0,0,0,0,9,0,0
480854,1,1,0,0,0,0,0,0,0,0,0,0
480854,2,1,0,0,0,0,0,0,0,0,0,0
480855,1,1,15,15,15,15,15,15,15,15,15,15
480855,2,1,0,0,0,0,0,0,0,0,0,0
480856,0,1,0,0,15,0,0,0,0,12,7,0
480856,1,1,0,13,0,0,0,0,14,7,2,0
480857,1,1,22,0,0,17,0,0,0,0,0,0
480858,1,1,0,0,0,0,0,0,0,0,0,0
480858,2,1,0,0,0,0,0,0,0,23,0,0
480859,1,1,2,2,2,2,2,2,2,2,2,2
480859,2,1,0,0,0,0,0,0,0,0,0,0
480860,0,1,0,0,0,0,0,0,0,0,0,0
480860,1,1,0,7,0,0,0,0,17,0,7,0
480861,1,1,0,0,0,0,0,0,0,0,0,0
480862,1,1,0,0,38,0,0,0,0,16,7,0
480862,2,1,0,0,0,0,0,0,0,0,0,0
480863,1,1,0,0,28,0,0,0,0,8,0,0
480863,2,1,0,19,10,0,0,0,9,0,7,19
480864,1,1,12,12,12,12,12,12,12,12,12,12
480865,1,1,0,40,0,23,0,0,0,0,0,0
480865,2,1,0,0,0,0,0,0,0,0,0,25
480865,3,1,0,0,0,0,0,0,0,0,0,0
480866,1,1,0,0,0,0,0,0,0,0,0,0
480866,2,1,0,0,0,0,0,0,0,0,0,0
480867,1,1,0,0,0,0,0,0,0,0,0,0
480868,1,1,0,28,9,12,18,3,6,32,12,23
480869,1,1,23,23,23,23,23,23,23,23,23,23
480870,1,1,0,0,0,7,0,0,0,0,0,20
480871,1,1,9,9,9,9,9,9,9,9,9,9
480872,1,1,15,11,0,0,0,0,0,0,0,0
480873,1,1,18,18,18,18,18,18,18,18,18,18
480875,1,1,24,24,24,24,24,24,24,24,24,24
480876,1,1,0,0,9,0,0,6,0,0,0,11
480876,2,1,0,0,0,0,0,0,0,0,0,0
480877,0,1,0,0,0,0,18,0,0,12,32,0
480877,1,1,6,0,0,37,0,12,23,0,0,11
480878,0,1,0,0,0,0,0,0,0,0,0,0
480878,1,1,0,0,0,0,0,0,0,0,6,0
480879,0,1,0,0,0,0,0,0,0,0,0,0
480879,1,1,7,0,0,0,0,0,0,16,0,0
480880,1,1,0,0,0,0,0,0,0,0,0,0
480880,2,1,0,0,0,0,0,0,0,0,0,0
480881,1,1,0,25,3,0,0,0,0,0,10,0
480881,2,1,0,0,8,7,0,0,0,0,0,0
480882,1,1,0,0,0,0,0,0,0,0,0,0
480883,0,1,28,28,28,28,28,28,28,28,28,28
480883,1,1,0,0,0,2,17,10,0,9,0,22
480884,1,1,0,0,0,0,0,0,0,0,11,0
480884,2,1,0,0,0,0,0,0,0,0,0,19
480885,1,1,21,20,0,31,0,16,0,0,0,13
480886,1,1,0,0,0,0,5,0,0,0,19,0
480887,1,1,0,23,17,18,11,22,11,3,23,11
480888,1,1,25,25,25,25,25,25,25,25,25,25
480889,1,1,0,0,0,0,0,0,0,0,0,0
480889,2,1,0,0,0,0,0,0,0,0,0,0
480889,3,1,0,0,0,0,0,0,0,0,0,0
480890,1,1,0,0,18,6,11,0,0,20,0,0
480891,1,1,0,0,0,0,0,0,7,0,0,0
480892,1,1,0,0,0,0,0,0,0,2,0,0
480892,2,1,8,8,8,8,8,8,8,8,8,8
480893,0,1,0,0,0,11,13,0,40,0,11,0
480894,1,1,15,15,15,15,15,15,15,15,15,15
480895,1,1,19,19,19,19,19,19,19,19,19,19
480896,1,1,25,25,25,25,25,25,25,25,25,25
480897,1,1,0,0,20,5,11,20,0,3,0,21
480898,0,1,0,0,0,0,0,27,25,0,0,0
480898,1,1,0,0,0,9,0,0,14,12,0,0
480898,2,1,0,0,0,0,0,0,0,0,0,0
480898,3,1,0,0,32,9,0,13,0,9,0,0
480899,0,1,0,0,0,0,0,0,0,0,0,0
480899,1,1,0,7,0,0,0,0,11,10,0,0
480900,0,1,12,12,12,12,12,12,12,12,12,12
480900,1,1,0,0,0,0,0,0,0,0,0,0
480901,1,1,8,8,8,8,8,8,8,8,8,8
480901,2,1,0,0,0,0,0,15,0,0,11,0
480902,1,1,8,0,0,0,0,0,0,14,0,0
480903,1,1,0,0,0,12,0,0,0,0,0,0
480904,1,1,9,0,0,23,0,0,22,19,6,0
480905,0,1,0,0,0,0,0,0,0,12,0,14
480905,1,1,0,0,0,0,0,0,0,0,16,0
480906,1,1,0,0,0,0,0,0,0,0,0,0
480907,1,1,0,18,0,14,8,22,0,0,0,18
480907,2,1,0,0,13,0,0,0,0,0,0,0
480908,1,1,0,0,0,0,0,0,0,0,0,0
480908,2,1,0,0,0,0,0,0,0,0,0,0
480909,1,1,0,0,0,0,9,0,0,0,0,0
480909,2,1,0,0,0,0,0,0,0,0,0,0
480910,1,1,21,21,21,21,21,21,21,21,21,21
480911,1,1,0,42,0,0,0,0,0,0,0,0
480911,2,1,0,0,0,13,0,0,0,0,0,0
480911,3,1,0,0,0,0,0,0,0,23,0,0
480912,0,1,0,0,6,0,0,13,0,33,0,0
480912,1,1,0,0,0,0,0,0,0,0,0,0
480913,0,1,13,0,0,4,0,0,38,0,0,0
480913,1,1,0,0,0,0,18,0,0,0,22,5
480915,1,1,0,13,0,0,0,0,0,0,32,0
480916,1,1,12,10,15,13,0,0,12,8,0,0
480917,1,1,0,0,0,0,0,0,0,0,0,0
480917,2,1,10,0,0,0,0,0,0,0,0,0
480918,1,1,0,0,0,0,0,0,0,0,0,0
480918,2,1,0,0,0,0,0,0,0,0,0,0
480919,1,1,16,4,0,0,0,0,0,0,0,0
480920,1,1,0,4,3,13,0,0,0,0,0,0
480920,2,1,0,0,0,0,0,0,0,0,12,0
480921,0,1,0,0,0,0,0,0,0,0,0,0
480921,1,1,0,20,0,0,0,0,12,6,15,0
480922,1,1,11,0,0,0,0,0,0,0,0,0
480923,0,1,0,0,0,0,14,0,0,0,0,31
480923,1,1,0,0,0,0,0,0,14,0,0,15
480924,1,1,0,0,0,0,0,0,0,0,0,0
480925,1,1,0,0,0,0,0,0,0,0,0,0
480926,1,1,20,0,0,4,0,17,30,0,22,0
480927,1,1,4,4,4,4,4,4,4,4,4,4
480927,2,1,0,0,0,0,0,0,0,0,19,0
480928,1,1,0,0,0,26,0,23,0,16,0,0
480928,2,1,17,0,0,33,0,0,9,0,0,0
480929,1,1,14,7,0,0,0,0,0,0,0,0
480930,1,1,0,0,0,0,0,0,0,0,0,0
480930,2,1,0,0,2,0,0,6,0,0,0,0
480930,3,1,0,0,0,0,0,0,13,0,0,0
480930,4,1,0,0,0,0,0,0,0,0,0,0
480930,5,1,0,8,0,0,0,0,0,0,0,0
480931,0,1,0,0,27,0,0,0,5,0,0,21
480931,0,2,4,0,0,15,0,0,0,0,11,0
480931,0,3,0,0,17,36,11,0,0,0,17,0
480931,1,1,9,0,0,0,0,0,0,0,11,0
480931,3,1,0,0,14,2,0,0,9,0,10,20
480932,1,1,27,27,27,27,27,27,27,27,27,27
480933,1,1,0,0,0,46,0,0,0,22,0,0
480933,2,1,0,0,7,0,0,0,0,0,0,0
480934,1,1,0,0,13,0,0,20,0,15,25,0
480934,2,1,0,0,0,0,0,0,0,0,16,0
480934,3,1,0,0,0,0,0,0,0,0,27,0
480935,1,1,18,18,18,18,18,18,18,18,18,18
480936,1,1,11,11,11,11,11,11,11,11,11,11
480937,1,1,0,0,0,0,0,0,0,17,0,16
480937,2,1,0,5,30,0,0,0,0,0,0,0
480938,0,1,0,0,0,0,0,0,0,0,0,0
480938,1,1,12,24,7,3,14,14,6,25,20,11
480939,1,1,19,19,19,19,19,19,19,19,19,19
480939,2,1,0,0,0,0,0,0,0,0,7,0
480940,1,1,16,10,0,17,0,35,0,22,0,0
480940,2,1,0,0,0,0,0,15,0,7,0,0
480941,1,1,0,0,9,0,0,0,0,0,0,0
480941,2,1,13,0,31,28,0,0,28,0,0,0
480941,3,1,8,0,0,6,0,0,0,0,16,0
480942,1,1,33,8,7,9,0,0,6,26,0,16
480943,1,1,0,0,0,0,21,0,0,0,0,19
480943,2,1,0,0,0,0,0,0,0,0,0,0
480944,1,1,25,16,0,0,0,13,0,16,0,11
480945,1,1,28,28,28,28,28,28,28,28,28,28
480946,1,1,0,0,0,0,0,0,0,0,0,0
480946,2,1,0,0,0,0,0,0,0,0,0,0
480947,1,1,24,24,24,24,24,24,24,24,24,24
480948,1,1,0,0,0,0,0,0,14,2,0,13
480948,2,1,0,0,0,0,18,23,0,28,5,0
480949,1,1,0,6,0,0,0,0,0,0,0,0
480949,2,1,13,13,19,20,0,20,0,7,13,0
480950,0,1,0,0,0,0,0,0,0,0,0,0
480950,1,1,0,0,0,0,0,0,0,0,0,19
480951,1,1,12,17,26,18,19,9,18,24,19,23
480951,2,1,0,0,11,21,0,0,0,0,36,0
480952,1,1,20,10,13,10,25,16,26,25,14,11
480952,2,1,0,0,0,0,0,2,0,0,0,0
480953,1,1,0,0,0,0,0,0,0,0,0,0
480954,1,1,0,0,0,0,0,0,0,0,0,18
480954,2,1,26,0,0,15,0,0,23,0,0,0
480955,1,1,0,0,0,0,19,0,0,0,8,0
480956,0,1,0,0,0,0,0,9,0,0,25,21
480956,1,1,0,14,0,0,0,0,0,0,0,0
480957,1,1,0,0,0,23,0,0,0,0,0,0
480957,2,1,0,0,0,0,0,0,0,0,0,0
480958,1,1,16,16,16,16,16,16,16,16,16,16
480958,2,1,0,0,13,0,0,25,0,0,0,21
480959,1,1,0,0,0,0,0,0,0,0,12,0
480959,2,1,12,12,12,12,12,12,12,12,12,12
480960,1,1,26,22,10,0,9,0,8,0,0,12
480961,0,1,15,15,15,15,15,15,15,15,15,15
480961,1,1,0,0,0,0,0,0,5,11,0,0
480961,2,1,24,0,20,0,34,0,9,20,11,23
480961,3,1,23,0,21,20,19,0,0,31,14,11
480962,0,1,12,19,0,0,0,15,0,0,0,0
480962,1,1,30,0,0,0,15,0,28,0,0,0
480963,1,1,0,0,0,0,0,0,0,0,0,0
480963,2,1,0,0,0,0,0,0,0,0,0,0
480964,1,1,0,0,0,0,0,0,0,0,0,0
480964,2,1,0,0,0,0,0,11,0,0,0,0
480965,1,1,9,0,0,0,20,0,36,0,0,16
480966,1,1,19,19,19,19,19,19,19,19,19,19
480967,1,1,0,0,0,0,0,0,0,0,0,0
480967,2,1,0,11,24,0,21,0,0,0,0,13
480968,0,1,20,0,0,0,0,21,0,0,23,0
480968,1,1,0,20,0,0,0,8,20,0,0,0
480970,1,1,0,8,18,0,0,0,0,0,0,0
480970,2,1,0,0,0,0,0,0,0,0,0,0
480971,1,1,0,0,0,16,13,0,0,9,0,0
480971,2,1,0,0,0,0,0,0,0,0,0,0
480972,1,1,0,0,0,0,0,0,0,0,0,0
480973,1,1,0,0,0,0,0,0,0,0,0,0
480973,2,1,0,0,0,0,0,0,6,0,0,0
480974,0,1,0,0,0,0,0,0,0,0,0,0
480974,1,1,20,18,34,10,15,10,19,12,34,28
480975,1,1,0,0,0,0,0,0,0,0,0,0
480976,0,1,0,0,0,0,0,0,0,0,0,0
480976,1,1,22,2,32,0,0,15,0,17,16,13
480977,1,1,20,20,20,20,20,20,20,20,20,20
480977,2,1,17,17,0,11,24,0,12,10,5,16
480978,1,1,0,0,0,0,19,0,0,0,0,0
480979,0,1,0,0,0,22,22,14,21,5,0,28
480979,1,1,22,0,6,6,0,0,20,19,0,0
480980,1,1,22,22,22,22,22,22,22,22,22,22
480981,1,1,0,0,16,0,0,0,11,25,6,0
480981,2,1,13,5,16,12,25,4,28,26,9,8
480982,1,1,0,33,0,0,8,0,0,13,0,0
480982,2,1,0,5,10,0,22,0,0,29,0,24
480982,3,1,13,10,0,0,0,0,0,0,0,29
480983,1,1,0,0,0,0,0,0,0,0,0,0
480984,1,1,0,0,0,0,0,0,0,0,0,0
480984,2,1,0,41,0,0,9,0,0,0,0,0
480985,1,1,12,25,0,0,0,0,16,0,0,0
480986,1,1,0,0,0,0,0,0,0,0,0,0
480986,2,1,0,0,0,0,0,0,0,0,6,0
480987,1,1,0,7,0,0,0,0,13,0,0,0
480987,2,1,0,8,0,0,0,0,0,0,0,0
480988,1,1,19,19,19,19,19,19,19,19,19,19
480989,1,1,0,0,0,0,0,0,0,0,5,9
480989,2,1,13,0,0,0,0,0,0,0,0,0
480990,1,1,15,0,12,0,0,0,0,0,0,0
480990,2,1,0,0,0,0,0,0,0,0,0,15
480990,3,1,0,7,0,0,0,0,0,0,0,0
480991,1,1,14,14,14,14,14,14,14,14,14,14
480991,2,1,9,22,20,0,0,0,0,0,0,0
480992,1,1,13,13,13,13,13,13,13,13,13,13
480993,0,1,0,0,25,40,34,0,30,0,8,0
480993,1,1,0,0,0,0,0,10,0,0,0,0
480994,0,1,7,7,7,7,7,7,7,7,7,7
480994,1,1,0,0,0,5,0,0,0,0,5,0
480995,1,1,0,0,0,0,0,0,0,0,0,0
480996,1,1,0,0,0,3,0,30,0,0,0,0
480996,2,1,0,0,0,0,0,0,0,20,22,0
480997,1,1,14,0,0,22,8,0,0,0,0,19
480998,1,1,0,24,7,18,29,15,0,36,4,30
480998,2,1,0,0,0,0,13,12,9,0,18,0
480999,1,1,0,0,0,0,11,9,0,0,43,18
481000,0,1,0,0,0,0,0,0,0,0,0,0
481000,1,1,0,0,0,0,0,0,0,18,0,0
481001,1,1,29,0,0,0,0,20,0,0,0,29
481001,2,1,0,0,0,0,0,0,0,0,0,0
481002,1,1,0,0,11,0,0,0,0,0,0,17
481002,2,1,0,25,11,0,0,0,0,0,0,17
481003,1,1,29,0,22,35,11,12,0,0,0,0
481003,2,1,0,0,0,0,0,0,0,0,0,0
481004,0,1,17,17,17,17,17,17,17,17,17,17
481004,1,1,0,0,22,0,14,0,0,0,9,19
481005,1,1,0,0,0,18,0,0,0,0,0,13
481005,2,1,0,15,0,0,0,0,0,25,0,0
481006,1,1,0,0,0,0,0,0,0,0,0,0
481006,2,1,0,16,0,30,0,0,0,0,13,28
481007,1,1,0,0,0,0,0,0,0,0,0,24
481008,1,1,0,0,0,0,15,0,4,18,0,0
481008,2,1,0,0,0,14,14,0,0,0,0,0
481009,0,1,0,0,0,0,0,0,0,0,0,0
481009,1,1,10,19,0,8,27,7,15,6,0,23
481010,1,1,0,0,0,0,0,0,0,0,0,0
481011,1,1,0,13,0,20,0,11,4,9,0,0
481012,0,1,0,28,41,19,0,14,0,0,0,29
481012,1,1,0,0,12,0,0,0,0,0,0,0
481013,1,1,0,0,0,0,0,0,0,0,15,0
481013,2,1,12,0,16,0,0,0,0,0,0,0
481014,1,1,0,18,0,19,13,0,0,8,0,0
481014,2,1,0,0,10,0,0,0,0,0,0,0
481015,0,1,16,16,16,16,16,16,16,16,16,16
481015,1,1,0,0,0,24,0,0,7,0,0,0
481016,1,1,21,21,21,21,21,21,21,21,21,21
481017,1,1,0,0,25,0,0,0,0,0,0,0
481017,2,1,0,0,7,0,0,0,9,0,0,0
481017,3,1,0,0,0,0,0,0,0,0,0,0
481018,1,1,0,0,0,0,0,0,0,0,0,0
481018,2,1,0,0,12,24,0,27,5,0,0,0
481019,0,1,12,12,12,12,12,12,12,12,12,12
481019,1,1,19,19,0,0,0,0,0,0,25,0
481020,1,1,0,14,0,18,0,0,0,0,22,0
481020,2,1,0,0,0,0,0,0,0,0,0,0
481021,1,1,0,0,22,0,0,0,0,0,0,0
481021,2,1,0,0,0,0,0,18,0,0,0,0
481023,1,1,31,0,0,0,0,0,0,0,0,20
481023,2,1,10,0,23,0,0,0,0,0,12,0
481024,1,1,22,0,0,0,0,15,17,0,16,10
481025,1,1,2,18,4,2,30,17,29,8,13,23
481025,2,1,30,19,7,0,7,8,0,21,0,0
481026,1,1,0,0,0,0,0,0,0,0,0,0
481027,1,1,26,26,26,26,26,26,26,26,26,26
481028,1,1,0,0,0,6,0,0,0,9,0,0
481028,2,1,7,0,0,0,0,0,0,0,0,0
481029,1,1,19,19,19,19,19,19,19,19,19,19
481030,0,1,13,13,13,13,13,13,13,13,13,13
481030,1,1,0,11,0,27,0,19,22,28,0,0
481031,1,1,0,0,0,0,0,0,0,0,0,14
481031,2,1,0,0,0,0,0,4,0,0,0,0
481032,0,1,0,0,0,15,0,0,0,0,0,0
481032,0,2,0,0,0,0,0,0,0,18,0,0
481032,1,1,0,15,29,18,33,0,0,16,11,0
481033,1,1,0,0,0,0,0,0,0,0,0,0
481033,2,1,8,8,8,8,8,8,8,8,8,8
481034,1,1,3,3,3,3,3,3,3,3,3,3
481035,0,1,0,0,0,0,0,0,0,0,0,15
481035,1,1,12,0,0,6,24,0,0,21,0,12
481036,1,1,17,17,17,17,17,17,17,17,17,17
481037,1,1,0,0,0,5,0,0,0,8,0,0
481037,2,1,0,0,0,0,0,0,0,0,0,18
481038,1,1,19,19,19,19,19,19,19,19,19,19
481039,1,1,0,0,0,0,0,0,0,6,0,0
481039,2,1,0,0,0,0,12,0,42,0,0,0
481040,1,1,0,0,18,3,7,0,0,10,5,6
481041,1,1,0,0,0,0,0,0,0,1,0,0
481041,2,1,15,15,15,15,15,15,15,15,15,15
481042,1,1,0,0,0,0,0,0,0,0,0,0
481042,2,1,2,0,0,4,0,0,0,5,0,0
481043,1,1,0,0,0,25,10,0,0,0,40,17
481044,1,1,21,21,21,21,21,21,21,21,21,21
481044,2,1,0,0,0,0,0,0,0,0,0,0
481045,1,1,9,9,9,9,9,9,9,9,9,9
481045,2,1,0,0,26,0,17,0,18,21,0,16
481046,1,1,0,0,0,10,0,3,0,0,0,0
481046,2,1,0,0,0,0,0,0,0,0,0,0
481047,1,1,22,0,0,0,0,0,0,20,19,0
481048,1,1,17,17,17,17,17,17,17,17,17,17
481049,1,1,14,12,13,22,11,6,15,19,16,17
481049,2,1,0,0,0,0,0,0,0,0,0,0
481050,1,1,0,0,0,0,13,29,13,0,0,0
481051,1,1,0,0,0,0,0,0,0,19,0,0
481051,2,1,0,0,0,0,0,0,14,0,0,0
481052,1,1,17,18,29,9,0,13,24,0,0,8
481053,1,1,0,0,0,0,0,0,0,0,0,0
481053,2,1,0,0,0,0,0,0,0,0,0,0
481054,1,1,0,0,0,0,0,0,0,0,0,0
481054,2,1,0,0,0,0,0,0,0,0,12,0
481054,3,1,0,0,0,0,0,15,0,10,8,0
481054,4,1,30,0,0,0,0,0,0,11,0,0
481055,1,1,12,12,12,12,12,12,12,12,12,12
481055,2,1,0,0,0,0,0,0,0,0,0,0
481056,1,1,5,5,5,5,5,5,5,5,5,5
481057,0,1,0,0,0,0,0,0,0,0,0,0
481057,1,1,24,0,0,0,0,0,0,0,0,13
481058,1,1,25,25,25,25,25,25,25,25,25,25
481059,1,1,0,0,0,0,15,12,11,4,0,18
481060,1,1,0,0,0,0,0,20,0,0,0,10
481061,1,1,0,0,0,0,0,0,0,0,0,13
481061,2,1,5,8,0,0,9,0,0,0,0,0
481061,3,1,0,21,0,0,0,0,0,0,8,0
481061,4,1,0,0,0,0,0,0,0,12,0,0
481062,1,1,12,24,25,0,10,19,17,12,0,28
481063,1,1,10,10,10,10,10,10,10,10,10,10
481064,0,1,0,18,0,18,0,0,0,0,31,0
481064,1,1,0,0,0,0,0,0,0,0,6,0
481064,2,1,0,0,0,16,0,15,0,0,0,0
481065,1,1,0,5,6,0,0,0,0,9,0,0
481065,2,1,0,0,0,0,0,0,0,0,0,44
481066,0,1,0,0,0,16,0,5,17,0,0,23
481066,1,1,0,0,0,26,0,0,0,4,0,24
481067,0,1,6,6,6,6,6,6,6,6,6,6
481067,1,1,6,6,6,6,6,6,6,6,6,6
481067,2,1,16,0,10,0,11,13,0,0,25,0
481067,3,1,0,0,18,0,0,18,0,0,25,0
481067,4,1,8,0,26,0,0,25,0,0,0,12
481068,1,1,16,16,16,16,16,16,16,16,16,16
481068,2,1,0,0,0,0,0,0,0,0,0,0
481068,3,1,0,0,25,20,17,9,0,8,0,0
481069,0,1,0,0,0,0,0,0,0,0,0,0
481069,1,1,0,0,0,0,0,0,0,0,0,0
481070,1,1,0,0,0,0,0,0,0,0,0,0
481070,2,1,23,23,23,23,23,23,23,23,23,23
481071,1,1,0,0,0,0,0,0,0,0,0,0
481072,0,1,16,6,0,31,0,0,0,0,0,0
481072,1,1,0,0,0,0,11,0,0,0,21,0
481073,0,1,0,15,0,0,0,38,0,0,20,0
481073,1,1,0,0,15,12,0,0,23,20,0,0
481074,1,1,12,12,12,12,12,12,12,12,12,12
481075,1,1,0,0,0,0,0,30,0,0,0,0
481075,2,1,0,32,0,0,0,0,0,0,0,0
481076,1,1,0,0,32,0,4,9,0,14,0,27
481076,2,1,0,0,0,0,0,0,0,0,0,0
481077,0,1,0,0,0,0,0,0,0,0,0,0
481077,1,1,0,0,21,11,0,0,0,0,6,15
481078,1,1,0,0,0,0,0,0,0,0,0,0
481078,2,1,0,0,0,0,0,0,0,0,0,0
481079,1,1,0,22,8,0,0,0,0,8,23,34
481079,2,1,0,16,0,25,0,17,0,12,0,0
481080,1,1,0,0,0,0,0,0,0,0,0,0
481081,1,1,18,14,0,26,12,24,14,17,20,14
481081,2,1,0,0,0,20,0,0,14,0,29,0
481082,0,1,0,0,0,0,0,0,0,0,0,0
481082,1,1,31,0,0,15,6,0,0,13,0,0
481083,0,1,9,9,9,9,9,9,9,9,9,9
481083,1,1,0,11,0,0,0,0,0,4,0,0
481084,1,1,0,14,4,14,0,0,3,0,0,0
481084,2,1,0,26,12,6,0,0,0,0,0,0
481085,1,1,0,0,0,39,0,0,17,0,0,11
481086,1,1,0,0,0,0,0,14,0,0,0,0
481086,2,1,0,0,0,0,17,0,0,0,0,0
481087,1,1,0,0,0,0,0,0,0,24,0,0
481088,1,1,5,5,5,5,5,5,5,5,5,5
481089,1,1,20,0,0,0,0,0,8,21,0,26
481090,1,1,0,0,0,21,0,0,0,0,0,0
481090,2,1,0,0,0,0,0,0,0,0,0,0
481091,1,1,10,0,12,19,33,29,17,0,0,25
481092,1,1,15,15,15,15,15,15,15,15,15,15
481093,1,1,0,0,0,0,0,0,0,0,0,0
481093,2,1,0,0,0,0,0,0,0,0,0,0
481094,1,1,0,0,0,0,0,0,0,0,0,0
481094,2,1,0,0,0,0,0,0,0,0,0,0
481095,1,1,0,0,0,0,0,0,0,0,0,0
481095,2,1,0,0,0,0,26,0,0,7,0,26
481096,1,1,0,12,0,0,0,0,9,20,0,0
481096,2,1,0,0,0,0,0,0,0,0,0,0
481097,0,1,0,0,0,0,0,23,32,0,26,0
481097,1,1,0,7,21,0,0,0,0,0,9,10
481098,1,1,0,0,0,0,0,16,0,0,10,0
481099,1,1,13,0,12,0,14,36,13,0,21,9
481100,1,1,29,0,0,0,0,0,0,0,0,0
481100,2,1,0,0,0,0,0,0,0,0,0,0
481101,1,1,0,0,0,14,0,0,0,0,0,0
481101,2,1,0,0,0,0,0,0,0,0,0,0
481102,0,1,0,29,0,0,0,14,28,9,5,2
481102,1,1,0,0,0,0,0,0,0,17,0,0
481103,1,1,0,0,0,0,0,0,0,0,0,0
481104,0,1,0,0,0,0,0,0,0,0,0,0
481104,1,1,0,15,13,13,0,0,29,29,0,0
481105,1,1,22,22,22,22,22,22,22,22,22,22
481106,1,1,0,0,0,0,0,0,0,2,0,0
481106,2,1,0,0,0,0,0,0,4,0,0,0
481107,0,1,19,28,0,0,0,13,0,0,0,0
481107,1,1,0,35,0,0,15,7,0,24,0,11
481108,0,1,0,0,0,0,0,0,0,0,0,0
481108,1,1,0,0,0,0,22,21,0,6,0,21
481109,1,1,9,9,9,9,9,9,9,9,9,9
481109,2,1,0,0,21,0,0,15,0,0,0,0
481110,1,1,0,0,0,0,0,0,0,0,0,0
481111,1,1,21,5,7,3,8,17,11,18,7,15
481111,2,1,0,0,8,18,18,0,0,0,0,0
481112,1,1,18,0,21,0,26,0,22,16,0,31
481112,2,1,8,0,0,9,0,0,10,0,0,0
481113,0,1,0,0,10,0,0,0,0,0,0,0
481113,1,1,0,0,0,0,0,0,0,0,0,10
481114,1,1,20,0,0,39,13,13,7,0,13,22
481114,2,1,10,0,0,0,5,0,0,0,16,0
481115,0,1,0,32,0,0,16,0,0,0,0,13
481115,0,2,0,0,0,0,0,0,0,0,0,0
481115,1,1,0,0,0,0,0,0,0,0,0,0
481115,2,1,0,0,0,0,0,0,25,0,0,0
481116,1,1,15,15,15,15,15,15,15,15,15,15
481116,2,1,26,0,0,0,0,0,0,6,0,11
481117,1,1,25,16,8,32,21,39,28,9,16,5