ST_CASE,VEH_NO,PER_NO,P1,P2,P3,P4,P5,P6,P7,P8,P9,P10
481117,2,1,22,22,22,22,22,22,22,22,22,22
481118,0,1,30,0,0,0,0,9,0,14,0,0
481118,1,1,0,20,0,0,0,0,0,6,0,0
481119,1,1,21,21,21,21,21,21,21,21,21,21
481120,0,1,0,0,0,0,0,0,0,9,0,0
481120,0,2,20,0,0,39,0,0,26,0,11,0
481120,0,3,0,0,0,34,0,0,0,20,0,0
481120,0,4,0,0,0,0,11,0,24,0,0,0
481120,0,5,0,0,0,0,0,0,0,0,39,0
481120,2,1,31,8,0,11,0,0,0,0,0,5
481120,3,1,0,8,17,6,22,0,0,0,6,8
481121,0,1,0,0,0,7,30,0,32,0,0,0
481121,1,1,20,0,14,29,27,0,14,14,13,0
481122,1,1,21,21,21,21,21,21,21,21,21,21
481123,1,1,0,0,0,13,0,0,0,0,20,0
481124,1,1,18,18,18,18,18,18,18,18,18,18
481124,2,1,0,0,38,32,9,23,21,18,0,0
481125,1,1,0,0,15,32,19,0,17,0,0,17
481126,0,1,0,0,0,8,0,0,14,0,0,0
481126,1,1,18,18,18,18,18,18,18,18,18,18
481127,0,1,13,13,13,13,13,13,13,13,13,13
481127,1,1,9,0,0,0,20,18,23,0,0,0
481127,2,1,0,12,11,0,0,0,9,0,0,0
481129,1,1,0,17,0,12,0,0,0,32,0,0
481130,1,1,0,0,0,0,0,14,0,0,0,0
481131,1,1,17,17,17,17,17,17,17,17,17,17
481132,0,1,16,16,16,16,16,16,16,16,16,16
481132,1,1,0,0,0,0,0,0,0,0,0,15
481133,1,1,11,22,31,35,0,0,0,0,0,32
481134,0,1,0,0,0,0,0,0,0,20,0,0
481134,0,2,24,0,9,0,24,0,36,21,0,19
481134,0,3,0,0,13,21,0,0,0,0,16,0
481134,0,4,0,0,0,0,0,0,0,0,0,0
481134,1,1,2,17,6,0,3,8,27,15,20,13
481135,1,1,3,3,3,3,3,3,3,3,3,3
481135,2,1,0,0,0,0,0,0,0,0,0,0
481136,1,1,15,0,6,0,0,0,0,23,14,8
481137,1,1,0,0,0,0,0,0,0,0,0,0
481138,0,1,23,26,11,0,0,0,0,0,0,0
481138,1,1,15,0,0,25,18,17,0,22,14,11
481139,0,1,0,0,0,0,0,0,0,27,0,10
481139,1,1,3,0,15,0,9,19,0,0,0,22
481140,1,1,0,18,25,0,19,25,0,0,0,0
481141,1,1,0,0,11,0,0,24,0,3,0,0
481142,1,1,0,25,0,0,0,0,0,0,0,0
481142,2,1,0,0,0,11,0,0,0,0,0,0
481143,1,1,13,0,26,7,14,11,0,0,0,0
481144,1,1,5,15,0,9,0,0,0,0,0,0
481144,2,1,0,12,0,4,0,0,0,12,0,18
481145,1,1,0,0,0,0,7,0,0,0,0,13
481145,2,1,0,0,7,0,0,3,0,0,0,0
481145,3,1,0,0,0,0,0,0,0,0,0,0
481146,1,1,11,11,11,11,11,11,11,11,11,11
481146,2,1,18,18,18,18,18,18,18,18,18,18
481147,1,1,0,0,0,0,0,0,0,0,0,0
481148,0,1,0,12,0,0,6,0,22,0,15,0
481148,1,1,0,0,0,0,0,0,0,0,16,21
481148,2,1,0,0,0,10,4,19,7,25,0,14
481149,1,1,0,0,14,0,0,0,0,0,0,10
481149,2,1,0,0,0,7,0,0,0,0,0,0
481149,3,1,0,0,0,0,0,0,0,0,0,0
481150,1,1,0,0,0,0,0,0,0,0,0,0
481150,2,1,0,0,0,0,0,0,0,0,0,0
481151,1,1,0,10,22,0,0,0,11,0,0,0
481151,2,1,0,0,31,0,0,0,0,0,17,0
481152,1,1,0,0,0,0,0,17,0,27,0,18
481153,1,1,21,21,21,21,21,21,21,21,21,21
481154,1,1,0,0,0,0,0,0,0,0,0,0
481154,2,1,0,0,0,0,0,22,0,0,0,0
481155,1,1,21,5,0,12,11,0,0,14,0,0
481156,0,1,0,0,18,0,0,0,0,31,0,0
481156,1,1,0,0,0,0,0,0,14,0,0,0
481157,1,1,9,10,0,13,16,0,0,0,9,12
481157,2,1,0,23,20,9,0,23,16,0,21,0
481158,1,1,0,0,0,0,0,0,0,0,0,0
481158,2,1,0,0,0,0,0,0,0,0,0,0
481159,0,1,0,0,0,0,0,0,0,0,0,0
481159,1,1,0,0,0,16,0,18,0,13,11,23
481160,1,1,0,0,0,0,11,0,16,20,0,0
481160,2,1,0,0,6,0,22,0,9,0,18,0
481160,3,1,0,0,18,13,0,0,0,0,0,0
481161,0,1,0,30,14,0,12,0,59,0,24,0
481161,1,1,0,12,0,0,0,0,0,0,0,0
481162,1,1,23,23,23,23,23,23,23,23,23,23
481164,1,1,0,0,7,0,21,17,0,20,0,0
481164,2,1,6,0,0,11,0,0,0,0,0,0
481165,1,1,0,0,0,0,0,0,0,0,0,0
481165,2,1,0,0,0,0,0,22,0,13,0,0
481166,1,1,10,10,10,10,10,10,10,10,10,10
481166,2,1,0,0,9,0,0,0,16,0,0,0
481167,1,1,0,19,0,19,0,0,0,12,7,0
481167,2,1,0,0,0,0,0,0,19,0,0,0
481167,3,1,0,0,0,0,0,0,0,0,0,0
481168,1,1,11,11,11,11,11,11,11,11,11,11
481169,1,1,0,7,0,0,0,0,0,0,0,0
481170,1,1,0,0,21,0,0,0,20,0,24,31
481171,0,1,0,0,0,23,0,0,0,0,0,0
481171,1,1,0,0,0,0,0,0,0,0,0,0
481172,0,1,0,0,0,0,0,0,0,0,0,0
481172,1,1,20,13,0,0,26,0,22,5,0,8
481173,1,1,21,26,0,5,0,11,0,13,0,0
481175,1,1,21,21,21,21,21,21,21,21,21,21
481175,2,1,0,0,5,0,0,0,0,0,0,0
481176,1,1,0,0,0,0,0,0,0,0,1,0
481177,1,1,0,0,0,0,0,0,0,0,0,0
481177,2,1,0,0,0,0,0,0,0,0,0,0
481178,1,1,24,16,12,11,27,12,6,5,23,12
481179,1,1,7,0,0,17,14,28,7,0,0,21
481179,2,1,0,0,24,0,0,0,0,0,0,0
481180,1,1,17,17,17,17,17,17,17,17,17,17
481181,1,1,15,15,15,15,15,15,15,15,15,15
481182,1,1,8,0,13,0,0,0,0,0,0,5
481182,2,1,0,0,18,18,0,0,0,17,5,0
481183,1,1,0,17,0,0,0,0,0,0,0,0
481183,2,1,0,0,8,0,0,0,21,0,19,0
481184,1,1,0,0,0,0,0,0,0,0,0,0
481184,2,1,0,0,0,0,19,7,0,0,0,0
481185,1,1,27,27,27,27,27,27,27,27,27,27
481185,2,1,0,0,0,0,0,0,21,0,0,0
481186,0,1,0,0,0,0,0,0,0,0,0,0
481186,1,1,0,0,13,0,0,0,0,0,0,0
481187,1,1,0,0,0,0,0,0,0,0,0,0
481187,2,1,24,24,24,24,24,24,24,24,24,24
481188,1,1,0,0,0,0,0,0,0,0,0,0
481189,1,1,23,23,23,23,23,23,23,23,23,23
481190,1,1,12,12,12,12,12,12,12,12,12,12
481190,2,1,0,0,0,0,0,0,0,0,0,10
481191,1,1,17,30,20,0,17,20,13,28,14,6
481192,0,1,0,17,0,0,0,14,7,0,0,0
481192,1,1,0,10,0,0,15,0,0,18,0,29
481193,0,1,16,16,16,16,16,16,16,16,16,16
481193,1,1,11,11,11,11,11,11,11,11,11,11
481194,0,1,0,0,0,0,0,0,0,0,0,0
481194,1,1,0,0,18,0,23,29,0,12,14,0
481195,1,1,0,0,0,0,0,0,0,0,0,0
481196,1,1,0,0,0,0,0,0,0,0,17,0
481197,1,1,14,10,31,0,0,0,0,0,0,14
481197,2,1,0,0,0,0,0,0,0,0,0,0
481197,3,1,0,9,0,16,0,0,14,0,0,22
481198,0,1,0,0,26,0,0,0,0,20,0,0
481198,1,1,0,0,0,0,0,0,0,0,0,0
481199,1,1,16,16,16,16,16,16,16,16,16,16
481200,1,1,0,0,0,0,0,0,0,0,0,0
481201,1,1,0,0,15,0,0,0,0,21,0,33
481202,1,1,26,26,16,11,42,13,17,9,13,18
481202,2,1,0,0,11,0,0,0,0,0,0,7
481203,1,1,0,0,0,0,0,0,0,0,0,0
481203,2,1,0,28,0,0,0,0,0,0,0,13
481204,1,1,0,0,14,0,0,0,9,8,0,0
481204,2,1,0,0,8,0,0,0,0,0,0,0
481205,1,1,29,29,29,29,29,29,29,29,29,29
481205,2,1,0,0,0,0,0,0,0,0,0,0
481206,1,1,28,28,28,28,28,28,28,28,28,28
481207,1,1,0,0,0,0,8,0,0,0,0,0
481207,2,1,0,0,0,0,0,14,5,0,0,0
481208,1,1,0,0,0,0,0,23,0,0,0,0
481208,2,1,0,0,0,0,0,0,0,20,0,0
481209,1,1,0,0,0,8,0,0,0,0,0,0
481209,2,1,0,0,16,0,0,0,0,0,0,0
481210,1,1,8,8,8,8,8,8,8,8,8,8
481210,2,1,0,0,15,3,6,16,0,13,0,0
481211,1,1,0,0,0,13,11,30,0,10,22,16
481212,1,1,18,18,18,18,18,18,18,18,18,18
481212,2,1,0,0,0,0,0,0,0,0,0,0
481213,1,1,16,16,16,16,16,16,16,16,16,16
481214,1,1,0,0,0,0,0,0,0,0,0,0
481214,2,1,0,0,0,0,0,9,0,0,10,0
481214,3,1,0,0,12,8,0,3,0,0,0,0
481215,1,1,0,0,0,0,0,0,0,0,0,0
481215,2,1,0,31,0,0,0,0,0,0,0,0
481216,0,1,0,0,0,0,0,0,0,0,0,0
481216,0,2,0,0,0,0,0,0,0,0,0,0
481216,1,1,3,12,0,0,0,11,0,0,14,10
481217,1,1,0,2,25,0,17,0,8,28,13,0
481218,1,1,18,20,31,26,18,11,12,13,24,15
481220,1,1,0,0,0,0,0,0,0,0,0,0
481221,1,1,6,0,0,0,6,14,0,0,0,19
481221,2,1,10,33,0,12,0,13,0,17,10,8
481221,3,1,26,15,24,12,0,0,0,16,14,0
481222,1,1,0,0,0,0,0,0,0,0,0,0
481222,2,1,0,0,0,25,0,0,12,0,11,17
481223,1,1,16,16,16,16,16,16,16,16,16,16
481223,2,1,20,0,0,0,0,0,6,14,0,0
481224,1,1,0,0,0,0,0,0,0,0,0,0
481224,2,1,0,0,0,0,0,0,0,0,0,0
481225,1,1,0,0,0,0,0,0,0,12,0,0
481226,0,1,26,26,26,26,26,26,26,26,26,26
481226,1,1,0,0,0,0,0,5,0,0,0,0
481226,4,1,0,0,0,0,13,18,0,0,0,0
481227,1,1,0,0,0,0,15,0,0,0,0,4
481228,1,1,0,0,0,0,0,0,33,2,0,0
481228,2,1,0,0,0,0,0,0,0,0,0,0
481228,3,1,0,0,0,0,0,0,0,14,19,0
481229,1,1,15,0,0,0,0,0,16,0,0,0
481230,1,1,20,20,20,20,20,20,20,20,20,20
481230,2,1,0,10,10,12,0,0,4,0,13,16
481231,0,1,1,1,1,1,1,1,1,1,1,1
481231,1,1,14,18,0,2,0,23,12,8,11,0
481232,0,1,52,31,14,0,0,26,0,0,0,0
481232,1,1,14,10,14,14,0,6,0,0,0,0
481233,1,1,0,0,0,0,0,0,0,0,0,0
481234,1,1,13,0,5,0,0,0,0,6,0,0
481234,2,1,0,9,0,0,0,0,7,0,9,0
481235,1,1,0,0,0,0,4,0,0,6,0,0
481235,2,1,0,0,0,34,25,0,22,0,0,0
481236,1,1,0,0,0,2,0,0,0,0,0,0
481236,2,1,0,12,0,0,0,0,0,0,0,0
481237,1,1,6,19,0,0,8,0,0,37,0,0
481238,1,1,0,12,0,3,0,0,21,0,0,14
481240,1,1,0,0,0,0,25,0,9,18,0,0
481240,2,1,0,11,0,0,0,0,28,0,0,13
481241,1,1,30,30,30,30,30,30,30,30,30,30
481242,1,1,34,34,34,34,34,34,34,34,34,34
481243,1,1,23,23,23,23,23,23,23,23,23,23
481243,2,1,0,0,0,0,0,0,0,0,0,0
481244,1,1,29,29,29,29,29,29,29,29,29,29
481245,1,1,0,25,14,0,15,0,23,0,0,21
481246,1,1,0,10,29,5,8,4,0,0,7,0
481247,1,1,0,0,0,0,0,0,0,0,0,9
481247,2,1,0,0,0,0,0,20,0,0,0,0
481248,1,1,24,22,0,0,17,0,0,10,0,11
481249,1,1,18,0,26,0,0,15,20,0,0,0
481250,0,1,0,0,27,0,0,0,5,0,0,18
481250,1,1,0,0,0,0,0,0,0,0,0,0
481251,0,1,0,0,0,0,0,0,0,0,0,0
481251,1,1,0,4,0,0,0,19,0,0,0,0
481252,1,1,0,0,0,0,0,0,0,16,18,0
481252,2,1,0,0,5,0,0,0,0,0,0,0
481253,1,1,0,7,0,0,0,0,0,0,17,0
481254,0,1,4,4,4,4,4,4,4,4,4,4
481254,1,1,13,5,0,20,12,15,6,12,0,0
481255,1,1,11,10,46,0,0,10,0,12,0,24
481256,1,1,17,17,17,17,17,17,17,17,17,17
481257,0,1,3,3,3,3,3,3,3,3,3,3
481257,1,1,0,6,10,0,8,10,11,0,23,13
481258,1,1,11,11,11,11,11,11,11,11,11,11
481259,1,1,0,0,0,0,0,0,0,0,0,0
481260,1,1,0,0,0,0,0,0,0,0,0,0
481260,2,1,0,0,0,0,0,0,0,0,0,0
481260,3,1,0,0,0,0,0,0,0,0,0,0
481261,1,1,0,0,0,0,0,0,0,0,0,0
481261,2,1,0,0,15,0,0,0,14,0,0,10
481261,3,1,6,0,0,24,0,0,0,0,0,0
481261,4,1,0,0,0,23,0,0,0,0,0,0
481261,5,1,0,0,0,0,0,0,0,0,0,0
481261,6,1,0,0,0,0,0,4,0,0,0,9
481261,7,1,0,6,15,0,0,0,0,0,0,0
481261,8,1,0,0,0,4,0,0,0,0,0,0
481261,9,1,4,11,11,0,0,20,0,0,0,0
481262,1,1,0,0,0,0,0,0,10,15,0,0
481262,2,1,13,0,0,0,11,0,17,17,0,0
481263,1,1,0,0,0,0,0,0,0,0,0,0
481263,2,1,0,0,0,0,0,0,0,0,0,0
481264,1,1,0,0,0,0,0,0,0,0,0,0
481264,2,1,7,13,10,9,25,24,22,15,19,10
481264,3,1,0,0,0,0,0,0,0,0,0,0
481265,1,1,0,0,0,0,0,0,0,0,0,0
481266,1,1,17,17,17,17,17,17,17,17,17,17
481266,2,1,0,5,0,0,0,0,0,0,0,0
481267,1,1,0,0,0,0,0,0,0,0,0,0
481267,2,1,0,0,0,0,8,15,14,0,20,0
481268,0,1,0,0,0,0,0,0,0,0,0,16
481268,1,1,18,0,0,16,0,0,0,0,0,0
481269,1,1,0,0,0,8,0,0,0,11,0,0
481269,2,1,0,0,0,0,0,0,0,0,0,0
481270,1,1,0,0,0,0,0,0,0,0,0,0
481271,1,1,0,0,0,0,0,0,0,0,0,0
481272,1,1,19,19,19,19,19,19,19,19,19,19
481273,0,1,23,23,23,23,23,23,23,23,23,23
481273,1,1,0,19,5,9,0,17,0,14,10,18
481274,1,1,0,0,3,0,0,0,0,0,0,0
481274,2,1,18,18,18,18,18,18,18,18,18,18
481275,1,1,0,6,0,0,0,0,0,0,0,0
481275,2,1,0,0,0,0,0,0,0,0,0,0
481275,3,1,11,0,0,0,26,0,0,18,0,11
481277,1,1,0,0,26,0,18,0,0,0,27,30
481278,0,1,30,30,30,30,30,30,30,30,30,30
481278,1,1,8,8,8,8,8,8,8,8,8,8
481279,0,1,0,0,0,0,0,0,20,0,0,7
481279,1,1,0,0,0,0,0,0,0,8,0,0
481280,1,1,0,0,0,0,0,0,0,0,0,0
481280,2,1,0,0,0,0,0,0,0,0,7,0
481281,1,1,0,17,19,13,0,39,0,0,23,0
481281,2,1,15,0,0,28,18,0,0,0,9,0
481282,1,1,14,0,0,0,0,0,0,0,13,0
481282,2,1,8,0,8,0,0,5,0,0,0,0
481283,1,1,0,0,0,0,0,36,0,25,0,0
481283,2,1,0,0,0,0,0,0,0,0,4,0
481284,1,1,0,19,0,12,0,0,0,0,0,19
481285,1,1,19,0,0,0,0,0,0,15,0,0
481285,2,1,22,22,22,22,22,22,22,22,22,22
481286,0,1,29,29,29,29,29,29,29,29,29,29
481286,1,1,0,0,0,0,0,0,0,0,24,0
481287,0,1,14,14,14,14,14,14,14,14,14,14
481287,0,2,0,0,0,8,0,0,20,19,0,19
481287,1,1,0,16,0,0,0,0,0,27,0,0
481288,0,1,0,0,0,0,0,0,0,0,0,0
481288,1,1,0,0,9,0,0,0,0,0,0,12
481289,0,1,0,0,10,0,18,0,0,0,15,0
481289,1,1,20,0,0,25,14,0,0,13,0,0
481290,1,1,7,31,0,14,0,13,0,19,24,24
481291,0,1,0,0,0,0,0,0,6,0,0,0
481291,1,1,0,0,0,0,0,16,0,0,0,0
481292,1,1,19,19,19,19,19,19,19,19,19,19
481292,2,1,12,0,0,14,0,0,0,0,0,0
481293,0,1,0,0,0,0,0,0,0,0,0,0
481293,1,1,0,0,0,0,0,0,0,0,0,14
481294,0,1,0,0,0,0,0,0,0,0,0,0
481294,1,1,0,0,0,0,0,0,0,0,0,0
481295,1,1,9,3,22,17,20,5,14,18,22,14
481295,2,1,0,0,0,0,0,0,0,0,0,0
481296,1,1,0,33,0,0,0,0,0,0,0,0
481296,2,1,0,0,0,0,0,0,0,0,0,0
481297,0,1,0,0,0,0,0,0,0,0,0,0
481297,1,1,27,20,0,0,14,6,12,0,0,8
481298,1,1,0,0,0,0,20,0,34,0,0,0
481298,2,1,0,0,0,23,0,0,0,0,0,0
481298,3,1,0,0,0,0,0,0,0,0,0,10
481298,4,1,0,0,9,0,0,0,0,0,0,0
481298,5,1,5,0,0,10,0,29,0,0,0,0
481299,1,1,0,5,0,0,14,0,13,28,0,12
481299,3,1,0,0,0,0,0,5,0,0,0,0
481300,1,1,0,0,0,0,0,0,0,0,0,0
481300,2,1,25,17,33,0,43,18,0,0,0,16
481300,3,1,0,0,0,0,0,18,37,0,0,0
481301,1,1,0,0,4,0,0,0,0,0,0,0
481301,2,1,11,11,11,11,11,11,11,11,11,11
481302,1,1,13,41,32,14,22,24,20,10,10,7
481303,1,1,28,28,28,28,28,28,28,28,28,28
481304,1,1,14,18,24,14,24,6,15,21,29,21
481305,1,1,0,0,0,0,0,0,0,15,0,0
481305,2,1,0,0,0,0,0,0,0,0,0,0
481306,1,1,31,31,31,31,31,31,31,31,31,31
481306,2,1,0,0,0,0,0,0,0,0,0,0
481307,1,1,0,0,0,0,0,0,0,0,0,0
481307,2,1,0,0,0,4,0,0,0,0,0,0
481308,1,1,15,0,31,0,0,0,0,0,0,0
481308,2,1,0,0,7,0,0,0,14,0,0,10
481309,1,1,12,19,10,8,0,10,15,17,16,0
481310,1,1,10,5,9,34,11,0,0,0,21,0
481311,0,1,0,0,0,0,0,0,0,0,0,0
481311,1,1,16,16,16,16,16,16,16,16,16,16
481313,1,1,0,0,0,0,19,0,0,0,0,0
481313,2,1,0,0,0,22,0,0,14,0,0,0
481314,1,1,0,6,0,12,0,0,0,4,0,4
481314,2,1,0,30,25,0,15,30,0,16,17,0
481315,1,1,0,0,0,0,0,0,0,0,0,0
481316,1,1,20,0,0,0,0,17,0,5,0,16
481316,2,1,0,28,28,0,0,0,11,0,0,0
481316,3,1,0,21,0,24,17,0,0,0,0,20
481317,0,1,0,0,0,0,0,0,0,0,0,0
481317,1,1,0,0,0,0,0,0,0,0,12,0
481318,0,1,0,28,0,0,17,0,21,0,0,0
481318,1,1,0,4,0,16,9,0,0,3,0,18
481319,1,1,20,20,20,20,20,20,20,20,20,20
481320,1,1,23,23,23,23,23,23,23,23,23,23
481320,2,1,0,0,0,0,10,0,0,0,0,15
481321,0,1,9,9,9,9,9,9,9,9,9,9
481321,1,1,5,14,0,22,0,0,37,0,0,0
481321,2,1,33,0,19,14,0,0,0,0,0,18
481321,3,1,14,0,0,0,0,0,0,13,19,0
481322,1,1,0,0,3,0,0,0,0,0,0,0
481322,2,1,0,0,0,0,0,0,0,0,0,0
481323,1,1,0,0,0,15,0,0,0,0,8,0
481323,2,1,30,0,0,0,0,0,11,0,0,14
481324,1,1,10,0,0,0,28,18,0,0,0,0
481325,1,1,0,0,32,0,13,0,0,0,20,0
481326,1,1,19,0,0,0,0,0,0,0,0,0
481327,1,1,14,13,0,0,15,0,0,0,23,0
481328,1,1,29,0,0,6,0,27,0,14,16,0
481329,1,1,0,0,0,0,0,0,0,35,0,0
481330,0,1,0,0,0,0,28,0,38,68,0,0
481330,1,1,0,0,0,5,21,0,0,0,0,0
481330,3,1,0,0,0,5,0,0,0,0,0,0
481331,1,1,0,0,0,0,0,0,0,0,0,0
481331,2,1,13,0,11,0,0,0,25,0,8,17
481332,1,1,0,0,0,0,0,0,0,0,0,0
481332,2,1,8,0,0,16,0,5,0,0,0,0
481333,0,1,2,2,2,2,2,2,2,2,2,2
481333,1,1,6,24,0,0,3,0,26,6,22,0
481334,0,1,16,16,16,16,16,16,16,16,16,16
481334,1,1,0,28,31,0,31,29,0,17,10,27
481334,2,1,0,3,0,0,0,0,0,13,0,0
481335,0,1,0,0,0,0,0,0,0,0,0,0
481335,1,1,0,0,0,0,0,0,0,0,0,14
481336,1,1,24,0,12,0,18,20,42,21,18,0
481337,1,1,8,8,8,8,8,8,8,8,8,8
481338,1,1,7,8,22,8,26,3,22,17,20,6
481338,2,1,10,0,0,9,0,5,0,0,0,14
481339,0,1,0,0,0,0,0,5,0,0,12,0
481339,1,1,7,0,12,0,0,8,11,0,0,0
481340,1,1,17,17,17,17,17,17,17,17,17,17
481341,1,1,0,0,0,0,0,0,0,0,0,0
481341,2,1,0,0,0,0,0,0,0,0,0,0
481342,0,1,0,0,0,0,0,0,0,0,0,0
481342,1,1,0,17,14,10,25,8,26,11,32,22
481343,1,1,0,0,0,0,0,0,0,0,0,0
481343,2,1,0,0,0,5,0,0,0,0,0,0
481344,0,1,0,0,0,0,10,0,11,21,7,0
481344,1,1,0,0,0,0,0,0,0,0,0,0
481345,1,1,7,0,18,0,21,12,13,0,0,17
481347,1,1,0,0,0,0,0,0,0,0,0,0
481347,2,1,0,0,0,0,0,0,0,0,0,0
481348,0,1,0,0,0,0,0,0,0,0,0,0
481348,1,1,0,0,0,0,0,14,0,0,0,0
481349,1,1,0,0,6,18,0,0,25,0,17,0
481349,2,1,19,0,12,0,0,9,37,8,16,0
481350,1,1,4,4,4,4,4,4,4,4,4,4
481351,1,1,31,31,31,31,31,31,31,31,31,31
481352,0,1,0,0,0,0,0,0,0,0,0,0
481352,1,1,0,0,0,16,0,0,24,12,0,10
481353,1,1,5,5,5,5,5,5,5,5,5,5
481354,1,1,0,0,0,0,0,0,0,0,0,0
481354,2,1,0,0,0,17,11,0,0,0,0,0
481355,1,1,0,0,0,0,22,22,0,0,0,0
481355,2,1,0,0,0,0,0,0,25,0,0,0
481355,3,1,0,0,0,16,0,0,0,0,0,0
481355,4,1,0,0,0,0,0,0,0,0,14,0
481356,0,1,0,35,23,0,0,10,27,0,14,0
481356,1,1,0,0,13,0,5,19,0,0,0,0
481356,2,1,0,11,0,0,0,13,29,14,0,4
481357,1,1,23,23,23,23,23,23,23,23,23,23
481358,0,1,15,0,0,0,25,14,0,0,21,22
481358,1,1,0,26,0,0,0,9,0,0,0,0
481359,0,1,21,21,21,21,21,21,21,21,21,21
481359,1,1,0,0,0,0,15,0,0,0,0,0
481360,1,1,0,0,10,0,0,15,7,27,0,0
481360,2,1,0,0,0,0,0,0,0,0,0,0
481361,1,1,12,0,12,4,5,12,0,0,18,18
481362,1,1,0,6,0,10,0,0,0,9,0,0
481362,2,1,0,0,0,0,0,0,0,0,0,0
481363,1,1,0,0,0,0,0,0,0,0,0,0
481363,2,1,7,0,0,0,0,0,0,9,0,22
481364,1,1,0,0,0,0,0,0,0,0,0,0
481364,2,1,0,0,0,0,0,0,0,0,6,0
481365,1,1,19,19,19,19,19,19,19,19,19,19
481365,2,1,0,0,0,0,0,0,0,0,0,0
481366,1,1,0,0,24,0,0,8,25,0,27,23
481367,0,1,0,0,0,0,0,0,0,0,0,0
481367,1,1,0,0,0,0,26,0,0,0,0,0
481368,0,1,15,15,15,15,15,15,15,15,15,15
481368,1,1,11,0,0,11,0,0,5,3,7,26
481369,1,1,0,0,0,0,0,0,0,0,0,0
481370,0,1,39,0,0,0,29,0,0,0,0,0
481370,1,1,0,0,0,0,0,0,0,0,0,0
481371,1,1,25,25,25,25,25,25,25,25,25,25
481372,1,1,13,0,0,0,0,0,43,23,49,20
481373,1,1,0,0,0,0,0,0,0,20,15,20
481373,2,1,0,0,0,0,0,0,0,0,9,0
481374,1,1,0,7,0,0,30,0,0,16,0,0
481374,2,1,0,0,0,0,0,19,15,19,10,0
481375,1,1,0,0,0,0,0,0,0,0,0,0
481375,2,1,0,0,0,0,0,0,0,0,0,0
481375,3,1,17,0,0,0,0,0,0,7,0,0
481376,1,1,0,0,22,0,0,0,0,0,0,0
481376,2,1,0,3,0,0,0,0,0,0,0,0
481377,1,1,0,0,0,0,0,0,0,0,0,0
481377,2,1,0,0,0,0,0,15,0,0,0,0
481377,3,1,0,0,0,0,0,0,3,0,0,0
481378,1,1,0,0,0,0,0,0,0,0,0,0
481378,2,1,0,0,0,0,0,0,0,14,0,0
481379,1,1,0,0,0,0,0,7,0,18,0,15
481379,2,1,14,0,0,18,0,0,0,0,0,7
481379,3,1,0,0,0,0,0,0,0,0,0,0
481379,4,1,0,0,0,0,0,4,0,0,0,3
481380,1,1,0,0,0,0,0,0,0,15,0,0
481380,2,1,0,0,0,0,0,0,0,0,0,0
481381,1,1,0,0,0,9,0,0,0,8,0,0
481381,2,1,28,28,28,28,28,28,28,28,28,28
481382,1,1,0,0,0,0,0,0,0,0,0,0
481383,1,1,0,0,0,0,0,0,0,0,0,0
481383,2,1,0,0,0,0,0,0,0,0,0,0
481384,1,1,0,0,0,0,0,0,0,0,17,0
481384,2,1,0,0,0,0,0,0,0,0,0,0
481385,1,1,30,0,13,21,0,0,23,0,19,0
481386,1,1,17,8,0,0,0,0,0,0,0,0
481387,1,1,0,0,0,0,0,0,0,0,0,0
481387,2,1,0,8,0,21,0,0,0,0,0,3
481388,1,1,0,0,0,0,0,0,0,0,0,0
481388,2,1,0,0,0,4,0,0,0,0,0,0
481389,1,1,21,0,0,0,0,15,3,17,0,0
481390,1,1,17,17,17,17,17,17,17,17,17,17
481391,1,1,0,0,0,0,0,0,0,0,0,0
481391,2,1,0,0,0,0,0,0,0,0,0,0
481391,3,1,0,0,0,0,0,0,22,0,0,0
481392,1,1,0,0,0,0,0,0,0,0,0,0
481393,0,1,20,0,0,44,6,0,0,18,0,0
481393,1,1,0,0,10,15,7,6,0,0,3,0
481395,0,1,24,24,24,24,24,24,24,24,24,24
481395,1,1,0,0,0,0,0,0,0,0,0,1
481396,1,1,37,37,37,37,37,37,37,37,37,37
481396,2,1,0,0,0,0,0,0,0,0,0,0
481396,3,1,21,0,0,0,0,19,0,15,0,0
481397,1,1,0,0,0,0,0,0,0,0,0,0
481398,1,1,0,0,0,0,0,0,0,0,0,0
481399,1,1,0,13,0,0,0,0,0,0,7,0
481400,1,1,0,0,0,0,0,0,15,11,0,0
481400,2,1,21,0,0,0,0,0,35,0,0,0
481401,1,1,17,17,17,17,17,17,17,17,17,17