ST_CASE,VEH_NO,PER_NO,P1,P2,P3,P4,P5,P6,P7,P8,P9,P10
481402,0,1,0,0,0,0,0,0,0,0,0,0
481402,0,2,0,21,0,0,0,0,0,0,0,0
481402,1,1,0,0,0,0,0,0,6,0,26,3
481403,1,1,0,0,0,0,0,0,0,0,0,0
481403,2,1,21,0,0,0,0,0,0,0,0,0
481404,1,1,18,0,20,15,0,0,0,0,0,0
481405,1,1,2,15,0,6,0,0,0,0,0,0
481406,0,1,8,8,8,8,8,8,8,8,8,8
481406,1,1,0,16,23,0,20,0,0,10,0,0
481407,0,1,0,0,0,0,0,0,0,0,0,0
481407,1,1,0,4,0,0,0,0,9,3,0,6
481408,1,1,0,0,0,0,0,0,0,0,0,0
481409,0,1,0,0,0,0,0,0,0,0,0,0
481409,1,1,18,4,8,0,16,0,21,7,17,4
481410,1,1,21,10,0,30,23,0,13,0,26,0
481411,1,1,0,0,23,0,0,0,19,0,32,0
481412,1,1,33,33,33,33,33,33,33,33,33,33
481413,0,1,2,2,2,2,2,2,2,2,2,2
481413,1,1,10,0,0,12,0,0,0,0,0,0
481414,1,1,21,21,21,21,21,21,21,21,21,21
481415,0,1,25,25,25,25,25,25,25,25,25,25
481415,1,1,9,0,0,0,0,0,0,0,0,0
481416,1,1,0,0,0,0,0,0,7,0,0,0
481416,2,1,0,0,0,0,0,0,0,0,0,0
481417,1,1,19,19,19,19,19,19,19,19,19,19
481418,1,1,15,15,15,15,15,15,15,15,15,15
481419,1,1,0,0,16,0,0,9,13,31,7,0
481419,2,1,0,17,0,4,0,0,8,0,0,12
481420,0,1,15,15,15,15,15,15,15,15,15,15
481420,1,1,0,15,0,0,17,0,0,0,0,0
481422,0,1,16,16,16,16,16,16,16,16,16,16
481422,1,1,6,13,31,0,7,10,12,8,0,0
481423,1,1,0,0,0,0,0,0,0,0,0,0
481423,2,1,0,0,0,0,0,0,0,0,0,0
481423,3,1,0,0,0,0,0,0,0,0,0,0
481424,0,1,4,4,4,4,4,4,4,4,4,4
481424,1,1,8,0,23,12,27,18,0,19,20,8
481425,1,1,0,16,6,6,15,0,0,13,16,0
481425,2,1,17,14,0,17,0,15,0,0,0,9
481426,1,1,0,0,0,0,0,0,11,0,0,0
481426,2,1,0,0,0,0,0,7,0,0,0,0
481427,1,1,0,0,22,0,33,0,0,0,0,0
481428,1,1,7,27,37,18,0,15,20,0,11,14
481429,1,1,23,17,22,24,14,19,23,22,31,25
481429,2,1,3,0,0,10,0,10,0,0,0,0
481430,1,1,0,0,0,0,0,0,0,0,0,0
481430,2,1,0,0,0,0,28,0,0,0,0,24
481431,1,1,0,9,0,0,0,18,20,0,0,0
481432,1,1,12,12,12,12,12,12,12,12,12,12
481432,2,1,0,16,12,0,0,0,0,0,5,18
481433,1,1,0,26,0,0,0,0,0,0,0,0
481433,2,1,0,0,6,0,10,4,3,0,18,0
481434,1,1,19,29,17,3,9,16,5,28,12,18
481434,2,1,15,0,10,0,0,0,11,0,0,0
481434,3,1,0,11,0,0,0,22,0,0,0,0
481434,4,1,14,0,0,6,0,9,0,0,0,0
481434,5,1,7,0,0,0,20,8,0,9,7,23
481435,1,1,0,17,9,0,0,13,25,9,33,21
481435,2,1,0,0,0,15,0,0,0,43,0,0
481437,1,1,0,0,3,27,6,0,4,0,0,0
481437,2,1,15,23,0,0,0,8,16,10,9,0
481438,1,1,0,0,0,0,0,0,0,0,0,0
481438,2,1,11,0,0,30,10,19,6,0,6,0
481439,1,1,0,21,22,0,0,22,28,0,12,0
481440,1,1,0,0,0,0,0,0,0,0,0,0
481441,0,1,36,36,36,36,36,36,36,36,36,36
481441,1,1,21,33,21,29,19,12,13,18,0,8
481442,2,1,22,14,0,0,27,5,16,0,0,17
481442,3,1,0,0,0,0,0,0,0,0,0,0
481443,1,1,0,0,0,0,0,0,0,26,0,0
481443,2,1,0,0,0,19,0,0,0,0,16,0
481444,1,1,0,0,0,0,0,0,0,0,0,0
481444,2,1,0,0,0,0,0,0,0,0,22,0
481445,1,1,15,0,18,11,28,35,14,28,4,27
481445,2,1,34,0,0,0,16,13,0,0,26,16
481447,1,1,25,10,0,0,0,0,0,0,0,0
481448,1,1,22,22,22,22,22,22,22,22,22,22
481450,1,1,0,0,8,7,0,0,0,0,0,0
481450,2,1,0,0,0,0,0,0,0,0,0,18
481450,3,1,0,17,25,13,35,6,7,0,36,0
481451,1,1,0,0,0,0,0,0,0,0,0,0
481451,2,1,0,0,29,0,0,0,0,0,11,0
481451,3,1,0,0,0,0,0,0,0,35,0,0
481452,1,1,17,0,0,0,0,0,0,0,0,0
481453,1,1,9,0,0,8,0,10,20,4,0,0
481454,1,1,0,0,18,13,0,23,0,0,0,20
481455,1,1,8,8,8,8,8,8,8,8,8,8
481456,1,1,0,0,0,0,0,9,0,15,0,0
481457,1,1,13,12,17,16,13,25,12,27,5,11
481458,1,1,0,0,0,0,0,0,0,0,0,0
481458,2,1,0,0,0,0,0,0,0,0,0,0
481459,1,1,0,0,0,0,0,0,0,0,0,0
481459,2,1,0,0,0,0,0,10,23,13,7,0
481460,1,1,0,33,0,0,0,24,0,25,17,0
481460,2,1,0,0,21,0,0,0,0,0,0,0
481461,1,1,8,8,8,8,8,8,8,8,8,8
481462,1,1,19,0,0,0,0,0,9,0,15,0
481462,2,1,0,0,0,0,0,0,0,19,0,0
481463,1,1,15,22,29,2,8,41,18,2,30,21
481464,1,1,0,0,0,0,0,0,0,0,0,0
481464,2,1,0,0,0,0,0,0,0,0,0,0
481465,1,1,0,0,0,9,0,0,0,23,0,0
481465,2,1,0,19,7,0,4,0,33,20,0,14
481466,0,1,0,0,0,0,0,0,0,4,0,0
481466,1,1,0,21,0,0,0,0,0,0,0,0
481467,1,1,15,15,15,15,15,15,15,15,15,15
481468,1,1,4,35,17,15,6,13,12,22,23,14
481469,1,1,28,0,0,0,0,0,0,19,0,21
481470,1,1,0,0,0,0,0,0,0,0,0,0
481471,0,1,0,0,0,19,0,32,0,2,25,12
481471,1,1,5,15,9,6,19,0,9,0,0,0
481472,1,1,0,0,0,0,0,0,0,0,0,0
481472,2,1,0,0,0,0,0,0,0,0,0,0
481473,0,1,0,0,0,0,0,0,0,0,0,0
481473,1,1,0,18,0,0,0,0,0,0,23,4
481473,2,1,0,0,0,0,0,0,0,0,0,0
481474,0,1,21,0,0,0,25,0,0,0,0,0
481474,1,1,0,0,0,0,0,14,0,0,0,0
481475,0,1,12,12,12,12,12,12,12,12,12,12
481475,1,1,0,8,4,0,17,13,16,7,15,8
481476,0,1,13,13,13,13,13,13,13,13,13,13
481476,1,1,8,5,0,26,20,0,0,0,10,0
481477,0,1,0,7,29,36,0,0,0,0,0,0
481477,1,1,0,0,0,0,0,0,0,0,0,0
481478,1,1,0,19,0,9,16,26,0,17,0,24
481479,1,1,0,27,11,0,0,0,0,0,3,3
481479,2,1,3,3,3,3,3,3,3,3,3,3
481480,1,1,13,10,0,16,10,0,16,0,0,0
481480,2,1,0,0,0,0,0,0,0,0,0,0
481481,1,1,0,0,0,0,0,0,0,0,0,0
481481,2,1,0,0,0,0,0,0,18,0,0,0
481482,2,1,23,37,0,0,7,27,0,10,18,0
481483,1,1,0,0,0,0,0,0,0,0,0,0
481483,2,1,0,24,15,27,20,18,0,14,0,0
481484,0,1,0,0,0,0,0,0,0,30,13,0
481484,1,1,15,27,0,0,12,0,0,16,19,26
481485,1,1,0,0,0,21,0,0,0,0,0,0
481486,0,1,0,0,0,0,0,0,0,0,0,0
481486,1,1,0,0,0,0,0,0,0,0,0,0
481487,1,1,0,29,0,0,0,0,0,0,0,8
481487,2,1,0,15,0,0,0,0,34,0,0,0
481488,0,1,0,0,0,0,0,0,0,0,0,0
481488,1,1,0,0,0,0,0,0,9,0,10,41
481489,1,1,0,0,0,0,0,0,0,0,0,0
481489,2,1,0,0,11,0,0,0,0,0,0,0
481490,1,1,27,20,0,0,0,28,0,0,0,0
481490,2,1,0,0,0,0,0,0,0,0,0,0
481491,1,1,3,3,3,3,3,3,3,3,3,3
481491,2,1,0,0,0,0,0,0,0,0,0,0
481492,0,1,0,0,0,0,0,0,0,0,0,0
481492,1,1,27,0,0,0,15,0,17,0,0,0
481493,1,1,0,0,0,0,0,0,11,0,14,0
481493,2,1,10,32,0,0,0,0,0,15,12,0
481494,1,1,0,0,0,0,0,0,0,0,0,0
481494,2,1,0,4,0,0,0,0,0,0,0,0
481494,3,1,0,0,0,0,0,0,0,0,0,0
481495,1,1,4,0,11,18,0,0,0,0,10,0
481495,2,1,0,0,0,0,0,0,0,0,0,0
481496,1,1,0,0,0,0,0,0,0,0,0,0
481496,2,1,0,0,0,0,0,0,0,0,0,0
481497,1,1,0,27,0,0,0,18,0,0,0,0
481497,2,1,24,24,24,24,24,24,24,24,24,24
481498,1,1,0,12,0,0,0,0,0,19,0,0
481498,2,1,0,0,0,5,0,0,0,0,0,10
481499,1,1,6,11,0,18,0,0,0,0,0,0
481499,2,1,0,0,0,5,0,0,0,0,6,14
481500,1,1,0,0,0,0,0,0,0,0,0,0
481500,2,1,0,0,0,0,0,0,0,0,0,0
481501,1,1,11,16,0,0,0,0,0,0,0,0
481501,2,1,0,0,0,0,0,0,33,25,0,0
481502,1,1,0,0,0,0,0,0,0,0,0,0
481503,1,1,30,0,0,0,0,0,0,0,0,0
481503,2,1,0,0,0,0,0,0,10,0,0,0
481504,1,1,25,25,25,25,25,25,25,25,25,25
481505,1,1,9,29,0,0,0,0,0,0,0,0
481505,2,1,0,21,0,0,16,0,0,0,7,0
481506,1,1,0,0,0,0,0,0,0,0,11,0
481506,2,1,0,24,11,0,0,0,23,0,0,27
481507,1,1,20,20,20,20,20,20,20,20,20,20
481508,1,1,12,17,0,0,13,26,0,0,18,0
481508,2,1,0,0,0,0,0,0,0,0,0,0
481509,1,1,11,13,0,5,0,0,0,0,13,10
481509,2,1,14,0,0,8,0,0,0,0,0,0
481510,0,1,0,0,0,0,0,0,0,0,0,0
481510,1,1,0,0,0,0,0,0,0,0,0,0
481511,1,1,11,11,11,11,11,11,11,11,11,11
481511,2,1,15,0,29,0,0,0,0,0,0,0
481512,1,1,0,0,0,0,14,12,15,17,13,7
481513,0,1,34,34,34,34,34,34,34,34,34,34
481513,1,1,0,22,16,31,0,0,0,0,0,0
481514,1,1,0,0,30,13,9,0,0,20,0,30
481515,1,1,10,10,10,10,10,10,10,10,10,10
481515,2,1,0,0,0,0,0,0,0,7,0,0
481516,1,1,0,0,0,0,0,0,0,0,0,0
481516,2,1,14,0,0,22,0,0,0,0,18,0
481517,1,1,15,15,15,15,15,15,15,15,15,15
481517,2,1,0,18,0,0,0,8,0,0,0,0
481518,1,1,17,24,0,39,12,0,0,0,12,0
481519,0,1,16,0,31,11,0,0,14,0,0,0
481519,1,1,0,0,22,0,0,0,0,8,0,0
481520,1,1,0,0,0,0,0,0,0,0,0,0
481520,2,1,19,0,28,0,0,0,0,38,0,0
481521,1,1,0,20,0,0,0,0,0,0,0,0
481521,2,1,7,7,7,7,7,7,7,7,7,7
481521,3,1,0,0,0,0,7,0,0,0,0,0
481522,1,1,5,0,0,0,0,0,0,0,0,0
481523,1,1,10,21,0,10,0,26,0,28,23,18
481524,1,1,0,0,5,0,8,12,0,0,0,0
481524,2,1,0,0,30,0,0,0,0,0,0,0
481524,3,1,16,0,0,0,0,0,0,0,0,0
481526,1,1,0,0,0,0,0,0,0,0,0,0
481526,2,1,0,0,0,0,0,0,0,0,0,0
481527,1,1,26,26,26,26,26,26,26,26,26,26
481527,2,1,0,0,0,19,0,24,0,0,0,0
481528,1,1,0,26,0,0,21,0,0,0,12,0
481528,2,1,0,0,0,0,0,0,13,0,0,0
481528,3,1,19,0,0,0,16,11,0,0,18,0
481529,1,1,0,14,20,0,0,0,0,28,0,0
481530,1,1,0,0,0,20,0,0,0,24,0,0
481530,2,1,0,0,0,0,0,0,0,0,0,15
481531,1,1,22,22,22,22,22,22,22,22,22,22
481531,2,1,0,0,0,0,0,0,0,0,0,0
481532,1,1,0,0,0,0,0,0,0,0,0,0
481533,1,1,0,0,0,0,0,0,0,0,0,0
481533,2,1,0,19,0,0,0,0,12,0,6,0
481534,0,1,0,0,0,0,0,18,31,19,21,22
481534,1,1,0,0,0,0,0,0,0,0,16,0
481534,2,1,6,16,4,0,0,15,15,6,0,0
481535,0,1,19,19,19,19,19,19,19,19,19,19
481535,1,1,22,0,16,0,11,0,23,0,0,0
481536,1,1,7,7,7,7,7,7,7,7,7,7
481536,2,1,0,0,13,0,0,14,0,0,14,4
481537,0,1,0,0,0,12,0,0,0,0,0,34
481537,1,1,0,11,0,11,0,0,12,0,15,0
481538,1,1,18,18,18,18,18,18,18,18,18,18
481539,1,1,0,0,0,0,0,13,0,53,0,0
481540,1,1,34,0,15,17,0,16,19,20,0,0
481541,1,1,10,11,0,0,0,28,11,0,0,24
481542,1,1,0,0,0,0,0,0,0,0,0,0
481542,2,1,0,0,0,0,0,0,0,0,0,0
481543,0,1,0,37,0,29,0,0,0,16,0,0
481543,1,1,10,19,31,7,0,17,22,8,17,0
481544,1,1,0,24,0,0,0,0,0,15,0,0
481544,2,1,0,0,0,0,0,0,0,0,0,0
481544,3,1,0,24,10,0,0,0,0,0,0,0
481545,0,1,0,0,0,0,0,0,0,0,0,0
481545,1,1,0,22,5,0,12,12,0,0,0,0
481545,2,1,0,0,0,0,7,0,16,0,0,0
481546,1,1,0,0,35,0,0,0,14,0,0,0
481546,2,1,0,5,0,0,0,17,0,0,0,0
481547,1,1,18,0,12,13,15,0,20,0,32,7
481548,1,1,0,0,0,0,0,0,0,0,0,0
481548,2,1,0,0,0,0,0,0,0,0,0,0
481549,0,1,22,22,22,22,22,22,22,22,22,22
481549,1,1,0,13,2,0,11,8,10,19,0,20
481550,0,1,0,0,0,0,0,0,0,0,0,0
481550,1,1,0,0,0,0,0,0,0,0,0,0
481551,1,1,16,16,16,16,16,16,16,16,16,16
481551,2,1,0,0,12,0,4,0,0,0,0,0
481552,1,1,0,0,0,0,0,0,12,0,10,0
481553,1,1,0,0,0,0,0,0,0,0,0,0
481554,0,1,0,24,25,0,0,0,0,10,0,0
481554,1,1,0,0,0,14,23,14,10,18,3,0
481555,1,1,10,0,8,8,14,14,0,0,0,7
481556,1,1,23,23,23,23,23,23,23,23,23,23
481557,1,1,0,0,0,0,0,0,0,0,0,0
481558,1,1,0,0,0,0,0,0,0,0,0,0
481558,2,1,0,0,0,0,0,4,0,0,0,0
481558,3,1,0,0,0,0,0,0,6,0,0,0
481558,4,1,0,17,0,17,0,21,0,22,0,0
481559,1,1,0,0,0,22,0,0,0,0,0,0
481559,2,1,0,0,0,0,10,0,0,0,0,0
481560,0,1,10,0,0,0,14,0,15,21,0,0
481560,1,1,0,0,15,0,0,0,17,0,0,0
481561,1,1,0,14,0,0,0,0,6,0,0,0
481561,2,1,15,0,16,0,0,16,0,0,10,0
481561,3,1,0,0,7,12,0,0,0,21,0,21
481562,0,1,0,0,0,0,0,0,0,0,0,0
481562,1,1,0,0,14,0,0,0,0,0,0,0
481564,0,1,0,0,0,0,0,0,0,0,0,0
481564,1,1,0,0,0,15,32,0,0,0,0,23
481565,1,1,0,40,0,0,0,26,38,0,0,10
481566,1,1,15,15,15,15,15,15,15,15,15,15
481567,1,1,19,0,0,0,0,0,32,0,0,0
481567,2,1,0,0,0,0,0,0,0,0,0,0
481568,1,1,0,0,17,0,0,0,0,0,0,21
481568,2,1,0,0,0,0,0,0,0,0,0,0
481570,0,1,0,0,23,0,0,0,33,19,19,0
481570,1,1,0,0,0,0,0,0,0,15,0,0
481571,1,1,0,17,0,0,20,0,0,0,0,0
481571,2,1,22,0,0,0,19,3,0,0,0,0
481571,3,1,0,35,0,0,0,0,21,0,0,36
481572,1,1,0,10,0,0,0,0,4,0,0,35
481572,2,1,0,0,0,0,0,0,0,0,0,0
481573,1,1,0,0,10,0,0,0,0,0,6,0
481573,2,1,0,0,0,0,12,28,0,0,0,0
481574,0,1,0,19,9,0,0,0,0,0,0,0
481574,1,1,14,3,12,18,0,2,8,8,0,0
481575,0,1,19,19,19,19,19,19,19,19,19,19
481575,1,1,0,0,16,26,3,0,12,14,13,0
481575,2,1,0,0,0,0,0,0,0,23,0,0
481576,1,1,9,17,0,0,5,22,12,23,10,20
481577,1,1,0,0,0,0,0,0,24,0,0,0
481577,2,1,0,0,0,0,0,15,16,0,0,0
481578,1,1,22,22,22,22,22,22,22,22,22,22
481578,2,1,0,0,0,10,11,0,13,39,15,0
481578,3,1,11,0,5,8,13,0,10,0,0,9
481578,4,1,0,0,0,0,0,0,0,0,0,0
481578,5,1,0,21,0,0,0,0,0,0,0,6
481578,6,1,18,0,0,0,0,14,7,0,0,0
481579,1,1,0,15,0,0,0,0,0,0,0,0
481579,2,1,0,0,0,0,0,9,0,0,0,0
481580,1,1,0,14,0,0,0,0,0,0,0,0
481580,2,1,0,0,19,0,0,0,0,0,0,0
481580,3,1,0,0,0,0,0,0,5,0,0,0
481581,1,1,0,0,0,0,0,0,0,0,0,0
481582,0,1,23,23,23,23,23,23,23,23,23,23
481582,1,1,0,0,0,0,0,0,0,0,0,0
481583,0,1,28,0,0,19,24,0,32,19,0,15
481583,1,1,0,0,0,0,10,0,0,0,16,0
481584,1,1,13,13,13,13,13,13,13,13,13,13
481584,2,1,5,9,15,14,11,0,0,0,0,0
481585,1,1,29,0,0,0,26,4,0,10,17,12
481586,1,1,17,0,0,0,17,0,0,0,0,0
481586,2,1,0,0,0,0,0,0,0,0,0,0
481588,1,1,0,0,0,0,0,16,13,0,0,0
481588,2,1,0,12,0,0,0,0,0,0,0,0
481588,3,1,0,0,0,15,0,0,0,0,25,8
481588,4,1,13,0,0,0,0,0,3,0,0,0
481589,1,1,5,5,5,5,5,5,5,5,5,5
481589,2,1,2,0,0,0,0,0,0,6,0,0
481590,1,1,0,0,0,0,0,0,0,16,0,20
481590,2,1,0,0,0,0,0,0,0,8,0,5
481591,1,1,0,0,0,0,0,0,19,0,0,16
481591,2,1,13,33,11,20,21,0,0,12,0,0
481592,1,1,17,17,17,17,17,17,17,17,17,17
481593,0,1,0,26,0,0,0,0,0,0,0,26
481593,1,1,6,17,13,0,15,24,10,14,0,16
481594,1,1,0,11,0,12,30,21,5,0,17,37
481595,1,1,0,19,17,11,0,0,10,0,0,0
481596,1,1,0,10,32,0,0,0,9,0,0,0
481596,2,1,0,0,3,0,0,0,0,0,0,0
481597,1,1,0,8,15,0,0,0,0,0,16,12
481597,2,1,0,0,0,0,0,0,0,0,0,0
481597,3,1,0,0,0,20,0,0,0,0,0,0
481598,0,1,0,15,0,15,22,0,0,0,21,0
481598,1,1,0,0,18,0,0,0,0,0,18,0
481599,1,1,0,0,0,0,0,0,0,0,0,0
481600,1,1,0,0,0,0,0,0,0,0,0,0
481601,1,1,0,15,17,0,10,0,0,0,34,0
481602,0,1,11,11,11,11,11,11,11,11,11,11
481602,1,1,9,0,0,0,5,0,6,0,0,10
481603,1,1,18,18,18,18,18,18,18,18,18,18
481603,2,1,0,0,0,10,27,16,0,0,0,0
481604,0,1,19,19,19,19,19,19,19,19,19,19
481604,1,1,0,0,0,14,0,0,0,19,0,0
481605,1,1,22,22,22,22,22,22,22,22,22,22
481606,1,1,0,0,0,0,0,0,0,0,0,0
481607,1,1,0,0,0,0,0,0,26,0,23,0
481608,1,1,0,0,0,0,0,0,0,0,0,0
481609,0,1,0,0,0,0,0,0,0,0,0,0
481609,1,1,0,12,0,0,35,22,0,17,0,8
481610,1,1,8,8,8,8,8,8,8,8,8,8
481610,2,1,0,0,0,0,0,0,0,0,0,0
481610,3,1,0,0,19,0,0,0,29,12,0,9
481611,0,1,0,0,0,0,0,0,0,0,0,0
481611,1,1,0,0,0,3,0,0,0,0,0,0
481612,1,1,6,6,6,6,6,6,6,6,6,6
481612,2,1,0,0,5,11,0,0,12,17,19,11
481612,3,1,0,0,0,0,0,0,0,0,6,0
481612,4,1,0,0,0,0,20,0,0,0,0,2
481613,0,1,3,3,3,3,3,3,3,3,3,3
481613,1,1,0,0,0,0,0,0,0,0,0,0
481614,1,1,0,0,0,0,0,0,0,0,22,0
481614,2,1,0,0,0,0,0,0,0,0,0,0
481615,0,1,17,35,8,17,24,31,24,0,0,19
481615,1,1,0,0,0,0,0,0,0,0,0,5
481616,1,1,0,0,0,0,0,0,0,0,0,0
481617,0,1,14,0,28,0,0,0,12,0,19,0
481617,1,1,16,19,0,0,24,21,15,0,0,7
481618,1,1,0,0,0,0,10,21,0,0,0,0
481619,1,1,18,18,18,18,18,18,18,18,18,18
481620,0,1,0,0,0,0,0,0,0,0,0,0
481620,1,1,11,8,0,6,0,9,15,0,8,7
481621,1,1,16,0,0,18,10,0,0,27,0,38
481622,1,1,5,0,17,0,0,0,46,0,5,0
481623,1,1,20,0,0,14,0,0,7,0,15,0
481624,1,1,16,0,0,0,0,0,0,0,0,0
481624,2,1,0,0,0,0,16,11,0,0,0,0
481625,1,1,0,0,0,0,0,0,0,0,0,0
481625,2,1,0,0,0,0,0,0,0,0,0,0
481626,1,1,15,15,15,15,15,15,15,15,15,15
481626,2,1,0,16,0,0,0,0,0,0,0,0
481627,0,1,0,0,0,0,0,0,0,0,0,0
481627,1,1,0,0,0,0,0,0,0,0,0,10
481628,1,1,0,0,0,0,0,0,0,0,2,0
481628,2,1,0,0,0,0,0,0,0,0,0,0
481628,3,1,0,0,0,0,0,0,0,0,0,0
481628,4,1,0,0,0,0,0,0,0,0,0,0
481628,5,1,0,0,0,8,0,0,0,0,0,0
481629,1,1,0,0,38,0,0,9,0,0,0,0
481629,2,1,0,0,0,0,0,21,0,0,0,0
481630,1,1,22,22,22,22,22,22,22,22,22,22
481632,1,1,0,0,0,0,0,0,0,0,0,0
481632,2,1,0,0,18,0,0,0,0,0,0,0
481633,1,1,20,20,20,20,20,20,20,20,20,20
481634,1,1,27,27,27,27,27,27,27,27,27,27
481635,0,1,0,0,0,0,0,0,0,0,0,0
481635,1,1,0,18,11,0,0,4,0,6,9,10
481636,0,1,0,0,0,0,0,0,0,0,0,0
481636,2,1,0,18,0,0,0,0,0,0,0,0
481636,3,1,0,0,15,0,0,0,0,12,8,11
481637,1,1,26,26,26,26,26,26,26,26,26,26
481638,1,1,9,5,11,16,14,21,20,21,31,14
481639,1,1,0,16,0,0,0,13,11,0,0,0
481639,2,1,0,0,12,0,4,0,0,0,15,0
481640,1,1,14,14,14,14,14,14,14,14,14,14
481640,2,1,0,0,0,0,0,0,0,0,0,0
481641,1,1,12,0,0,0,15,17,0,0,0,21
481642,0,1,0,0,0,0,0,0,0,0,0,0
481642,1,1,16,7,0,9,24,6,13,0,0,14
481643,1,1,0,0,0,0,4,11,0,9,11,10
481643,2,1,0,0,0,0,0,0,0,0,0,0
481644,1,1,0,0,0,0,0,9,0,6,0,0
481645,0,1,56,0,7,23,0,0,13,0,19,23
481645,1,1,0,10,11,9,18,12,0,8,2,4
481646,1,1,0,23,0,0,22,0,6,15,0,0
481646,2,1,18,30,0,0,0,0,6,17,0,12
481646,3,1,0,15,8,20,0,6,0,0,0,5
481647,1,1,10,0,30,9,0,0,24,0,0,12
481648,1,1,0,0,31,12,0,7,8,0,23,0
481648,2,1,0,0,10,0,0,0,0,0,13,0
481648,3,1,0,0,0,11,0,0,13,0,0,0
481649,1,1,0,0,0,0,29,0,0,0,22,0
481650,1,1,2,0,0,0,0,0,0,0,0,0
481650,2,1,0,0,0,0,0,0,0,0,0,0
481651,1,1,18,18,24,0,22,19,5,0,0,15
481652,1,1,27,27,27,27,27,27,27,27,27,27
481652,2,1,0,0,0,0,0,0,0,0,0,0
481653,1,1,0,0,0,0,0,0,0,0,0,0
481654,1,1,0,0,0,0,0,0,0,0,0,0
481654,2,1,15,19,17,0,0,0,0,0,0,11
481655,1,1,0,0,18,19,0,17,5,21,0,0
481656,1,1,14,14,14,14,14,14,14,14,14,14
481657,1,1,15,15,15,15,15,15,15,15,15,15
481657,2,1,0,0,25,17,0,23,0,0,0,0
481658,1,1,0,0,11,0,0,0,0,0,0,0
481658,2,1,0,20,0,0,0,0,0,0,0,0
481658,3,1,0,0,0,0,0,0,0,0,0,0
481660,1,1,0,0,0,0,0,0,0,0,0,0
481661,1,1,0,0,0,0,0,0,0,0,0,0
481662,1,1,0,0,0,0,0,0,0,0,0,0
481663,1,1,0,0,0,0,0,0,0,13,23,0
481664,1,1,0,0,0,0,25,0,0,11,0,0
481665,1,1,21,21,21,21,21,21,21,21,21,21
481665,2,1,0,0,0,0,0,0,0,0,0,0
481666,1,1,0,0,0,0,0,0,0,0,0,0
481667,1,1,13,13,13,13,13,13,13,13,13,13
481667,2,1,0,0,0,0,0,0,0,0,0,0
481668,1,1,7,7,7,7,7,7,7,7,7,7
481669,1,1,24,24,24,24,24,24,24,24,24,24
481670,0,1,0,0,0,0,0,0,7,0,17,0
481670,1,1,0,0,0,0,0,0,0,13,0,0
481671,1,1,0,0,0,0,0,5,9,0,16,0
481671,2,1,22,17,27,0,0,17,8,14,23,0
481671,3,1,0,14,19,16,0,0,0,0,20,9
481672,1,1,0,0,0,0,0,0,0,0,0,0
481672,2,1,0,0,0,0,0,0,0,0,0,0
481673,1,1,22,0,0,0,19,0,0,12,35,0
481673,2,1,0,11,0,20,0,0,10,10,0,3
481673,3,1,0,0,11,5,0,10,0,0,0,5
481674,1,1,0,13,16,16,0,0,0,4,0,0
481675,1,1,0,0,0,0,0,0,11,0,0,0
481676,1,1,0,0,0,0,0,13,0,7,0,0
481677,1,1,0,0,0,0,0,0,0,0,0,0
481677,2,1,0,14,0,0,19,0,0,12,0,23
481678,1,1,4,9,0,0,21,0,10,11,7,0
481679,1,1,14,0,0,2,0,14,0,0,10,0
481679,2,1,0,0,0,0,0,0,0,0,0,0
481680,1,1,16,19,0,0,0,0,23,19,19,20
481681,1,1,0,0,0,0,0,0,0,0,0,0
481682,0,1,0,0,0,0,0,0,0,0,0,0
481682,1,1,0,0,0,0,0,0,0,0,0,0
481682,2,1,0,0,16,0,0,0,0,0,0,0
481683,0,1,0,8,0,0,0,0,0,0,0,0
481683,1,1,0,0,11,2,6,0,4,13,15,14
481684,0,1,0,0,0,0,0,0,0,0,0,0
481684,1,1,10,15,3,19,6,10,4,14,13,13
481684,2,1,0,0,0,0,0,0,0,0,0,18
481685,1,1,0,27,0,0,5,0,18,0,0,11
481685,2,1,0,0,2,0,0,0,0,0,0,0
481686,1,1,0,0,0,0,0,0,0,0,0,0
481687,1,1,0,0,0,11,0,0,0,0,0,7
481688,0,1,0,0,0,0,0,0,7,0,0,0
481688,1,1,0,0,8,10,13,0,29,0,0,5
481689,1,1,0,9,0,0,0,0,0,0,0,0
481689,2,1,0,0,0,0,0,0,0,27,0,10
481690,1,1,0,0,0,10,0,0,0,0,0,5
481690,2,1,0,0,0,0,0,0,30,23,14,0
481692,1,1,0,0,0,0,0,0,20,0,0,17
481692,2,1,0,0,0,5,4,5,0,5,0,0
481693,1,1,0,0,0,0,0,0,0,0,0,0