ST_CASE,VEH_NO,PER_NO,P1,P2,P3,P4,P5,P6,P7,P8,P9,P10
482263,1,1,0,0,0,0,0,7,18,0,0,0
482264,1,1,4,4,4,4,4,4,4,4,4,4
482265,1,1,0,0,0,0,0,0,0,0,0,0
482266,1,1,0,0,0,0,0,0,0,0,0,0
482266,2,1,0,0,0,11,8,5,0,0,15,0
482267,1,1,0,0,23,0,19,5,10,16,0,0
482267,2,1,0,0,0,0,0,4,0,7,9,0
482268,1,1,0,0,0,5,0,6,0,0,0,0
482268,2,1,0,0,0,0,0,0,0,0,0,0
482268,3,1,0,0,0,0,0,0,0,0,0,0
482269,1,1,0,0,0,15,0,0,0,0,0,0
482270,1,1,25,25,25,25,25,25,25,25,25,25
482270,2,1,0,8,15,0,0,0,0,0,0,0
482271,1,1,0,0,28,0,0,0,0,0,0,20
482271,2,1,0,0,0,0,0,0,0,0,0,0
482272,1,1,0,0,0,0,0,0,0,0,0,0
482272,2,1,0,0,18,0,0,0,0,36,0,0
482273,1,1,0,0,0,0,0,43,0,15,0,0
482273,2,1,0,0,0,24,12,0,0,14,15,21
482274,0,1,29,29,29,29,29,29,29,29,29,29
482274,1,1,0,12,0,0,0,15,0,30,0,0
482275,1,1,0,0,0,0,0,0,0,0,0,0
482276,1,1,0,0,0,0,25,0,0,0,0,0
482277,1,1,0,0,0,0,0,0,0,0,0,0
482277,2,1,0,0,0,0,0,0,0,0,0,0
482278,1,1,0,0,0,0,0,0,0,0,0,0
482278,2,1,15,13,0,12,0,0,24,0,0,0
482279,1,1,18,18,18,18,18,18,18,18,18,18
482280,1,1,0,0,9,0,0,0,0,0,0,0
482280,2,1,0,0,0,0,0,0,0,0,0,0
482280,3,1,11,0,4,0,4,15,9,0,23,0
482281,1,1,0,22,0,0,0,0,0,0,0,0
482281,2,1,0,0,0,0,0,21,0,0,0,0
482282,1,1,0,0,5,0,0,0,6,0,29,0
482283,1,1,6,21,0,0,17,10,25,11,9,31
482284,1,1,0,0,23,0,0,0,0,3,28,18
482285,1,1,0,3,0,0,0,9,0,0,0,5
482285,2,1,22,22,22,22,22,22,22,22,22,22
482286,1,1,9,0,0,0,0,0,0,0,8,0
482286,2,1,0,0,0,0,29,16,0,0,0,0
482287,1,1,0,0,0,0,0,0,0,0,0,0
482287,2,1,0,0,0,15,22,0,0,12,0,0
482288,1,1,7,7,7,7,7,7,7,7,7,7
482290,1,1,19,19,19,19,19,19,19,19,19,19
482290,2,1,0,0,10,4,0,22,0,0,39,0
482291,1,1,18,0,24,0,0,0,16,0,0,16
482291,2,1,0,9,14,0,25,0,0,0,17,0
482292,1,1,0,0,0,0,0,0,0,0,32,16
482293,1,1,0,0,0,0,0,0,0,0,0,0
482293,2,1,0,0,0,0,0,0,8,0,0,0
482294,1,1,10,10,10,10,10,10,10,10,10,10
482295,1,1,0,0,0,0,0,0,0,0,0,0
482295,2,1,21,21,21,21,21,21,21,21,21,21
482296,1,1,14,14,14,14,14,14,14,14,14,14
482296,2,1,0,0,0,0,0,0,0,0,0,0
482296,3,1,0,0,0,0,0,0,0,0,0,0
482297,1,1,0,7,0,0,33,0,10,0,0,0
482297,2,1,0,0,0,0,0,0,0,16,0,0
482298,1,1,0,9,0,0,0,0,0,10,11,0
482298,2,1,0,0,0,0,0,0,0,0,0,0
482299,1,1,0,0,0,7,20,0,0,10,28,0
482300,1,1,16,16,16,16,16,16,16,16,16,16
482301,0,1,0,0,0,0,0,0,0,0,0,0
482301,1,1,15,11,8,0,0,16,7,0,15,13
482302,1,1,0,0,0,0,0,0,12,0,0,17
482302,2,1,0,0,0,23,0,0,0,0,0,0
482303,0,1,0,0,0,0,0,0,0,0,0,0
482303,1,1,0,0,0,0,0,0,0,13,0,0
482304,1,1,0,6,19,0,17,0,21,0,19,0
482304,2,1,28,28,28,28,28,28,28,28,28,28
482305,1,1,15,0,0,0,0,0,0,0,0,14
482306,0,1,0,23,0,0,0,0,0,0,0,26
482306,1,1,0,24,0,21,12,0,0,0,0,0
482307,1,1,0,0,28,0,0,0,0,0,0,0
482307,2,1,0,0,0,0,0,0,0,0,0,0
482308,1,1,0,0,0,0,0,0,0,0,0,0
482308,2,1,0,10,20,0,0,9,0,27,29,0
482309,1,1,0,0,0,0,23,23,0,16,0,19
482310,0,1,0,0,0,0,0,0,11,0,29,0
482310,1,1,0,0,0,0,0,0,0,0,0,0
482311,0,1,33,34,24,0,17,11,28,0,12,0
482311,1,1,28,0,0,3,0,9,0,15,14,6
482312,1,1,0,26,0,13,0,0,0,0,6,0
482312,2,1,0,0,18,0,0,7,14,0,17,0
482313,1,1,0,0,0,0,0,0,0,0,0,0
482313,3,1,0,15,0,0,8,0,0,0,0,0
482313,4,1,0,0,0,0,0,0,0,0,0,0
482313,5,1,0,17,0,0,0,6,23,0,7,19
482314,1,1,19,19,19,19,19,19,19,19,19,19
482315,1,1,0,0,0,0,0,0,33,0,0,0
482315,2,1,0,0,0,0,0,15,0,0,0,0
482316,1,1,0,0,0,0,0,0,20,29,0,0
482316,2,1,10,10,10,10,10,10,10,10,10,10
482317,0,1,21,21,21,21,21,21,21,21,21,21
482317,1,1,0,0,0,0,0,0,0,12,0,0
482318,1,1,15,0,0,0,0,0,0,0,0,0
482318,2,1,0,0,0,26,0,25,0,0,0,0
482319,1,1,0,0,0,0,0,12,0,0,9,0
482320,0,1,0,15,19,20,27,0,0,32,12,0
482320,1,1,0,0,12,0,0,0,0,18,0,11
482321,0,1,0,15,0,0,0,0,0,0,0,0
482321,1,1,31,35,28,0,0,18,0,14,0,0
482322,1,1,18,0,0,0,0,0,0,0,26,0
482322,2,1,0,0,0,0,0,0,0,0,0,0
482323,1,1,0,0,0,13,0,0,0,0,6,7
482324,1,1,0,0,5,0,0,0,0,0,0,0
482324,2,1,0,0,0,0,0,0,14,0,0,0
482324,3,1,0,0,0,0,0,0,0,0,0,0
482325,0,1,0,0,0,0,0,0,0,0,0,0
482325,1,1,0,0,0,0,9,13,0,0,0,0
482325,2,1,12,0,19,7,11,20,0,5,0,15
482326,0,1,30,30,30,30,30,30,30,30,30,30
482326,1,1,29,0,0,16,0,0,13,25,0,0
482327,0,1,0,0,0,0,0,0,0,0,0,0
482327,1,1,19,19,0,0,0,0,13,0,0,19
482328,1,1,0,0,0,0,0,0,0,0,0,0
482328,2,1,9,9,9,9,9,9,9,9,9,9
482329,1,1,0,22,37,23,0,13,0,0,0,0
482329,2,1,0,0,13,0,0,0,0,0,29,11
482330,0,1,0,13,10,9,25,0,0,32,0,20
482330,1,1,7,13,0,0,33,13,32,16,0,16
482331,1,1,12,4,30,5,28,25,16,0,20,23
482331,2,1,0,0,0,0,0,0,0,0,0,0
482332,1,1,0,0,0,0,0,0,0,0,0,0
482333,1,1,0,0,0,0,0,0,0,0,0,0
482333,2,1,0,0,0,0,25,19,0,0,0,3
482334,1,1,0,0,0,0,0,0,0,0,0,0
482334,2,1,7,0,0,0,11,17,11,0,18,0
482335,0,1,0,0,0,0,0,0,0,0,0,0
482335,1,1,0,5,0,0,0,0,0,0,0,0
482336,1,1,0,12,0,15,0,3,0,4,0,0
482336,2,1,23,23,23,23,23,23,23,23,23,23
482337,0,1,0,0,0,0,0,0,0,0,0,0
482337,1,1,1,1,1,1,1,1,1,1,1,1
482338,1,1,0,0,27,0,0,0,15,11,0,0
482338,2,1,0,0,0,0,0,0,0,0,0,0
482339,1,1,0,26,0,0,0,0,0,12,0,0
482340,1,1,0,0,0,0,0,0,0,0,0,0
482340,2,1,22,0,3,0,0,0,0,0,17,0
482341,1,1,14,23,0,14,0,0,0,18,9,15
482342,1,1,0,0,0,0,11,0,0,0,0,28
482342,2,1,0,12,0,0,0,10,0,0,0,0
482343,1,1,0,0,0,0,0,0,0,0,0,0
482344,0,1,5,0,12,0,5,0,0,0,23,0
482344,1,1,0,0,0,0,0,0,0,15,0,0
482345,1,1,19,19,19,19,19,19,19,19,19,19
482345,2,1,0,0,0,0,0,0,0,0,0,0
482346,1,1,0,0,0,0,0,0,10,0,0,0
482346,2,1,0,0,0,0,22,0,0,0,0,0
482347,1,1,0,31,21,12,0,0,0,0,16,22
482348,1,1,10,0,24,19,21,0,10,11,10,13
482348,2,1,0,0,0,0,10,0,0,0,0,0
482349,1,1,4,4,4,4,4,4,4,4,4,4
482350,1,1,0,0,0,0,0,0,0,0,0,0
482350,2,1,7,0,0,17,0,0,0,0,0,16
482351,1,1,0,0,0,0,0,0,0,0,0,0
482351,2,1,0,0,0,0,0,0,0,0,0,0
482352,1,1,0,0,0,0,0,0,0,0,0,0
482352,2,1,0,0,0,0,0,0,0,0,0,0
482353,1,1,0,17,3,16,6,16,12,0,0,0
482353,2,1,19,19,19,19,19,19,19,19,19,19
482354,1,1,24,16,0,21,0,0,13,19,5,0
482354,2,1,0,0,8,0,0,30,0,0,0,19
482355,1,1,13,0,22,0,0,0,22,9,0,0
482356,0,1,0,0,0,24,0,0,0,0,17,23
482356,1,1,0,0,0,0,0,0,0,0,0,0
482357,0,1,15,0,0,0,0,32,0,0,24,0
482357,1,1,23,0,0,11,0,0,0,15,0,0
482357,2,1,0,0,13,0,7,16,0,0,0,13
482358,1,1,15,15,15,15,15,15,15,15,15,15
482358,2,1,10,10,10,10,10,10,10,10,10,10
482359,1,1,0,8,26,0,15,24,0,0,0,0
482360,1,1,20,20,20,20,20,20,20,20,20,20
482360,2,1,0,16,0,0,0,0,0,0,0,0
482361,1,1,16,24,17,19,27,14,17,24,16,14
482361,2,1,5,0,16,0,19,7,0,0,0,0
482362,1,1,0,0,0,0,0,0,0,0,0,0
482362,2,1,10,10,10,10,10,10,10,10,10,10
482363,1,1,0,24,0,21,0,0,14,19,0,0
482364,1,1,13,0,18,4,0,25,7,16,14,0
482365,1,1,44,0,0,20,0,0,10,0,0,0
482366,1,1,0,0,0,15,0,12,20,0,0,0
482366,2,1,0,0,0,0,0,0,0,0,0,0
482367,1,1,0,0,0,0,0,0,0,0,0,0
482367,2,1,0,0,0,0,0,0,0,0,0,0
482368,1,1,0,0,0,0,0,0,0,14,0,9
482368,2,1,0,0,0,0,0,0,0,0,0,0
482369,1,1,13,13,13,13,13,13,13,13,13,13
482369,2,1,0,15,14,7,14,17,0,0,12,29
482369,3,1,0,0,0,12,19,21,4,0,0,20
482370,1,1,0,0,0,0,0,0,0,0,0,0
482371,1,1,0,10,19,0,0,0,0,0,0,0
482371,2,1,27,0,0,0,0,0,0,0,0,0
482372,0,1,0,0,0,0,0,0,0,0,0,0
482372,1,1,0,0,0,0,0,0,26,0,15,22
482373,1,1,20,20,20,20,20,20,20,20,20,20
482374,1,1,0,0,0,0,0,0,0,0,34,0
482374,2,1,0,0,0,0,0,0,0,0,0,0
482375,1,1,11,11,11,11,11,11,11,11,11,11
482376,0,1,0,0,0,0,0,0,10,0,0,15
482376,1,1,0,0,0,0,0,0,0,0,30,21
482377,1,1,14,0,8,24,19,14,0,0,0,0
482378,1,1,17,17,17,17,17,17,17,17,17,17
482379,0,1,0,14,0,0,0,0,32,22,0,15
482379,1,1,0,0,12,0,0,16,0,0,0,0
482380,1,1,0,0,0,0,0,5,0,0,0,0
482382,1,1,0,0,0,0,0,0,16,17,14,0
482382,2,1,1,1,1,1,1,1,1,1,1,1
482383,1,1,0,0,0,0,0,0,0,0,0,0
482383,2,1,26,0,0,0,0,0,0,0,0,0
482384,1,1,0,0,0,0,0,0,0,0,0,0
482384,2,1,0,0,0,0,0,0,0,0,0,0
482385,1,1,10,0,10,0,11,0,0,0,0,0
482385,2,1,0,3,0,0,20,0,0,0,0,0
482386,1,1,0,0,0,0,0,0,0,0,0,0
482387,1,1,0,25,0,0,0,29,0,25,0,0
482388,1,1,0,0,0,0,0,0,0,0,0,0
482388,2,1,0,16,20,28,0,0,31,0,0,4
482388,3,1,0,14,11,0,0,0,0,0,0,0
482388,4,1,0,0,9,7,12,0,0,0,0,0
482389,1,1,0,0,0,0,0,0,0,0,0,0
482390,1,1,20,20,20,20,20,20,20,20,20,20
482391,0,1,0,0,0,0,0,0,0,0,0,0
482391,1,1,0,0,0,12,0,0,0,0,5,0
482392,1,1,14,0,0,0,0,0,0,14,0,10
482392,2,1,0,0,0,0,0,0,0,0,15,0
482393,1,1,0,0,0,0,0,0,0,0,0,0
482394,1,1,0,0,22,0,21,0,8,0,19,0
482394,2,1,0,0,11,0,20,0,0,0,16,0
482395,1,1,0,0,0,0,0,0,0,0,0,0
482395,2,1,0,0,0,0,0,0,0,0,0,0
482395,3,1,0,0,0,26,0,0,0,0,0,0
482395,4,1,1,0,0,0,5,0,0,0,0,4
482396,0,1,0,0,0,10,8,13,28,43,0,18
482396,1,1,0,0,0,0,0,0,0,0,0,2
482397,1,1,22,0,0,0,0,24,0,0,0,0
482397,2,1,0,20,13,0,0,12,0,0,0,0
482398,1,1,0,0,0,0,0,0,0,0,0,0
482398,2,1,0,0,0,0,0,0,0,0,0,0
482399,1,1,0,0,0,0,0,0,0,0,0,0
482400,1,1,0,0,0,0,0,22,0,0,0,0
482400,2,1,13,0,0,0,0,0,38,10,0,0
482401,1,1,0,0,0,0,0,0,0,0,0,0
482401,2,1,0,0,0,0,0,0,0,20,0,0
482402,1,1,0,12,21,15,18,16,0,0,0,21
482402,2,1,0,28,0,0,0,0,0,0,0,0
482403,1,1,0,0,0,0,0,0,0,0,0,0
482403,2,1,0,0,0,0,0,0,0,2,0,0
482404,0,1,0,24,4,0,20,0,0,0,0,25
482404,1,1,0,0,0,0,0,6,0,12,0,0
482405,1,1,0,0,0,0,0,18,0,0,0,0
482406,1,1,0,31,0,0,0,9,0,0,0,0
482407,1,1,19,19,19,19,19,19,19,19,19,19
482408,1,1,0,0,0,0,0,0,0,0,0,0
482409,1,1,24,24,24,24,24,24,24,24,24,24
482410,1,1,35,19,28,0,24,0,20,0,9,0
482411,1,1,20,20,20,20,20,20,20,20,20,20
482412,1,1,17,17,17,17,17,17,17,17,17,17
482413,1,1,0,0,0,0,0,0,0,0,0,0
482413,2,1,0,0,0,0,0,0,0,0,23,0
482414,0,1,0,0,0,0,0,0,9,0,0,0
482414,0,2,35,0,0,24,24,26,0,0,0,0
482414,1,1,17,0,0,0,0,0,0,0,0,4
482415,1,1,0,0,0,0,0,0,0,0,0,0
482415,2,1,0,0,0,0,0,0,0,0,0,0
482416,1,1,14,0,0,0,0,4,0,0,0,0
482417,1,1,0,13,0,0,0,0,0,0,0,0
482417,2,1,11,21,0,0,0,0,0,15,22,0
482418,1,1,0,0,0,0,0,0,0,0,0,0
482418,2,1,23,0,0,0,0,0,18,0,0,0
482419,0,1,0,0,0,0,0,0,0,0,0,0
482419,1,1,13,0,15,0,0,13,0,0,0,0
482420,0,1,0,28,0,0,0,29,0,11,31,0
482420,1,1,0,16,0,0,16,14,0,0,9,16
482421,1,1,0,0,0,0,0,0,0,0,0,0
482421,2,1,0,0,0,0,0,0,13,0,0,0
482422,0,1,0,30,20,0,0,0,27,21,0,0
482422,1,1,22,22,22,22,22,22,22,22,22,22
482422,2,1,0,0,0,0,0,11,0,0,0,23
482423,1,1,25,25,25,25,25,25,25,25,25,25
482423,2,1,0,29,12,0,0,0,0,0,0,0
482424,1,1,0,0,0,0,0,0,0,0,0,0
482425,0,1,0,0,0,0,0,0,0,0,0,0
482425,2,1,0,10,0,17,16,16,0,0,19,18
482425,3,1,13,0,27,0,0,6,22,15,16,0
482426,0,1,0,0,0,0,0,0,0,0,0,0
482426,1,1,0,0,13,20,16,16,0,0,13,0
482427,1,1,15,15,15,15,15,15,15,15,15,15
482427,2,1,24,13,27,11,21,18,21,15,19,15
482428,0,1,0,0,0,0,0,0,0,0,0,0
482428,0,2,27,27,27,27,27,27,27,27,27,27
482428,1,1,0,0,14,0,25,9,0,0,10,11
482429,0,1,0,0,0,0,0,0,0,0,0,0
482429,1,1,22,18,10,0,0,0,0,0,0,9
482430,1,1,22,22,22,22,22,22,22,22,22,22
482430,2,1,11,11,11,11,11,11,11,11,11,11
482431,1,1,9,11,13,14,12,15,20,26,17,21
482431,2,1,10,4,8,22,18,4,0,0,21,0
482432,1,1,0,0,0,0,0,0,0,0,0,0
482432,2,1,16,16,16,16,16,16,16,16,16,16
482433,0,1,0,0,0,0,0,0,0,0,0,0
482433,0,2,0,0,0,0,0,9,12,0,0,0
482433,1,1,0,0,12,0,0,0,0,0,0,0
482433,2,1,0,0,0,0,0,0,0,0,0,27
482434,1,1,0,0,13,0,0,0,0,15,0,0
482435,1,1,0,0,0,0,0,0,0,0,0,0
482435,2,1,0,0,0,0,0,0,0,0,11,0
482436,0,1,0,22,0,0,8,5,0,0,0,0
482436,1,1,26,0,4,0,0,15,9,0,11,8
482437,0,1,20,9,0,0,0,0,0,27,22,0
482437,1,1,6,17,0,0,0,0,0,0,0,0
482438,1,1,0,0,0,30,0,20,0,0,0,0
482438,2,1,0,0,0,0,0,0,0,0,0,0
482438,3,1,15,13,39,0,0,0,0,0,0,19
482438,4,1,0,0,0,15,0,0,0,25,0,0
482438,5,1,0,28,0,0,0,0,0,0,7,0
482438,6,1,6,0,10,0,0,11,19,9,7,10
482438,7,1,0,0,16,0,10,16,0,0,17,0
482438,8,1,0,6,6,0,16,17,0,4,0,0
482438,9,1,0,0,8,0,0,0,0,0,0,0
482438,10,1,6,12,20,9,0,0,0,0,13,17
482438,11,1,32,0,34,2,0,18,5,12,17,0
482438,12,1,0,0,14,0,0,0,0,0,0,21
482438,13,1,20,0,0,0,0,0,0,0,0,0
482439,0,1,0,0,0,0,23,0,0,0,0,0
482439,1,1,3,0,0,0,0,0,0,0,0,0
482440,0,1,33,33,33,33,33,33,33,33,33,33
482440,1,1,20,0,0,0,0,0,0,0,0,0
482440,2,1,0,0,20,13,19,0,0,11,0,11
482441,0,1,0,0,26,0,0,0,0,0,0,0
482441,1,1,0,0,0,0,0,0,0,0,0,0
482442,0,1,0,0,0,0,0,0,0,0,0,0
482442,1,1,14,0,0,0,14,0,0,0,0,0
482442,2,1,0,0,0,0,0,0,0,0,0,0
482443,0,1,0,0,0,0,0,0,0,0,0,0
482443,1,1,0,0,10,0,0,0,0,0,0,0
482444,1,1,0,0,0,0,0,0,15,4,8,0
482445,1,1,20,0,0,9,0,27,0,0,0,0
482445,2,1,0,0,30,0,0,5,0,0,0,10
482446,0,1,0,0,19,33,0,0,8,0,33,0
482446,1,1,9,0,0,0,0,0,0,14,6,22
482447,0,1,8,0,0,26,0,21,0,0,0,17
482447,1,1,0,0,8,14,0,6,0,0,0,0
482448,1,1,21,21,21,21,21,21,21,21,21,21
482449,1,1,0,0,0,0,0,6,0,0,0,0
482450,1,1,11,0,0,0,0,0,0,0,12,0
482450,2,1,0,0,0,0,19,0,0,0,0,0
482451,1,1,8,0,14,14,0,0,18,5,0,0
482451,2,1,0,0,0,0,8,0,0,0,0,0
482452,1,1,0,0,33,18,0,0,0,30,8,0
482453,1,1,0,0,0,0,0,0,0,0,0,0
482454,1,1,0,28,21,7,14,5,17,0,0,0
482455,1,1,0,0,0,0,0,0,0,0,0,0
482455,2,1,0,0,0,0,0,0,0,0,0,0
482456,1,1,0,0,0,31,0,6,0,0,3,7
482456,2,1,0,0,0,0,0,0,0,0,0,0
482456,3,1,0,0,6,0,0,0,0,0,0,0
482457,1,1,0,0,0,0,0,0,0,0,0,0
482457,2,1,5,0,0,0,0,0,0,0,0,0
482457,3,1,0,4,0,0,0,17,0,18,13,20
482458,0,1,0,0,0,21,0,0,0,0,0,0
482458,1,1,0,0,6,0,0,19,0,0,13,17
482459,0,1,0,5,25,0,0,17,0,0,24,0
482459,1,1,0,0,0,12,28,9,11,0,0,11
482460,1,1,21,27,12,8,14,14,7,3,34,9
482461,1,1,13,13,13,13,13,13,13,13,13,13
482461,2,1,0,0,15,19,0,24,5,5,20,8
482462,1,1,16,16,16,16,16,16,16,16,16,16
482462,2,1,0,0,0,22,10,0,0,0,0,0
482463,0,1,0,0,0,10,0,0,0,0,17,26
482463,1,1,21,23,0,24,15,8,15,24,22,11
482464,1,1,0,5,0,0,12,0,0,0,0,0
482464,2,1,0,0,0,0,0,0,0,0,0,0
482464,3,1,0,0,7,0,0,29,0,0,0,0
482464,4,1,17,0,15,0,11,0,0,0,0,7
482464,5,1,0,0,0,0,0,0,0,0,0,16
482464,6,1,0,0,16,0,26,40,0,0,0,0
482465,0,1,9,9,9,9,9,9,9,9,9,9
482465,1,1,3,16,10,0,1,0,6,28,0,18
482466,1,1,20,20,20,20,20,20,20,20,20,20
482467,1,1,0,0,0,18,0,0,0,19,0,0
482467,2,1,10,0,0,0,0,0,0,0,0,0
482468,1,1,0,11,16,13,3,32,23,0,9,0
482468,2,1,0,0,0,0,0,0,0,0,0,0
482469,1,1,15,15,15,15,15,15,15,15,15,15
482470,0,1,0,0,15,0,0,16,0,32,0,0
482470,1,1,0,8,0,0,0,8,0,0,0,0
482471,1,1,0,37,19,21,33,0,9,0,38,0
482472,1,1,0,0,0,0,0,0,0,0,0,0
482473,1,1,6,6,6,6,6,6,6,6,6,6
482473,2,1,0,0,0,0,0,0,0,0,0,0
482474,1,1,0,0,0,0,0,0,0,0,0,0
482474,2,1,0,15,0,0,0,0,0,4,0,0
482475,0,1,0,0,0,0,0,20,26,31,13,25
482475,1,1,36,15,15,0,0,0,0,0,10,13
482476,0,1,0,0,0,0,0,0,0,0,0,0
482476,1,1,8,30,0,9,16,0,0,0,0,0
482477,1,1,35,35,35,35,35,35,35,35,35,35
482478,1,1,0,0,0,0,0,0,0,0,0,0
482478,2,1,0,0,0,0,0,0,0,0,0,0
482479,0,1,25,25,25,25,25,25,25,25,25,25
482479,1,1,0,0,0,0,0,0,0,0,0,0
482480,1,1,0,0,0,0,0,0,0,24,0,0
482480,2,1,12,0,0,0,0,0,0,7,0,0
482481,1,1,19,19,19,19,19,19,19,19,19,19
482482,1,1,0,0,0,0,0,0,0,0,0,32
482483,0,1,0,0,14,20,0,0,0,22,0,33
482483,1,1,0,0,30,7,24,17,4,14,0,3
482484,0,1,0,39,0,29,0,0,0,7,15,0
482484,1,1,22,0,0,0,0,0,19,21,6,0
482485,0,1,0,0,0,0,0,0,0,0,0,0
482485,1,1,11,0,0,0,0,0,19,0,29,0
482486,1,1,17,22,12,31,13,0,29,20,14,6
482487,1,1,0,0,0,0,0,0,0,0,0,0
482487,2,1,0,0,0,0,0,0,10,6,0,0
482488,1,1,0,0,29,0,0,11,16,0,0,0
482489,1,1,4,0,17,33,0,0,0,22,0,13
482489,2,1,0,0,0,0,0,0,0,0,0,0
482490,1,1,0,0,0,0,0,0,0,0,0,0
482490,2,1,0,0,0,18,34,0,0,10,0,12
482490,3,1,12,0,0,0,0,11,0,0,9,16
482491,1,1,14,0,0,18,0,16,0,17,13,27
482492,1,1,20,0,0,0,13,0,9,0,25,0
482493,1,1,0,0,0,0,0,0,0,0,11,3
482494,0,1,0,16,0,0,0,0,0,0,0,0
482494,1,1,20,0,0,0,0,0,25,11,0,0
482495,1,1,0,0,0,0,0,0,0,0,0,0
482495,2,1,0,0,0,0,0,0,0,0,0,0
482496,1,1,0,0,0,0,0,0,0,0,0,0
482496,2,1,0,0,14,0,0,0,0,5,9,0
482496,3,1,0,0,0,0,0,0,0,0,0,0
482497,1,1,0,0,25,6,0,0,0,19,0,12
482497,2,1,0,0,0,0,0,0,0,0,0,0
482498,1,1,19,19,19,19,19,19,19,19,19,19
482499,1,1,0,19,15,0,0,19,0,0,0,0
482499,2,1,19,15,29,0,11,20,12,0,16,4
482500,1,1,0,0,0,0,0,0,0,0,0,0
482501,1,1,16,0,0,13,0,0,10,23,0,0
482502,1,1,2,2,2,2,2,2,2,2,2,2
482503,1,1,19,0,0,18,14,29,0,0,15,14
482503,2,1,19,0,15,6,18,0,0,0,0,24
482504,1,1,0,0,0,0,0,22,0,0,31,0
482504,2,1,0,0,0,0,0,0,0,0,0,0
482505,1,1,0,18,0,0,0,27,0,0,0,13
482506,1,1,0,0,0,0,0,0,0,0,0,0
482506,2,1,0,0,0,0,0,0,0,0,0,0
482506,3,1,0,0,5,0,0,0,0,0,0,0
482507,1,1,0,0,38,0,23,0,4,0,0,0
482508,1,1,23,0,16,12,0,11,0,0,33,0
482508,2,1,12,0,0,0,18,0,14,0,0,14
482509,0,1,0,0,0,0,0,0,0,0,11,0
482509,1,1,0,16,0,0,0,0,0,0,0,11
482510,1,1,11,0,29,27,16,0,5,13,0,0
482510,2,1,17,17,17,17,17,17,17,17,17,17
482510,3,1,0,7,9,0,0,0,0,0,0,28
482511,1,1,19,19,19,19,19,19,19,19,19,19
482512,1,1,0,0,0,0,0,0,0,0,0,0
482512,2,1,22,22,22,22,22,22,22,22,22,22
482514,1,1,18,18,18,18,18,18,18,18,18,18
482515,1,1,0,0,0,0,0,0,0,0,0,0
482516,1,1,0,0,0,0,0,0,0,0,0,0
482517,1,1,16,16,16,16,16,16,16,16,16,16
482517,2,1,16,0,0,0,0,0,0,0,0,16
482517,3,1,20,15,13,0,18,0,4,0,49,9
482518,0,1,0,0,37,0,29,0,0,5,0,0
482518,1,1,10,0,0,0,8,0,8,9,0,0
482519,1,1,0,0,0,0,0,0,0,0,0,0
482519,2,1,10,0,0,0,0,0,0,0,0,0
482520,1,1,0,0,0,0,0,0,0,0,0,0
482521,1,1,0,0,0,0,0,6,8,0,0,0
482522,1,1,31,20,12,40,23,20,12,28,16,2
482523,1,1,0,0,0,19,0,0,0,0,0,0
482524,1,1,13,0,0,0,0,33,16,11,16,0
482524,2,1,0,0,0,0,0,0,0,0,0,0
482525,0,1,13,13,13,13,13,13,13,13,13,13
482525,1,1,0,0,0,0,0,20,24,0,34,0
482526,1,1,17,17,17,17,17,17,17,17,17,17
482527,0,1,0,0,0,0,0,0,0,0,0,0
482527,1,1,0,9,0,0,0,0,0,0,0,0
482528,1,1,0,0,0,0,0,0,0,0,0,0
482528,2,1,0,0,0,0,0,0,0,0,0,0
482528,3,1,20,0,0,0,0,0,0,0,0,0
482529,0,1,0,0,0,0,0,0,0,0,0,0
482529,1,1,21,0,0,23,0,0,0,8,9,0
482530,1,1,0,0,0,0,29,0,22,0,0,0
482530,2,1,0,0,0,0,0,0,0,0,0,0
482530,3,1,0,0,7,0,0,0,0,0,0,0
482531,1,1,14,14,14,14,14,14,14,14,14,14
482531,2,1,12,17,6,7,0,0,18,19,0,7
482532,1,1,0,7,0,0,0,0,11,0,0,0
482532,2,1,0,0,0,0,20,0,0,0,0,0
482533,1,1,5,18,11,33,0,0,0,17,9,30
482534,1,1,0,0,0,0,19,0,23,0,9,0
482534,2,1,0,0,0,0,0,0,0,0,4,0
482535,1,1,9,0,2,19,0,24,3,0,0,0
482535,2,1,0,0,0,20,0,19,0,9,0,0
482536,0,1,0,0,30,0,0,0,0,32,0,0
482536,1,1,20,12,0,0,0,0,0,25,13,0
482537,0,1,0,0,0,0,0,0,0,0,0,0
482537,1,1,20,13,0,15,0,12,13,24,0,15
482538,1,1,30,30,30,30,30,30,30,30,30,30