ST_CASE,VEH_NO,PER_NO,P1,P2,P3,P4,P5,P6,P7,P8,P9,P10
482538,2,1,0,0,23,0,0,0,0,24,0,0
482538,3,1,0,0,0,0,0,27,0,0,0,0
482538,4,1,0,0,0,0,14,0,0,19,17,0
482538,5,1,0,16,0,0,0,0,0,0,0,0
482539,0,1,0,0,0,0,0,0,0,0,0,0
482539,1,1,14,20,4,0,17,12,13,0,0,20
482540,1,1,0,0,0,0,0,0,0,0,0,0
482541,1,1,21,21,21,21,21,21,21,21,21,21
482542,1,1,0,0,0,0,0,0,0,0,0,0
482542,2,1,0,12,0,0,0,15,0,0,0,0
482543,1,1,33,33,33,33,33,33,33,33,33,33
482544,0,1,0,20,27,0,0,8,16,0,13,0
482544,1,1,0,0,0,32,0,0,0,0,0,11
482545,1,1,0,0,29,46,12,0,0,27,0,0
482545,2,1,14,14,14,14,14,14,14,14,14,14
482546,0,1,0,0,0,0,0,0,0,0,0,0
482546,1,1,25,18,10,19,0,0,26,0,21,0
482547,1,1,17,17,17,17,17,17,17,17,17,17
482548,1,1,21,21,21,21,21,21,21,21,21,21
482549,1,1,0,9,0,0,0,0,0,0,0,0
482549,2,1,8,0,0,0,0,0,0,0,0,0
482550,1,1,0,18,0,8,0,0,14,0,0,0
482550,2,1,0,0,0,0,0,0,0,0,0,0
482551,1,1,0,0,18,0,0,19,0,0,0,10
482551,2,1,0,0,0,0,0,0,0,0,0,0
482552,1,1,18,17,13,18,26,23,14,21,0,10
482554,1,1,8,0,0,0,0,0,0,0,9,0
482554,2,1,0,0,0,24,0,0,24,5,21,15
482555,1,1,0,0,0,0,0,0,0,0,0,0
482556,1,1,0,12,0,0,0,0,0,0,0,0
482556,2,1,0,0,0,0,0,0,0,0,0,0
482556,3,1,0,0,0,0,0,0,0,0,0,0
482557,1,1,0,0,0,0,0,0,0,0,0,0
482557,2,1,32,0,0,0,0,15,0,0,0,5
482558,1,1,16,16,16,16,16,16,16,16,16,16
482558,2,1,0,0,0,0,0,9,8,5,17,13
482559,1,1,0,3,0,0,0,0,0,0,0,0
482560,1,1,16,0,0,13,0,0,14,0,0,34
482561,1,1,29,0,8,24,28,19,0,0,31,29
482562,1,1,0,25,0,14,0,0,0,0,24,9
482562,2,1,0,0,0,0,0,0,13,0,0,0
482563,1,1,0,0,0,0,0,0,0,0,0,0
482564,1,1,23,23,23,23,23,23,23,23,23,23
482564,2,1,0,0,0,0,0,0,0,0,0,0
482565,1,1,0,0,18,0,0,0,0,32,0,0
482566,0,1,21,27,21,20,5,18,14,30,39,32
482566,1,1,0,0,0,0,0,0,0,0,0,0
482567,1,1,0,7,0,0,21,15,0,0,18,0
482567,2,1,15,0,0,10,51,22,22,0,5,0
482568,1,1,28,28,28,28,28,28,28,28,28,28
482568,2,1,0,0,11,0,0,0,0,21,17,11
482569,0,1,0,17,0,0,0,0,0,12,0,0
482569,1,1,18,18,18,18,18,18,18,18,18,18
482570,1,1,0,0,0,0,0,0,0,0,0,0
482570,2,1,0,0,0,0,0,0,0,0,0,0
482571,1,1,11,11,11,11,11,11,11,11,11,11
482571,2,1,10,0,9,21,47,15,0,0,0,0
482572,1,1,7,10,0,0,28,14,19,0,0,0
482572,2,1,0,0,11,0,0,0,0,0,0,0
482573,1,1,0,0,0,9,15,0,18,0,0,0
482573,2,1,0,11,8,0,0,20,15,14,0,25
482573,3,1,15,12,0,0,0,17,14,0,0,0
482574,1,1,0,16,13,25,0,14,17,39,0,0
482575,1,1,0,0,0,0,0,0,18,0,0,0
482575,2,1,0,0,0,0,0,0,0,0,0,0
482575,3,1,0,0,0,0,0,0,0,0,0,7
482576,1,1,0,0,15,0,8,12,0,6,19,17
482577,1,1,25,12,12,13,6,10,13,0,0,0
482577,2,1,0,0,0,0,0,0,0,0,0,0
482578,0,1,0,0,13,0,0,0,0,0,32,0
482578,1,1,28,28,28,28,28,28,28,28,28,28
482578,2,1,0,0,0,0,0,0,0,20,17,0
482579,1,1,7,0,0,13,7,0,0,25,38,0
482579,2,1,0,17,12,0,25,0,0,19,0,32
482579,3,1,0,18,0,0,0,23,15,0,0,0
482580,1,1,0,23,0,0,0,0,0,0,0,0
482581,1,1,18,13,0,17,8,12,0,0,0,0
482582,1,1,10,10,10,10,10,10,10,10,10,10
482583,1,1,0,0,18,19,0,0,0,19,0,6
482584,0,1,19,19,19,19,19,19,19,19,19,19
482584,1,1,0,0,6,0,0,0,0,19,22,0
482585,1,1,0,0,0,0,0,0,0,0,0,0
482585,2,1,16,8,0,0,0,0,8,0,0,0
482586,1,1,0,0,0,0,0,0,0,0,2,0
482586,2,1,0,0,0,0,0,0,0,0,4,0
482586,3,1,0,0,13,0,0,18,0,0,0,0
482586,4,1,12,0,0,0,0,0,10,0,14,0
482586,5,1,11,0,0,0,0,0,0,0,0,0
482586,6,1,0,12,0,0,0,0,0,0,0,0
482587,1,1,0,0,0,0,0,0,0,0,0,0
482587,2,1,0,17,0,0,0,0,9,24,0,19
482588,1,1,19,19,19,19,19,19,19,19,19,19
482589,1,1,0,8,4,0,26,0,0,0,0,0
482590,0,1,0,0,0,44,0,0,27,4,0,0
482590,1,1,0,0,0,0,0,0,0,0,0,0
482591,1,1,14,32,20,0,15,0,0,0,36,21
482592,0,1,0,0,0,0,0,0,0,0,0,0
482592,1,1,0,0,0,0,0,0,0,0,0,0
482593,1,1,0,10,0,0,7,0,0,0,0,0
482594,1,1,0,0,12,0,9,0,0,22,0,8
482594,2,1,6,6,6,6,6,6,6,6,6,6
482595,1,1,0,0,0,0,0,0,0,0,0,0
482595,2,1,1,1,1,1,1,1,1,1,1,1
482596,1,1,0,0,0,0,0,0,0,0,0,0
482596,2,1,0,0,0,0,0,16,0,9,0,0
482597,1,1,11,17,0,0,0,0,11,22,31,0
482597,2,1,0,10,0,18,0,0,0,0,0,0
482598,0,1,0,0,38,12,0,0,0,11,11,0
482598,1,1,0,25,9,0,11,10,0,0,16,12
482599,1,1,0,0,0,0,0,0,0,0,0,0
482600,0,1,6,0,0,12,13,15,0,0,0,0
482600,1,1,0,0,10,0,0,16,0,0,34,0
482601,1,1,13,13,13,13,13,13,13,13,13,13
482601,2,1,29,29,29,29,29,29,29,29,29,29
482602,1,1,22,22,22,22,22,22,22,22,22,22
482603,1,1,0,0,0,0,0,0,0,0,0,0
482604,1,1,0,0,0,0,0,0,0,16,0,0
482605,1,1,18,0,20,0,4,0,8,41,0,0
482606,0,1,1,1,1,1,1,1,1,1,1,1
482606,1,1,0,7,32,0,25,0,0,0,36,0
482607,1,1,0,0,0,0,0,0,0,0,0,0
482607,2,1,0,0,0,0,0,0,0,0,0,9
482608,1,1,12,12,12,12,12,12,12,12,12,12
482608,2,1,10,21,15,13,11,7,25,14,21,13
482608,3,1,10,10,10,10,10,10,10,10,10,10
482608,4,1,28,38,19,7,22,3,10,15,9,15
482609,1,1,0,0,0,0,0,0,17,0,0,0
482610,1,1,22,22,22,22,22,22,22,22,22,22
482610,2,1,22,22,22,22,22,22,22,22,22,22
482611,0,1,0,0,4,0,0,0,0,0,23,0
482611,0,2,0,9,0,0,44,0,0,0,0,13
482611,1,1,0,0,0,0,0,0,7,10,0,0
482612,1,1,10,0,0,9,21,0,0,0,0,0
482612,2,1,5,18,15,16,15,13,0,9,24,31
482613,1,1,7,7,7,7,7,7,7,7,7,7
482613,2,1,0,0,0,0,0,0,0,0,0,0
482614,1,1,0,0,0,0,0,0,0,0,0,0
482614,2,1,0,0,0,0,0,0,0,0,27,0
482615,0,1,0,0,0,0,0,0,0,0,0,0
482615,1,1,0,25,23,23,0,9,6,12,19,17
482616,1,1,0,0,9,0,13,0,0,0,0,0
482616,2,1,0,0,0,0,0,12,19,0,0,17
482617,1,1,0,0,0,0,0,0,0,0,0,0
482618,1,1,0,0,9,4,0,25,0,16,15,0
482618,2,1,0,0,0,0,0,0,0,0,0,0
482619,1,1,0,0,0,0,0,2,0,0,0,0
482619,2,1,22,11,0,0,0,0,0,0,0,20
482620,0,1,0,0,0,0,25,0,0,0,0,0
482620,1,1,0,0,0,0,0,0,0,0,0,0
482620,2,1,0,17,9,15,0,0,23,5,0,0
482621,0,1,0,0,0,18,0,0,0,0,27,21
482621,1,1,0,0,0,0,0,0,29,0,0,21
482622,1,1,0,23,0,0,18,0,0,0,14,9
482622,2,1,7,0,0,0,0,0,0,0,0,0
482623,1,1,4,0,2,0,14,0,0,0,0,13
482623,2,1,22,37,0,18,9,0,0,10,0,7
482624,1,1,0,0,0,0,0,0,0,0,0,0
482624,2,1,16,0,0,0,15,16,0,0,0,0
482624,3,1,0,0,0,0,0,0,0,0,0,0
482624,4,1,0,0,0,0,0,0,0,0,0,0
482625,1,1,0,0,0,0,0,0,0,0,0,0
482625,2,1,8,0,29,11,0,0,2,32,0,0
482626,1,1,20,6,17,3,15,5,8,19,4,20
482627,1,1,5,23,6,16,8,42,13,12,14,5
482627,2,1,0,0,0,0,9,0,0,0,0,0
482628,0,1,0,0,0,0,0,0,0,0,0,0
482628,0,2,26,0,0,0,0,17,0,15,0,14
482628,1,1,6,0,6,15,0,0,0,0,16,0
482629,1,1,0,0,0,0,0,0,0,0,0,0
482629,2,1,0,0,0,0,0,0,0,0,0,0
482630,1,1,0,17,0,11,0,0,0,0,0,0
482631,1,1,0,0,0,0,0,0,0,0,0,0
482631,2,1,0,0,0,0,27,0,0,0,0,0
482632,0,1,27,0,0,0,19,0,46,0,7,0
482632,1,1,12,12,12,12,12,12,12,12,12,12
482633,1,1,0,0,0,0,0,0,0,0,0,0
482633,2,1,0,0,0,0,0,0,0,0,6,0
482634,1,1,0,0,0,0,0,0,0,0,0,0
482634,2,1,0,0,0,0,0,0,0,0,0,0
482635,1,1,0,0,0,0,0,0,0,26,0,0
482635,2,1,0,0,0,0,0,0,0,0,0,0
482636,1,1,0,0,0,30,6,0,0,11,0,0
482636,2,1,0,0,0,0,0,0,0,0,0,0
482637,0,1,0,0,0,0,0,0,0,0,0,0
482637,1,1,1,1,1,1,1,1,1,1,1,1
482638,0,1,0,0,22,6,19,25,0,0,0,0
482638,1,1,0,0,0,7,0,0,16,0,0,0
482639,0,1,0,0,0,0,0,0,0,23,0,0
482639,1,1,0,0,0,0,0,0,0,0,0,27
482640,0,1,0,0,0,0,0,0,0,0,0,0
482640,1,1,33,26,6,23,0,0,0,11,0,0
482641,0,1,1,1,1,1,1,1,1,1,1,1
482641,1,1,6,6,6,6,6,6,6,6,6,6
482642,1,1,24,24,24,24,24,24,24,24,24,24
482643,1,1,0,0,0,0,0,0,0,0,0,0
482643,2,1,0,0,0,20,13,0,0,16,0,0
482644,1,1,17,17,17,17,17,17,17,17,17,17
482644,2,1,0,26,0,0,0,16,0,0,14,0
482645,1,1,22,22,22,22,22,22,22,22,22,22
482646,0,1,20,0,3,0,0,0,0,0,33,12
482646,1,1,0,0,0,0,0,0,0,0,0,0
482647,1,1,20,20,20,20,20,20,20,20,20,20
482648,1,1,0,0,0,0,0,0,0,0,0,0
482648,2,1,0,0,0,0,0,0,0,2,0,0
482649,0,1,20,0,37,0,18,0,0,20,0,18
482649,1,1,7,0,0,0,0,0,11,0,3,0
482650,0,1,0,6,28,0,0,0,0,0,0,34
482650,1,1,0,0,10,0,0,0,0,0,0,9
482651,1,1,0,0,9,0,18,20,7,0,0,8
482652,1,1,0,0,0,0,0,0,6,0,0,0
482652,2,1,22,0,0,0,0,6,0,0,0,0
482653,1,1,0,0,8,0,0,0,3,9,20,0
482654,1,1,0,0,28,0,0,0,0,0,0,0
482654,2,1,0,0,4,0,0,0,0,0,0,0
482655,1,1,9,9,9,9,9,9,9,9,9,9
482656,0,1,0,0,0,0,0,0,0,0,0,0
482656,1,1,0,7,0,0,0,0,0,0,0,0
482657,0,1,0,0,0,0,0,0,0,0,0,0
482657,1,1,0,0,29,0,0,0,0,19,0,26
482658,1,1,0,0,0,0,0,0,0,0,0,0
482658,2,1,0,0,0,0,0,0,0,0,0,0
482659,0,1,8,0,23,0,20,19,0,0,0,26
482659,1,1,0,9,0,0,0,0,0,0,0,0
482660,1,1,0,25,0,0,0,0,0,0,0,0
482660,2,1,0,0,0,0,0,0,0,0,0,0
482661,1,1,0,0,0,0,0,0,0,19,2,19
482661,2,1,0,0,0,0,0,0,0,0,0,0
482662,1,1,0,0,6,0,0,0,0,11,0,0
482662,2,1,0,3,11,0,0,0,6,0,0,0
482662,3,1,11,0,14,7,0,26,0,21,0,0
482662,4,1,0,0,0,0,0,0,0,0,0,0
482663,0,1,0,0,6,0,0,0,0,33,0,0
482663,1,1,0,0,0,0,0,0,0,0,0,0
482663,2,1,12,0,25,0,0,0,0,0,0,7
482664,1,1,28,28,28,28,28,28,28,28,28,28
482664,2,1,0,0,0,0,0,0,0,7,0,0
482665,1,1,0,4,0,0,0,0,0,0,0,0
482666,0,1,0,0,0,14,0,0,26,22,20,0
482666,1,1,0,5,0,0,24,0,0,0,0,16
482667,1,1,18,0,0,0,7,0,16,0,0,10
482667,2,1,18,0,16,7,0,12,0,0,17,0
482669,1,1,0,0,20,33,0,0,0,14,0,0
482669,2,1,0,0,0,0,19,0,0,0,15,0
482670,1,1,0,0,0,0,0,27,0,0,0,0
482670,2,1,0,0,7,0,0,0,0,0,0,0
482671,1,1,0,0,32,0,7,0,0,0,0,0
482672,1,1,5,5,5,5,5,5,5,5,5,5
482673,1,1,0,12,0,13,0,0,29,0,0,0
482673,2,1,0,17,0,0,18,0,0,0,0,0
482674,1,1,0,0,0,22,0,28,0,13,0,6
482675,1,1,26,26,26,26,26,26,26,26,26,26
482676,1,1,0,0,0,0,0,0,0,0,0,12
482676,2,1,0,0,0,0,0,0,0,0,0,2
482677,1,1,12,12,12,12,12,12,12,12,12,12
482678,1,1,0,0,0,0,0,0,0,0,0,0
482678,2,1,0,0,0,0,0,0,0,0,0,0
482679,1,1,0,0,0,0,0,0,0,0,0,0
482680,1,1,0,0,0,0,0,0,0,0,0,0
482680,2,1,0,0,0,0,0,0,0,0,10,0
482680,3,1,0,0,0,0,0,0,0,0,0,0
482681,1,1,5,5,5,5,5,5,5,5,5,5
482682,1,1,12,12,12,12,12,12,12,12,12,12
482683,1,1,0,0,0,0,0,0,0,0,0,0
482684,1,1,0,0,0,0,0,0,0,0,0,0
482684,2,1,0,0,0,0,0,0,0,0,0,0
482685,1,1,15,2,0,0,8,0,0,0,0,0
482685,2,1,0,15,24,0,20,0,11,6,0,0
482686,0,1,23,23,23,23,23,23,23,23,23,23
482686,1,1,0,0,0,0,0,0,0,0,0,0
482687,0,1,0,0,0,0,0,0,0,0,0,0
482687,1,1,0,0,0,0,0,0,0,0,32,0
482688,1,1,0,0,0,0,0,0,0,0,0,0
482688,2,1,0,0,0,0,19,0,0,0,21,0
482690,0,1,43,0,0,9,0,0,26,24,48,10
482690,1,1,0,0,0,0,0,0,0,0,0,0
482691,1,1,6,6,6,6,6,6,6,6,6,6
482691,2,1,0,18,3,0,19,0,0,0,0,0
482692,1,1,12,12,12,12,12,12,12,12,12,12
482692,2,1,0,0,0,0,0,0,0,0,0,0
482693,0,1,21,21,21,21,21,21,21,21,21,21
482693,1,1,7,10,20,11,0,0,0,11,0,5
482694,1,1,17,17,17,17,17,17,17,17,17,17
482694,2,1,2,2,2,2,2,2,2,2,2,2
482695,1,1,23,23,23,23,23,23,23,23,23,23
482695,2,1,0,0,0,0,0,0,32,0,0,0
482696,0,1,14,0,0,21,0,14,0,0,36,0
482696,1,1,0,0,0,0,0,10,0,0,10,0
482697,1,1,0,0,0,0,0,0,0,0,0,0
482698,1,1,21,17,0,0,20,0,0,0,0,0
482698,2,1,0,0,0,0,0,0,0,22,24,6
482699,1,1,0,0,0,0,0,0,0,0,0,0
482700,0,1,33,33,33,33,33,33,33,33,33,33
482700,1,1,27,0,0,0,0,0,0,0,0,0
482701,1,1,0,0,0,35,0,0,0,0,0,23
482701,2,1,0,0,0,0,0,17,0,0,11,0
482702,1,1,0,0,0,0,0,0,0,11,0,0
482702,2,1,0,0,38,9,0,0,14,0,0,0
482702,3,1,0,0,0,0,0,0,0,0,0,0
482703,1,1,21,21,21,21,21,21,21,21,21,21
482703,2,1,7,0,0,0,11,21,14,22,8,18
482704,1,1,0,23,20,19,18,10,16,0,24,0
482705,0,1,18,18,18,18,18,18,18,18,18,18
482705,1,1,9,43,14,0,4,0,0,13,6,0
482706,1,1,0,0,0,22,0,16,10,0,0,0
482706,2,1,0,0,0,0,0,0,0,4,0,0
482707,1,1,0,26,0,0,0,0,7,0,0,0
482708,1,1,42,8,0,0,0,11,3,0,25,31
482708,2,1,0,0,0,0,14,3,0,0,0,0
482709,1,1,0,0,0,0,0,0,0,0,0,0
482710,1,1,0,0,5,13,0,39,0,0,0,0
482710,2,1,0,0,0,0,0,0,0,0,0,0
482711,1,1,0,0,0,0,0,0,0,0,0,0
482711,2,1,0,0,0,0,0,0,0,0,0,0
482712,1,1,0,0,0,0,0,0,0,0,0,0
482712,2,1,0,0,0,0,0,0,0,0,0,0
482713,1,1,13,13,13,13,13,13,13,13,13,13
482714,0,1,0,0,21,0,0,0,0,18,0,13
482714,1,1,0,0,0,0,0,0,0,0,0,0
482714,2,1,0,0,0,0,3,0,0,0,0,0
482714,3,1,0,0,0,12,0,0,0,0,11,0
482715,1,1,0,31,0,0,18,12,0,0,20,0
482715,2,1,0,0,0,0,0,0,0,0,0,0
482716,1,1,0,0,0,0,0,0,0,0,0,0
482717,1,1,0,0,0,0,10,0,0,0,0,16
482717,2,1,0,0,0,0,0,0,20,0,0,0
482718,0,1,0,0,0,0,0,0,0,0,0,0
482718,1,1,0,10,11,0,8,14,0,0,0,16
482719,1,1,17,17,17,17,17,17,17,17,17,17
482720,1,1,0,0,0,0,0,0,14,0,21,10
482720,2,1,0,0,0,0,0,0,0,0,0,0
482721,1,1,14,0,0,0,0,0,0,0,19,0
482722,1,1,15,15,15,15,15,15,15,15,15,15
482722,2,1,11,11,11,11,11,11,11,11,11,11
482723,1,1,0,22,0,0,13,0,0,0,0,0
482723,2,1,0,0,8,23,13,9,7,6,0,0
482725,0,1,0,0,0,0,0,0,0,0,0,0
482725,1,1,0,0,0,0,0,0,21,0,0,13
482725,2,1,0,0,17,0,18,0,0,18,0,0
482726,0,1,0,0,0,10,0,0,0,0,19,0
482726,1,1,0,0,0,0,0,0,18,0,0,0
482727,1,1,18,0,9,12,19,0,24,0,11,16
482728,1,1,19,0,0,18,21,0,14,0,0,17
482729,1,1,10,24,8,30,6,17,9,22,10,21
482730,1,1,0,0,0,0,0,0,0,0,0,0
482730,2,1,0,0,2,0,0,0,0,0,0,0
482731,1,1,0,0,0,0,0,0,0,0,0,0
482732,1,1,0,17,0,17,0,9,0,0,0,0
482733,1,1,18,18,18,18,18,18,18,18,18,18
482734,1,1,0,29,13,0,6,0,20,0,0,0
482734,2,1,17,8,0,0,0,0,5,0,0,14
482735,1,1,29,0,0,0,10,24,21,35,0,0
482736,1,1,0,0,13,10,0,0,13,0,5,0
482736,2,1,27,0,0,0,0,0,0,0,0,0
482737,1,1,0,0,0,0,0,0,0,0,0,0
482737,2,1,0,6,0,0,0,0,0,0,0,0
482738,1,1,25,25,25,25,25,25,25,25,25,25
482738,2,1,0,0,0,0,0,0,0,0,4,0
482739,1,1,16,16,16,16,16,16,16,16,16,16
482740,1,1,29,29,29,29,29,29,29,29,29,29
482741,1,1,37,11,0,0,0,0,0,0,0,0
482741,2,1,0,0,7,0,0,0,0,0,0,0
482742,1,1,0,0,11,0,0,0,0,0,0,0
482742,2,1,0,29,0,0,26,0,0,0,12,0
482743,1,1,0,0,0,0,0,0,0,0,0,0
482744,0,1,20,0,0,0,0,0,0,0,21,0
482744,1,1,5,0,2,16,0,0,0,11,0,0
482744,3,1,0,0,13,0,18,5,0,0,0,0
482745,1,1,33,33,33,33,33,33,33,33,33,33
482745,2,1,0,0,0,0,0,0,0,0,0,0
482746,1,1,17,17,17,17,17,17,17,17,17,17
482747,1,1,0,0,0,24,17,0,0,0,0,0
482747,2,1,0,0,0,0,0,0,0,0,0,0
482748,0,1,9,0,12,9,0,14,0,0,11,0
482748,1,1,23,0,6,15,0,15,0,0,0,0
482749,1,1,10,0,0,20,14,20,0,7,14,0
482750,1,1,0,8,0,0,0,12,0,9,0,0
482751,1,1,31,31,31,31,31,31,31,31,31,31
482752,1,1,18,19,6,0,0,15,20,3,7,23
482753,1,1,9,9,9,9,9,9,9,9,9,9
482753,2,1,9,9,9,9,9,9,9,9,9,9
482754,1,1,0,13,33,11,0,0,0,21,0,21
482754,2,1,13,0,0,11,20,14,0,7,0,16
482755,1,1,0,0,0,0,0,0,0,34,0,0
482755,2,1,0,0,0,7,15,0,0,0,0,0
482756,1,1,14,5,15,0,30,0,14,0,12,31
482757,1,1,22,22,22,22,22,22,22,22,22,22
482758,1,1,0,15,0,0,11,0,0,0,0,0
482759,1,1,19,19,19,19,19,19,19,19,19,19
482759,2,1,2,0,0,0,0,0,0,0,0,0
482760,1,1,0,0,0,0,11,0,0,0,0,0
482761,1,1,0,0,25,0,26,8,0,0,0,0
482762,1,1,0,0,0,0,0,20,0,0,0,0
482763,1,1,17,0,0,7,0,4,26,8,0,11
482763,2,1,7,0,13,0,0,0,14,0,0,0
482763,3,1,0,8,0,0,21,0,0,19,0,0
482764,1,1,0,0,0,15,15,0,12,14,0,0
482765,1,1,8,7,15,23,22,11,20,15,0,14
482765,2,1,0,0,0,0,0,0,0,0,0,0
482766,0,1,0,0,0,0,0,0,0,0,0,0
482766,1,1,11,0,6,0,0,0,0,0,0,0
482767,1,1,33,10,16,15,7,21,14,32,9,25
482768,1,1,18,6,18,10,44,20,20,4,13,15
482769,1,1,13,13,13,13,13,13,13,13,13,13
482771,1,1,0,0,0,0,0,6,0,23,0,0
482771,2,1,0,7,0,0,14,0,24,0,21,13
482772,1,1,0,0,0,0,0,0,0,0,12,0
482772,2,1,0,26,0,0,0,0,0,0,0,7
482773,0,1,0,0,0,0,0,7,14,0,0,0
482773,1,1,0,12,6,10,0,0,0,0,0,0
482774,0,1,0,0,0,0,0,0,0,0,0,0
482774,1,1,0,17,0,0,22,18,0,0,0,0
482775,1,1,10,10,10,10,10,10,10,10,10,10
482775,2,1,0,0,0,0,9,0,32,0,0,20
482777,0,1,11,14,0,0,0,38,0,0,44,0
482777,1,1,0,0,0,0,0,0,0,0,7,0
482778,0,1,8,0,22,14,13,0,0,16,17,20
482778,1,1,12,0,0,1,31,13,5,0,10,21
482779,0,1,0,0,0,19,15,22,10,37,0,0
482779,1,1,16,0,0,0,0,20,0,0,0,41
482780,1,1,0,0,0,14,5,14,22,0,15,0
482781,0,1,0,19,8,21,0,0,22,0,7,0
482781,1,1,0,0,0,7,13,3,9,0,20,0
482782,1,1,0,0,0,0,0,0,0,0,0,0
482783,1,1,0,0,0,0,29,41,0,0,0,0
482784,0,1,0,0,0,0,14,0,0,0,19,34
482784,1,1,0,33,0,3,11,17,0,8,0,17
482785,1,1,0,0,0,0,0,0,0,0,0,0
482786,1,1,0,0,0,0,0,0,0,11,4,0
482786,2,1,10,0,0,0,0,0,0,0,0,0
482787,1,1,0,24,0,30,18,0,0,19,19,0
482788,1,1,20,20,20,20,20,20,20,20,20,20
482789,0,1,7,0,0,0,12,20,19,21,0,32
482789,1,1,0,20,0,0,0,0,14,0,0,0
482789,2,1,0,0,0,0,0,0,0,0,0,0
482790,1,1,0,11,0,18,0,32,24,0,16,0
482791,0,1,16,0,7,53,0,0,0,0,24,0
482791,1,1,0,0,0,0,0,0,0,0,0,0
482792,1,1,0,0,0,0,0,0,0,0,0,0
482792,2,1,0,0,0,0,0,0,0,0,0,0
482793,1,1,0,0,0,0,0,20,0,0,0,40
482794,1,1,0,0,0,0,0,0,0,14,0,0
482794,2,1,0,0,6,0,0,0,0,0,0,0
482795,1,1,21,16,13,17,19,14,0,23,21,27
482796,0,1,0,0,0,0,0,0,28,0,18,0
482796,1,1,0,11,0,0,0,0,0,18,8,0
482797,1,1,0,30,0,0,0,12,0,0,0,13
482798,0,1,0,0,0,0,0,0,0,0,0,0
482798,0,2,0,0,0,0,0,0,0,0,0,0
482798,1,1,0,0,0,0,0,0,0,0,0,0
482798,2,1,0,0,0,0,0,0,0,0,6,0
482799,1,1,18,0,0,0,17,0,12,8,23,0
482800,1,1,0,0,0,0,0,0,0,0,0,0
482800,2,1,0,0,0,4,0,0,0,0,0,0
482801,0,1,30,0,44,0,0,0,0,0,0,0
482801,1,1,0,0,0,25,0,0,0,12,0,0
482802,0,1,0,20,29,0,0,19,14,0,0,14
482802,1,1,0,25,0,0,0,0,9,0,23,11
482803,1,1,0,0,0,0,0,0,0,0,0,0
482803,2,1,0,0,0,0,0,0,0,0,0,0
482805,1,1,0,0,0,0,0,0,0,0,0,0
482806,1,1,0,0,0,12,15,0,0,0,0,26
482806,2,1,0,0,0,0,0,0,0,0,0,0
482807,1,1,0,0,0,0,0,0,0,0,0,0
482807,2,1,0,0,0,0,0,0,0,0,0,0
482809,1,1,0,0,0,6,0,0,0,0,0,0
482810,0,1,0,0,5,0,28,0,0,0,6,0
482810,1,1,0,0,9,0,5,18,23,8,0,15
482811,1,1,0,0,0,0,0,0,0,0,0,0
482811,2,1,0,0,0,0,0,0,0,0,0,16
482812,1,1,0,0,0,0,0,0,0,27,0,0
482812,2,1,0,0,0,0,0,0,0,0,0,0
482813,1,1,12,21,27,18,5,26,33,7,29,23
482814,1,1,0,0,0,0,0,0,0,0,0,0
482814,2,1,0,19,0,0,0,13,0,0,0,0
482815,1,1,0,0,0,0,0,0,33,0,0,0
482816,1,1,31,31,31,31,31,31,31,31,31,31
482816,2,1,0,0,0,34,0,23,21,0,0,12
482816,3,1,0,0,0,0,0,0,0,0,0,0
482817,0,1,0,0,0,0,0,0,0,0,0,0
482817,1,1,0,0,0,0,0,0,0,0,0,0
482818,1,1,25,12,0,0,0,0,0,0,0,0
482818,2,1,25,25,25,25,25,25,25,25,25,25
482819,1,1,19,25,16,0,11,22,23,0,38,13
482820,1,1,0,0,0,0,0,0,0,0,0,0
482820,2,1,2,2,2,2,2,2,2,2,2,2
482821,1,1,0,0,0,0,0,0,0,0,0,0
482822,0,1,23,23,23,23,23,23,23,23,23,23
482822,1,1,9,0,0,15,0,19,13,14,0,7
482823,1,1,18,18,18,18,18,18,18,18,18,18
482824,1,1,0,0,0,0,0,0,0,0,0,0
482825,1,1,0,0,16,0,18,0,0,0,15,6
482826,1,1,0,0,0,0,0,0,0,0,0,0
482827,1,1,0,0,0,12,0,0,19,0,0,15
482828,0,1,0,0,0,0,22,0,16,19,0,0
482828,1,1,3,19,13,15,22,0,24,16,21,10
482829,1,1,10,0,0,0,0,11,0,7,13,0
482829,2,1,0,0,0,0,0,13,0,0,18,8
482830,1,1,0,0,0,0,0,0,0,0,0,0
482830,2,1,0,0,0,0,0,0,0,0,0,0
482831,1,1,0,0,0,0,0,0,19,0,0,28
482831,2,1,0,8,0,0,0,0,0,0,0,0