ST_CASE,VEH_NO,PER_NO,P1,P2,P3,P4,P5,P6,P7,P8,P9,P10
483396,2,1,0,0,0,0,17,0,0,0,0,0
483397,1,1,14,14,14,14,14,14,14,14,14,14
483398,1,1,0,14,0,28,0,0,0,0,0,0
483399,1,1,9,0,0,0,0,0,0,0,0,0
483399,2,1,10,0,0,0,0,0,0,0,0,0
483400,1,1,0,0,0,0,9,0,0,0,0,0
483401,1,1,0,0,0,0,0,0,0,0,0,0
483401,2,1,0,0,0,0,0,0,0,0,0,0
483402,1,1,20,0,23,0,0,0,18,0,28,35
483403,0,1,0,0,0,0,0,0,0,0,0,0
483403,1,1,0,0,0,0,0,9,0,0,0,0
483404,1,1,0,0,0,0,0,0,0,0,0,0
483404,2,1,0,0,0,0,0,0,0,0,0,0
483406,1,1,0,0,0,32,0,0,0,0,0,0
483406,2,1,0,0,0,0,0,0,0,0,0,0
483408,1,1,0,0,0,0,0,0,0,0,0,0
483408,2,1,0,0,26,7,12,12,11,0,0,18
483409,0,1,7,7,7,7,7,7,7,7,7,7
483409,0,2,0,0,0,0,0,0,0,0,0,0
483409,1,1,12,0,0,0,0,0,0,0,0,0
483410,0,1,0,0,0,0,0,0,0,0,0,0
483410,1,1,0,0,0,0,0,0,0,0,0,0
483411,1,1,0,0,0,0,17,0,0,0,0,0
483412,1,1,0,0,4,0,0,0,0,0,0,0
483412,2,1,0,20,24,0,0,20,0,0,0,0
483413,1,1,0,0,0,0,39,0,12,20,0,0
483413,2,1,0,0,0,0,0,0,0,0,0,0
483414,0,1,1,0,0,0,0,0,0,30,30,6
483414,1,1,10,0,0,0,0,0,0,0,0,0
483415,1,1,0,0,0,0,0,0,0,0,0,0
483415,2,1,0,19,0,5,16,0,18,23,7,4
483416,0,1,0,0,0,0,29,7,0,0,0,0
483416,1,1,28,18,21,19,14,13,19,12,21,18
483417,1,1,4,4,4,4,4,4,4,4,4,4
483418,0,1,22,22,22,22,22,22,22,22,22,22
483418,1,1,0,0,16,14,0,0,0,15,0,0
483419,1,1,0,0,0,0,0,0,0,0,0,0
483419,2,1,19,0,0,0,10,0,10,0,0,0
483419,3,1,0,0,0,0,0,0,0,0,0,0
483419,4,1,0,0,0,0,0,0,0,0,0,0
483419,5,1,0,0,0,0,0,0,0,0,0,0
483419,6,1,0,0,0,0,0,0,0,0,0,0
483420,0,1,0,0,0,0,0,0,0,0,0,0
483420,1,1,15,10,7,12,0,0,15,12,5,12
483421,1,1,17,17,17,17,17,17,17,17,17,17
483421,2,1,0,0,0,0,0,0,0,0,0,0
483422,1,1,0,0,18,0,16,0,0,0,0,0
483423,0,1,0,0,0,0,0,0,0,0,0,0
483423,1,1,24,0,0,0,0,0,19,0,0,0
483424,1,1,0,0,0,0,0,0,10,0,0,0
483424,2,1,11,0,0,8,24,0,0,0,0,0
483425,0,1,0,16,0,0,15,15,20,14,14,0
483425,1,1,10,0,0,7,19,0,0,0,0,18
483426,1,1,21,35,22,0,0,0,0,20,0,12
483426,2,1,0,0,0,13,0,0,0,15,0,0
483427,1,1,6,18,0,0,17,0,0,0,0,11
483427,2,1,0,0,0,0,0,18,16,0,22,24
483428,1,1,15,15,15,15,15,15,15,15,15,15
483428,2,1,0,23,11,16,10,14,0,0,21,30
483429,1,1,14,14,14,14,14,14,14,14,14,14
483429,2,1,0,0,13,9,13,0,26,21,12,25
483430,1,1,0,42,8,0,0,20,20,0,0,0
483431,0,1,15,0,0,20,0,0,0,7,0,0
483431,1,1,0,0,0,0,0,11,0,0,15,0
483432,0,1,31,31,31,31,31,31,31,31,31,31
483432,1,1,25,7,24,0,13,11,20,28,0,17
483434,1,1,0,0,0,0,0,0,0,0,0,0
483434,2,1,0,0,0,0,0,0,0,0,0,0
483435,1,1,0,0,0,0,0,0,0,0,0,0
483435,2,1,0,0,0,0,0,0,0,0,0,0
483436,1,1,0,33,0,0,25,0,0,0,0,4
483437,1,1,0,0,0,0,0,0,0,0,0,6
483437,2,1,0,0,0,0,0,0,0,0,0,10
483438,1,1,13,40,29,18,14,17,0,18,26,27
483439,1,1,0,0,0,0,0,16,0,0,0,0
483440,0,1,0,0,0,0,19,0,0,0,0,0
483440,1,1,0,4,0,0,0,0,0,0,0,0
483441,0,1,10,17,0,0,10,0,20,28,0,9
483441,1,1,0,0,0,17,0,0,0,0,0,13
483442,1,1,0,24,11,28,13,17,7,14,0,0
483443,0,1,3,3,3,3,3,3,3,3,3,3
483443,1,1,0,0,8,0,24,0,22,0,13,18
483443,2,1,5,12,0,0,0,0,0,13,0,0
483444,0,1,0,0,0,0,0,0,0,0,0,0
483444,1,1,14,0,0,0,0,0,15,0,0,0
483444,2,1,25,12,33,0,0,0,0,0,0,8
483445,0,1,0,0,0,0,0,0,0,0,0,19
483445,1,1,5,0,0,0,8,0,0,0,0,0
483446,1,1,0,0,0,0,0,0,0,33,0,0
483446,2,1,0,0,0,0,0,0,0,0,0,0
483447,1,1,0,0,2,7,9,0,0,0,0,13
483448,0,1,18,18,18,18,18,18,18,18,18,18
483448,1,1,0,0,7,1,11,22,14,0,22,7
483449,0,1,30,23,0,0,0,0,38,23,0,8
483449,1,1,0,0,0,0,16,19,0,0,12,0
483450,1,1,0,7,10,10,21,0,0,0,0,19
483451,1,1,0,0,0,0,0,0,0,0,0,0
483451,2,1,12,12,12,12,12,12,12,12,12,12
483451,3,1,21,27,18,14,25,22,8,3,0,0
483451,4,1,14,10,0,5,17,25,14,14,6,23
483452,1,1,0,0,0,0,0,0,0,23,0,0
483452,2,1,0,0,0,0,0,0,14,0,0,0
483452,3,1,0,0,0,0,0,0,0,0,27,0
483453,1,1,10,10,10,10,10,10,10,10,10,10
483453,2,1,0,0,0,0,0,0,0,0,0,0
483454,0,1,16,16,16,16,16,16,16,16,16,16
483454,1,1,3,0,0,0,13,14,5,25,17,0
483455,1,1,16,16,16,16,16,16,16,16,16,16
483456,1,1,0,0,0,0,27,0,0,0,0,0
483457,1,1,11,11,11,11,11,11,11,11,11,11
483457,2,1,0,0,0,0,0,8,0,0,0,0
483458,0,1,19,19,19,19,19,19,19,19,19,19
483458,1,1,14,0,0,0,32,4,0,27,0,0
483459,1,1,0,0,0,19,24,0,0,0,20,0
483460,1,1,0,0,0,0,0,0,0,0,0,0
483460,2,1,0,0,0,0,0,0,0,0,0,0
483461,1,1,0,25,0,0,0,0,0,0,8,0
483461,2,1,0,0,0,29,0,17,0,23,16,0
483462,1,1,0,0,0,0,0,0,0,0,0,0
483462,2,1,0,0,0,0,8,0,0,0,0,0
483463,1,1,0,0,0,0,0,0,0,0,0,0
483463,2,1,0,11,0,0,14,0,0,0,0,0
483464,1,1,29,29,29,29,29,29,29,29,29,29
483464,2,1,0,6,0,0,0,10,0,0,0,0
483465,0,1,19,14,0,12,0,0,15,7,0,0
483465,1,1,5,0,10,9,8,29,18,19,0,0
483466,1,1,0,0,0,0,0,0,3,0,0,0
483466,2,1,15,0,0,0,0,36,0,0,25,0
483466,3,1,0,0,0,0,0,0,0,0,8,0
483467,1,1,0,0,10,42,0,18,0,0,0,12
483468,1,1,29,29,29,29,29,29,29,29,29,29
483469,1,1,20,0,0,0,0,0,0,0,9,0
483470,0,1,0,24,0,0,22,10,0,0,0,0
483470,1,1,0,0,20,12,0,0,17,9,0,0
483471,0,1,0,0,0,0,0,0,0,0,0,0
483471,1,1,7,0,36,9,12,11,0,0,27,14
483472,1,1,54,0,0,0,5,0,0,0,28,0
483472,2,1,0,0,0,12,0,0,0,0,0,0
483473,1,1,18,18,18,18,18,18,18,18,18,18
483473,2,1,0,0,0,0,0,0,0,0,8,0
483474,0,1,29,29,29,29,29,29,29,29,29,29
483474,1,1,0,0,5,0,0,8,0,0,21,0
483474,2,1,14,16,0,0,0,0,10,0,0,0
483475,0,1,0,0,0,0,0,0,0,0,0,0
483475,1,1,23,0,14,0,0,0,0,0,0,10
483476,1,1,0,0,0,0,0,0,0,0,28,0
483477,1,1,10,0,0,0,26,0,0,0,0,19
483479,1,1,0,11,0,0,0,0,0,15,40,0
483479,2,1,0,0,0,0,0,0,17,0,0,0
483480,0,1,24,24,24,24,24,24,24,24,24,24
483480,1,1,28,19,0,18,15,0,27,0,0,0
483481,1,1,0,0,0,0,0,0,0,0,0,25
483481,2,1,12,0,0,0,0,0,0,0,0,0
483482,0,1,0,9,0,0,0,0,0,0,0,0
483482,1,1,0,0,0,0,0,0,16,0,0,0
483483,1,1,22,22,22,22,22,22,22,22,22,22
483484,1,1,4,4,4,4,4,4,4,4,4,4
483484,2,1,0,0,0,0,0,0,0,0,0,0
483485,1,1,0,0,17,0,16,0,0,8,0,14
483485,2,1,19,19,19,19,19,19,19,19,19,19
483486,1,1,0,0,0,0,0,0,0,0,0,0
483487,1,1,0,27,12,0,0,0,23,6,0,0
483488,1,1,25,25,25,25,25,25,25,25,25,25
483488,2,1,0,0,0,24,28,12,0,0,0,0
483489,1,1,18,18,18,18,18,18,18,18,18,18
483490,1,1,0,0,20,31,0,0,0,27,18,0
483490,2,1,0,0,0,0,0,10,0,0,0,0
483491,1,1,0,0,19,0,18,0,0,15,0,7
483491,2,1,0,0,0,0,0,0,0,0,0,0
483493,1,1,19,0,33,5,0,17,0,17,21,18
483494,1,1,0,0,0,0,0,0,0,0,0,0
483495,1,1,0,0,0,0,0,0,0,0,0,9
483495,2,1,0,0,0,0,0,0,0,15,0,0
483496,1,1,0,0,0,0,0,0,0,0,0,0
483496,2,1,0,0,0,0,0,0,0,0,0,0
483496,3,1,0,0,0,8,0,0,0,0,0,0
483497,0,1,0,0,0,0,0,0,0,0,32,0
483497,1,1,0,0,0,0,0,0,7,12,0,12
483497,2,1,0,0,0,0,0,0,0,0,0,19
483497,3,1,0,20,10,25,0,0,0,0,18,0
483498,1,1,0,33,0,0,20,0,6,13,0,0
483499,0,1,0,0,0,0,0,0,0,21,0,0
483499,1,1,0,0,0,0,0,0,0,0,0,0
483500,1,1,12,20,15,29,24,17,5,10,16,12
483500,2,1,0,0,22,0,0,0,0,0,0,0
483501,1,1,0,0,0,0,0,0,11,0,0,0
483502,1,1,9,11,16,16,47,19,12,27,13,8
483503,1,1,0,0,0,25,0,0,0,0,19,0
483503,2,1,0,0,0,9,0,0,0,0,0,0
483504,1,1,0,0,0,0,0,0,0,0,0,0
483505,1,1,29,19,8,16,18,32,0,18,12,14
483505,2,1,0,0,0,0,0,0,0,0,0,0
483506,1,1,19,22,15,21,28,9,0,11,0,13
483507,1,1,2,2,2,2,2,2,2,2,2,2
483508,1,1,0,0,0,0,0,0,0,0,0,0
483508,2,1,0,0,10,0,0,0,0,0,0,19
483509,1,1,20,20,20,20,20,20,20,20,20,20
483509,2,1,0,18,0,0,0,31,0,0,0,0
483510,0,1,0,2,0,12,0,0,18,0,14,0
483510,1,1,0,0,0,0,17,0,0,20,0,0
483511,0,1,0,0,0,0,0,0,0,0,0,0
483511,1,1,0,0,0,0,0,0,0,0,0,0
483512,1,1,0,0,0,4,0,0,10,0,0,0
483512,2,1,0,18,0,7,27,0,9,30,0,19
483512,3,1,0,0,0,0,0,6,0,21,0,0
483512,4,1,0,9,0,0,5,0,2,0,0,0
483512,5,1,14,0,0,0,0,0,8,9,0,0
483512,6,1,0,0,0,0,14,0,0,0,0,0
483513,1,1,14,14,14,14,14,14,14,14,14,14
483513,2,1,0,34,16,0,0,26,0,0,7,0
483513,3,1,32,23,0,0,0,0,0,30,29,0
483513,4,1,10,0,12,11,0,13,16,0,0,33
483513,5,1,19,13,0,0,0,15,0,0,0,0
483514,1,1,0,0,0,0,0,0,0,0,0,0
483514,2,1,0,0,0,0,0,0,0,19,0,0
483515,1,1,0,0,0,0,0,0,0,0,13,0
483515,2,1,0,0,0,12,6,14,9,0,16,0
483516,0,1,13,20,0,0,0,0,0,0,0,0
483516,1,1,11,0,0,0,23,4,0,11,0,0
483517,1,1,0,0,0,0,0,0,0,0,0,0
483517,2,1,0,0,0,0,0,0,0,0,0,0
483518,1,1,13,13,13,13,13,13,13,13,13,13
483519,0,1,0,0,0,13,21,3,0,0,7,0
483519,1,1,0,3,13,0,31,0,3,15,28,5
483520,1,1,0,0,0,0,0,0,0,0,0,0
483520,2,1,0,7,0,0,0,0,6,0,0,0
483521,1,1,0,0,0,0,0,0,0,10,9,4
483521,2,1,0,0,0,0,0,0,0,0,0,0
483522,1,1,0,0,0,0,13,0,0,0,0,0
483522,2,1,0,0,0,0,0,0,0,0,0,0
483522,3,1,0,0,0,0,6,0,0,0,0,0
483523,0,1,0,0,0,0,0,0,0,0,0,0
483523,1,1,0,0,0,0,0,0,10,0,0,0
483524,1,1,0,28,0,0,0,30,30,0,0,0
483524,2,1,0,0,26,20,0,0,0,0,0,0
483524,3,1,0,0,0,20,0,0,0,0,0,0
483525,0,1,0,19,0,17,9,0,0,44,20,17
483525,1,1,17,10,14,12,17,0,0,14,0,6
483526,1,1,0,0,0,0,0,0,0,0,0,5
483526,2,1,0,0,0,0,0,0,0,0,0,0
483527,1,1,0,0,0,0,0,0,0,0,0,0
483527,2,1,0,0,0,0,0,0,0,0,0,0
483528,0,1,11,3,16,0,0,30,27,37,29,22
483528,1,1,0,0,0,0,0,0,26,0,7,0
483529,1,1,18,0,15,14,0,0,0,0,0,7
483530,0,1,0,0,0,0,0,0,0,0,0,0
483530,0,2,0,0,0,0,0,0,0,0,0,0
483530,0,3,0,0,0,0,0,0,0,0,0,0
483530,1,1,28,0,0,0,10,0,0,0,0,0
483531,1,1,11,24,6,0,7,3,0,15,11,18
483531,2,1,0,0,0,0,0,0,0,0,0,0
483532,0,1,24,24,24,24,24,24,24,24,24,24
483532,1,1,0,0,0,0,0,0,0,0,0,0
483533,1,1,0,0,17,0,0,15,0,15,0,14
483534,1,1,10,9,18,17,35,15,24,15,17,5
483535,0,1,0,0,0,0,11,0,24,16,0,0
483535,1,1,0,0,0,0,0,30,0,0,0,0
483536,1,1,17,17,17,17,17,17,17,17,17,17
483537,1,1,0,0,0,0,0,0,6,0,0,0
483537,2,1,0,0,0,0,0,0,0,0,0,0
483538,1,1,18,18,18,18,18,18,18,18,18,18
483538,2,1,0,0,0,0,0,0,0,4,0,0
483539,1,1,0,0,0,0,13,0,0,0,0,0
483540,1,1,19,0,0,0,0,0,0,0,0,0
483540,2,1,0,0,0,6,0,0,0,0,0,7
483540,3,1,0,0,0,0,0,0,32,0,0,0
483540,4,1,0,0,0,0,0,0,0,0,0,0
483541,1,1,0,0,0,0,0,0,0,0,0,0
483541,2,1,0,0,0,0,0,0,0,0,0,0
483542,1,1,0,0,0,0,0,0,0,0,0,0
483542,2,1,22,0,8,16,0,0,0,0,8,0
483542,3,1,0,15,28,0,0,26,0,0,4,13
483543,1,1,18,0,0,0,0,0,0,0,12,33
483543,2,1,0,0,20,0,13,0,0,43,0,20
483544,1,1,15,15,15,15,15,15,15,15,15,15
483544,2,1,0,0,0,0,0,0,0,0,0,0
483545,1,1,0,12,22,30,0,0,0,0,28,15
483545,2,1,10,0,0,0,0,0,0,0,0,0
483546,1,1,1,1,1,1,1,1,1,1,1,1
483547,1,1,3,0,19,0,0,0,0,0,0,20
483547,2,1,0,0,0,0,0,0,0,0,0,0
483548,1,1,0,0,0,0,0,0,0,0,0,0
483549,1,1,22,22,22,22,22,22,22,22,22,22
483549,2,1,0,0,0,0,0,0,0,0,0,0
483550,1,1,0,0,0,0,0,0,0,0,0,0
483551,1,1,13,13,13,13,13,13,13,13,13,13
483551,2,1,0,0,22,0,0,0,0,0,0,19
483552,1,1,0,0,0,0,0,0,0,0,0,0
483552,2,1,0,0,0,0,0,0,0,0,0,24
483553,1,1,0,29,0,0,18,0,0,0,0,0
483553,2,1,34,0,0,0,0,0,0,0,0,0
483554,1,1,0,0,0,0,15,17,15,0,0,0
483554,2,1,14,24,0,0,0,0,0,0,0,0
483555,0,1,16,16,16,16,16,16,16,16,16,16
483555,1,1,0,0,0,0,14,25,11,0,0,0
483555,2,1,0,0,0,0,0,0,0,0,0,0
483556,1,1,0,0,0,0,0,0,0,0,0,0
483556,2,1,0,0,0,0,0,0,0,0,0,0
483557,1,1,11,11,11,11,11,11,11,11,11,11
483558,1,1,0,0,0,0,0,26,14,0,0,0
483558,2,1,0,0,0,0,0,7,32,0,31,0
483559,0,1,1,1,1,1,1,1,1,1,1,1
483559,1,1,4,32,0,22,11,19,13,0,0,24
483559,2,1,0,32,14,28,23,0,17,12,16,25
483560,0,1,0,0,0,0,0,0,0,0,0,0
483560,1,1,0,11,8,13,16,6,12,21,0,0
483561,1,1,31,31,31,31,31,31,31,31,31,31
483561,2,1,0,0,0,0,0,0,0,0,0,0
483562,1,1,0,0,0,0,0,0,0,0,0,0
483563,1,1,0,0,24,0,7,0,0,0,0,11
483563,2,1,0,0,0,0,6,0,11,0,0,0
483564,1,1,9,0,15,0,0,0,0,0,0,0
483564,2,1,0,0,0,0,0,0,0,0,0,0
483565,1,1,0,0,0,0,0,0,0,0,0,0
483566,1,1,0,0,0,0,0,0,0,0,0,0
483566,2,1,0,0,24,0,0,14,0,0,0,0
483567,1,1,0,0,0,0,0,0,0,0,0,0
483567,2,1,17,17,17,17,17,17,17,17,17,17
483568,0,1,0,0,0,0,0,0,0,0,0,0
483568,1,1,0,0,0,0,8,20,0,0,0,29
483569,1,1,0,0,0,0,0,0,0,0,0,0
483569,2,1,0,0,0,0,0,0,0,0,0,0
483570,1,1,0,0,0,0,0,0,0,0,0,0
483570,2,1,0,0,0,0,0,0,13,12,0,0
483571,1,1,10,0,0,16,18,23,0,0,14,18
483572,1,1,12,12,12,12,12,12,12,12,12,12
483573,1,1,0,0,0,0,0,0,0,0,0,0
483574,1,1,28,28,28,28,28,28,28,28,28,28
483575,1,1,0,0,0,0,0,0,0,0,0,0
483576,1,1,12,0,0,12,0,17,10,11,6,14
483577,0,1,0,0,0,0,0,0,0,0,0,0
483577,1,1,29,0,0,0,0,0,0,0,16,22
483578,1,1,11,21,31,21,19,14,12,17,7,10
483579,1,1,0,0,0,0,15,8,0,0,0,22
483580,0,1,0,0,13,0,0,14,0,0,0,23
483580,1,1,0,8,14,0,0,6,13,14,16,18
483581,1,1,16,16,16,16,16,16,16,16,16,16
483582,1,1,0,0,0,0,17,0,21,0,5,0
483583,1,1,0,0,0,0,0,0,0,0,0,0
483584,1,1,0,0,0,0,0,0,0,0,0,0
483584,2,1,0,0,0,0,0,0,0,0,0,0
483585,1,1,17,11,14,0,9,18,9,0,6,0
483586,1,1,0,0,0,0,0,0,11,0,0,0
483586,2,1,0,0,0,0,0,0,14,0,0,0
483587,1,1,7,0,16,0,15,0,9,9,0,12
483588,0,1,0,0,0,15,0,0,0,0,35,0
483588,1,1,0,0,17,9,0,19,16,0,0,0
483589,0,1,42,42,42,42,42,42,42,42,42,42
483589,1,1,0,0,0,0,10,14,27,0,0,0
483590,1,1,0,0,27,0,0,0,0,21,0,14
483591,0,1,10,0,2,10,14,19,0,29,24,0
483591,1,1,0,0,8,19,16,0,0,0,22,0
483592,0,1,0,0,0,0,0,0,0,0,0,0
483592,1,1,10,0,22,16,20,13,16,12,5,17
483593,1,1,11,0,0,0,0,0,0,0,0,0
483593,2,1,0,0,0,0,14,0,0,0,0,0
483594,1,1,20,20,20,20,20,20,20,20,20,20
483594,2,1,0,0,0,0,0,6,11,0,0,0
483595,0,1,18,0,19,0,0,0,0,0,0,14
483595,1,1,8,0,0,0,0,0,0,0,16,0
483596,0,1,25,25,25,25,25,25,25,25,25,25
483596,1,1,8,35,0,0,12,0,0,11,0,12
483597,1,1,0,0,23,0,0,39,0,0,0,0
483598,0,1,0,0,0,0,0,0,0,0,0,0
483598,0,2,29,0,20,0,24,0,0,0,0,24
483598,0,3,0,0,21,0,25,15,10,0,35,0
483598,0,4,0,15,16,32,0,0,0,0,0,0
483598,1,1,17,13,9,16,24,0,0,0,0,20
483599,1,1,23,6,34,0,0,6,9,0,21,0
483600,0,1,0,0,0,27,0,0,23,0,0,0
483600,1,1,0,0,28,0,0,0,0,0,0,0
483601,1,1,26,26,26,26,26,26,26,26,26,26
483602,0,1,22,0,0,32,14,17,16,0,0,0
483602,1,1,0,17,6,0,0,0,0,0,12,0
483603,1,1,0,32,0,0,0,0,0,20,0,0
483603,2,1,0,0,0,0,0,0,0,4,0,0
483603,3,1,0,0,0,0,0,0,0,0,0,0
483604,1,1,0,30,0,12,22,5,0,0,0,0
483604,2,1,0,0,0,0,0,11,0,0,9,0
483605,0,1,0,15,14,23,0,0,0,0,15,0
483605,1,1,0,0,7,0,0,0,0,0,0,0
483606,1,1,0,19,0,0,0,0,10,0,0,0
483606,2,1,0,0,0,0,0,0,0,0,20,0
483606,3,1,0,0,12,0,0,0,0,0,30,0
483607,1,1,0,0,0,0,0,0,0,0,0,0
483608,1,1,11,9,8,4,13,14,27,27,21,21
483609,1,1,26,26,26,26,26,26,26,26,26,26
483610,1,1,9,9,9,9,9,9,9,9,9,9
483610,2,1,0,0,0,0,0,0,0,0,0,0
483611,1,1,24,24,24,24,24,24,24,24,24,24
483611,2,1,0,0,0,0,0,0,9,0,0,0
483611,3,1,13,16,30,0,0,0,0,15,23,0
483612,1,1,20,10,15,10,0,15,0,0,0,13
483613,1,1,0,0,0,0,0,0,0,0,0,0
483613,2,1,0,0,17,0,0,0,14,0,0,0
483614,0,1,0,0,45,0,23,29,19,0,0,0
483614,0,2,53,0,0,24,16,0,0,2,16,20
483614,1,1,0,0,0,0,13,0,0,0,0,0
483615,1,1,0,7,0,0,0,0,0,0,0,0
483617,1,1,16,16,16,16,16,16,16,16,16,16
483617,2,1,0,0,0,0,0,0,0,0,0,0
483618,1,1,30,0,0,0,0,0,0,0,0,15
483618,2,1,0,0,0,0,0,14,0,0,0,0
483619,0,1,0,0,0,0,0,0,0,0,0,0
483619,1,1,38,0,10,35,0,0,0,10,17,0
483619,2,1,0,0,0,18,0,6,13,10,0,15
483620,1,1,0,0,0,14,0,0,0,0,0,0
483620,2,1,0,0,0,0,0,0,0,0,0,0
483621,1,1,27,14,15,17,14,8,16,11,19,16
483622,1,1,0,8,0,0,0,10,0,4,0,0
483622,2,1,0,0,17,0,0,0,0,15,0,0
483623,1,1,2,8,8,20,12,20,22,30,20,6
483624,1,1,0,14,0,0,0,0,0,0,4,0
483624,2,1,0,0,0,0,0,0,0,0,0,0
483624,3,1,0,18,5,0,0,0,0,0,0,9
483625,1,1,0,0,0,0,0,0,0,0,0,0
483626,0,1,0,0,0,0,0,0,0,0,0,0
483626,1,1,0,0,0,0,23,0,7,0,0,13
483627,1,1,9,0,0,0,0,14,0,0,0,0
483627,2,1,0,0,0,0,0,0,0,0,0,0
483628,0,1,0,19,0,28,0,0,0,9,25,0
483628,1,1,19,11,0,5,21,4,13,0,9,4
483629,0,1,0,0,15,0,0,0,34,0,0,0
483629,1,1,0,0,13,0,0,19,14,0,0,0
483630,1,1,16,0,0,0,0,25,0,0,0,20
483631,0,1,13,13,13,13,13,13,13,13,13,13
483631,1,1,23,0,0,28,21,17,0,13,4,0
483632,1,1,18,18,18,18,18,18,18,18,18,18
483632,2,1,0,0,0,10,0,0,0,0,0,0
483633,1,1,25,25,25,25,25,25,25,25,25,25
483634,1,1,0,14,16,11,0,4,0,8,0,6
483635,1,1,14,14,14,14,14,14,14,14,14,14
483635,2,1,28,0,0,0,0,0,0,0,0,0
483636,0,1,19,30,25,9,19,45,19,29,19,21
483636,1,1,0,0,0,9,13,27,27,0,1,0
483637,1,1,13,13,13,13,13,13,13,13,13,13
483638,1,1,0,0,0,0,0,13,10,8,14,0
483639,1,1,14,14,14,14,14,14,14,14,14,14
483639,2,1,0,0,0,0,0,0,0,0,0,0
483640,1,1,21,0,0,0,18,0,18,0,0,11
483641,1,1,9,34,5,12,26,10,19,19,14,26
483641,2,1,7,0,33,10,0,0,0,0,8,0
483642,1,1,0,0,0,0,0,0,0,0,0,0
483642,2,1,0,0,0,0,0,0,9,0,0,0
483642,3,1,0,0,0,0,19,9,0,8,0,0
483642,4,1,0,0,0,0,0,0,0,0,0,0
483642,5,1,12,0,0,0,0,0,0,0,0,24
483643,1,1,13,13,13,13,13,13,13,13,13,13
483643,2,1,0,0,0,0,0,19,0,0,0,13
483644,1,1,0,0,0,0,0,0,0,0,0,0
483645,0,1,0,0,8,0,13,0,0,0,0,0
483645,1,1,0,20,0,0,0,8,13,0,28,0
483646,1,1,21,21,21,21,21,21,21,21,21,21
483647,1,1,0,0,0,0,16,0,25,0,11,0
483647,2,1,0,0,0,0,0,0,0,0,0,0
483648,1,1,0,11,11,15,0,13,0,24,0,0
483649,1,1,0,0,0,0,0,0,0,0,0,0
483649,2,1,0,0,0,0,0,0,3,0,0,0
483650,1,1,0,0,0,0,0,0,12,0,0,23
483650,2,1,0,0,0,0,0,0,0,0,0,0
483651,1,1,7,7,7,7,7,7,7,7,7,7
483652,1,1,0,0,16,9,0,0,0,0,0,0
483652,2,1,15,8,12,0,0,0,0,0,27,0
483653,0,1,0,24,4,13,16,15,0,15,18,24
483653,1,1,0,0,32,0,0,0,0,13,21,6
483654,1,1,13,13,13,13,13,13,13,13,13,13
483655,0,1,0,0,56,0,0,0,0,0,0,11
483655,1,1,0,0,0,8,0,17,0,0,15,11
483656,1,1,21,21,21,21,21,21,21,21,21,21
483656,2,1,0,22,0,0,0,0,0,32,0,0
483657,1,1,0,0,0,0,0,0,0,0,0,0
483657,2,1,0,0,0,0,0,0,0,0,0,0
483658,1,1,6,6,6,6,6,6,6,6,6,6
483658,2,1,13,13,13,13,13,13,13,13,13,13
483659,1,1,16,0,0,0,0,0,0,0,0,16
483659,2,1,2,2,2,2,2,2,2,2,2,2
483660,1,1,0,10,43,0,0,10,0,0,0,0
483660,2,1,0,0,0,0,0,0,0,0,0,0
483660,3,1,0,2,0,0,0,5,9,0,0,0
483661,1,1,0,0,0,0,14,0,21,0,0,0
483661,2,1,0,0,13,8,0,0,0,0,0,0
483661,3,1,0,0,0,0,0,0,0,0,0,0
483662,1,1,0,0,0,0,0,0,0,0,0,0
483662,2,1,0,0,0,0,0,0,0,0,0,0
483663,1,1,7,20,0,4,12,6,18,0,0,0
483664,1,1,0,0,17,0,19,0,0,14,0,0
483665,1,1,0,0,0,0,0,0,0,0,0,0
483665,2,1,0,0,0,0,13,0,0,0,0,0
483666,1,1,0,0,0,4,0,0,0,0,0,14
483667,1,1,0,0,0,12,0,0,0,0,0,0
483667,2,1,0,0,0,0,14,0,0,0,9,0
483667,3,1,0,0,0,0,0,0,9,0,0,0
483668,1,1,22,22,22,22,22,22,22,22,22,22
483668,2,1,12,0,0,5,7,0,0,26,13,11
483669,1,1,0,0,0,0,0,0,0,0,0,0
483669,2,1,0,0,0,7,0,0,0,0,14,0
483670,0,1,9,9,9,9,9,9,9,9,9,9
483670,1,1,14,14,18,0,24,0,0,27,0,0
483671,1,1,9,9,9,9,9,9,9,9,9,9
483671,2,1,16,0,17,0,12,0,0,22,9,12