ST_CASE,VEH_NO,PER_NO,P1,P2,P3,P4,P5,P6,P7,P8,P9,P10
483671,3,1,10,5,0,0,0,0,16,20,12,15
483672,1,1,30,30,30,30,30,30,30,30,30,30
483672,2,1,0,0,0,0,0,0,0,0,0,0
483673,1,1,0,0,0,0,0,0,20,0,0,0
483673,2,1,0,10,19,14,0,0,0,0,0,0
483674,1,1,0,0,0,0,0,28,14,0,19,46
483675,1,1,0,0,0,11,14,9,10,0,0,0
483675,2,1,20,0,0,0,2,0,0,0,0,0
483676,1,1,0,0,10,0,0,0,0,0,0,0
483677,0,1,0,0,0,0,0,0,0,0,0,0
483677,0,2,0,0,0,9,0,0,0,36,0,0
483677,1,1,0,0,0,0,0,0,0,0,0,0
483678,1,1,11,11,11,11,11,11,11,11,11,11
483679,1,1,16,16,16,16,16,16,16,16,16,16
483680,0,1,0,0,0,0,0,0,0,0,0,0
483680,1,1,0,0,0,0,0,0,0,0,0,0
483682,1,1,16,16,16,16,16,16,16,16,16,16
483682,2,1,0,0,0,0,0,35,0,9,0,18
483683,0,1,31,31,31,31,31,31,31,31,31,31
483683,1,1,0,0,0,0,0,0,0,0,0,0
483683,2,1,0,0,17,0,14,0,0,31,0,0
483684,1,1,14,14,14,14,14,14,14,14,14,14
483684,2,1,0,0,0,0,0,0,0,0,0,0
483685,0,1,29,29,29,29,29,29,29,29,29,29
483685,1,1,0,0,0,0,0,0,0,2,0,0
483686,0,1,0,17,19,0,0,19,0,10,0,0
483686,1,1,18,0,14,3,5,7,21,0,0,0
483687,0,1,32,0,31,11,0,35,15,0,0,13
483687,1,1,0,0,0,0,9,0,5,0,0,0
483688,1,1,16,28,21,12,3,7,9,0,12,6
483688,2,1,25,0,0,0,9,17,22,16,0,0
483689,1,1,0,4,0,0,23,24,0,21,0,0
483689,2,1,0,0,0,0,0,0,0,0,0,0
483690,0,1,12,12,12,12,12,12,12,12,12,12
483690,1,1,0,0,0,0,0,16,0,0,0,0
483691,1,1,0,25,17,20,8,32,20,0,0,17
483691,2,1,0,0,0,0,0,0,16,1,0,0
483692,1,1,17,16,6,0,10,9,0,0,14,0
483693,0,1,32,0,14,0,0,0,0,0,0,0
483693,1,1,31,0,6,16,20,21,14,0,0,22
483694,1,1,0,0,0,9,0,0,0,0,0,0
483694,2,1,0,0,0,0,0,19,0,0,0,0
483695,1,1,17,0,15,0,15,0,15,0,0,0
483695,2,1,0,0,0,0,0,0,0,0,0,0
483695,3,1,0,18,0,0,0,0,12,8,0,14
483696,1,1,31,15,0,0,0,0,12,0,0,10
483697,0,1,0,0,0,0,0,25,0,23,0,0
483697,1,1,0,0,0,0,11,0,0,0,0,6
483698,0,1,10,19,4,16,19,7,24,21,46,0
483698,1,1,0,0,0,0,12,19,7,0,4,25
483699,0,1,0,0,0,0,0,0,0,0,0,16
483699,1,2,16,8,0,12,12,0,0,0,0,0
483699,2,1,0,8,0,0,0,0,0,9,0,0
483700,1,1,0,0,0,0,0,0,29,0,0,0
483700,2,1,0,0,0,20,0,11,0,15,0,0
483701,0,1,8,0,18,0,0,0,16,0,0,0
483701,1,1,0,8,0,0,0,0,0,7,28,0
483702,1,1,0,0,0,41,0,0,0,0,33,0
483702,2,1,0,0,0,0,13,14,0,0,0,0
483703,1,1,0,0,0,0,0,0,10,19,0,18
483703,2,1,25,25,25,25,25,25,25,25,25,25
483704,1,1,0,0,0,0,0,0,0,0,0,0
483704,2,1,0,0,0,0,9,0,0,0,0,0
483705,1,1,0,0,0,13,7,0,0,0,0,25
483706,1,1,0,0,0,0,0,0,0,0,0,0
483707,1,1,0,0,0,5,0,11,0,0,0,0
483707,2,1,0,0,0,0,0,0,0,0,0,8
483708,1,1,19,19,19,19,19,19,19,19,19,19
483708,2,1,18,0,18,0,24,9,13,0,0,0
483709,1,1,0,0,0,0,0,0,0,0,0,0
483709,2,1,0,22,0,0,0,0,0,0,0,22
483710,0,1,3,3,3,3,3,3,3,3,3,3
483710,1,1,0,0,11,0,16,0,0,0,0,0
483711,1,1,0,0,0,0,0,0,18,0,0,15
483711,2,1,0,0,0,23,0,0,0,0,0,0
483712,1,1,0,0,0,0,6,0,0,0,0,0
483712,2,1,0,0,0,0,0,0,0,0,0,0
483713,1,1,0,0,0,0,0,21,24,0,7,14
483714,0,1,0,0,0,0,0,0,0,0,0,0
483714,1,1,10,10,10,10,10,10,10,10,10,10
483715,1,1,20,20,20,20,20,20,20,20,20,20
483716,1,1,0,0,0,0,31,0,0,21,0,0
483717,0,1,0,0,15,0,0,0,25,0,0,0
483717,1,1,0,0,5,0,0,10,0,0,0,0
483718,1,1,0,0,0,0,0,0,0,0,0,18
483718,2,1,0,0,0,0,0,0,0,24,0,0
483719,1,1,12,12,12,12,12,12,12,12,12,12
483720,1,1,0,0,0,0,0,0,0,0,0,0
483720,2,1,0,15,0,0,0,0,0,0,0,0
483721,0,1,0,0,0,0,0,0,0,0,0,0
483721,1,1,0,0,0,0,0,0,0,0,0,0
483722,1,1,0,0,0,0,0,0,0,0,0,0
483722,2,1,0,0,0,0,0,0,0,0,0,0
483724,0,1,0,0,22,0,35,0,0,0,0,0
483724,1,1,0,0,0,0,0,0,0,0,0,5
483725,1,1,0,0,0,0,15,0,0,0,0,0
483725,2,1,0,0,0,0,0,0,0,0,0,0
483726,0,1,0,25,0,5,0,25,15,0,0,0
483726,1,1,12,0,0,0,0,0,0,0,0,8
483727,0,1,0,0,0,0,0,0,0,0,0,0
483727,1,1,9,0,15,0,0,0,0,8,0,0
483728,1,1,19,19,19,19,19,19,19,19,19,19
483728,2,1,0,0,0,0,0,0,0,0,0,0
483729,1,1,0,0,0,0,0,0,0,0,0,10
483729,2,1,0,0,0,0,0,3,0,0,0,0
483729,3,1,0,18,11,0,11,0,44,0,0,19
483729,4,1,0,0,0,0,0,15,0,0,0,0
483729,5,1,0,0,0,0,0,0,0,20,10,37
483729,6,1,0,0,20,16,0,0,0,5,0,0
483729,7,1,0,0,0,0,16,0,0,0,0,0
483730,1,1,7,21,10,15,21,14,21,0,26,25
483731,1,1,0,0,0,0,0,0,0,0,0,0
483731,2,1,14,0,0,0,0,0,0,0,0,0
483732,0,1,0,0,0,44,0,21,0,0,0,0
483732,1,1,0,16,0,0,0,0,0,0,0,0
483734,1,1,0,0,0,0,0,0,0,0,0,0
483734,2,1,0,0,24,0,0,8,0,0,24,0
483735,1,1,10,10,10,10,10,10,10,10,10,10
483735,2,1,0,0,0,0,0,12,21,0,3,0
483736,1,1,27,27,27,27,27,27,27,27,27,27
483737,0,1,0,0,0,0,0,0,0,0,0,0
483737,1,1,0,8,0,0,5,9,0,8,13,6
483738,0,1,0,0,0,0,0,0,0,0,0,0
483738,0,2,0,0,17,0,0,0,0,0,0,23
483738,1,1,0,24,0,0,0,0,0,17,0,0
483739,1,1,0,0,0,0,0,0,0,0,0,0
483740,0,1,30,23,0,0,24,40,0,0,40,0
483740,1,1,10,0,0,0,0,18,0,0,0,0
483741,1,1,7,0,20,0,0,0,13,21,0,22
483741,2,1,0,0,0,0,0,0,0,0,0,0
483742,0,1,7,7,7,7,7,7,7,7,7,7
483742,1,1,0,0,0,0,0,0,0,0,0,0
483743,1,1,0,0,0,0,0,0,0,0,0,0
483744,1,1,0,0,17,25,0,7,0,0,14,0
483744,2,1,0,10,0,0,0,0,39,19,22,0
483745,1,1,0,0,0,0,0,0,0,0,0,0
483746,0,1,0,0,0,0,0,0,0,0,0,0
483746,1,1,8,0,8,0,0,12,0,0,16,8
483747,1,1,9,0,0,0,0,0,0,0,0,0
483747,2,1,0,17,14,0,0,0,0,0,0,5
483748,1,1,12,0,0,0,0,0,0,0,0,0
483748,2,1,0,0,0,0,0,0,0,0,0,0
483749,0,1,0,0,0,0,0,0,0,0,0,0
483749,1,1,4,0,15,0,0,17,8,0,0,0
483749,2,1,0,0,0,0,0,0,0,0,0,0
483749,3,1,0,0,0,0,23,0,27,10,0,0
483750,1,1,15,15,15,15,15,15,15,15,15,15
483751,1,1,14,14,14,14,14,14,14,14,14,14
483752,1,1,14,14,14,14,14,14,14,14,14,14
483753,0,1,0,0,0,0,0,0,0,0,0,0
483753,1,1,0,18,0,0,0,0,0,0,0,0
483754,0,1,0,0,0,0,0,0,0,0,0,0
483754,1,1,0,0,0,0,0,0,0,0,0,8
483756,1,1,0,0,0,0,0,0,0,0,0,0
483756,2,1,0,19,0,0,0,0,0,0,0,0
483757,1,1,0,0,0,7,0,0,10,0,0,5
483757,2,1,0,0,0,0,0,0,0,0,0,0
483758,1,1,0,6,0,0,0,0,0,0,0,0
483759,0,1,0,20,0,0,0,0,12,20,0,19
483759,1,1,0,0,14,0,0,0,11,0,0,0
483759,2,1,6,0,0,0,0,0,11,0,0,30
483760,1,1,0,0,0,0,0,0,0,0,0,0
483760,2,1,0,0,0,0,0,0,0,10,16,0
483761,1,1,27,10,0,19,0,7,0,0,0,18
483762,0,1,0,0,0,0,0,0,0,0,0,0
483762,1,1,0,0,0,15,0,24,21,18,13,0
483763,1,1,14,14,16,0,0,20,0,0,19,0
483764,1,1,21,21,21,21,21,21,21,21,21,21
483765,1,1,16,16,16,16,16,16,16,16,16,16
483766,1,1,0,5,0,10,0,0,7,0,0,0
483767,1,1,22,23,0,0,16,0,24,31,0,28
483767,2,1,0,0,0,0,0,0,0,0,0,14
483768,0,1,11,11,11,11,11,11,11,11,11,11
483768,1,1,17,0,0,20,10,0,20,14,0,19
483769,1,1,0,0,0,0,0,0,0,0,0,0
483770,1,1,15,0,0,0,17,26,8,0,17,0
483770,2,1,12,0,12,7,18,16,13,23,3,0
483771,1,1,25,25,25,25,25,25,25,25,25,25
483772,1,1,0,0,0,0,13,0,13,11,0,0
483772,2,1,0,0,0,10,0,6,0,0,0,0
483773,1,1,0,0,0,0,0,0,0,0,0,0
483773,2,1,0,0,0,0,0,0,0,0,0,0
483773,3,1,0,36,0,0,0,0,0,0,0,0
483774,1,1,0,0,0,0,0,12,0,0,0,0
483774,2,1,0,40,0,0,18,19,0,0,24,16
483775,1,1,0,14,8,0,17,0,0,0,0,0
483775,2,1,2,2,2,2,2,2,2,2,2,2
483776,1,1,19,26,0,0,0,0,10,0,27,0
483777,1,1,0,0,0,0,0,0,0,0,0,0
483778,1,1,21,21,21,21,21,21,21,21,21,21
483778,2,1,0,17,0,0,0,0,0,0,0,12
483779,1,1,0,0,0,0,0,0,0,0,0,0
483779,2,1,0,0,0,0,0,0,0,24,0,0
483780,0,1,17,17,17,17,17,17,17,17,17,17
483780,1,1,16,5,15,0,0,0,0,0,0,0
483781,1,1,0,24,19,16,20,20,0,27,26,0
483782,1,1,0,0,25,0,0,0,0,0,5,14
483783,0,1,0,0,0,0,0,0,0,0,0,0
483783,1,1,0,0,0,0,0,0,0,0,3,0
483784,1,1,0,0,0,0,0,0,0,0,0,0
483784,2,1,0,0,0,0,0,0,0,0,0,0
483785,0,1,0,0,0,0,0,0,0,0,0,0
483785,1,1,0,0,0,18,0,0,0,0,0,0
483786,0,1,19,19,19,19,19,19,19,19,19,19
483786,1,1,0,8,11,20,0,0,0,0,0,0
483787,0,1,14,14,14,14,14,14,14,14,14,14
483787,1,1,15,15,15,15,15,15,15,15,15,15
483788,1,1,0,0,0,15,0,0,0,0,0,0
483788,2,1,0,0,0,9,0,20,0,0,15,0
483789,0,1,0,0,0,0,0,0,0,0,0,0
483789,1,1,0,0,21,18,6,30,17,13,15,12
483790,1,1,35,15,24,0,32,0,15,0,23,0
483791,1,1,0,0,0,0,0,19,0,0,0,0
483791,2,1,0,0,0,0,0,0,0,0,0,0
483792,1,1,0,0,0,0,0,0,0,0,0,0
483792,2,1,0,0,0,0,0,0,0,0,0,0
483792,3,1,0,0,0,0,0,0,0,0,0,0
483793,1,1,0,0,0,0,0,0,0,0,0,0
483793,2,1,0,0,0,0,0,0,0,0,0,0
483794,1,1,7,0,0,0,0,0,19,0,30,0
483795,1,1,15,0,22,0,18,10,24,17,12,18
483796,0,1,0,28,0,7,26,20,0,0,0,0
483796,1,1,0,0,3,0,0,0,0,0,0,0
483797,0,1,0,15,0,0,7,0,0,0,0,0
483797,1,1,0,0,28,6,0,0,4,0,0,0
483799,1,1,0,0,4,25,0,10,0,0,0,24
483799,2,1,8,0,0,0,0,7,0,0,0,0
483800,0,1,5,28,0,41,11,0,0,15,0,26
483800,1,1,0,0,0,27,0,0,0,0,18,13
483801,1,1,0,0,0,0,0,0,0,0,0,0
483801,2,1,14,14,14,14,14,14,14,14,14,14
483802,1,1,0,0,0,0,0,0,19,9,0,0
483803,1,1,6,6,6,6,6,6,6,6,6,6
483803,2,1,0,0,0,0,0,0,0,0,0,0
483804,1,1,0,0,0,0,0,0,0,0,0,0
483804,2,1,0,0,0,0,0,0,0,0,0,14
483805,1,1,0,0,0,0,20,0,0,0,14,10
483805,2,1,0,0,0,0,0,0,0,0,0,0
483805,3,1,12,0,12,0,30,29,0,0,0,0
483806,0,1,7,7,7,7,7,7,7,7,7,7
483806,1,1,0,0,0,0,34,0,0,0,0,0
483807,1,1,0,0,0,0,0,0,0,0,0,0
483807,2,1,0,13,0,0,0,10,0,0,0,0
483808,1,1,20,0,0,0,0,0,24,25,0,0
483808,2,1,15,0,0,0,0,0,0,0,0,0
483809,1,1,0,0,0,20,36,0,0,0,10,0
483810,1,1,0,0,0,0,28,10,0,0,27,0
483810,2,1,0,0,0,0,0,0,0,0,0,0
483811,1,1,27,24,0,13,18,8,33,12,0,8
483812,1,1,16,0,19,25,0,0,0,33,8,0
483813,1,1,12,17,9,0,11,6,20,0,12,0
483814,1,1,12,12,12,12,12,12,12,12,12,12
483814,2,1,20,0,0,0,0,0,0,0,0,0
483815,1,1,0,33,21,0,0,0,0,0,0,0
483815,2,1,0,0,22,0,0,0,0,0,0,0
483816,1,1,0,0,0,0,10,11,18,0,0,10
483817,1,1,0,0,0,4,0,23,8,0,0,11
483817,2,1,0,0,0,0,0,0,18,13,14,18
483818,1,1,21,0,0,0,0,7,0,0,3,10
483819,0,1,30,30,30,30,30,30,30,30,30,30
483819,1,1,17,0,0,0,0,5,5,0,0,12
483820,0,1,32,32,32,32,32,32,32,32,32,32
483820,1,1,9,24,10,17,0,0,0,0,0,9
483821,0,1,0,16,0,0,0,0,8,0,0,0
483821,1,1,0,32,12,0,0,9,0,0,6,10
483822,0,1,11,11,11,11,11,11,11,11,11,11
483822,1,1,19,0,9,18,17,0,0,17,0,12
483822,3,1,10,25,0,16,4,0,0,13,7,26
483823,0,1,0,0,0,0,0,0,0,0,0,0
483823,1,1,0,23,22,19,0,39,0,0,13,0
483824,0,1,0,0,0,0,0,0,0,0,0,0
483824,1,1,0,0,11,5,0,0,26,17,0,0
483825,1,1,12,33,0,11,0,0,0,0,0,0
483825,2,1,0,0,0,7,20,0,9,0,0,0
483826,1,1,22,22,22,22,22,22,22,22,22,22
483826,2,1,15,14,0,0,0,0,6,0,0,0
483827,1,1,13,31,0,0,9,0,3,0,0,0
483827,2,1,0,0,0,0,0,4,0,4,0,4
483827,3,1,0,0,0,6,0,0,0,0,0,0
483828,1,1,0,0,0,0,0,24,0,0,0,0
483828,2,1,26,26,26,26,26,26,26,26,26,26
483829,0,1,11,11,11,11,11,11,11,11,11,11
483829,1,1,13,0,0,21,0,17,14,0,0,12
483830,1,1,0,0,0,0,0,0,0,0,15,0
483831,1,1,0,0,0,0,0,0,0,0,0,0
483831,2,1,0,0,0,0,0,0,0,0,9,0
483831,3,1,0,0,0,0,8,0,0,0,0,0
483832,1,1,0,0,0,0,0,0,0,0,0,0
483832,2,1,0,5,7,0,0,0,0,0,0,0
483833,1,1,0,0,0,0,0,0,0,0,0,0
483834,1,1,20,0,15,0,0,0,0,34,0,28
483834,2,1,0,16,0,19,23,27,17,0,0,0
483835,1,1,0,0,0,0,0,0,0,0,0,0
483835,2,1,0,0,0,19,0,0,0,0,15,0
483836,1,1,0,0,0,0,28,8,0,0,0,0
483836,2,1,0,0,0,0,0,0,0,0,0,0
483836,3,1,17,0,0,0,0,0,0,5,0,0
483837,1,1,0,0,0,0,0,0,0,0,0,0
483837,2,1,0,0,0,0,0,0,0,0,0,0
483838,1,1,0,8,0,0,0,0,0,0,0,0
483838,2,1,0,0,0,0,0,0,0,0,0,0
483839,0,1,0,0,0,16,0,0,11,0,27,0
483839,1,1,25,25,8,26,10,16,0,13,18,23
483840,1,1,0,0,0,22,0,0,0,0,0,0
483840,2,1,0,0,0,12,0,0,0,0,0,0
483841,1,1,21,23,24,22,4,0,14,21,13,22
483841,2,1,7,0,0,0,0,9,0,0,0,10
483841,4,1,15,15,15,15,15,15,15,15,15,15
483841,5,1,0,0,29,20,6,0,0,6,0,17
483841,6,1,9,16,0,0,0,0,21,3,43,0
483841,7,1,0,0,20,10,0,10,16,0,0,0
483842,0,1,0,0,0,0,9,0,41,0,0,0
483842,1,1,0,0,0,0,0,0,0,0,0,0
483843,1,1,0,0,0,0,0,0,0,16,0,0
483843,2,1,4,0,0,0,0,0,0,0,0,0
483843,3,1,0,0,0,0,0,0,0,0,0,0
483843,4,1,0,0,0,18,0,0,0,0,0,0
483843,5,1,10,0,0,18,0,0,17,0,0,0
483844,1,1,0,0,0,0,0,0,13,0,0,0
483845,1,1,0,0,0,0,18,0,0,0,0,10
483846,0,1,0,7,0,0,11,20,41,0,0,0
483846,1,1,0,0,0,0,0,0,10,0,0,0
483847,1,1,0,0,0,25,0,15,0,0,0,21
483847,2,1,0,0,0,0,0,0,0,0,15,0
483848,1,1,15,15,15,15,15,15,15,15,15,15
483848,2,1,14,14,14,14,14,14,14,14,14,14
483849,0,1,0,0,0,0,0,0,0,0,0,0
483849,1,1,18,0,0,11,9,0,0,18,0,15
483850,1,1,13,0,17,4,19,0,23,0,6,24
483850,2,1,0,0,0,10,9,0,0,0,0,19
483851,1,1,23,23,23,23,23,23,23,23,23,23
483852,1,1,13,13,13,13,13,13,13,13,13,13
483853,1,1,0,0,0,0,0,8,0,0,0,0
483853,2,1,0,0,0,0,0,0,0,0,0,0
483853,3,1,0,0,0,0,0,0,0,0,0,0
483853,4,1,14,0,0,0,11,0,0,0,0,25
483854,1,1,18,0,11,0,0,7,0,0,16,0
483854,2,1,9,0,14,0,0,0,0,0,0,0
483855,1,1,0,0,0,0,0,0,0,0,0,0
483855,2,1,0,0,0,0,0,0,0,0,0,0
483856,1,1,0,0,0,0,0,0,0,12,0,0
483857,1,1,17,0,0,0,0,0,0,0,15,19
483858,1,1,0,0,0,0,0,21,24,0,0,0
483859,0,1,0,0,0,0,20,0,36,0,40,0
483859,1,1,21,12,0,40,0,14,0,0,0,0
483860,1,1,0,0,0,0,0,0,0,17,0,0
483860,2,1,0,0,0,0,0,0,0,0,0,0
483861,1,1,24,10,9,15,12,19,5,9,15,19
483861,2,1,21,13,12,2,21,15,11,28,16,23
483862,1,1,0,0,0,0,0,0,0,0,0,0
483862,2,1,0,0,0,0,0,23,0,0,27,10
483863,1,1,0,0,0,7,23,0,0,0,15,0
483864,1,1,28,0,0,0,20,0,0,0,0,0
483864,2,1,0,0,0,0,0,19,0,0,0,0
483865,1,1,27,0,0,0,0,10,0,35,0,0
483865,2,1,0,0,0,14,0,0,0,16,0,12
483866,1,1,0,0,0,0,0,0,0,0,0,0
483866,2,1,0,0,0,0,0,0,0,0,0,0
483867,1,1,0,0,0,0,0,0,0,0,0,0
483868,1,1,0,0,0,0,0,0,0,0,0,0
483869,1,1,0,0,0,0,0,0,0,0,0,0
483869,2,1,0,0,0,0,0,0,0,0,0,0
483870,1,1,26,0,0,0,0,10,0,27,11,19
483871,1,1,11,11,0,0,14,16,0,0,0,0
483872,1,1,0,0,0,12,0,0,0,0,0,0
483873,1,1,0,0,0,10,0,0,0,0,0,0
483873,2,1,0,0,0,0,0,0,0,0,7,0
483874,0,1,13,13,13,13,13,13,13,13,13,13
483874,1,1,0,9,0,0,13,7,8,0,0,15
483875,1,1,0,0,3,0,0,0,0,0,7,0
483875,2,1,0,0,0,32,30,0,0,0,0,16
483876,1,1,0,0,0,0,0,0,0,0,0,0
483876,2,1,0,0,0,0,0,0,0,0,0,0
483877,1,1,0,0,0,0,0,0,0,3,0,0
483877,2,1,0,7,15,0,0,5,12,0,0,6
483878,1,1,26,17,12,4,8,22,0,19,6,16
483879,1,1,0,0,0,0,0,0,0,0,0,0
483879,2,1,0,0,19,0,0,0,0,0,0,0
483880,1,1,21,21,21,21,21,21,21,21,21,21
483881,1,1,17,22,25,0,0,0,0,0,11,10
483881,2,1,6,6,6,6,6,6,6,6,6,6
483882,1,1,0,0,0,0,0,0,0,0,0,0
483882,2,1,0,0,0,0,0,0,0,0,11,0
483883,0,1,0,0,0,0,0,0,0,0,3,0
483883,1,1,10,13,0,0,0,14,0,25,6,9
483884,0,1,37,37,37,37,37,37,37,37,37,37
483884,1,1,0,0,0,0,0,0,0,0,0,0
483884,2,1,19,0,0,17,0,4,0,53,0,0
483885,1,1,8,8,0,0,12,25,16,16,11,0
483886,0,1,0,22,19,3,9,25,7,0,0,0
483886,1,1,0,0,0,0,0,8,0,12,0,0
483887,0,1,0,0,0,0,0,0,0,0,0,0
483887,1,1,0,0,0,0,0,0,0,0,0,0
483887,2,1,0,0,0,0,0,29,0,0,0,0
483887,3,1,19,0,0,0,0,0,0,13,0,0
483887,4,1,0,0,0,0,17,0,0,0,13,0
483888,1,1,11,11,11,11,11,11,11,11,11,11
483888,2,1,0,0,0,0,0,0,0,0,0,0
483889,1,1,11,24,0,0,20,2,0,0,0,0
483890,0,1,7,7,7,7,7,7,7,7,7,7
483890,1,1,4,0,0,0,0,0,0,26,0,0
483891,1,1,18,0,20,21,15,33,19,0,0,20
483892,0,1,0,0,0,0,0,0,0,0,0,0
483892,1,1,0,0,0,0,19,0,0,0,0,0
483893,1,1,0,0,0,0,0,15,0,24,13,0
483894,1,1,19,0,25,22,13,11,0,28,25,0
483895,1,1,0,0,0,0,5,25,0,0,0,0
483895,2,1,0,0,0,0,0,15,0,0,0,0
483897,1,1,0,0,0,0,9,0,0,0,0,0
483897,2,1,0,0,0,0,0,0,0,0,0,14
483898,1,1,0,0,13,0,0,21,28,0,0,0
483899,1,1,0,0,0,0,0,0,0,0,0,0
483899,2,1,0,0,0,0,0,0,0,0,0,0
483900,0,1,0,0,0,0,0,0,0,0,0,0
483900,1,1,0,0,0,0,0,0,0,0,0,9
483901,1,1,0,0,13,0,0,24,14,5,18,0
483902,1,1,28,28,28,28,28,28,28,28,28,28
483903,0,1,0,0,0,0,0,0,0,0,0,0
483903,1,1,0,0,0,0,0,0,0,0,10,0
483904,1,1,10,10,10,10,10,10,10,10,10,10
483904,2,1,0,0,0,16,0,8,0,0,0,23
483905,0,1,29,0,0,30,8,22,21,0,20,0
483905,1,1,0,1,0,8,8,10,0,4,0,15
483906,1,1,0,0,0,0,0,0,0,0,0,0
483907,1,1,0,0,0,0,0,0,0,0,0,0
483907,2,1,0,0,0,0,0,0,0,0,0,0
483908,1,1,0,0,0,15,0,7,0,13,25,0
483908,2,1,0,25,0,16,30,0,0,5,0,0
483909,1,1,0,0,0,0,29,12,0,0,0,0
483910,0,1,31,3,19,30,19,14,0,9,6,17
483910,1,1,13,0,0,0,14,0,9,0,0,0
483911,1,1,26,26,26,26,26,26,26,26,26,26
483912,1,1,0,0,0,0,0,0,0,0,0,0
483912,2,1,0,0,41,0,0,0,0,0,23,0
483913,1,1,0,0,0,0,0,0,0,0,0,0
483913,2,1,0,0,0,0,0,0,0,0,0,0
483914,0,1,0,0,0,0,0,0,0,0,0,0
483914,1,1,0,27,0,11,12,18,0,3,10,9
483915,1,1,29,29,29,29,29,29,29,29,29,29
483915,2,1,4,0,0,26,0,0,18,0,26,15
483916,1,1,23,23,23,23,23,23,23,23,23,23
483916,2,1,29,29,29,29,29,29,29,29,29,29
483917,1,1,18,18,18,18,18,18,18,18,18,18
483917,2,1,0,0,0,0,0,0,0,0,0,0
483918,1,1,14,14,14,14,14,14,14,14,14,14
483919,1,1,11,11,11,11,11,11,11,11,11,11
483919,2,1,0,0,0,0,0,0,0,0,0,0
483920,1,1,32,32,32,32,32,32,32,32,32,32
483920,2,1,0,0,0,0,0,0,0,0,0,0
483921,1,1,15,0,11,0,21,28,0,0,0,0
483922,1,1,0,0,0,0,0,0,0,0,0,0
483922,2,1,32,0,0,0,23,0,0,0,0,0
483923,1,1,16,16,16,16,16,16,16,16,16,16
483923,2,1,0,0,16,12,9,0,0,5,8,0
483924,0,1,27,27,27,27,27,27,27,27,27,27
483924,1,1,0,16,0,0,0,0,0,0,0,0
483925,1,1,22,22,22,22,22,22,22,22,22,22
483926,1,1,7,15,0,0,0,13,32,0,0,0
483927,1,1,0,0,0,0,0,0,0,0,0,0
483928,0,1,0,22,21,0,0,0,0,0,0,0
483928,1,1,0,0,0,0,0,0,0,32,0,0
483929,1,1,22,22,22,22,22,22,22,22,22,22
483930,1,1,0,0,0,26,0,25,0,0,0,27
483930,2,1,0,12,0,0,0,0,0,9,0,0
483931,1,1,0,0,0,9,0,0,0,0,0,11
483931,2,1,0,0,0,0,0,0,0,16,0,0
483932,0,1,45,0,0,0,0,0,0,0,0,0
483932,1,1,0,0,0,0,0,0,0,0,0,0
483933,1,1,0,0,0,9,0,0,0,0,0,0
483933,2,1,0,12,0,13,0,0,0,8,15,38
483934,1,1,20,20,20,20,20,20,20,20,20,20
483935,1,1,0,0,0,0,7,0,33,0,0,0
483935,2,1,4,0,0,0,0,0,0,0,0,0
483936,1,1,0,0,20,0,0,17,0,22,0,0
483936,2,1,0,0,21,0,0,0,0,0,0,10
483937,1,1,14,12,0,0,22,0,0,0,27,20
483938,1,1,0,0,0,0,0,0,0,0,0,0
483938,2,1,45,0,0,0,20,0,0,22,0,0
483939,0,1,29,29,29,29,29,29,29,29,29,29
483939,1,1,15,27,0,3,0,0,0,17,0,0
483939,2,1,0,0,0,0,0,0,9,0,30,0
483939,3,1,0,0,0,0,0,0,0,0,26,0
483939,4,1,0,0,19,0,18,0,0,0,0,0
483939,5,1,0,11,0,16,0,0,0,9,0,6
483940,1,1,21,0,11,13,0,0,0,22,0,0
483940,2,1,0,0,0,0,0,0,0,0,0,0
483941,1,1,0,0,0,8,0,0,0,0,18,14
483941,2,1,4,0,0,0,0,0,0,0,0,0
483941,3,1,13,13,4,0,0,22,0,24,0,7
483942,1,1,0,0,0,0,0,0,0,0,0,0
483942,2,1,0,15,0,17,16,17,20,0,19,0
483943,1,1,0,0,0,0,0,0,0,0,0,0
483943,2,1,0,0,0,0,0,0,0,0,0,0
483944,0,1,0,0,0,0,0,0,0,0,0,0
483944,1,1,8,16,0,7,11,22,0,7,21,11
483945,0,1,0,21,0,0,16,11,0,0,0,22
483945,1,1,17,21,8,18,21,14,9,40,13,7
483946,1,1,34,34,34,34,34,34,34,34,34,34
483947,1,1,0,0,0,0,0,0,0,0,0,0
483948,1,1,0,0,0,0,0,0,24,0,0,0