ST_CASE,VEH_NO,PER_NO,P1,P2,P3,P4,P5,P6,P7,P8,P9,P10
510657,2,1,0,0,0,0,0,0,0,0,0,0
510657,3,1,0,0,0,0,0,0,0,0,0,0
510658,1,1,0,0,0,0,0,0,0,0,0,0
510659,1,1,0,0,0,0,0,0,0,0,0,0
510659,2,1,0,0,0,0,0,0,0,0,0,0
510660,1,1,14,14,14,14,14,14,14,14,14,14
510660,2,1,0,0,0,0,0,0,0,0,0,0
510661,1,1,10,10,10,10,10,10,10,10,10,10
510662,1,1,16,16,16,16,16,16,16,16,16,16
510663,1,1,0,0,0,0,0,0,0,0,0,0
510663,2,1,0,0,0,0,0,0,0,0,0,0
510664,1,1,26,0,0,0,0,0,0,0,0,0
510664,2,1,0,0,0,0,0,0,0,0,0,0
510665,1,1,12,12,12,12,12,12,12,12,12,12
510666,1,1,0,0,14,0,0,0,0,0,0,0
510666,2,1,0,0,0,0,0,0,0,0,0,0
510668,1,1,0,0,0,0,0,0,0,0,0,0
510668,2,1,0,0,0,0,0,0,0,0,0,0
510669,1,1,0,52,0,0,0,0,12,0,0,0
510670,1,1,24,24,24,24,24,24,24,24,24,24
510670,2,1,0,0,0,0,0,0,0,0,0,0
510671,1,1,0,13,0,0,0,0,0,0,14,0
510671,2,1,0,0,0,0,0,0,0,0,0,0
510672,1,1,0,0,0,0,0,0,0,0,0,0
510672,2,1,0,0,0,0,0,14,0,0,0,0
510673,1,1,0,0,19,0,12,0,6,0,0,17
510673,2,1,0,0,0,0,0,0,0,0,0,0
510674,0,1,0,0,0,0,0,0,0,0,0,0
510674,1,1,0,22,28,6,7,19,4,15,8,0
510675,1,1,3,3,3,3,3,3,3,3,3,3
510675,2,1,0,0,0,16,0,0,0,0,0,0
510675,3,1,0,0,0,0,0,0,0,0,0,0
510676,1,1,8,8,8,8,8,8,8,8,8,8
510677,1,1,0,0,4,0,8,0,0,0,0,0
510677,2,1,0,0,0,0,0,0,0,0,0,0
510678,1,1,17,17,17,17,17,17,17,17,17,17
510679,1,1,30,0,12,28,0,0,24,0,0,0
510680,1,1,0,18,0,14,0,0,0,0,0,24
510681,1,1,0,0,0,0,7,0,0,0,0,0
510682,1,1,0,0,0,0,0,0,0,0,0,0
510682,2,1,0,0,0,0,0,0,0,0,0,0
510683,1,1,0,0,0,0,0,0,5,0,0,0
510683,2,1,0,0,0,16,0,0,0,0,0,0
510684,0,1,0,0,13,0,26,0,0,0,0,0
510684,1,1,0,0,0,0,0,0,0,0,0,0
510685,1,1,0,0,0,0,0,0,0,0,0,0
510685,2,1,0,0,0,0,0,0,0,0,0,0
510686,1,1,0,0,0,0,0,0,0,0,0,0
510686,2,1,0,0,0,0,0,0,0,0,0,0
510687,0,1,0,0,0,0,0,0,0,0,0,0
510687,1,1,0,4,0,15,12,6,0,23,9,10
510688,1,1,12,24,8,11,12,18,14,15,25,17
510688,2,1,2,2,2,2,2,2,2,2,2,2
510688,3,1,0,0,0,0,0,0,0,0,0,0
510688,4,1,0,0,0,0,0,0,0,13,0,0
510689,1,1,10,23,0,21,0,0,0,0,0,0
510689,2,1,0,0,0,0,0,0,0,0,0,0
510690,1,1,0,0,0,0,0,0,0,0,0,0
510691,0,1,6,6,6,6,6,6,6,6,6,6
510691,1,1,0,0,0,0,0,0,0,0,0,0
510692,0,1,0,0,0,0,0,0,0,0,0,0
510692,1,1,0,0,0,0,0,0,0,0,0,0
510693,1,1,20,20,20,20,20,20,20,20,20,20
510694,1,1,1,1,1,1,1,1,1,1,1,1
510694,2,1,0,0,0,0,0,0,0,0,0,0
510694,3,1,0,0,0,0,0,0,0,0,0,0
510695,0,1,21,18,34,38,16,22,12,13,21,22
510695,0,2,0,0,0,0,0,0,0,0,0,0
510695,1,1,0,0,0,0,0,0,0,0,0,0
510695,3,1,0,0,0,0,0,0,0,0,0,0
510695,4,1,0,0,0,0,0,0,0,0,0,0
510696,1,1,4,0,7,19,12,16,7,3,5,3
510696,2,1,0,0,0,0,0,0,0,0,0,0
510697,1,1,0,0,0,0,0,15,0,0,0,0
510697,2,1,0,0,0,0,0,0,0,0,0,0
510698,0,1,0,0,0,0,0,0,0,0,0,0
510698,1,1,0,0,0,0,0,0,0,0,0,0
510699,1,1,23,10,20,0,14,0,0,0,0,0
510699,2,1,0,0,0,0,0,0,0,0,0,0
510699,3,1,0,0,0,9,0,0,0,0,21,0
510700,1,1,10,7,0,15,9,0,18,0,12,23
510701,1,1,25,20,6,14,25,11,21,12,16,0
510702,1,1,2,2,2,2,2,2,2,2,2,2
510703,1,1,0,0,0,0,0,0,0,0,0,0
510704,1,1,19,19,19,19,19,19,19,19,19,19
510705,0,1,24,24,24,24,24,24,24,24,24,24
510705,1,1,0,0,0,16,0,0,0,0,19,2
510706,1,1,0,0,0,0,0,0,0,0,0,0
510707,0,1,0,0,0,0,0,0,0,0,0,0
510707,1,1,5,16,8,26,8,8,16,0,16,0
510708,1,1,23,23,23,23,23,23,23,23,23,23
510709,1,1,22,22,22,22,22,22,22,22,22,22
510710,1,1,13,13,25,0,20,0,0,0,21,19
510711,1,1,0,0,0,0,0,0,0,0,0,0
510712,1,1,0,0,0,0,0,0,0,0,0,0
510713,1,1,38,38,38,38,38,38,38,38,38,38
510714,1,1,0,0,0,0,0,0,0,0,0,0
510714,2,1,0,0,0,0,0,0,0,0,0,0
510715,1,1,0,0,0,0,0,0,0,0,0,0
510715,2,1,0,0,0,0,0,0,0,0,0,17
510716,1,1,0,0,0,0,0,0,0,0,0,0
510716,2,1,0,0,0,0,0,0,0,0,0,0
510717,0,1,0,0,0,0,0,0,0,0,0,0
510717,1,1,15,18,0,0,0,6,0,5,0,0
510718,1,1,0,0,0,0,0,0,0,0,0,0
510718,2,1,0,0,0,0,0,0,0,0,0,0
510719,0,1,0,0,0,0,0,0,0,0,0,0
510719,1,1,0,0,0,0,0,10,0,0,0,0
510719,2,1,0,13,0,0,0,0,0,0,0,0
510720,1,1,0,0,0,0,0,0,0,0,0,0
510720,2,1,0,0,0,0,0,0,0,0,0,0
510720,3,1,0,0,0,0,0,0,0,0,0,0
510721,0,1,18,28,28,11,27,34,24,33,21,12
510721,1,1,0,0,0,0,0,0,0,0,0,0
510722,1,1,0,0,0,0,0,0,0,0,0,0
510722,2,1,0,0,0,0,0,0,0,0,0,0
510723,1,1,0,0,0,0,0,0,0,0,0,0
510723,2,1,0,0,0,0,0,0,6,0,0,0
510724,0,1,0,0,0,0,0,0,0,0,0,0
510724,1,1,0,0,0,0,0,0,0,0,0,0
510725,1,1,20,0,0,0,0,0,0,0,0,0
510725,2,1,0,0,0,0,0,0,0,0,0,0
510726,1,1,2,2,2,2,2,2,2,2,2,2
510726,2,1,0,0,0,0,0,0,0,0,0,0
510726,3,1,0,0,0,0,0,0,0,0,0,0
510727,1,1,0,0,0,0,0,0,0,0,0,0
510727,2,1,0,0,35,0,15,0,0,0,0,7
510728,1,1,10,10,10,10,10,10,10,10,10,10
510729,0,1,17,17,17,17,17,17,17,17,17,17
510729,1,1,0,0,0,0,0,0,0,0,11,0
510730,1,1,19,19,19,19,19,19,19,19,19,19
510731,1,1,0,0,0,7,0,0,0,0,10,0
510731,2,1,0,0,0,0,0,0,0,0,0,0
510732,1,1,31,29,0,7,11,10,15,7,20,9
510733,1,1,0,0,0,0,0,0,0,0,0,0
510734,1,1,0,0,0,0,0,0,0,0,0,10
510735,1,1,0,0,0,0,0,0,0,0,0,0
510736,1,1,0,0,0,0,0,0,0,0,0,0
510736,2,1,0,0,0,0,0,0,0,0,0,0
510737,1,1,0,0,0,0,0,0,0,0,0,0
510738,1,1,0,0,0,0,0,0,0,0,0,0
510738,2,1,0,0,0,0,0,0,0,0,0,0
510739,1,1,0,0,0,0,0,0,0,0,0,0
510740,1,1,19,19,19,19,19,19,19,19,19,19
510741,0,1,31,31,31,31,31,31,31,31,31,31
510741,1,1,4,0,0,0,0,0,0,0,0,0
510742,1,1,0,0,0,0,0,0,0,0,0,0
510742,2,1,0,0,0,0,0,0,0,0,0,0
510743,0,1,0,0,0,0,0,0,0,0,0,0
510743,1,1,0,0,0,0,0,0,0,17,0,0
510744,1,1,15,15,15,15,15,15,15,15,15,15
510745,1,1,16,16,16,16,16,16,16,16,16,16
510746,0,1,0,0,0,0,0,0,0,0,0,0
510746,1,1,0,0,0,0,0,0,22,30,0,0
510747,1,1,0,0,0,0,0,0,0,0,0,0
510748,1,1,14,14,14,14,14,14,14,14,14,14
510749,1,1,0,0,0,0,0,0,0,0,0,0
510749,2,1,0,0,0,0,0,0,0,0,0,0
510750,1,1,0,16,0,0,0,0,0,0,0,0
510751,1,1,0,0,0,0,0,0,0,0,0,0
510752,0,1,0,0,0,0,0,0,0,0,0,0
510752,1,1,0,0,0,0,0,0,0,0,0,26
510753,1,1,15,7,0,13,9,8,31,10,17,0
510753,2,1,0,0,4,0,0,0,0,0,0,0
510754,1,1,0,0,0,0,0,0,0,0,0,0
510755,1,1,1,1,1,1,1,1,1,1,1,1
510756,1,1,0,0,0,0,0,0,0,0,0,0
510756,2,1,0,0,0,0,0,17,0,0,0,0
510757,0,1,0,0,0,0,0,0,0,0,0,0
510757,1,1,0,0,0,0,0,0,20,0,0,0
510758,1,1,0,0,0,0,0,0,0,0,0,0
510758,2,1,0,0,0,0,0,0,0,0,0,0
510759,1,1,0,0,0,0,0,0,0,0,0,0
510759,2,1,0,0,0,0,0,0,0,0,0,0
510759,3,1,0,0,0,0,0,0,0,0,0,0
510760,1,1,0,0,0,5,0,0,19,0,0,0
510761,1,1,0,0,0,0,0,0,0,0,0,0
510762,1,1,21,21,21,21,21,21,21,21,21,21
510763,1,1,18,23,16,20,17,24,12,38,16,25
510763,2,1,0,0,0,0,0,0,0,0,0,0
510764,1,1,14,0,0,0,0,0,0,0,0,0
510765,1,1,0,0,0,0,17,0,46,0,0,0
510766,1,1,0,0,0,0,0,0,0,23,12,0
510767,1,1,0,0,0,0,0,0,0,0,0,0
510768,1,1,2,0,0,28,0,28,0,14,8,0
510768,2,1,0,0,0,0,0,0,0,0,0,0
510769,0,1,0,0,0,0,0,0,0,0,0,0
510769,1,1,21,14,0,13,5,14,21,8,19,0
510770,1,1,0,0,0,0,0,0,0,0,0,0
510771,1,1,16,16,16,16,16,16,16,16,16,16
510772,1,1,0,19,0,0,30,0,0,0,0,0
510773,1,1,12,0,0,0,0,0,0,23,0,0
510774,1,1,0,0,0,0,0,0,0,0,0,0
510775,0,1,0,0,0,0,0,0,0,0,0,0
510775,1,1,0,0,0,0,0,0,17,0,0,0
510776,0,1,0,0,0,0,0,0,0,0,0,0
510776,1,1,0,0,0,0,0,0,0,0,0,0
510777,0,1,0,0,0,0,0,0,0,0,0,0
510777,1,1,0,0,0,0,0,0,0,0,0,0
510777,2,1,0,0,0,0,0,0,0,0,0,0
510778,0,1,0,0,0,0,0,0,0,0,0,0
510778,1,1,23,14,27,11,44,16,16,5,19,16
510779,1,1,12,12,12,12,12,12,12,12,12,12
510779,2,1,0,0,0,0,0,0,0,0,21,0
510780,1,1,13,42,6,13,10,14,16,14,6,1
510780,2,1,16,16,16,16,16,16,16,16,16,16
510780,3,1,9,0,0,0,0,0,0,0,0,0
510781,0,1,26,26,26,26,26,26,26,26,26,26
510781,1,1,0,0,0,0,0,0,0,0,23,18
510781,2,1,0,0,0,0,0,0,0,0,0,0
510782,1,1,0,8,0,11,0,19,10,21,0,0
510782,2,1,0,0,19,0,0,0,0,0,0,0
510783,0,1,16,16,16,16,16,16,16,16,16,16
510783,1,1,0,0,0,0,0,0,0,0,0,0
510784,1,1,0,0,0,0,0,0,0,0,0,0
510784,2,1,0,0,0,0,0,0,0,0,0,0
510785,1,1,0,0,0,0,0,0,0,0,0,0
510786,1,1,0,0,0,0,0,0,0,0,0,0
510787,1,1,0,14,0,0,0,0,0,0,0,0
510787,2,1,0,0,0,0,0,0,17,0,0,0
510788,0,1,0,0,0,0,0,0,0,0,0,0
510788,1,1,0,0,0,0,0,0,0,0,0,0
510789,1,1,0,0,0,0,0,0,0,0,0,0
510790,0,1,27,27,27,27,27,27,27,27,27,27
510790,1,1,7,0,0,0,0,0,0,0,0,6
510791,1,1,0,0,0,0,0,0,0,0,0,0
510791,2,1,0,0,0,0,0,0,0,0,0,0
510792,1,1,16,16,16,16,16,16,16,16,16,16
510793,0,1,28,28,28,28,28,28,28,28,28,28
510793,1,1,0,0,0,0,0,0,0,0,0,0
510794,1,1,0,0,0,0,0,0,0,0,0,0
510795,1,1,0,0,0,0,0,0,0,0,0,0
510795,2,1,0,0,0,0,0,0,0,0,0,0
510796,1,1,0,0,0,0,0,0,0,0,0,0
510796,2,1,0,0,0,0,0,0,0,0,0,0
510796,3,1,0,0,0,0,0,0,0,0,0,0
510797,1,1,0,0,0,0,11,0,0,10,0,11
510798,1,1,0,0,0,0,0,0,0,0,0,0
510799,1,1,0,0,0,0,11,19,0,0,14,0
510800,0,1,34,34,34,34,34,34,34,34,34,34
510800,1,1,0,0,0,0,0,0,0,0,0,0
510801,1,1,0,0,0,0,0,0,0,0,0,0
510802,1,1,14,14,14,14,14,14,14,14,14,14
510803,0,1,6,6,6,6,6,6,6,6,6,6
510803,1,1,0,0,0,0,0,0,0,0,0,0
510804,1,1,33,33,33,33,33,33,33,33,33,33
510805,1,1,0,0,0,0,0,0,0,0,0,0
510805,2,1,0,0,0,17,0,0,0,0,0,0
510806,1,1,22,22,22,22,22,22,22,22,22,22
510806,2,1,0,0,0,0,0,0,0,0,0,0
510807,0,1,0,0,0,0,0,0,0,0,0,0
510807,1,1,0,0,30,12,0,0,0,0,0,0
510808,1,1,14,14,14,14,14,14,14,14,14,14
510808,2,1,0,0,0,18,0,0,0,0,0,0
510809,1,1,24,24,24,24,24,24,24,24,24,24
510809,2,1,0,0,0,0,0,0,0,0,0,0
510810,1,1,0,0,0,0,0,0,0,0,0,0
510810,2,1,0,0,0,0,0,0,0,0,0,0
510811,1,1,0,0,0,0,0,0,0,0,0,0
510812,1,1,0,0,0,0,0,0,0,0,0,0
510812,2,1,0,0,31,0,0,0,0,0,0,0
510812,3,1,0,0,0,0,0,0,0,0,0,0
510813,1,1,33,33,33,33,33,33,33,33,33,33
510814,1,1,6,0,9,9,2,20,34,13,24,15
510815,1,1,17,17,22,6,34,4,28,11,11,18
510816,0,1,0,0,0,0,0,0,0,0,0,0
510816,1,1,0,0,0,0,0,0,17,0,0,0
510817,0,1,0,0,0,0,0,0,0,0,0,0
510817,1,1,0,0,0,0,0,0,0,0,0,0
510818,1,1,0,7,0,0,0,0,0,0,14,0
510819,1,1,0,0,0,0,31,0,0,0,0,0
510820,1,1,0,0,0,0,0,0,0,0,0,0
510821,1,1,0,0,0,0,0,0,0,0,7,0
510821,2,1,0,0,0,0,0,0,0,0,0,0
510822,1,1,0,0,0,0,0,0,0,0,0,0
510823,0,1,0,0,0,0,0,0,0,0,0,0
510823,1,1,0,14,0,0,0,0,0,0,0,0
510824,1,1,0,0,0,0,0,0,0,0,0,0
510824,2,1,0,0,0,0,0,0,0,0,0,0
510825,1,1,0,0,0,0,0,0,0,0,0,0
510826,1,1,0,0,0,0,0,0,0,0,0,0
510826,2,1,0,0,0,0,0,0,0,0,0,0
510827,1,1,0,0,0,4,0,0,0,0,0,0
510827,2,1,4,4,4,4,4,4,4,4,4,4
510828,0,1,0,0,27,0,0,0,0,0,0,0
510828,1,1,0,0,0,0,27,0,0,6,0,10
510829,1,1,14,17,0,0,0,0,0,0,13,0
510830,1,1,0,0,28,23,0,10,14,0,13,42
510831,0,1,0,0,0,0,0,0,0,0,0,0
510831,1,1,2,19,0,2,13,0,0,5,22,0
510832,1,1,16,7,0,0,0,0,0,11,0,0
510833,1,1,0,0,0,0,0,0,0,0,0,0
510834,1,1,0,0,0,0,0,0,0,0,0,0
510835,1,1,0,0,0,0,0,0,0,0,0,0
510836,1,1,27,27,27,27,27,27,27,27,27,27
510836,2,1,0,0,0,0,0,0,0,0,0,0
510837,1,1,0,0,0,0,0,0,0,0,0,0
510838,0,1,28,28,28,28,28,28,28,28,28,28
510838,1,1,0,0,0,0,0,0,23,0,0,0
510839,1,1,0,0,0,0,0,0,0,0,0,0
510840,1,1,0,0,0,0,0,0,0,0,0,0
510840,2,1,0,0,0,0,0,0,0,0,0,0
510841,1,1,0,26,0,0,25,0,0,13,0,0
510842,1,1,0,0,0,0,0,0,0,0,0,0
510842,2,1,0,0,0,0,0,0,0,0,0,0
510843,1,1,8,0,0,0,0,0,0,0,0,0
510843,2,1,0,0,0,0,0,0,0,0,0,0
510844,1,1,0,0,0,0,0,0,0,0,0,0
510845,0,1,27,7,21,12,10,20,12,14,10,36
510845,1,1,0,0,0,0,0,0,0,0,20,12
510846,1,1,21,21,21,21,21,21,21,21,21,21
510846,2,1,0,0,0,0,0,0,0,0,0,0
510847,1,1,0,0,0,0,0,0,0,0,0,0
510847,2,1,0,0,0,0,0,0,0,0,0,0
510848,1,1,0,0,0,0,0,0,0,0,0,0
510849,1,1,0,0,0,0,0,0,0,0,0,0
510849,2,1,0,0,0,0,0,0,0,0,0,0
510850,1,1,0,0,0,0,0,0,0,0,0,0
510850,2,1,0,0,0,0,0,0,0,0,0,0
510850,3,1,0,0,0,0,0,0,0,0,0,0
510850,4,1,0,0,0,0,0,0,0,0,0,0
510850,5,1,0,0,0,0,0,0,0,0,0,0
510851,1,1,0,0,0,0,0,0,0,0,0,0
510851,2,1,0,0,0,0,0,0,0,0,0,0
510852,1,1,8,0,18,3,15,28,30,9,0,9
510852,2,1,0,0,0,0,0,0,0,0,0,0
510853,1,1,0,0,0,0,0,0,0,0,0,0
510853,2,1,0,0,0,0,0,0,0,0,0,0
510854,1,1,0,0,0,0,0,0,0,0,0,0
510855,1,1,22,22,22,22,22,22,22,22,22,22
510855,2,1,0,0,0,0,0,0,0,0,0,0
510856,1,1,24,24,24,24,24,24,24,24,24,24
510856,2,1,0,0,0,0,0,0,0,0,0,0
510857,1,1,0,0,0,0,0,0,0,0,0,0
510858,1,1,0,0,0,0,0,0,0,0,0,0
510859,1,1,0,0,0,0,0,0,0,0,0,0
510859,2,1,0,0,0,0,0,0,0,0,0,0
510860,0,1,0,19,0,0,20,0,0,0,0,4
510860,1,1,0,0,0,0,0,0,0,0,0,0
510861,0,1,31,31,31,31,31,31,31,31,31,31
510861,1,1,0,14,0,0,0,0,0,0,0,12
510862,1,1,37,0,0,0,0,0,0,0,0,0
510862,2,1,0,0,0,0,0,0,0,0,0,0
510862,3,1,0,0,0,0,0,0,0,0,0,0
510863,1,1,0,0,0,0,0,0,0,0,0,0
510864,1,1,0,0,0,0,0,0,0,0,0,0
510864,2,1,0,0,0,0,0,0,0,0,0,0
510865,1,1,0,0,0,0,0,0,0,0,0,0
510865,2,1,0,0,0,0,0,0,0,0,0,0
510866,1,1,0,0,0,0,10,0,0,0,0,0
510866,2,1,0,0,0,0,0,0,0,0,0,0
510867,1,1,0,0,0,0,0,0,0,0,0,0
510867,2,1,0,0,0,0,0,0,0,0,0,0
510868,1,1,4,4,4,4,4,4,4,4,4,4
510869,1,1,0,0,0,0,0,0,0,0,0,0
510869,2,1,0,0,0,0,0,0,0,0,0,0
510870,0,1,0,0,0,0,0,0,0,0,0,0
510870,1,1,0,0,0,0,0,0,0,0,16,0
510870,2,1,0,0,0,0,0,0,0,0,0,0
510871,1,1,0,0,0,18,0,0,0,0,0,22
510872,1,1,0,0,0,0,0,0,0,0,0,0
510872,2,1,0,0,0,0,0,0,0,0,0,0
510873,1,1,0,0,0,0,0,0,0,0,0,0
510874,1,1,0,0,0,0,0,0,0,0,0,0
510874,2,1,0,0,0,0,0,0,0,0,0,13
510875,0,1,35,35,35,35,35,35,35,35,35,35
510875,1,1,35,35,35,35,35,35,35,35,35,35
510876,1,1,0,0,0,0,0,0,0,0,0,0
510876,2,1,0,0,0,0,0,0,0,0,0,0
510877,1,1,0,0,0,0,0,0,0,0,0,0
510877,2,1,0,0,0,0,0,0,0,0,0,0
510878,0,1,0,0,0,0,0,0,0,0,0,0
510878,1,1,0,4,0,0,0,0,0,0,0,0
510879,1,1,0,0,0,0,0,13,0,0,0,0
510879,2,1,0,0,0,0,0,0,0,0,0,0
510880,1,1,0,0,0,0,0,0,0,0,0,0
510880,2,1,0,0,0,0,0,0,0,0,0,0
510881,1,1,13,7,3,0,2,26,5,13,6,10
510882,1,1,0,0,0,0,0,0,0,0,0,0
510882,2,1,0,0,0,0,0,0,0,0,0,0
510883,0,1,14,14,14,14,14,14,14,14,14,14
510883,1,1,0,0,0,10,11,0,17,0,0,10
510884,1,1,18,18,18,18,18,18,18,18,18,18
510885,1,1,1,1,1,1,1,1,1,1,1,1
510886,1,1,0,0,0,0,0,0,0,0,0,0
510886,2,1,0,0,0,0,0,0,0,0,0,0
510887,1,1,0,0,0,0,0,0,14,0,0,0
510887,2,1,0,0,0,0,0,0,0,0,0,0
510888,1,1,0,0,0,0,0,0,0,0,0,0
510888,2,1,0,0,0,0,28,0,0,0,0,0
510889,1,1,0,0,0,0,0,0,0,0,0,0
510890,1,1,0,0,0,0,0,0,0,0,0,0
510891,0,1,30,30,30,30,30,30,30,30,30,30
510891,1,1,0,0,0,0,0,0,0,0,0,0
510892,1,1,0,0,0,0,0,0,0,0,0,0
510892,2,1,0,0,0,0,0,0,0,0,0,0
510893,1,1,25,11,19,27,12,15,0,12,0,7
510894,1,1,0,0,0,0,0,0,0,0,0,0
510894,2,1,0,0,0,0,0,0,0,0,0,0
510895,1,1,29,29,29,29,29,29,29,29,29,29
510896,1,1,0,0,0,0,0,0,0,0,0,0
510896,2,1,0,0,0,0,0,0,0,0,0,0
510897,0,1,0,0,0,0,0,0,0,0,0,0
510897,1,1,0,0,0,0,0,0,0,0,13,0
510898,1,1,0,0,0,0,0,0,0,0,0,0
510898,2,1,0,0,0,0,0,0,0,0,0,0
510899,0,1,0,0,0,0,0,0,0,0,0,0
510899,1,1,0,27,31,0,0,11,7,0,0,0
510899,2,1,30,22,0,0,0,0,0,0,0,0
510900,1,1,0,0,0,0,0,0,0,0,0,0
510901,0,1,0,0,0,22,5,0,0,0,0,0
510901,1,1,0,0,0,0,0,0,0,0,0,0
510902,1,1,4,0,0,0,0,0,0,0,0,0
510903,1,1,0,0,0,0,0,0,9,0,0,0
510903,2,1,0,0,0,0,0,0,0,0,0,0
510904,1,1,0,0,0,0,0,0,0,0,0,0
510904,2,1,0,0,0,0,0,0,0,0,0,0
510905,1,1,18,9,10,6,24,9,38,6,8,11
510906,0,1,30,16,0,0,0,0,0,0,0,0
510906,1,1,14,7,12,8,0,12,4,0,8,7
510907,1,1,0,0,0,0,0,0,0,0,0,0
510907,2,1,0,0,0,0,0,0,0,0,0,0
510908,1,1,20,0,0,14,0,14,15,0,0,14
510908,2,1,0,0,0,0,0,0,0,0,0,0
510909,1,1,0,0,0,0,0,0,0,0,0,0
510909,2,1,10,18,11,13,14,19,13,9,0,9
510910,1,1,0,0,0,0,0,0,0,0,0,0
510911,1,1,0,0,0,0,0,0,0,0,0,0
510912,1,1,14,14,14,14,14,14,14,14,14,14
510912,2,1,0,0,0,0,0,0,0,0,0,0
510912,3,1,0,24,0,20,0,0,0,0,0,0
510914,1,1,0,0,0,0,0,0,0,0,0,0
510915,0,1,32,32,32,32,32,32,32,32,32,32
510915,1,1,0,0,0,0,0,0,0,0,0,0
530001,1,1,17,17,17,17,17,17,17,17,17,17
530002,0,1,17,0,0,0,0,0,0,0,0,24
530002,1,1,0,0,9,0,0,0,0,18,0,0
530003,1,1,0,0,0,0,0,0,0,0,0,0
530004,1,1,17,17,17,17,17,17,17,17,17,17
530005,1,1,0,0,0,0,0,0,0,0,0,0
530005,2,1,0,0,0,0,0,0,0,0,0,0
530006,1,1,0,0,0,0,16,0,0,0,0,10
530006,2,1,0,0,0,0,6,0,0,0,0,0
530006,3,1,0,0,0,0,0,0,0,0,0,0
530007,0,1,29,29,29,29,29,29,29,29,29,29
530007,1,1,9,9,9,9,9,9,9,9,9,9
530008,0,1,0,0,0,0,0,0,0,0,0,0
530008,1,1,14,0,0,0,0,0,0,5,10,0
530009,1,1,0,0,0,0,0,0,0,0,0,0
530009,2,1,0,0,0,0,0,0,0,0,0,0
530010,1,1,0,0,0,0,0,0,0,0,0,0
530011,1,1,0,0,0,0,0,0,0,0,0,0
530011,2,1,0,0,0,0,0,0,0,0,0,0
530012,1,1,32,32,32,32,32,32,32,32,32,32
530012,2,1,0,0,0,0,0,0,0,0,0,0
530012,3,1,0,20,0,0,0,18,26,0,0,0
530013,0,1,0,0,0,0,0,0,0,0,0,0
530013,1,1,11,0,18,25,31,0,0,8,0,0
530014,1,1,0,0,0,0,0,0,0,0,0,0
530015,1,1,0,16,0,14,0,0,0,20,0,0
530015,2,1,0,0,0,0,0,0,8,0,0,0
530016,1,1,17,17,17,17,17,17,17,17,17,17
530018,0,1,0,31,24,0,0,0,0,0,0,0
530018,1,1,0,0,14,0,17,0,0,0,0,0
530020,1,1,16,16,16,16,16,16,16,16,16,16
530021,1,1,0,0,0,0,0,0,0,0,0,0
530022,0,1,0,0,0,0,0,0,0,0,0,0
530022,1,1,11,29,20,14,0,0,16,18,0,0
530023,0,1,0,0,0,0,0,0,0,0,0,0
530023,1,1,0,0,0,0,0,0,19,0,0,0
530024,0,1,0,0,0,0,0,0,0,0,0,0
530024,1,1,26,0,0,0,0,0,0,18,18,0
530025,1,1,4,0,0,0,0,0,0,0,0,0
530025,2,1,0,0,0,0,0,0,0,0,0,0
530026,1,1,0,0,0,0,0,0,0,0,0,0
530026,2,1,0,0,0,0,0,0,0,0,0,0
530028,1,1,24,24,24,24,24,24,24,24,24,24
530028,2,1,3,0,0,0,0,0,0,0,0,0
530028,3,1,0,0,0,0,0,0,0,0,0,0
530030,1,1,15,15,15,15,15,15,15,15,15,15
530032,0,1,0,0,0,0,0,0,21,0,0,12
530032,1,1,0,0,0,0,0,18,0,0,0,0
530033,1,1,0,0,0,0,0,0,0,0,0,0
530033,2,1,0,0,0,0,0,0,19,0,0,21
530033,3,1,0,22,0,0,32,0,0,0,19,0
530033,4,1,0,0,0,0,0,0,0,0,0,0
530034,1,1,0,0,0,0,0,0,0,0,0,0
530034,2,1,0,0,0,0,0,26,0,0,0,0
530035,0,1,0,0,0,0,0,0,0,0,0,0
530035,1,1,0,0,0,0,0,0,0,0,0,0
530035,2,1,7,0,21,30,13,22,0,14,0,0
530036,1,1,14,14,14,14,14,14,14,14,14,14
530036,2,1,0,0,0,0,0,0,0,0,0,0
530037,1,1,10,10,10,10,10,10,10,10,10,10
530038,1,1,0,0,24,0,0,0,0,0,0,0
530039,1,1,0,0,0,0,0,0,0,0,0,0
530039,2,1,0,0,0,0,0,0,0,0,0,0
530040,0,1,0,0,0,0,0,0,0,0,0,0
530040,1,1,0,0,25,29,0,0,8,0,0,0
530041,1,1,7,7,7,7,7,7,7,7,7,7
530042,0,1,0,5,0,8,12,0,0,17,0,22
530042,0,2,21,9,0,8,0,0,0,0,0,0
530042,1,1,0,0,0,0,0,0,0,0,0,0
530042,2,1,0,0,0,0,0,14,0,0,0,0
530043,1,1,25,25,25,25,25,25,25,25,25,25
530044,1,1,0,8,0,0,0,0,0,0,0,0
530045,1,1,24,24,24,24,24,24,24,24,24,24
530046,1,1,0,0,0,0,0,0,0,0,9,0
530046,2,1,3,3,3,3,3,3,3,3,3,3
530047,0,1,0,22,0,0,0,0,11,0,0,0
530047,2,1,9,0,26,0,3,20,0,23,0,0
530047,3,1,0,0,0,18,0,0,0,0,13,0
530048,0,1,0,0,0,0,0,0,0,0,0,0