ST_CASE,VEH_NO,PER_NO,P1,P2,P3,P4,P5,P6,P7,P8,P9,P10
530048,1,1,0,0,0,0,0,0,0,0,0,0
530048,2,1,0,0,16,0,14,25,27,13,18,0
530048,3,1,0,0,0,5,0,0,0,0,0,0
530048,4,1,6,17,13,0,0,8,16,0,16,12
530049,1,1,0,0,0,0,0,0,0,0,0,0
530051,1,1,0,0,0,0,0,0,0,0,0,0
530051,2,1,0,0,0,0,0,0,0,0,0,0
530052,1,1,26,14,10,7,10,15,11,0,23,0
530052,2,1,0,0,10,0,0,0,11,18,0,0
530053,1,1,0,0,0,0,0,0,0,0,0,0
530054,1,1,22,22,22,22,22,22,22,22,22,22
530055,0,1,19,19,19,19,19,19,19,19,19,19
530055,2,1,0,0,0,0,10,23,0,0,36,0
530056,1,1,0,0,0,0,0,0,0,0,0,0
530056,2,1,0,0,0,0,0,0,0,0,0,0
530057,0,1,17,17,17,17,17,17,17,17,17,17
530057,2,1,0,0,0,0,0,0,0,0,0,0
530058,1,1,0,0,0,0,0,0,0,0,0,0
530058,2,1,0,0,18,0,8,0,0,0,0,0
530058,3,1,0,0,0,0,0,0,20,0,0,0
530058,4,1,13,0,0,0,0,14,0,0,0,8
530058,5,1,0,0,0,0,0,0,0,0,0,0
530058,6,1,0,0,0,0,17,0,10,18,0,0
530059,1,1,0,0,0,0,0,0,0,0,0,0
530059,2,1,0,0,0,0,0,0,0,0,0,0
530059,3,1,0,0,0,0,0,5,0,0,0,0
530060,1,1,22,22,22,22,22,22,22,22,22,22
530061,0,1,0,0,0,0,0,0,0,0,0,0
530061,1,1,0,18,0,0,0,0,8,0,0,0
530062,1,1,0,0,0,0,0,0,0,0,0,0
530063,1,1,27,27,27,27,27,27,27,27,27,27
530064,1,1,0,0,0,0,24,0,7,0,0,0
530065,1,1,0,0,0,0,0,0,0,0,0,0
530065,2,1,0,0,0,0,0,0,0,0,0,0
530065,3,1,17,13,0,0,0,0,0,0,0,0
530066,1,1,19,19,19,19,19,19,19,19,19,19
530067,1,1,0,0,0,0,0,0,0,0,0,0
530068,1,1,18,18,18,18,18,18,18,18,18,18
530068,2,1,8,0,0,18,0,0,0,0,0,18
530069,0,1,0,0,0,0,0,0,0,0,0,0
530069,1,1,0,0,0,0,0,0,0,0,0,0
530070,0,1,0,0,0,0,0,0,0,0,0,0
530070,1,1,0,0,0,0,0,0,0,0,0,0
530071,1,1,0,0,0,0,0,0,0,0,0,0
530071,2,1,0,0,10,0,21,0,11,0,12,0
530071,3,1,0,0,0,0,0,0,18,0,0,16
530071,4,1,0,0,18,0,0,0,0,0,0,0
530072,1,1,19,19,19,19,19,19,19,19,19,19
530072,2,1,0,0,0,0,0,0,0,0,0,0
530073,1,1,0,0,0,0,0,0,0,0,0,0
530074,1,1,17,17,17,17,17,17,17,17,17,17
530075,1,1,21,0,0,0,0,0,0,0,0,0
530075,2,1,13,0,0,22,0,0,0,0,0,0
530076,1,1,0,0,0,0,0,0,0,0,0,0
530076,2,1,0,0,0,0,0,0,0,0,0,0
530077,1,1,0,0,0,0,0,0,0,0,0,0
530078,1,1,34,34,34,34,34,34,34,34,34,34
530078,2,1,0,0,0,0,0,0,0,0,0,0
530079,1,1,0,21,10,0,0,0,22,20,0,0
530080,0,1,30,0,11,10,0,0,0,7,32,0
530080,1,1,0,0,0,0,0,0,0,0,0,0
530081,1,1,0,0,0,0,0,0,0,0,0,0
530081,2,1,0,0,0,0,0,0,29,20,0,0
530082,1,1,0,0,0,0,0,0,0,0,0,0
530082,2,1,10,19,0,0,0,0,0,0,0,0
530083,1,1,0,19,0,20,0,0,0,0,6,0
530083,2,1,0,0,0,0,0,0,0,0,0,0
530084,1,1,16,25,0,18,0,0,21,25,0,0
530085,1,1,7,0,23,0,10,0,0,0,0,22
530085,2,1,0,0,0,0,0,0,0,0,0,0
530086,1,2,0,0,0,0,0,0,0,0,0,0
530087,0,1,0,0,0,0,0,0,0,0,0,0
530087,1,1,0,0,27,0,0,0,13,0,0,0
530088,1,1,0,0,0,0,0,0,0,0,0,0
530089,1,1,0,0,0,0,0,0,0,0,0,0
530089,2,1,0,0,0,0,0,0,0,0,0,0
530089,3,1,0,0,0,0,0,0,0,0,6,0
530090,1,1,0,0,0,0,0,0,0,0,4,0
530090,2,1,0,0,0,0,0,0,22,0,15,23
530090,3,1,0,0,0,0,0,0,0,0,0,0
530090,4,1,0,0,0,0,0,0,0,0,0,0
530091,1,1,0,0,0,0,0,0,0,0,0,0
530092,1,1,10,0,0,6,8,22,5,23,20,36
530092,2,1,0,0,0,0,0,0,0,0,0,0
530092,3,1,0,0,0,0,0,0,0,0,0,0
530092,4,1,0,29,0,0,0,0,0,0,0,0
530093,0,1,0,0,0,0,0,0,0,0,0,0
530093,0,2,0,0,9,42,19,0,0,8,0,22
530093,1,1,0,0,0,0,0,0,0,0,0,0
530094,1,1,0,0,0,0,0,0,0,0,0,0
530094,2,1,0,0,0,0,0,0,0,0,0,0
530094,3,1,0,0,0,0,0,0,0,9,6,0
530096,0,1,0,0,0,0,0,0,0,0,0,0
530096,1,1,17,0,0,0,0,0,0,0,0,0
530097,1,1,0,0,0,0,0,14,0,14,30,0
530097,2,1,0,0,0,0,0,7,0,0,0,0
530098,1,1,21,21,21,21,21,21,21,21,21,21
530099,1,1,25,25,25,25,25,25,25,25,25,25
530099,2,1,0,0,0,0,0,20,0,0,15,10
530100,1,1,0,0,0,0,0,0,0,0,0,0
530100,2,1,0,0,0,0,0,0,0,0,0,0
530101,1,1,17,17,17,17,17,17,17,17,17,17
530102,1,1,0,0,0,0,0,0,0,0,0,0
530103,1,1,6,6,6,6,6,6,6,6,6,6
530103,2,1,26,18,2,15,0,12,0,28,0,0
530104,1,1,0,0,0,0,15,10,0,0,15,0
530105,0,1,0,0,0,0,0,0,0,0,0,0
530105,1,1,4,15,0,0,0,0,8,0,0,15
530106,1,1,0,0,0,0,0,0,0,0,0,0
530107,1,1,0,11,0,0,17,0,17,28,0,28
530109,1,1,0,0,0,0,0,0,14,0,18,0
530110,1,1,0,0,0,0,0,0,0,0,0,0
530110,2,1,0,0,0,26,0,0,0,0,0,0
530111,1,1,0,0,0,0,0,0,0,0,0,0
530111,2,1,0,0,0,0,0,0,0,0,0,0
530112,1,1,0,0,0,0,0,0,0,0,0,0
530113,1,1,0,0,0,0,0,0,0,0,0,0
530113,2,1,0,0,0,10,15,0,0,0,0,7
530113,3,1,0,0,0,0,0,0,0,0,15,0
530113,4,1,0,0,0,0,0,0,0,0,0,0
530114,0,1,0,0,0,0,0,0,0,0,0,0
530114,1,1,0,13,0,0,0,8,0,6,0,0
530115,0,1,11,11,11,11,11,11,11,11,11,11
530115,1,1,0,0,0,0,0,0,0,0,0,0
530116,1,1,19,19,19,19,19,19,19,19,19,19
530116,2,1,15,15,15,15,15,15,15,15,15,15
530117,0,1,0,0,0,0,0,0,0,0,0,0
530117,0,2,0,0,0,0,0,0,0,0,0,0
530117,1,1,17,0,0,13,15,0,0,18,7,14
530119,1,1,0,27,27,12,13,0,0,21,9,0
530120,0,1,0,0,0,0,0,0,0,0,0,0
530120,1,1,0,0,0,0,0,0,0,7,0,0
530121,1,1,0,0,0,0,0,0,0,0,0,0
530122,1,1,19,19,19,19,19,19,19,19,19,19
530123,1,1,0,0,19,0,9,0,0,0,0,23
530123,2,1,0,0,0,0,0,0,0,0,0,0
530124,0,1,0,0,0,0,0,0,0,0,0,0
530124,1,1,0,0,0,0,0,0,0,0,0,0
530125,1,1,14,14,14,14,14,14,14,14,14,14
530125,2,1,0,0,0,0,0,16,0,0,0,0
530126,0,1,0,0,0,0,8,0,30,18,0,0
530126,1,1,0,13,0,35,0,0,7,9,36,0
530128,1,1,0,0,0,0,0,0,0,0,0,0
530129,0,1,0,0,0,0,0,0,0,0,0,0
530129,1,1,0,0,0,0,0,0,0,0,0,0
530130,1,1,0,0,0,0,0,0,0,0,0,0
530131,1,1,0,0,0,0,0,0,0,0,0,0
530132,1,1,0,0,0,0,0,0,0,0,0,0
530133,1,1,0,0,0,0,0,0,0,0,0,0
530133,2,1,0,0,0,5,0,0,0,0,0,0
530134,1,1,0,0,0,0,0,0,0,0,0,0
530134,2,1,0,0,0,0,0,0,0,0,0,0
530135,1,1,0,0,0,0,0,0,0,0,14,0
530135,2,1,0,0,0,0,0,0,0,0,0,0
530136,1,1,19,19,19,19,19,19,19,19,19,19
530137,1,1,0,0,0,0,0,0,0,0,0,0
530137,2,1,0,12,0,0,0,0,10,22,0,0
530138,1,1,14,14,14,14,14,14,14,14,14,14
530139,0,1,32,32,32,32,32,32,32,32,32,32
530139,1,1,0,0,0,0,0,0,0,0,10,0
530140,1,1,0,0,0,0,0,0,0,0,0,0
530140,2,1,0,0,0,0,17,0,0,6,0,0
530141,1,1,0,0,0,0,0,0,0,0,0,0
530141,2,1,0,0,0,0,0,0,0,0,0,0
530142,1,1,27,27,27,27,27,27,27,27,27,27
530143,0,1,0,0,0,0,0,0,0,0,0,0
530143,1,1,11,0,0,9,25,14,0,22,12,9
530144,1,1,22,22,22,22,22,22,22,22,22,22
530145,1,1,32,32,32,32,32,32,32,32,32,32
530145,2,1,0,0,0,0,0,0,0,0,0,0
530146,1,1,12,12,12,12,12,12,12,12,12,12
530148,1,1,0,0,0,0,0,0,0,0,0,0
530149,1,1,12,12,12,12,12,12,12,12,12,12
530150,1,1,0,0,0,0,0,0,0,0,0,0
530150,2,1,0,0,0,0,0,0,0,0,0,0
530151,0,1,0,0,35,0,0,0,29,14,0,0
530151,1,1,4,0,18,0,0,28,23,0,0,0
530151,2,1,0,12,13,0,0,0,0,0,0,13
530152,1,1,18,18,18,18,18,18,18,18,18,18
530152,2,1,0,0,0,0,0,0,0,0,0,0
530153,1,1,0,0,0,0,0,0,0,0,0,0
530154,1,1,25,0,8,0,7,6,12,0,22,19
530154,2,1,0,0,0,0,0,0,0,0,0,0
530155,0,1,0,0,0,0,0,0,0,0,0,0
530155,1,1,0,0,0,7,0,0,0,0,0,0
530156,0,1,0,9,0,0,0,0,26,0,32,0
530156,1,1,14,16,0,0,0,0,23,13,0,0
530157,1,1,0,0,0,0,0,0,0,0,0,0
530158,1,1,0,0,14,0,0,0,0,0,0,17
530158,2,1,9,11,12,7,0,0,0,0,0,0
530158,3,1,18,19,0,0,38,18,15,0,0,24
530158,4,1,18,6,0,0,0,0,15,0,0,17
530159,1,1,20,20,20,20,20,20,20,20,20,20
530160,1,1,17,17,17,17,17,17,17,17,17,17
530161,1,1,0,19,0,38,0,0,0,10,0,0
530161,2,1,30,0,5,0,24,0,10,0,0,0
530161,3,1,11,0,0,0,0,0,0,0,0,13
530162,0,1,0,0,0,0,0,0,0,0,0,0
530162,1,1,22,0,0,0,0,0,0,0,0,0
530163,0,1,0,0,0,0,0,0,0,0,0,0
530163,1,1,21,21,21,21,21,21,21,21,21,21
530163,2,1,0,0,0,0,0,0,0,0,13,0
530165,0,1,9,9,9,9,9,9,9,9,9,9
530165,1,1,0,0,0,11,16,16,0,0,0,0
530166,0,1,0,0,0,0,0,0,0,0,0,0
530166,1,1,0,0,26,17,0,20,18,13,0,13
530167,0,1,4,4,4,4,4,4,4,4,4,4
530167,1,1,0,0,0,0,0,0,0,0,0,0
530168,1,1,0,0,0,0,0,0,0,0,0,0
530168,2,1,0,0,16,0,0,0,0,0,0,0
530168,3,1,0,0,0,0,0,0,0,0,0,0
530169,1,1,26,11,0,0,0,0,0,0,0,0
530170,1,1,0,0,0,0,0,0,0,0,0,0
530170,2,1,0,0,0,0,0,0,0,0,0,0
530171,0,1,0,0,0,0,0,0,0,0,0,0
530171,1,1,0,40,0,0,0,0,0,2,17,0
530172,1,1,21,21,21,21,21,21,21,21,21,21
530172,2,1,0,0,16,0,0,0,0,0,0,5
530173,1,1,24,24,24,24,24,24,24,24,24,24
530173,2,1,6,6,6,6,6,6,6,6,6,6
530174,1,1,12,12,12,12,12,12,12,12,12,12
530175,1,1,24,24,24,24,24,24,24,24,24,24
530176,0,1,0,0,0,0,0,0,0,0,0,0
530176,0,2,0,0,0,0,0,0,34,0,32,0
530176,0,3,0,0,17,0,0,0,0,0,0,25
530176,0,4,0,19,20,0,0,21,0,0,0,0
530176,1,1,19,11,0,18,0,19,14,0,3,13
530178,1,1,0,0,0,0,0,0,0,0,0,0
530178,2,1,0,0,0,0,0,0,20,0,0,0
530179,0,1,0,0,0,0,0,0,0,0,0,0
530179,1,1,0,0,18,0,0,0,0,24,0,20
530180,1,1,0,0,0,0,0,0,0,0,0,0
530181,1,1,11,24,16,0,21,0,0,11,0,13
530183,1,1,0,0,0,0,0,0,0,0,0,0
530183,2,1,0,0,0,0,0,0,0,0,0,15
530184,1,1,23,23,23,23,23,23,23,23,23,23
530184,2,1,11,7,0,0,0,0,0,0,6,21
530185,1,1,0,0,0,0,0,0,0,0,0,0
530186,1,1,0,0,0,0,25,0,0,0,0,0
530186,2,1,0,0,0,0,0,0,0,0,0,0
530187,1,1,7,7,7,7,7,7,7,7,7,7
530188,1,1,0,0,0,0,0,0,0,0,0,0
530188,2,1,0,0,0,0,0,0,0,0,33,0
530189,1,1,10,10,10,10,10,10,10,10,10,10
530190,1,1,0,0,0,0,0,0,0,0,0,18
530190,2,1,0,0,5,0,0,0,0,0,0,0
530191,0,1,0,0,0,0,0,30,0,0,19,32
530191,1,1,3,0,0,19,0,0,17,19,20,0
530192,1,1,17,17,17,17,17,17,17,17,17,17
530192,2,1,0,0,0,0,0,0,0,0,0,0
530193,1,1,0,0,0,0,0,0,0,0,0,0
530194,0,1,0,0,0,0,0,0,0,0,0,0
530194,1,1,0,27,0,0,0,13,0,10,34,0
530195,1,1,0,0,0,0,0,20,0,0,0,0
530195,2,1,0,0,0,22,0,0,0,0,0,0
530196,1,1,17,17,17,17,17,17,17,17,17,17
530197,1,1,0,0,0,0,0,0,0,0,0,0
530197,2,1,0,0,0,0,10,35,0,4,0,0
530198,1,1,0,0,0,14,0,0,0,0,11,0
530199,1,1,6,6,6,6,6,6,6,6,6,6
530200,1,1,0,0,0,0,0,0,0,0,0,0
530200,2,1,0,0,0,0,0,0,0,0,0,0
530201,1,1,0,0,0,0,0,0,0,0,0,0
530201,2,1,0,0,0,0,9,0,0,0,0,0
530202,1,1,0,0,0,0,0,0,0,0,0,0
530202,2,1,0,0,0,0,0,0,0,0,0,0
530202,3,1,0,0,0,0,0,0,0,0,0,0
530204,1,1,7,7,7,7,7,7,7,7,7,7
530205,1,1,0,0,0,0,0,0,0,0,0,0
530205,2,1,0,0,0,0,24,0,0,0,0,0
530206,0,1,0,0,0,0,0,0,0,0,0,0
530206,1,1,4,7,0,26,0,5,8,10,16,8
530207,1,1,0,0,0,0,0,18,0,0,11,0
530207,2,1,0,0,0,0,0,0,0,0,0,0
530208,0,1,0,0,0,0,0,0,0,0,0,0
530208,1,1,0,0,20,0,14,0,0,0,11,22
530208,2,1,0,17,0,18,19,0,0,0,0,0
530209,1,1,12,12,12,12,12,12,12,12,12,12
530209,2,1,0,0,0,0,0,0,8,0,0,0
530209,3,1,7,0,0,0,0,0,7,0,24,0
530210,0,1,21,21,21,21,21,21,21,21,21,21
530210,1,1,0,9,0,0,0,0,28,0,15,31
530210,2,1,0,20,6,0,15,24,0,0,0,0
530211,1,1,0,0,0,0,0,0,0,0,0,0
530212,1,1,0,0,0,0,0,0,0,0,0,0
530212,2,1,0,0,0,0,0,0,0,0,0,0
530213,1,1,0,0,12,0,0,0,0,4,25,20
530214,1,1,7,0,0,0,0,0,30,0,0,0
530214,2,1,0,0,0,0,0,0,0,0,0,0
530215,1,1,0,0,0,0,0,0,0,0,0,0
530216,1,1,12,12,12,12,12,12,12,12,12,12
530217,1,1,0,0,0,0,0,0,0,0,0,0
530217,2,1,0,0,0,0,0,0,0,0,0,14
530218,1,1,0,0,0,0,0,0,0,0,0,0
530218,2,1,0,15,23,5,20,0,0,0,0,0
530218,3,1,0,0,0,0,0,7,0,0,0,0
530219,1,1,10,0,0,0,0,0,0,0,0,0
530219,2,1,0,0,0,0,0,0,0,0,0,0
530219,3,1,0,0,0,0,0,0,0,0,0,0
530220,1,1,0,0,0,0,0,0,0,0,0,0
530221,1,1,0,0,0,0,0,0,0,0,0,0
530221,2,1,0,25,0,0,0,0,0,0,0,0
530221,3,1,0,12,0,8,0,6,0,0,0,0
530221,4,1,0,0,19,0,0,0,17,23,10,12
530222,1,1,15,15,15,15,15,15,15,15,15,15
530223,1,1,0,0,0,0,0,16,18,15,0,0
530223,2,1,11,23,0,0,0,14,0,0,0,0
530224,1,1,0,0,0,0,0,0,0,0,0,0
530224,2,1,0,0,0,0,0,0,0,0,0,0
530225,1,1,15,15,15,15,15,15,15,15,15,15
530226,1,1,16,16,16,16,16,16,16,16,16,16
530227,1,1,23,23,23,23,23,23,23,23,23,23
530228,1,1,0,0,0,0,0,0,0,0,0,0
530229,1,1,0,0,9,0,0,18,0,0,22,0
530229,2,1,0,0,0,0,0,0,0,0,0,0
530230,1,1,16,16,16,16,16,16,16,16,16,16
530230,2,1,0,0,0,0,0,0,0,0,0,0
530231,1,1,16,16,16,16,16,16,16,16,16,16
530232,1,1,0,0,0,0,0,0,0,0,0,0
530232,2,1,0,0,0,0,0,0,0,0,0,0
530233,1,1,0,0,0,0,0,0,0,0,0,0
530234,1,1,0,0,0,0,0,0,0,0,0,0
530236,1,1,15,15,15,15,15,15,15,15,15,15
530236,2,1,0,0,0,0,0,0,0,0,0,0
530238,1,1,22,22,22,22,22,22,22,22,22,22
530239,1,1,17,17,17,17,17,17,17,17,17,17
530239,2,1,0,0,0,0,0,17,0,0,0,0
530240,1,1,0,0,0,0,0,0,11,0,0,0
530241,1,1,0,0,0,0,0,0,0,0,0,0
530242,0,1,0,0,0,0,0,0,0,0,0,0
530242,0,2,0,0,0,0,0,0,0,0,0,0
530242,1,1,0,0,0,0,0,0,0,0,0,0
530243,1,1,0,0,0,0,0,0,0,0,0,0
530243,2,1,0,0,15,20,0,0,0,0,0,0
530244,1,1,7,26,0,0,0,0,0,0,0,0
530244,2,1,0,0,0,0,0,0,0,0,0,0
530245,1,1,0,0,0,0,0,0,0,0,0,0
530245,2,1,0,0,0,0,0,0,9,0,0,0
530246,1,1,17,17,17,17,17,17,17,17,17,17
530247,1,1,0,0,19,0,0,32,0,0,0,0
530247,2,1,0,0,21,0,0,0,0,0,20,0
530248,1,1,0,0,0,0,0,0,0,0,0,0
530248,2,1,0,0,0,0,0,0,0,0,3,0
530249,0,1,0,0,0,0,0,0,0,0,0,0
530249,1,1,25,0,0,0,0,22,0,0,13,0
530250,1,1,20,20,20,20,20,20,20,20,20,20
530251,1,1,11,11,11,11,11,11,11,11,11,11
530252,1,1,0,0,0,0,0,0,0,0,0,0
530252,2,1,0,0,0,0,0,0,0,0,0,0
530253,1,1,0,0,21,0,0,0,0,0,0,16
530254,1,1,2,2,2,2,2,2,2,2,2,2
530254,2,1,0,12,0,0,0,0,0,0,0,0
530255,1,1,0,0,0,0,0,0,0,0,0,0
530256,0,1,0,0,0,0,0,0,0,0,0,0
530256,1,1,24,0,21,0,0,0,0,0,0,0
530258,0,1,0,0,0,0,0,0,0,0,0,0
530258,1,1,0,0,20,0,0,0,0,0,0,0
530259,0,1,0,0,0,0,19,0,4,0,0,0
530259,2,1,0,0,17,0,0,0,0,0,0,0
530260,0,1,0,0,0,0,0,0,0,0,0,0
530260,1,1,0,0,0,30,0,5,6,0,0,0
530261,1,1,13,13,13,13,13,13,13,13,13,13
530261,2,1,0,0,0,0,0,8,0,0,0,0
530262,1,1,0,0,0,0,0,0,0,0,0,0
530262,2,1,3,0,0,0,9,0,0,0,0,0
530263,1,1,4,4,4,4,4,4,4,4,4,4
530263,2,1,0,0,0,0,0,0,15,0,22,0
530264,1,1,0,0,0,0,0,0,0,0,0,0
530265,0,1,0,0,0,0,0,0,0,0,0,0
530265,1,1,0,0,24,0,0,0,0,0,0,0
530266,1,1,0,0,0,0,0,0,0,0,0,0
530266,2,1,0,0,0,0,0,0,0,14,0,0
530267,1,1,0,0,0,0,0,0,0,0,0,0
530267,2,1,0,0,0,0,0,0,0,0,0,13
530268,0,1,0,0,0,0,0,12,15,0,0,0
530268,1,1,0,0,0,0,0,0,0,0,0,0
530269,0,1,3,3,3,3,3,3,3,3,3,3
530269,0,2,35,8,0,0,0,0,0,19,28,0
530269,1,1,11,0,0,0,14,0,0,0,0,0
530270,1,1,19,19,19,19,19,19,19,19,19,19
530271,1,1,6,0,6,10,0,0,5,13,0,0
530272,1,1,0,0,0,0,0,0,0,0,0,0
530272,2,1,0,13,0,0,0,0,0,26,21,0
530273,0,1,0,0,0,6,0,0,10,0,0,0
530273,1,1,6,3,13,0,9,0,0,0,0,0
530274,1,1,0,0,0,0,0,0,0,0,0,0
530274,2,1,0,9,0,9,0,0,0,0,0,14
530275,1,1,0,0,0,0,0,0,0,16,0,0
530275,2,1,6,20,29,22,17,39,0,0,15,0
530276,1,1,0,0,0,0,0,0,0,0,0,0
530277,1,1,0,0,0,0,0,0,0,0,0,0
530277,2,1,0,0,0,13,0,0,0,0,0,0
530279,1,1,3,3,3,3,3,3,3,3,3,3
530279,2,1,6,0,0,0,0,0,0,0,0,0
530280,1,1,3,0,0,0,0,0,0,16,0,0
530281,1,1,0,0,0,0,0,0,0,0,0,0
530282,1,1,0,0,0,0,0,0,0,0,0,0
530282,2,1,0,0,0,0,0,0,0,0,37,0
530283,1,1,0,0,0,0,0,0,0,0,0,0
530283,2,1,0,0,0,0,0,0,0,0,0,0
530284,1,1,0,0,0,0,0,0,0,0,0,0
530284,2,1,0,17,25,0,0,0,0,0,0,0
530285,1,1,0,0,0,0,0,0,0,0,0,0
530286,1,1,10,10,10,10,10,10,10,10,10,10
530286,2,1,0,24,0,0,0,0,0,0,0,4
530286,3,1,0,0,0,0,0,0,0,0,0,0
530287,1,1,7,7,7,7,7,7,7,7,7,7
530288,1,1,10,10,10,10,10,10,10,10,10,10
530289,0,1,29,29,29,29,29,29,29,29,29,29
530289,1,1,0,0,17,24,12,0,16,11,0,28
530290,1,1,3,3,3,3,3,3,3,3,3,3
530291,1,1,0,0,0,0,0,0,0,0,0,0
530291,2,1,0,0,4,0,0,0,2,25,0,0
530292,1,1,16,0,5,0,30,13,25,7,0,0
530292,2,1,0,0,8,13,0,0,0,14,0,18
530293,1,1,13,13,13,13,13,13,13,13,13,13
530294,1,1,24,0,18,0,20,0,15,0,4,0
530296,0,1,0,0,0,0,0,0,10,0,0,0
530296,1,1,0,0,9,0,9,0,0,0,0,0
530297,1,1,0,0,0,0,0,18,12,0,0,0
530297,2,1,12,23,0,0,0,4,0,0,36,0
530298,1,1,25,25,25,25,25,25,25,25,25,25
530298,2,1,0,0,0,0,0,0,0,0,0,0
530299,1,1,14,14,14,14,14,14,14,14,14,14
530300,0,1,0,0,0,0,0,0,0,0,0,0
530300,1,1,0,12,0,12,0,10,0,27,7,0
530302,0,1,0,0,0,0,0,0,0,0,0,0
530302,1,1,15,16,7,15,25,0,27,14,11,0
530303,1,1,0,0,0,0,0,0,0,0,0,0
530303,2,1,0,0,0,0,0,0,0,0,0,4
530304,1,1,0,0,0,0,0,0,0,0,0,0
530305,1,1,0,0,0,0,0,0,11,22,0,0
530305,2,1,21,0,9,0,0,0,0,0,0,0
530305,3,1,0,0,0,0,0,0,0,0,0,0
530305,4,1,0,0,0,0,0,0,0,0,7,0
530306,1,1,17,17,17,17,17,17,17,17,17,17
530306,2,1,4,4,4,4,4,4,4,4,4,4
530307,1,1,0,0,0,0,0,0,0,0,0,0
530307,2,1,0,0,0,0,0,0,0,0,0,0
530308,0,1,0,0,0,0,0,0,0,0,0,0
530308,1,1,3,0,0,0,0,6,0,0,0,0
530309,1,1,13,13,13,13,13,13,13,13,13,13
530310,1,1,0,0,0,0,0,0,0,0,0,0
530310,2,1,0,24,0,17,0,0,0,29,30,9
530310,3,1,10,0,9,12,0,9,0,3,0,0
530310,4,1,0,18,12,0,0,0,0,0,0,0
530311,1,1,0,0,0,0,0,0,0,0,0,0
530311,2,1,0,0,0,0,0,0,0,0,0,0
530312,1,1,13,13,13,13,13,13,13,13,13,13
530312,2,1,0,0,0,0,0,5,0,0,14,0
530314,0,1,0,0,0,0,0,0,0,0,0,0
530314,1,1,0,0,0,0,0,0,0,0,0,0
530315,1,1,0,0,0,0,0,0,0,0,0,0
530315,2,1,0,0,0,0,0,0,0,0,0,0
530317,1,1,15,15,15,15,15,15,15,15,15,15
530318,1,1,2,2,2,2,2,2,2,2,2,2
530318,2,1,9,0,0,0,16,0,0,0,0,0
530318,3,1,17,22,0,0,0,0,16,0,0,0
530319,1,1,0,0,0,0,0,0,0,0,0,0
530319,2,1,0,0,0,0,0,0,0,0,0,0
530320,0,1,0,0,0,0,0,0,0,0,0,0
530320,1,1,0,0,0,0,0,0,0,8,0,0
530320,2,1,0,16,0,0,0,0,0,4,6,10
530320,3,1,0,0,7,0,0,0,0,0,16,0
530321,1,1,0,0,0,0,0,0,0,0,0,0
530321,2,1,0,0,0,0,0,0,0,0,0,0
530323,1,1,0,0,0,0,0,0,0,0,0,0
530323,2,1,0,0,0,0,0,0,0,0,0,0
530324,1,1,0,0,0,0,0,0,0,0,0,0
530325,1,1,0,0,0,0,0,0,0,0,0,0
530325,2,1,0,0,0,0,0,0,0,0,0,9
530326,0,1,0,0,0,0,0,0,0,0,0,0
530326,1,1,31,0,0,0,0,0,0,0,0,0
530327,1,1,0,0,0,0,0,0,0,0,0,0
530328,1,1,0,0,0,0,0,0,0,0,0,0
530329,1,1,18,18,18,18,18,18,18,18,18,18
530329,2,1,0,27,0,25,0,14,0,0,0,0
530330,1,1,23,23,23,23,23,23,23,23,23,23
530331,1,1,17,17,17,17,17,17,17,17,17,17
530332,1,1,18,18,18,18,18,18,18,18,18,18
530333,1,1,15,15,15,15,15,15,15,15,15,15
530335,1,1,12,12,12,12,12,12,12,12,12,12
530336,0,1,7,7,7,7,7,7,7,7,7,7
530336,1,1,0,0,0,0,0,0,0,0,0,0
530336,2,1,11,0,0,16,0,22,20,0,0,0
530337,1,1,0,0,0,0,0,0,0,0,0,0
530337,2,1,0,0,0,0,0,0,0,0,0,0
530338,1,1,6,6,6,6,6,6,6,6,6,6
530339,0,1,0,0,0,0,0,0,0,0,0,0
530339,1,1,0,0,0,0,0,0,0,0,0,0
530340,1,1,0,0,0,0,0,0,0,0,0,0
530341,1,1,0,0,0,9,0,0,0,0,0,0
530341,2,1,0,0,0,0,0,0,0,0,0,0
530342,1,1,19,19,19,19,19,19,19,19,19,19
530343,1,1,15,15,15,15,15,15,15,15,15,15
530343,2,1,10,9,26,17,0,0,13,0,38,0
530344,1,1,22,22,22,22,22,22,22,22,22,22
530345,1,1,0,0,0,0,0,0,0,0,0,0
530346,1,1,0,16,0,0,0,0,37,23,19,0
530347,1,1,0,0,0,0,0,0,0,0,0,0
530348,0,1,0,0,0,0,0,0,0,0,0,0
530348,1,1,31,6,21,0,13,18,0,0,0,0
530349,1,1,28,28,28,28,28,28,28,28,28,28
530350,1,1,0,0,0,0,0,0,0,0,0,0
530350,2,1,0,0,0,0,0,0,23,0,0,0
530350,3,1,0,16,18,0,18,0,0,0,0,0
530351,1,1,22,22,22,22,22,22,22,22,22,22