ST_CASE,VEH_NO,PER_NO,P1,P2,P3,P4,P5,P6,P7,P8,P9,P10
530351,2,1,0,0,0,0,0,0,0,0,0,0
530352,1,1,0,0,0,0,0,0,0,0,0,0
530352,2,1,10,0,0,0,0,0,0,0,0,0
530353,1,1,0,8,0,0,0,0,0,0,0,0
530353,2,1,0,0,0,0,0,0,0,0,0,0
530353,3,1,0,0,0,0,0,0,0,0,0,0
530354,0,1,15,15,15,15,15,15,15,15,15,15
530354,1,1,16,22,6,23,7,27,10,14,14,9
530355,0,1,0,0,0,0,0,0,0,0,0,0
530355,1,1,0,0,0,0,0,0,0,0,0,0
530358,1,1,0,0,0,8,5,0,0,13,0,7
530358,2,1,0,30,0,0,0,0,0,0,0,0
530359,1,1,0,0,0,0,0,0,0,0,0,0
530360,1,1,0,0,0,0,0,0,0,0,0,0
530360,2,1,0,0,0,0,0,0,0,0,0,0
530361,1,1,0,0,0,0,0,0,0,0,0,0
530361,2,1,22,0,0,0,0,14,0,0,0,4
530362,1,1,0,0,0,0,0,0,0,0,0,0
530363,1,1,16,16,16,16,16,16,16,16,16,16
530364,0,1,20,20,20,20,20,20,20,20,20,20
530364,1,1,0,0,0,0,0,0,0,0,18,0
530365,1,1,0,0,0,0,0,0,22,0,0,0
530365,2,1,0,0,0,0,0,0,0,0,0,0
530366,0,1,0,0,0,0,0,0,0,0,0,0
530366,1,1,0,0,0,0,0,0,0,23,0,0
530367,1,1,14,26,23,14,30,24,26,25,11,11
530368,1,1,19,19,19,19,19,19,19,19,19,19
530369,1,1,0,0,0,0,0,0,0,0,0,0
530369,2,1,0,0,0,0,0,0,0,0,0,0
530370,1,1,0,0,0,0,0,0,0,0,0,0
530370,2,1,0,0,0,0,0,0,0,0,0,0
530371,1,1,13,13,13,13,13,13,13,13,13,13
530371,2,1,0,0,0,0,0,0,0,0,0,0
530372,0,1,7,7,7,7,7,7,7,7,7,7
530372,1,1,10,41,27,0,0,0,9,13,0,0
530373,1,1,0,0,0,0,0,0,0,0,0,0
530374,1,1,26,26,26,26,26,26,26,26,26,26
530374,2,1,0,17,0,0,0,0,0,26,23,0
530375,1,1,0,0,0,0,0,0,0,0,0,0
530375,2,1,0,0,0,20,0,11,0,0,5,0
530376,1,1,15,0,0,8,20,29,0,0,3,0
530376,2,1,29,29,29,29,29,29,29,29,29,29
530376,3,1,9,0,0,0,0,23,0,13,15,0
530377,1,1,0,0,0,14,0,22,0,0,0,0
530378,0,1,24,24,24,24,24,24,24,24,24,24
530378,1,1,25,21,0,14,0,19,16,0,0,0
530379,0,1,0,0,0,0,0,0,0,0,0,0
530379,1,1,0,10,0,0,0,6,0,0,0,0
530379,2,1,0,0,0,0,0,10,22,0,0,11
530380,1,1,16,16,16,16,16,16,16,16,16,16
530381,1,1,0,0,11,22,16,26,12,0,9,12
530382,0,1,0,0,0,0,0,11,0,0,18,0
530382,1,1,0,0,0,3,0,0,0,0,0,0
530383,1,1,0,0,0,0,0,0,0,0,0,0
530383,2,1,0,12,15,0,0,0,0,0,0,0
530384,1,1,0,0,0,0,0,0,0,0,0,0
530384,2,1,0,0,0,0,0,0,0,13,0,14
530385,1,1,0,0,0,0,0,0,0,0,0,0
530385,2,1,0,0,0,0,18,0,0,0,0,0
530386,1,1,0,0,0,0,0,0,0,0,0,0
530386,2,1,0,0,7,0,0,0,0,0,0,0
530387,0,1,0,0,0,0,0,0,0,0,0,0
530387,1,1,18,18,18,18,18,18,18,18,18,18
530388,1,1,0,0,0,0,0,0,0,0,0,0
530388,2,1,18,18,18,18,18,18,18,18,18,18
530389,1,1,0,0,0,20,0,5,0,0,0,0
530389,2,1,0,0,0,0,0,0,0,0,0,0
530390,1,1,19,0,18,0,0,0,0,0,0,0
530391,1,1,11,11,11,11,11,11,11,11,11,11
530392,1,1,0,0,0,0,0,0,0,0,0,0
530392,2,1,0,0,0,0,0,0,0,0,0,0
530393,1,1,18,18,18,18,18,18,18,18,18,18
530394,0,1,0,27,30,0,11,0,0,23,0,0
530394,1,1,8,8,8,8,8,8,8,8,8,8
530395,1,1,0,0,0,0,0,0,0,0,0,0
530395,2,1,4,9,0,12,9,0,0,0,25,0
530395,3,1,0,0,4,0,0,0,0,0,0,0
530396,0,1,0,0,0,0,0,0,0,0,0,0
530396,1,1,0,0,0,0,0,0,0,0,6,0
530397,1,1,25,25,25,25,25,25,25,25,25,25
530397,2,1,0,0,0,9,0,0,0,0,0,0
530397,3,1,0,0,0,0,0,0,0,0,8,0
530397,4,1,0,0,0,0,0,9,0,4,0,0
530397,5,1,14,34,0,35,7,0,14,0,0,0
530398,0,1,0,0,0,0,0,0,0,0,0,0
530398,1,1,0,0,0,0,0,0,23,0,0,0
530399,0,1,30,30,30,30,30,30,30,30,30,30
530399,1,1,0,0,18,0,0,11,0,0,0,12
530400,0,1,0,0,5,0,0,0,0,0,0,0
530400,1,1,0,0,0,13,0,0,0,0,0,0
530401,1,1,9,9,9,9,9,9,9,9,9,9
530402,0,1,33,33,33,33,33,33,33,33,33,33
530402,1,1,0,12,18,0,0,11,0,12,22,27
530403,0,1,20,20,20,20,20,20,20,20,20,20
530403,1,1,0,6,11,0,35,0,19,0,0,13
530404,1,1,0,0,0,0,0,0,0,0,0,0
530405,1,1,13,13,13,13,13,13,13,13,13,13
530406,1,1,0,0,0,0,0,0,0,0,0,0
530406,2,1,0,0,0,0,0,0,0,0,0,0
530407,1,1,0,24,4,0,9,0,21,13,0,0
530407,2,1,23,23,23,23,23,23,23,23,23,23
530409,0,1,0,0,0,0,0,0,0,0,0,0
530409,1,1,16,0,0,13,0,12,0,15,0,0
530410,1,1,0,0,0,0,0,0,0,0,0,0
530410,2,1,0,0,0,0,0,6,0,0,0,0
530411,1,1,0,0,0,0,0,0,0,0,0,0
530411,2,1,0,0,0,0,0,0,7,0,0,0
530412,1,1,0,0,15,0,0,0,0,0,0,0
530412,2,1,1,1,1,1,1,1,1,1,1,1
530412,3,1,30,0,0,0,0,0,0,18,0,0
530412,4,1,0,0,0,0,0,0,0,0,0,0
530413,1,1,0,8,0,3,12,0,8,0,7,0
530413,2,1,21,17,0,0,0,32,0,0,0,0
530414,1,1,0,0,0,0,0,0,0,0,0,0
530414,2,1,0,0,0,0,0,0,0,0,0,0
530415,0,1,0,0,0,0,16,0,6,17,0,23
530415,1,1,0,0,0,0,0,0,0,0,0,0
530416,1,1,0,0,0,0,0,0,0,0,0,0
530416,2,1,0,9,4,3,19,11,0,0,0,25
530417,0,1,0,0,0,0,0,0,0,0,0,0
530417,1,1,0,12,0,0,0,0,0,0,0,0
530418,1,1,21,24,19,26,10,21,0,5,11,10
530419,1,1,0,0,0,0,0,0,0,0,0,0
530419,2,1,0,0,13,0,0,0,0,0,0,0
530420,1,1,9,9,9,9,9,9,9,9,9,9
530421,0,1,0,0,0,0,0,0,0,0,0,0
530421,1,1,0,0,0,0,0,0,0,0,0,0
530422,1,1,1,1,1,1,1,1,1,1,1,1
530422,2,1,0,0,0,0,0,0,0,0,0,0
530423,1,1,16,16,16,16,16,16,16,16,16,16
530424,1,1,21,21,21,21,21,21,21,21,21,21
530425,1,1,17,0,0,0,0,0,0,0,0,0
530425,2,1,0,22,0,0,7,16,15,0,24,28
530425,3,1,0,13,0,8,0,0,0,0,0,0
530426,1,1,1,20,4,0,4,3,0,0,12,0
530427,0,1,0,0,0,0,0,0,0,0,0,0
530427,1,1,16,28,0,0,0,24,0,0,0,0
530428,1,1,0,30,0,0,0,0,32,0,39,0
530428,2,1,0,19,0,0,0,23,0,0,0,0
530428,3,1,0,0,12,0,0,0,0,0,0,0
530429,1,1,0,0,0,4,0,0,0,0,0,0
530429,2,1,0,0,0,0,0,0,0,0,0,0
530430,0,1,0,0,0,0,0,0,0,0,0,0
530430,1,1,0,0,0,0,0,13,0,0,0,0
530431,0,1,0,0,0,0,0,0,0,0,0,0
530431,1,1,0,0,0,9,0,10,0,0,0,0
530432,1,1,0,0,0,0,0,0,0,0,0,0
530432,2,1,0,0,0,0,0,0,0,0,0,10
530433,1,1,16,16,16,16,16,16,16,16,16,16
530434,1,1,0,15,0,10,0,0,0,0,0,0
530434,2,1,0,0,0,0,0,0,8,0,0,0
530434,3,1,0,19,0,0,0,7,0,0,0,0
530435,1,1,0,0,0,0,0,0,0,0,0,0
530436,0,1,0,0,0,0,0,0,0,0,0,0
530436,1,1,0,0,0,0,0,0,0,0,0,0
530437,1,1,0,0,0,0,0,0,0,0,0,0
530437,2,1,0,0,0,0,0,0,0,0,0,0
530438,1,1,0,0,0,0,0,0,0,0,0,0
530438,2,1,0,0,0,0,0,0,0,0,0,0
530438,3,1,0,23,0,0,11,17,0,20,0,0
530439,1,1,0,0,0,10,0,0,15,0,0,0
530439,2,1,0,0,0,0,0,0,0,0,0,0
530440,1,1,0,0,0,0,0,0,0,0,0,0
530440,2,1,0,19,9,0,0,19,0,0,9,0
530440,3,1,26,13,0,0,6,0,0,0,0,0
530440,4,1,0,0,0,0,0,0,0,0,0,0
530441,1,1,0,18,0,0,0,0,11,0,0,0
530441,2,1,22,22,22,22,22,22,22,22,22,22
530442,0,1,0,0,0,0,0,0,0,0,0,0
530442,1,1,0,0,0,14,0,0,0,0,0,13
530443,1,1,0,0,0,0,0,0,0,0,0,0
530443,2,1,0,16,3,5,8,8,16,25,10,27
530444,1,1,34,34,34,34,34,34,34,34,34,34
530444,2,1,0,0,0,0,10,0,0,0,18,9
530445,1,1,0,11,7,0,11,0,0,0,8,11
530445,2,1,0,0,0,0,0,0,0,13,0,0
530446,1,1,0,0,0,0,0,0,0,0,0,0
530446,3,1,0,0,0,0,0,0,9,0,0,0
530447,1,1,19,19,19,19,19,19,19,19,19,19
530447,2,1,0,0,0,0,0,0,0,0,0,0
530449,1,1,2,14,17,8,22,7,25,19,14,13
530450,0,1,0,0,0,0,0,0,0,0,0,0
530450,1,1,0,0,0,0,8,13,0,7,0,0
530450,2,1,0,39,0,0,16,0,0,0,0,7
530450,3,1,0,0,0,0,17,0,24,0,17,0
530451,1,1,17,17,17,17,17,17,17,17,17,17
530452,0,1,0,0,0,0,0,0,0,0,0,0
530452,1,1,21,3,21,5,0,4,0,0,0,13
530453,0,1,0,0,0,0,0,0,0,0,0,0
530453,1,1,0,19,0,0,0,0,0,0,24,16
530454,1,1,22,0,0,0,14,0,14,0,23,11
530455,1,1,10,12,8,14,15,11,14,26,0,23
530455,2,1,0,26,0,0,0,0,7,13,0,14
530455,3,1,0,0,0,0,0,21,0,0,0,0
530456,0,1,0,0,0,0,20,24,39,0,22,0
530456,1,1,27,24,17,30,7,20,12,26,13,27
530458,1,1,13,0,13,0,0,0,0,0,0,3
530458,2,1,0,21,3,17,24,12,0,13,37,10
530459,1,1,0,0,0,0,0,0,0,0,0,0
530460,1,1,0,0,0,0,0,0,0,0,0,0
530461,1,1,0,0,0,0,10,19,3,0,14,0
530461,2,1,0,0,0,0,0,13,0,0,0,0
530462,1,1,6,0,9,0,0,10,11,0,10,16
530463,1,1,0,0,0,0,0,0,0,0,0,0
530464,1,1,0,0,0,0,0,0,0,0,0,0
530464,2,1,0,0,0,0,0,0,0,0,0,0
530464,3,1,0,0,0,0,0,0,0,0,0,0
530465,1,1,20,8,13,0,13,0,4,21,17,0
530466,1,1,0,0,0,0,0,0,0,0,0,0
530467,1,1,0,0,0,0,0,0,0,0,0,0
530468,1,1,0,0,0,0,0,0,0,0,0,9
530468,2,1,0,0,0,0,0,0,0,0,0,0
530469,0,1,2,2,2,2,2,2,2,2,2,2
530469,1,1,9,9,9,9,9,9,9,9,9,9
530470,1,1,0,0,0,0,0,0,0,0,0,0
530470,2,1,0,0,17,0,0,0,0,0,0,12
530470,3,1,0,0,0,0,0,15,12,0,0,0
530471,1,1,0,0,0,0,0,0,9,20,0,0
530471,2,1,0,0,0,0,9,0,0,0,0,0
530472,1,1,0,0,0,0,0,0,0,0,0,0
530473,0,1,0,0,0,0,0,0,0,0,0,0
530473,1,1,0,2,0,0,0,0,13,0,0,0
530474,1,1,16,16,16,16,16,16,16,16,16,16
530474,2,1,0,0,0,0,0,0,0,0,0,20
530475,1,1,21,21,21,21,21,21,21,21,21,21
530475,2,1,0,0,0,0,0,0,0,0,0,0
530476,1,1,0,0,0,0,0,0,0,0,0,0
530476,2,1,16,0,13,6,0,0,0,0,0,0
530476,3,1,0,3,23,0,8,0,0,0,0,0
530477,1,1,0,0,0,0,0,0,0,0,0,0
530477,2,1,0,0,0,0,0,0,0,0,0,0
530478,1,1,0,14,0,0,0,0,0,0,0,23
530479,0,1,0,0,0,0,0,0,0,0,0,0
530479,1,1,14,6,0,15,0,9,0,17,23,16
530480,1,1,0,0,0,0,0,0,0,0,0,0
530480,2,1,0,0,0,0,0,0,0,0,0,0
530480,3,1,0,0,0,16,0,0,0,0,0,0
530481,1,1,0,0,0,0,0,0,0,0,0,0
530481,2,1,0,0,0,18,0,0,34,15,0,0
530481,3,1,23,0,0,0,0,0,26,0,13,0
530482,1,1,0,0,0,0,0,0,0,0,0,0
530482,2,1,0,0,0,0,0,0,0,0,0,0
530483,1,1,0,0,17,0,0,0,0,0,0,0
530483,2,1,0,0,0,0,0,2,0,0,0,0
530484,1,1,16,16,16,16,16,16,16,16,16,16
530486,1,1,13,13,13,13,13,13,13,13,13,13
530487,1,1,5,13,15,23,17,24,4,13,33,16
530487,2,1,0,0,0,0,0,0,0,0,0,0
530488,1,1,0,0,0,0,0,0,0,0,0,0
530488,2,1,0,0,0,0,5,0,0,0,0,0
530489,1,1,16,45,0,0,0,0,19,0,7,0
530490,0,1,35,35,35,35,35,35,35,35,35,35
530490,1,1,14,0,18,13,4,5,0,0,14,0
530491,1,1,0,0,0,0,14,13,0,0,0,0
530491,2,1,0,14,0,0,0,0,0,0,22,21
530491,3,1,0,0,0,0,0,0,0,0,0,0
530491,4,1,0,0,0,0,0,0,0,0,0,0
530491,5,1,0,0,0,0,0,22,0,0,0,0
530492,0,1,0,0,0,0,0,0,0,0,0,0
530492,1,1,7,0,14,0,0,0,0,0,0,7
530493,0,1,21,21,21,21,21,21,21,21,21,21
530493,1,1,11,27,16,4,9,27,0,29,0,13
530494,1,1,0,0,0,31,0,12,0,0,0,0
530494,2,1,0,0,0,0,0,0,0,0,0,0
530495,0,1,9,9,9,9,9,9,9,9,9,9
530495,1,1,10,29,15,12,16,16,19,17,9,12
530497,1,1,17,16,24,16,3,7,12,21,23,14
530498,1,1,0,0,0,0,0,0,0,18,0,0
530498,2,1,0,0,0,0,0,0,0,0,0,12
530498,3,1,0,0,0,0,0,0,0,0,0,0
530499,0,1,30,0,0,0,0,0,0,38,0,0
530499,1,1,0,0,0,0,0,0,0,0,0,0
530500,1,1,11,11,11,11,11,11,11,11,11,11
530500,2,1,0,0,21,0,10,0,0,0,0,0
530501,0,1,0,0,0,0,0,0,0,0,0,0
530501,1,1,0,0,9,0,3,0,0,0,0,0
530502,1,1,0,0,0,0,0,0,0,0,0,0
530502,2,1,0,0,0,0,0,0,0,0,10,0
530503,0,1,0,0,0,0,0,0,0,0,0,0
530503,1,1,18,18,18,18,18,18,18,18,18,18
530504,0,1,0,0,0,0,0,0,0,0,0,0
530504,1,1,0,11,0,0,32,0,0,0,0,0
530504,2,1,0,0,0,14,0,0,0,0,0,0
530505,1,1,10,10,10,10,10,10,10,10,10,10
530506,1,1,0,0,0,0,0,0,0,0,0,0
530506,2,1,0,0,0,0,0,0,0,0,0,0
530506,3,1,0,24,0,0,0,0,0,0,14,0
530507,1,1,0,0,0,0,0,0,0,0,0,0
530507,2,1,18,0,0,0,0,21,0,0,0,0
530508,0,1,0,0,0,0,0,0,0,0,0,0
530508,1,1,0,11,0,0,0,0,0,0,0,3
530509,1,1,5,6,16,13,0,33,14,29,22,21
530509,2,1,8,39,24,16,0,30,0,16,0,0
530510,1,1,25,9,17,0,0,18,0,19,15,17
530510,2,1,21,21,21,21,21,21,21,21,21,21
530511,1,1,0,0,17,32,0,0,0,0,0,0
530512,1,1,0,0,0,0,0,0,0,0,0,0
530513,1,1,23,0,0,0,0,0,10,0,7,27
530513,2,1,0,0,0,0,0,0,0,0,0,0
530514,1,1,0,0,0,0,0,0,0,0,0,0
530514,2,1,16,0,0,0,0,0,0,15,18,25
530515,1,1,0,0,0,0,0,0,0,0,0,0
530516,1,1,18,18,18,18,18,18,18,18,18,18
530516,2,1,0,10,0,40,18,0,0,0,0,0
530517,1,1,0,0,0,0,0,0,0,0,0,0
530518,1,1,18,18,18,18,18,18,18,18,18,18
530519,1,1,31,31,31,31,31,31,31,31,31,31
530519,2,1,0,0,0,0,0,0,0,0,0,0
530519,3,1,14,0,0,0,0,0,21,0,0,0
530520,1,1,0,0,0,0,0,0,0,0,0,0
530520,2,1,0,0,0,5,0,0,0,0,4,0
530521,0,1,0,0,0,0,0,0,0,0,0,0
530521,1,1,0,0,13,11,14,0,0,9,17,0
530521,2,1,0,0,0,0,0,17,8,0,14,0
530522,0,1,0,0,0,0,0,0,0,0,0,0
530522,1,1,0,0,0,0,0,0,0,0,0,0
530523,1,1,27,27,27,27,27,27,27,27,27,27
530524,1,1,26,26,26,26,26,26,26,26,26,26
530524,2,1,0,0,31,0,0,12,0,0,44,0
530525,1,1,11,11,11,11,11,11,11,11,11,11
530525,2,1,0,0,0,6,22,0,0,0,0,0
530525,3,1,18,12,16,0,24,11,23,8,19,11
530526,1,1,10,11,0,0,0,9,19,10,10,0
530528,0,1,0,0,0,0,0,0,0,0,0,0
530528,1,1,0,0,0,0,0,0,0,0,0,0
530529,0,1,0,0,0,0,0,0,0,0,0,0
530529,1,1,0,35,0,16,0,0,0,0,0,0
530530,0,1,0,0,0,11,0,32,0,0,0,0
530530,1,1,0,0,0,0,0,0,0,0,0,0
530531,1,1,0,0,8,0,0,0,0,0,0,17
530531,2,1,0,0,0,0,0,0,0,0,0,0
530532,1,1,15,15,15,15,15,15,15,15,15,15
530533,0,1,18,18,18,18,18,18,18,18,18,18
530533,1,1,15,12,21,5,0,0,0,0,0,0
530534,1,1,0,0,0,16,0,15,0,0,0,0
530535,1,1,14,12,17,26,10,29,11,26,2,13
530535,2,1,0,0,0,0,0,0,0,0,0,0
530536,0,1,0,0,0,0,0,0,0,0,0,0
530536,0,2,8,0,0,0,0,10,0,0,0,23
530536,0,3,0,0,0,0,0,0,0,0,0,0
530536,1,1,15,15,15,15,15,15,15,15,15,15
530537,0,1,10,10,10,10,10,10,10,10,10,10
530537,1,1,12,18,0,19,0,6,19,0,17,0
530538,1,1,7,0,0,0,31,0,0,0,0,12
530538,2,1,16,16,16,16,16,16,16,16,16,16
530539,1,1,22,22,22,22,22,22,22,22,22,22
530540,0,1,0,0,0,0,0,0,0,0,0,0
530540,1,1,0,0,9,0,0,0,0,0,0,13
530541,0,1,10,10,10,10,10,10,10,10,10,10
530541,1,1,13,0,0,0,0,0,0,27,0,0
530542,1,1,0,0,0,0,0,0,14,0,11,0
530542,2,1,0,0,0,0,0,0,0,0,0,0
530543,0,1,0,0,0,0,0,0,0,0,0,0
530543,1,1,0,0,0,0,0,0,0,0,0,0
530543,2,1,0,0,0,0,0,0,0,0,0,0
530544,1,1,0,0,0,0,0,0,0,0,12,0
530544,2,1,0,0,0,0,0,0,0,0,0,0
530545,0,1,0,0,0,0,0,0,0,0,0,0
530545,1,1,13,0,0,16,0,0,0,0,0,0
530546,1,1,13,13,13,13,13,13,13,13,13,13
530546,2,1,0,0,0,0,0,0,0,0,0,0
530546,3,1,0,0,17,10,0,0,0,0,0,0
530547,0,1,0,0,0,0,0,0,0,0,0,0
530547,1,1,0,0,6,0,0,3,0,0,0,10
530548,1,1,0,0,0,0,0,0,0,0,0,0
530548,2,1,4,17,0,13,11,0,0,0,0,0
530549,0,1,0,0,0,0,0,0,0,0,0,0
530549,1,1,0,16,14,15,21,11,19,38,0,0
530550,1,1,19,19,19,19,19,19,19,19,19,19
530550,2,1,0,0,22,17,0,0,0,0,9,0
530551,1,1,0,0,0,0,0,0,0,0,0,0
530551,2,1,0,0,0,30,0,0,0,0,0,0
530551,3,1,11,7,11,0,0,0,0,0,0,0
530552,0,1,21,21,21,21,21,21,21,21,21,21
530552,1,1,0,0,0,0,0,0,0,0,0,0
530553,0,1,8,8,8,8,8,8,8,8,8,8
530553,1,1,0,0,0,0,0,9,0,0,0,21
530554,1,1,0,0,0,0,0,0,0,0,0,0
530554,2,1,0,0,0,0,0,0,0,0,0,0
530555,1,1,0,0,0,0,0,0,0,0,0,0
530556,1,1,0,0,0,0,0,0,0,0,0,0
530557,0,1,8,8,8,8,8,8,8,8,8,8
530557,1,1,0,0,0,27,0,0,0,0,0,0
530558,1,1,0,0,0,0,0,0,0,0,0,0
530558,2,1,0,0,0,0,0,0,0,0,0,0
530559,0,1,0,0,0,0,0,0,0,0,0,0
530559,1,1,0,14,12,0,0,0,0,0,0,0
530560,0,1,22,22,22,22,22,22,22,22,22,22
530560,1,1,6,6,6,6,6,6,6,6,6,6
530561,0,1,36,0,14,0,0,9,0,0,19,0
530561,1,1,0,0,22,15,0,0,0,14,0,0
530563,0,1,0,0,0,0,0,0,0,0,0,0
530563,1,1,20,18,12,0,0,0,0,0,0,0
530565,0,1,0,0,0,0,0,0,0,0,0,0
530565,1,1,0,0,0,0,0,0,0,0,0,0
530566,0,1,0,0,0,0,0,0,0,0,0,0
530566,0,2,0,0,21,14,0,13,0,24,0,0
530566,1,1,0,0,0,0,0,16,0,0,0,0
530567,0,1,27,0,0,0,0,0,0,0,0,38
530567,1,1,0,0,26,0,0,0,12,0,20,0
530568,0,1,0,0,8,0,0,0,0,0,0,0
530568,1,1,0,0,23,0,0,16,0,0,0,0
530569,1,1,17,17,17,17,17,17,17,17,17,17
530570,0,1,0,0,0,0,0,0,0,0,0,0
530570,1,1,0,0,0,9,0,0,0,0,0,0
530571,1,1,0,0,0,0,0,0,0,0,0,0
530571,2,1,0,0,0,0,9,5,0,0,0,0
530572,1,1,12,25,12,0,0,10,15,0,0,0
530572,2,1,1,1,1,1,1,1,1,1,1,1
530573,1,1,11,11,11,11,11,11,11,11,11,11
530574,1,1,11,11,11,11,11,11,11,11,11,11
530575,1,1,0,0,0,0,0,0,0,0,0,0
530575,2,1,0,0,0,0,0,0,0,0,0,0
530577,0,1,0,0,0,0,0,0,0,0,0,0
530577,1,1,0,0,6,0,8,9,0,0,0,0
530578,0,1,19,19,19,19,19,19,19,19,19,19
530578,1,1,0,0,0,0,0,0,0,0,0,6
530579,0,1,27,27,27,27,27,27,27,27,27,27
530579,1,1,0,0,0,8,0,0,9,0,0,13
530580,1,1,0,0,0,0,0,0,0,0,0,0
530582,1,1,0,0,0,0,0,0,0,0,0,0
530583,1,1,0,0,0,0,0,0,18,29,0,0
530583,2,1,6,6,6,6,6,6,6,6,6,6
530584,0,1,0,0,0,0,0,0,0,0,0,0
530584,1,1,0,0,0,0,0,18,19,0,0,16
530585,1,1,17,17,17,17,17,17,17,17,17,17
530586,0,1,6,6,6,6,6,6,6,6,6,6
530586,1,1,20,0,0,0,29,7,16,20,5,27
530587,0,1,28,0,0,28,0,0,0,17,0,0
530587,1,1,14,0,0,0,0,20,14,0,0,25
530588,0,1,29,29,29,29,29,29,29,29,29,29
530588,1,1,16,16,16,16,16,16,16,16,16,16
530589,1,1,15,0,0,0,0,13,15,0,0,17
530589,2,1,0,0,0,12,0,21,0,0,0,0
530589,3,1,0,0,0,0,0,6,0,0,0,0
530590,1,1,16,16,16,16,16,16,16,16,16,16
530591,1,1,0,14,0,0,0,0,0,24,2,15
530591,2,1,0,0,0,0,14,0,0,17,0,0
530592,1,1,9,9,9,9,9,9,9,9,9,9
530593,0,1,0,0,3,15,0,0,0,7,29,0
530593,1,1,14,19,0,28,0,0,5,16,14,0
530594,1,1,0,28,9,16,0,20,0,31,0,0
530595,0,1,0,0,0,0,0,0,0,0,0,0
530595,1,1,9,0,13,15,18,0,23,0,0,9
530596,1,1,0,0,0,0,0,0,0,0,0,0
530597,1,1,18,30,0,7,17,10,11,15,19,28
530598,1,1,9,0,0,0,0,0,0,0,0,0
530598,2,1,0,0,0,0,0,0,0,0,0,0
530599,1,1,0,11,0,0,0,0,0,0,14,0
530599,2,1,0,20,0,0,0,0,0,0,0,19
530600,0,1,0,0,0,0,0,0,0,0,0,0
530600,1,1,0,8,0,0,0,0,0,0,0,0
530601,1,1,17,0,0,0,5,0,0,20,0,20
530602,0,1,0,0,0,0,0,0,0,0,0,0
530602,1,1,0,0,0,9,0,3,10,5,18,12
530603,0,1,0,0,0,0,0,0,0,0,0,0
530603,1,1,0,0,0,0,0,0,0,0,0,0
530604,1,1,1,1,1,1,1,1,1,1,1,1
530605,1,1,0,11,0,0,0,16,0,4,0,0
530605,2,1,0,0,0,9,0,0,10,0,0,0
530606,0,1,0,0,0,0,0,21,0,10,0,0
530606,1,1,0,0,0,23,0,0,0,0,0,17
530607,0,1,0,0,0,0,0,0,0,0,0,0
530607,1,1,0,0,0,16,18,15,11,0,0,0
530608,1,1,0,0,0,0,0,0,0,0,0,0
530608,2,1,0,0,0,0,0,0,0,0,0,8
530609,1,1,0,0,0,0,0,0,0,12,0,0
530609,2,1,0,0,0,18,0,0,0,0,0,0
530610,1,1,12,0,5,0,0,0,29,0,0,0
530610,2,1,0,0,18,0,0,0,0,0,0,0
530611,0,1,0,0,0,0,0,0,0,0,0,0
530611,1,1,16,16,16,16,16,16,16,16,16,16
530612,1,1,0,0,0,0,0,0,0,0,0,0
530612,2,1,0,0,0,0,0,0,13,0,0,13
530612,3,1,27,0,0,10,0,0,10,9,0,0
530613,1,1,0,0,8,0,0,13,0,0,0,26
530613,2,1,0,0,19,0,0,0,0,0,0,0
530614,1,1,0,0,11,0,15,0,0,0,0,0
530614,2,1,17,0,0,0,27,0,0,0,0,27
530615,1,1,0,0,0,0,0,0,0,0,0,0
530616,1,1,0,0,0,0,0,14,8,0,0,0
530617,1,1,0,0,0,0,0,0,0,0,0,0
530618,1,1,0,0,0,0,0,0,0,0,0,0
530618,2,1,0,24,0,8,0,0,0,0,0,0
530619,0,1,0,0,0,0,0,0,0,0,0,0
530619,1,1,0,0,0,0,0,17,0,0,0,15
530620,1,1,0,0,0,0,0,0,0,0,0,0
530620,2,1,5,5,5,5,5,5,5,5,5,5
530621,0,1,0,0,0,0,0,0,0,0,0,0
530621,1,1,0,0,0,0,0,37,0,0,30,0
530622,1,1,0,0,27,3,4,10,13,41,10,45
530622,2,1,0,13,7,0,0,0,14,0,0,24
530623,1,1,2,19,16,27,0,0,0,18,25,0
530624,1,1,0,0,0,0,0,0,0,0,0,0
530624,2,1,0,0,0,0,0,0,0,0,0,0
530624,3,1,0,0,0,0,0,0,0,0,0,0
530625,0,1,0,0,25,29,0,0,0,0,0,0
530625,1,1,14,0,6,23,0,16,0,0,21,10
530626,1,1,0,0,21,28,0,0,0,0,0,19
530627,1,1,0,0,11,20,0,10,0,0,0,14
530628,1,1,0,0,0,0,0,0,0,0,0,0
530628,2,1,24,11,0,8,0,0,0,0,14,0
530628,3,1,0,0,0,0,0,0,7,0,20,0
530629,0,1,0,0,0,0,0,0,0,0,0,0
530629,1,1,14,7,8,0,12,13,0,23,0,0