ST_CASE,VEH_NO,PER_NO,P1,P2,P3,P4,P5,P6,P7,P8,P9,P10
60634,1,1,0,0,17,0,0,0,0,0,0,0
60634,3,1,0,0,0,0,0,0,0,0,0,0
60635,1,1,7,15,21,14,7,11,20,21,28,19
60636,1,1,0,0,0,0,0,0,0,0,0,0
60637,1,1,9,24,20,26,15,0,28,11,0,10
60637,2,1,0,0,0,0,0,0,0,0,0,0
60638,1,1,0,0,0,0,0,0,0,0,0,0
60638,2,1,0,0,0,0,0,0,0,0,0,0
60638,3,1,0,0,0,0,0,0,0,0,0,0
60638,4,1,0,0,0,0,0,0,12,0,0,0
60638,5,1,0,0,0,0,0,0,0,0,0,0
60638,6,1,0,0,0,0,0,0,0,0,0,0
60638,7,1,0,0,0,0,0,0,0,0,0,16
60639,1,1,5,5,5,5,5,5,5,5,5,5
60639,2,1,0,0,0,0,0,0,0,0,0,0
60640,1,1,0,0,0,0,0,0,0,0,0,0
60640,2,1,0,0,0,0,0,0,0,0,0,0
60641,1,1,0,0,0,0,0,0,0,0,0,0
60641,2,1,0,25,36,0,0,0,20,0,0,0
60642,1,1,24,0,0,0,0,0,0,0,0,0
60642,2,1,0,0,0,0,0,0,0,0,0,0
60643,1,1,14,13,12,16,20,11,31,27,16,6
60644,1,1,0,0,20,0,0,0,0,0,0,0
60644,2,1,0,0,0,0,0,0,0,0,0,0
60645,1,1,0,6,20,17,20,24,19,18,25,10
60646,0,1,4,23,0,0,0,0,10,0,0,22
60646,1,1,0,0,0,0,0,0,0,0,0,0
60647,1,1,0,22,13,0,0,17,0,0,18,0
60647,2,1,0,0,12,0,0,0,0,0,0,0
60648,1,1,0,0,0,0,0,0,0,0,0,0
60648,2,1,0,0,0,0,0,0,0,0,0,0
60649,1,1,29,29,29,29,29,29,29,29,29,29
60649,2,1,0,0,0,0,0,0,0,0,0,15
60649,3,1,0,0,0,0,0,0,20,0,0,0
60650,1,1,30,30,30,30,30,30,30,30,30,30
60651,1,1,19,31,18,0,31,23,14,0,25,15
60652,1,1,29,0,0,0,0,0,0,0,0,0
60653,0,1,8,8,8,8,8,8,8,8,8,8
60653,1,1,0,0,0,0,0,0,0,0,0,0
60653,2,1,0,5,0,0,0,0,0,0,0,0
60654,1,1,23,23,23,23,23,23,23,23,23,23
60654,2,1,0,0,0,0,0,18,0,0,0,33
60655,1,1,14,0,0,24,0,0,0,10,0,16
60655,2,1,0,0,0,0,0,0,0,0,0,0
60656,0,1,0,0,0,30,14,12,0,21,0,0
60656,1,1,0,0,0,23,0,0,0,0,0,0
60657,1,1,15,15,15,15,15,15,15,15,15,15
60658,1,1,42,19,0,10,0,25,3,22,21,28
60659,1,1,21,22,12,7,0,0,20,11,8,17
60660,0,1,0,17,0,0,27,0,0,0,0,0
60660,1,1,0,0,0,0,0,0,0,0,0,0
60661,0,1,0,0,0,0,0,20,10,0,0,0
60661,1,1,0,0,0,0,0,0,0,0,0,0
60662,1,1,0,0,0,0,0,0,0,0,0,0
60662,2,1,0,0,9,0,0,0,0,0,0,0
60663,1,1,0,0,0,0,0,0,0,0,0,0
60663,2,1,0,0,0,0,0,0,0,0,0,0
60664,1,1,30,0,9,27,0,17,19,18,10,0
60664,2,1,0,0,0,0,0,0,0,12,0,0
60665,1,1,0,0,0,0,0,0,0,0,0,0
60665,2,1,0,0,0,0,0,0,0,0,0,0
60666,1,1,15,11,23,12,12,0,8,25,20,7
60666,2,1,0,18,0,0,0,0,0,0,0,0
60667,0,1,0,0,5,0,0,0,0,0,0,0
60667,1,1,3,14,17,7,0,0,0,8,0,11
60668,0,1,0,0,0,0,0,0,0,0,0,0
60668,1,1,0,0,0,0,0,0,0,0,0,0
60669,1,1,0,0,0,0,0,0,0,0,0,0
60669,2,1,0,0,0,0,0,0,0,0,0,0
60670,0,1,0,0,11,7,0,16,0,0,16,0
60670,1,1,0,0,0,0,0,0,0,0,0,0
60671,1,1,0,0,0,0,0,0,0,0,0,0
60671,2,1,0,0,0,0,0,0,0,0,0,0
60672,1,1,10,10,10,10,10,10,10,10,10,10
60672,2,1,0,0,0,0,0,0,0,0,0,0
60672,3,1,0,29,0,0,0,0,15,0,0,0
60673,0,1,0,19,0,0,29,38,39,23,0,0
60673,0,2,8,18,41,0,0,10,0,18,0,14
60673,1,1,0,13,27,11,0,0,24,17,10,0
60674,1,1,0,0,0,0,0,0,0,0,0,0
60675,0,1,0,0,0,0,0,0,0,0,0,0
60675,1,1,21,0,0,0,0,0,0,0,0,0
60676,1,1,0,0,0,0,0,0,0,0,0,0
60677,1,1,8,8,8,8,8,8,8,8,8,8
60678,0,1,0,0,0,0,17,0,16,0,0,0
60678,1,1,0,0,0,0,0,0,0,0,0,0
60679,1,1,0,0,0,0,0,0,0,0,17,0
60680,1,1,0,0,0,0,0,0,0,0,0,0
60681,0,1,0,0,0,0,0,0,0,0,35,28
60681,0,2,0,0,0,0,0,0,0,0,0,0
60681,1,1,17,17,17,17,17,17,17,17,17,17
60682,1,1,0,0,0,0,0,0,0,0,0,0
60682,2,1,0,0,0,0,0,0,0,0,0,0
60683,1,1,0,0,0,0,0,0,0,0,0,0
60683,2,1,0,0,0,16,0,0,0,0,0,0
60684,1,1,32,32,32,32,32,32,32,32,32,32
60685,1,1,0,0,0,22,23,0,0,0,6,0
60685,2,1,0,0,0,0,0,0,0,0,0,0
60686,0,1,35,0,0,0,0,0,0,0,33,4
60686,1,1,5,19,16,4,23,10,17,21,13,19
60687,0,1,0,0,0,0,0,0,0,0,0,0
60687,1,1,14,32,0,15,6,14,20,16,20,22
60688,1,1,0,10,0,0,0,0,13,0,0,38
60689,0,1,0,0,0,0,20,18,0,32,0,0
60689,1,1,0,0,0,0,0,0,0,0,0,0
60690,1,1,0,0,0,0,0,0,0,0,0,0
60690,2,1,0,0,12,0,0,0,0,6,0,0
60690,3,1,0,0,0,0,0,0,0,0,0,0
60690,4,1,0,0,0,0,0,24,0,0,0,0
60691,1,1,0,3,21,0,0,0,0,0,0,23
60691,2,1,0,0,0,0,0,0,0,0,0,0
60692,0,1,0,0,42,0,0,0,0,29,0,0
60692,1,1,11,0,0,0,0,4,6,15,0,29
60693,1,1,0,0,20,0,0,0,0,0,0,0
60693,2,1,0,0,0,0,0,0,0,0,0,0
60694,1,1,0,0,0,0,0,0,0,0,0,0
60694,2,1,7,0,0,0,0,0,0,19,0,0
60694,3,1,0,0,0,0,0,0,0,0,0,0
60694,4,1,0,0,0,0,0,0,0,0,0,0
60694,5,1,0,0,0,0,0,0,0,0,0,0
60695,1,1,0,0,0,0,0,0,0,0,0,0
60695,2,1,0,0,0,0,0,0,0,0,0,0
60695,3,1,0,0,0,0,0,0,0,0,0,0
60696,0,1,0,0,35,26,0,11,11,0,2,27
60696,1,1,0,0,0,0,0,0,0,0,0,0
60696,2,1,0,0,0,0,0,0,0,0,0,0
60697,1,1,18,0,0,0,0,0,0,0,0,0
60697,2,1,0,0,0,0,0,0,0,0,0,0
60697,3,1,0,0,0,0,0,0,0,0,0,0
60698,0,1,9,0,0,0,0,0,0,0,0,18
60698,1,1,0,0,0,0,0,0,0,0,0,0
60698,2,1,0,0,0,0,0,0,0,0,0,0
60699,0,1,27,12,15,13,5,28,9,24,11,8
60699,1,1,0,0,0,0,0,0,0,0,0,0
60700,1,1,0,11,0,0,0,0,11,0,0,0
60701,0,1,0,16,0,0,0,23,0,14,0,0
60701,1,1,0,0,0,0,0,0,0,0,0,0
60702,0,1,3,0,0,23,21,0,8,8,0,0
60702,1,1,0,0,0,0,0,0,0,0,0,0
60702,2,1,0,0,0,0,0,0,0,0,0,0
60703,0,1,0,0,0,0,8,18,0,0,0,0
60703,1,1,0,0,0,0,0,0,0,0,0,0
60704,0,1,10,0,0,0,0,4,27,0,0,0
60704,1,1,0,0,0,7,0,7,0,0,12,7
60705,0,1,0,20,0,25,0,0,15,0,0,0
60705,1,1,0,0,0,0,0,0,0,0,0,0
60706,1,1,20,17,9,21,17,17,12,10,22,13
60707,0,1,0,21,0,0,23,20,0,0,0,0
60707,1,1,0,0,0,0,0,0,0,0,0,0
60708,0,1,0,0,0,0,0,0,0,0,0,0
60708,1,1,15,14,20,17,18,24,18,12,12,0
60709,0,1,15,29,24,17,34,0,12,0,22,0
60709,1,1,24,11,30,22,35,14,15,8,27,53
60710,1,1,0,0,0,0,0,0,0,0,0,0
60710,2,1,0,0,0,0,0,0,0,0,0,0
60711,0,1,7,7,7,7,7,7,7,7,7,7
60711,1,1,14,15,16,9,21,17,23,4,29,0
60712,0,1,0,0,0,0,0,0,0,0,0,0
60712,0,2,0,7,0,0,0,0,0,0,0,0
60712,1,1,0,0,0,14,0,0,0,0,0,0
60713,1,1,0,0,0,15,0,0,0,0,0,12
60713,2,1,4,0,0,0,0,0,0,33,0,24
60714,0,1,27,25,26,22,16,14,28,0,19,7
60714,1,1,0,0,0,0,0,0,0,0,0,0
60715,0,1,13,14,12,6,24,13,14,23,18,23
60715,0,2,0,10,0,21,5,43,17,16,38,20
60715,1,1,0,9,0,18,3,0,0,0,9,19
60716,1,1,0,0,0,0,0,0,0,0,0,0
60717,0,1,23,17,0,0,0,0,0,0,0,0
60717,1,1,0,0,0,0,0,0,0,0,0,0
60718,1,1,0,0,0,0,0,0,0,0,0,0
60718,2,1,0,0,0,35,0,0,0,0,0,0
60719,1,1,26,0,20,7,28,18,0,11,27,0
60720,0,1,0,0,0,0,0,0,0,10,0,0
60720,1,1,0,0,29,0,0,0,0,0,0,0
60721,0,1,10,24,24,16,15,20,25,14,10,28
60721,1,1,0,0,0,0,0,0,0,0,0,0
60721,2,1,0,0,0,0,0,0,0,0,0,0
60722,0,1,12,0,15,0,0,0,0,0,7,0
60722,1,1,0,17,0,0,20,21,5,0,0,14
60723,0,1,0,0,0,0,0,0,0,0,0,0
60723,1,1,0,0,0,0,0,0,0,0,0,0
60724,1,1,25,25,25,25,25,25,25,25,25,25
60725,0,1,0,0,0,0,0,0,0,0,0,0
60725,1,1,0,0,0,0,0,0,0,0,0,26
60726,1,1,0,0,0,0,0,0,0,0,0,0
60726,2,1,0,0,0,0,0,25,0,0,0,0
60727,0,1,0,0,0,0,19,25,33,6,12,0
60728,0,1,0,0,0,0,0,21,0,0,0,0
60728,1,1,0,0,0,0,0,0,0,0,0,0
60729,1,1,0,0,0,0,0,0,0,0,0,0
60729,2,1,0,0,0,0,0,0,0,0,0,0
60730,1,1,0,11,15,0,19,0,9,0,0,0
60730,2,1,0,0,0,0,0,0,0,0,13,0
60731,1,1,0,0,0,0,0,0,0,0,0,0
60732,1,1,13,0,0,0,0,0,20,0,0,0
60733,1,1,26,0,0,0,0,0,0,31,33,27
60733,2,1,0,0,0,0,0,0,0,0,0,0
60734,1,1,22,22,22,22,22,22,22,22,22,22
60734,2,1,0,0,0,0,0,14,0,0,0,0
60735,1,1,23,0,0,0,0,0,0,0,0,0
60735,2,1,9,9,9,9,9,9,9,9,9,9
60735,3,1,0,0,0,0,0,0,0,0,0,0
60736,1,1,7,7,7,7,7,7,7,7,7,7
60737,1,1,0,0,0,0,0,0,0,0,0,0
60737,2,1,0,0,0,0,0,0,0,0,0,0
60737,3,1,0,0,0,0,0,0,0,0,0,0
60737,4,1,0,0,0,0,0,0,0,0,0,0
60738,1,1,4,4,4,4,4,4,4,4,4,4
60738,2,1,0,0,0,0,0,0,0,0,0,0
60738,3,1,0,0,0,0,0,0,0,0,0,0
60739,1,1,0,17,9,0,22,0,0,8,13,0
60740,1,1,17,12,3,6,5,22,24,5,35,4
60741,1,1,0,0,0,0,0,0,0,0,0,0
60742,1,1,0,0,0,0,0,0,0,0,0,0
60743,1,1,0,0,0,0,0,0,0,0,0,0
60744,0,1,0,0,0,0,0,0,0,0,0,0
60744,1,1,12,6,0,0,12,9,9,19,0,9
60745,1,1,0,0,0,0,0,14,15,0,0,0
60745,2,1,0,0,0,0,0,0,0,0,0,0
60746,0,1,0,27,0,0,0,23,0,0,15,0
60746,1,1,0,0,0,0,0,0,0,0,0,0
60747,1,1,0,0,0,0,0,0,0,0,0,0
60748,1,1,10,7,0,14,16,0,0,8,0,13
60748,2,1,0,0,0,0,0,0,0,0,0,0
60749,0,1,13,13,13,13,13,13,13,13,13,13
60749,1,1,0,0,0,0,0,0,0,0,0,0
60750,1,1,15,0,0,0,0,0,0,0,0,0
60750,2,1,0,0,0,0,0,0,0,0,0,0
60751,1,1,23,23,23,23,23,23,23,23,23,23
60752,1,1,0,0,0,0,0,0,0,0,0,0
60752,2,1,0,0,0,0,0,0,0,0,0,0
60752,3,1,0,0,0,0,0,0,0,0,0,0
60753,1,1,0,0,0,0,0,22,0,0,0,0
60754,1,1,0,0,0,0,0,0,0,0,0,0
60754,2,1,0,0,0,26,19,0,0,0,0,0
60754,3,1,0,0,0,0,0,0,0,0,0,0
60755,1,1,0,0,0,0,0,0,0,0,0,0
60755,2,1,0,0,0,0,0,0,0,0,0,0
60756,0,1,0,0,0,15,21,0,0,0,0,0
60756,0,2,0,0,0,0,5,0,0,0,8,0
60756,1,1,0,0,0,0,0,0,0,0,0,0
60757,1,1,0,0,0,0,0,0,0,0,0,0
60757,2,1,0,0,0,0,0,0,0,0,0,0
60758,1,1,0,0,0,0,0,0,0,0,0,0
60759,1,1,11,18,0,0,0,0,6,0,9,11
60760,1,1,8,8,8,8,8,8,8,8,8,8
60761,1,1,13,0,5,11,15,30,24,17,19,0
60761,2,1,0,0,16,0,0,23,0,0,0,21
60762,1,1,0,0,0,16,0,0,0,0,0,11
60762,2,1,0,0,13,16,8,0,0,0,0,0
60763,1,1,11,11,11,11,11,11,11,11,11,11
60763,2,1,0,0,0,0,0,0,0,0,0,0
60764,1,1,0,0,0,0,0,0,0,0,0,0
60765,1,1,17,19,15,24,8,4,12,16,10,0
60766,1,1,0,0,0,0,0,0,0,0,9,7
60767,1,1,0,0,0,0,0,0,0,0,0,0
60767,2,1,0,0,0,0,0,0,0,0,0,0
60768,1,1,26,11,11,15,8,27,11,19,21,16
60769,1,1,0,16,33,0,21,18,0,0,9,0
60770,1,1,0,14,10,18,10,34,18,13,11,0
60770,2,1,0,0,0,0,0,0,0,0,0,0
60771,1,1,0,0,0,0,0,0,0,0,0,0
60771,2,1,0,0,0,0,0,0,0,0,3,0
60772,1,1,40,7,24,10,10,0,21,12,17,25
60773,1,1,9,9,9,9,9,9,9,9,9,9
60773,2,1,0,0,0,0,0,0,0,0,0,0
60774,1,1,0,0,0,0,0,12,0,0,0,16
60774,2,1,0,0,0,0,0,0,0,0,0,0
60775,1,1,18,18,18,18,18,18,18,18,18,18
60775,2,1,0,0,0,0,0,0,0,0,0,0
60776,1,1,0,0,11,0,17,0,0,0,0,0
60777,1,1,0,0,0,0,0,0,0,0,0,0
60778,0,1,0,0,0,0,0,0,0,0,0,0
60778,1,1,23,0,0,0,0,0,0,0,0,0
60779,0,1,0,0,0,0,0,0,0,0,0,0
60779,1,1,0,0,0,0,0,0,0,0,0,0
60780,1,1,16,9,5,15,24,19,12,20,7,19
60780,2,1,0,0,0,0,27,0,0,0,0,0
60782,1,1,0,0,0,0,0,0,0,0,0,0
60782,2,1,0,0,0,0,0,0,0,0,0,0
60783,1,1,0,0,18,0,13,14,19,0,0,0
60784,0,1,0,0,0,28,20,0,15,0,0,18
60784,1,1,0,0,0,0,0,0,0,0,0,0
60785,0,1,0,0,0,0,0,0,0,0,0,0
60785,1,1,0,0,0,0,0,0,0,0,0,0
60786,0,1,0,0,0,0,0,0,0,0,0,0
60786,1,1,0,0,0,0,0,0,0,0,0,0
60786,2,1,0,0,0,0,0,0,6,23,0,0
60787,0,1,0,0,16,10,0,0,36,0,0,0
60787,1,1,7,7,7,7,7,7,7,7,7,7
60788,1,1,0,0,0,0,0,0,0,0,0,0
60788,2,1,20,10,35,30,13,10,33,12,6,6
60788,3,1,6,0,0,0,20,0,0,10,0,18
60789,0,1,5,5,5,5,5,5,5,5,5,5
60789,1,1,0,0,0,0,0,0,0,0,0,0
60790,0,1,5,8,0,0,7,0,34,8,0,0
60790,1,1,0,0,0,0,19,0,0,0,0,0
60791,1,1,6,6,6,6,6,6,6,6,6,6
60792,1,1,0,0,0,0,0,0,0,0,0,0
60792,2,1,0,0,0,0,0,0,0,0,0,0
60792,3,1,0,0,0,0,0,0,0,0,0,0
60793,1,1,13,13,13,13,13,13,13,13,13,13
60794,1,1,12,12,12,12,12,12,12,12,12,12
60795,0,1,0,0,0,0,0,0,0,0,0,0
60795,1,1,0,0,0,0,0,0,0,0,0,0
60795,2,1,0,0,0,0,0,0,8,0,0,0
60797,0,1,3,3,3,3,3,3,3,3,3,3
60797,1,1,0,0,7,0,11,0,0,0,9,0
60798,1,1,0,0,0,0,0,0,0,0,0,0
60798,2,1,0,0,0,0,0,0,0,0,0,0
60799,1,1,0,0,0,0,0,0,0,0,0,38
60799,2,1,0,0,0,0,0,0,0,0,0,0
60800,1,1,0,0,0,0,0,10,19,0,16,11
60801,1,1,14,0,0,0,19,15,20,5,0,0
60802,0,1,20,0,0,0,0,31,0,0,0,0
60802,1,1,33,0,0,0,0,11,0,18,0,5
60803,1,1,0,0,0,0,0,0,0,0,0,0
60803,2,1,0,0,0,0,0,0,0,0,0,0
60804,1,1,32,0,11,12,0,15,19,17,25,0
60805,1,1,17,0,15,20,0,0,16,21,0,0
60806,1,1,24,0,0,34,20,21,11,32,0,14
60807,1,1,0,0,0,0,0,15,0,0,0,0
60807,2,1,0,0,0,0,0,0,0,0,0,0
60808,0,1,0,0,0,0,0,0,0,0,0,0
60808,1,1,0,0,0,0,0,0,0,0,0,0
60809,1,1,0,0,0,0,0,0,0,0,0,0
60809,2,1,0,0,0,0,0,0,0,0,0,0
60810,1,1,0,4,0,0,0,0,0,0,0,0
60810,2,1,0,0,0,0,0,0,0,0,0,5
60811,1,1,0,0,0,0,0,0,0,0,0,0
60812,1,1,20,0,18,4,0,5,11,27,11,13
60813,1,1,17,17,17,17,17,17,17,17,17,17
60814,1,1,24,0,30,29,0,0,0,9,28,0
60815,0,1,0,0,18,0,0,22,0,0,0,0
60815,1,1,0,0,0,0,0,0,0,0,0,0
60816,0,1,0,31,0,0,0,0,0,0,0,0
60816,1,1,0,0,0,0,0,0,12,0,0,0
60817,0,1,0,0,0,0,0,0,0,0,0,0
60817,0,2,0,0,0,0,0,0,0,0,0,0
60817,1,1,0,0,0,0,0,0,0,0,0,0
60818,0,1,18,18,18,18,18,18,18,18,18,18
60818,1,1,0,0,0,0,0,0,0,0,0,0
60819,1,1,0,0,0,0,0,0,0,0,0,0
60819,2,1,0,0,0,0,0,0,0,0,0,0
60820,1,1,0,0,0,0,0,0,0,0,0,0
60820,2,1,0,0,0,0,0,0,0,0,0,0
60821,0,1,0,0,0,0,0,0,0,0,0,0
60821,1,1,0,0,0,0,0,0,0,0,0,0
60822,1,1,0,0,0,0,0,0,0,0,0,0
60822,2,1,0,0,0,0,0,0,0,0,0,0
60823,0,1,0,14,0,15,8,19,0,18,0,0
60823,1,1,0,0,0,0,0,0,0,0,0,0
60824,0,1,0,24,0,0,0,30,12,0,0,0
60824,1,1,0,0,0,0,0,0,0,14,0,0
60825,1,1,17,18,6,11,6,5,24,14,6,7
60826,1,1,26,20,2,0,10,18,23,11,5,11
60826,2,1,0,0,0,0,0,0,0,0,0,0
60827,0,1,0,0,0,0,0,0,0,0,0,0
60827,1,1,0,0,0,0,0,0,0,0,0,0
60827,2,1,0,0,0,0,0,0,0,0,0,0
60828,1,1,0,0,0,0,0,0,0,0,0,0
60828,2,1,0,0,0,0,0,0,0,0,0,0
60829,1,1,0,0,0,0,0,0,0,0,0,0
60829,2,1,0,0,0,0,0,0,0,0,0,0
60830,1,1,0,0,0,0,22,0,0,0,0,17
60830,2,1,19,0,0,0,0,0,0,0,0,0
60830,3,1,0,0,0,0,0,0,0,0,0,0
60830,4,1,0,0,0,0,0,0,0,0,0,0
60831,0,1,17,0,15,0,19,0,22,0,30,0
60831,0,2,7,0,0,3,0,0,0,21,15,0
60831,1,1,0,15,16,0,8,17,0,18,24,0
60832,0,1,0,0,0,0,0,0,0,0,0,0
60832,1,1,0,0,0,0,0,0,0,0,0,0
60833,0,1,0,0,39,26,0,0,0,18,22,25
60833,1,1,18,0,0,2,0,13,20,23,0,15
60834,0,1,9,0,0,0,17,0,0,0,26,0
60834,1,1,0,0,20,0,0,0,28,0,28,12
60835,0,1,28,28,28,28,28,28,28,28,28,28
60835,1,1,0,0,0,0,0,0,0,0,0,0
60836,1,1,0,0,0,0,0,0,0,0,0,0
60836,2,1,0,0,0,0,0,0,0,0,0,0
60837,0,1,0,0,9,0,0,0,20,0,0,0
60837,1,1,0,0,0,0,0,0,0,0,0,0
60838,1,1,8,0,0,0,0,0,0,0,0,0
60838,2,1,0,0,0,0,7,0,0,0,0,0
60839,1,1,0,0,0,0,0,0,0,0,0,0
60840,0,1,0,0,0,0,0,0,0,0,0,0
60840,1,1,0,0,3,6,11,0,0,6,0,13
60841,1,1,0,0,0,0,0,0,0,0,0,0
60842,1,1,0,0,0,0,0,0,0,0,0,0
60842,2,1,0,0,0,0,0,0,0,0,18,11
60842,3,1,0,0,0,0,0,0,0,0,0,0
60842,4,1,0,0,0,0,0,0,0,0,0,0
60842,5,1,0,0,0,0,0,0,0,0,0,0
60842,6,1,0,0,0,0,0,0,0,0,0,0
60843,0,1,0,0,0,0,0,0,34,50,31,0
60843,0,2,21,0,0,0,8,0,9,0,15,0
60843,1,1,0,28,11,0,0,0,0,0,4,0
60844,0,1,0,0,27,10,0,0,45,0,9,23
60844,1,1,0,0,10,7,11,0,0,12,0,13
60845,0,1,0,0,0,0,0,0,0,0,0,0
60845,1,1,0,0,0,0,0,0,0,0,0,0
60846,0,1,0,12,0,39,0,0,0,30,0,7
60846,1,1,0,0,9,0,0,0,0,0,0,0
60847,1,1,0,0,0,0,0,0,0,0,0,0
60847,2,1,0,0,0,0,0,0,0,0,0,0
60848,0,1,12,0,0,0,0,0,0,0,0,23
60848,1,1,0,0,0,0,0,0,0,0,0,0
60848,2,1,0,0,0,0,0,0,0,20,0,0
60849,0,1,0,0,0,0,0,9,25,0,0,24
60849,1,1,0,0,0,25,0,5,0,0,20,13
60850,1,1,28,28,28,28,28,28,28,28,28,28
60850,2,1,0,0,19,0,0,11,0,0,9,0
60851,0,1,0,0,0,13,0,0,0,0,0,0
60851,1,1,0,0,0,0,0,0,0,0,0,0
60852,1,1,0,15,0,0,0,0,21,0,0,0
60853,1,1,0,0,0,0,10,17,0,0,0,0
60853,2,1,0,0,0,0,0,0,0,0,0,0
60853,3,1,0,0,0,0,0,0,0,0,0,0
60854,0,1,0,0,0,0,22,0,14,0,0,21
60854,1,1,0,0,0,0,0,20,0,19,0,0
60855,1,1,23,23,23,23,23,23,23,23,23,23
60855,2,1,0,0,0,0,0,0,0,0,0,14
60856,1,1,0,0,0,0,7,3,0,24,27,15
60857,0,1,0,0,0,0,0,0,0,0,0,0
60857,1,1,0,0,0,0,0,0,0,0,0,0
60858,1,1,19,0,0,0,0,0,0,0,16,0
60859,0,1,28,0,0,36,5,0,0,0,0,36
60859,1,1,0,0,0,0,0,0,0,0,0,0
60859,2,1,0,10,0,0,0,0,0,9,0,16
60860,0,1,0,0,0,0,0,0,0,0,0,0
60860,1,1,0,0,0,0,0,0,0,0,0,0
60861,1,1,0,0,0,0,0,0,0,0,0,0
60861,2,1,0,0,0,0,0,0,0,0,0,0
60862,0,1,0,0,0,0,0,0,0,0,0,0
60862,1,1,0,0,0,0,0,0,0,0,0,0
60863,1,1,18,18,18,18,18,18,18,18,18,18
60864,1,1,0,0,0,16,15,0,19,0,0,23
60865,0,1,0,0,33,0,0,5,19,0,0,0
60865,1,1,0,0,0,0,0,0,0,0,0,0
60866,0,1,27,27,27,27,27,27,27,27,27,27
60866,1,1,3,0,9,12,0,6,27,9,0,7
60867,0,1,0,0,0,0,0,0,0,0,0,0
60867,1,1,18,19,33,19,24,14,0,10,14,18
60868,1,1,0,0,0,0,0,0,0,0,0,0
60869,1,1,0,0,16,0,0,13,0,21,28,0
60870,1,1,0,0,0,0,0,0,12,0,0,0
60870,2,1,0,0,0,0,0,0,0,0,0,0
60871,1,1,0,0,20,0,0,0,0,0,0,14
60871,2,1,0,0,0,0,0,0,0,0,0,0
60872,1,1,0,0,8,0,0,0,25,0,0,3
60873,0,1,0,0,0,0,0,0,0,0,0,0
60873,1,1,0,14,0,0,0,0,0,0,0,0
60874,1,1,0,0,0,0,0,0,0,0,0,0
60875,1,1,16,16,16,16,16,16,16,16,16,16
60875,2,1,0,0,0,4,0,0,0,0,0,0
60876,1,1,0,0,0,0,0,28,0,0,0,0
60877,0,1,12,0,0,0,14,17,0,18,0,0
60877,1,1,0,3,9,8,0,20,0,6,20,0
60878,1,1,9,9,9,9,9,9,9,9,9,9
60878,2,1,0,0,0,0,0,0,0,0,0,0
60879,1,1,17,17,12,29,13,9,0,0,21,22
60880,1,1,30,30,30,30,30,30,30,30,30,30
60881,1,1,0,12,0,15,15,0,18,0,0,0
60881,2,1,0,0,0,0,11,0,0,0,0,6
60883,1,1,0,13,0,0,12,0,0,0,0,38
60884,1,1,0,0,18,6,0,0,19,26,2,0
60884,2,1,0,0,0,0,0,0,0,0,21,0
60885,0,1,0,0,0,0,0,12,0,0,9,0
60885,1,1,0,0,0,0,0,0,0,0,22,0
60886,0,1,20,0,24,25,0,0,16,0,0,0
60886,1,1,12,33,0,0,11,0,3,0,20,10
60887,0,1,0,35,0,0,0,25,0,0,0,0
60887,1,1,0,0,0,0,0,0,0,0,0,0
60888,1,1,0,0,0,0,8,0,0,5,0,12
60889,1,1,10,21,14,28,12,26,7,0,0,8
60890,1,1,0,0,0,0,0,0,0,0,0,0
60891,1,1,11,0,0,0,0,0,0,0,0,0
60892,0,1,0,0,0,0,0,0,0,0,0,0
60892,1,1,0,0,0,0,14,0,8,0,0,0
60893,1,1,0,0,0,35,0,14,28,34,6,12
60894,1,1,0,0,0,0,0,0,0,0,0,0
60895,1,1,0,0,0,0,0,0,0,0,0,0
60895,2,1,0,0,0,0,0,0,0,0,0,0
60896,1,1,0,0,0,0,0,5,0,0,0,0
60897,1,1,0,0,0,0,0,0,0,0,0,0
60897,2,1,0,0,0,0,0,0,0,0,0,0
60898,1,1,4,4,4,4,4,4,4,4,4,4
60899,1,1,8,6,13,27,7,15,8,18,5,17
60900,1,1,14,31,19,14,17,23,0,0,13,0
60900,2,1,0,0,0,0,0,0,0,0,0,0
60901,0,1,40,21,14,0,25,0,0,0,0,0
60901,1,1,0,6,0,0,0,14,27,0,0,17
60902,1,1,0,0,3,0,0,0,0,0,0,0
60902,2,1,0,0,0,0,0,0,0,0,0,0
60903,0,1,9,9,9,9,9,9,9,9,9,9
60903,1,1,11,0,18,10,0,0,5,0,28,4
60904,0,1,0,0,0,0,0,25,0,0,0,0
60904,1,1,0,0,0,0,0,0,0,0,0,0
60905,0,1,0,0,0,13,0,0,0,27,0,0
60905,1,1,0,8,0,17,0,0,0,18,0,0
60906,0,1,0,0,0,0,0,0,0,0,13,0
60906,1,1,0,20,0,0,0,0,0,0,0,0
60907,0,1,22,22,22,22,22,22,22,22,22,22
60907,1,1,0,0,0,0,0,0,0,0,0,0
60908,0,1,0,0,0,0,0,0,0,0,0,0
60908,1,1,0,0,0,0,0,0,0,0,0,0
60909,1,1,0,0,0,0,0,0,0,0,0,0
60909,2,1,0,0,0,0,0,0,0,0,0,0
60910,1,1,0,0,0,0,0,0,0,0,0,0
60910,2,1,0,0,0,0,0,0,0,0,0,0
60911,0,1,0,0,0,14,0,0,0,0,0,0
60911,1,1,11,0,0,0,0,8,16,0,0,14
60912,0,1,18,0,0,19,0,0,0,0,0,0
60912,1,1,0,0,0,0,0,0,0,0,0,0
60913,1,1,0,0,0,0,0,0,23,0,15,0
60913,2,1,0,0,0,0,0,0,0,0,0,0
60914,0,1,0,9,27,45,17,0,9,0,0,19
60914,1,1,0,0,17,0,0,0,0,0,15,10
60915,1,1,0,0,0,0,0,0,0,0,0,0
60915,2,1,0,0,0,0,0,0,0,0,0,0
60916,1,1,0,0,0,0,0,0,0,0,0,0
60916,2,1,0,0,0,0,0,0,0,0,0,0
60917,1,1,0,0,0,0,0,0,0,0,0,0
60918,0,1,11,11,11,11,11,11,11,11,11,11
60918,1,1,0,0,0,0,0,0,0,0,0,0
60919,0,1,0,0,0,0,0,0,0,0,0,0
60919,1,1,0,0,0,0,19,0,9,0,0,0
60920,1,1,30,30,30,30,30,30,30,30,30,30