ST_CASE,VEH_NO,PER_NO,P1,P2,P3,P4,P5,P6,P7,P8,P9,P10
60920,2,1,0,0,0,0,0,0,0,0,0,0
60921,0,1,0,0,0,0,0,0,0,0,0,0
60921,1,1,0,0,0,0,0,0,0,0,0,0
60922,0,1,15,0,0,0,0,0,33,15,0,24
60922,1,1,0,0,0,21,0,0,0,0,0,0
60923,1,1,0,0,0,0,0,0,0,0,0,0
60924,1,1,0,0,0,0,0,0,0,0,0,0
60924,2,1,0,0,0,0,0,0,0,0,0,0
60925,1,1,0,14,16,21,15,20,24,18,9,8
60925,2,1,0,0,0,0,0,0,0,0,0,0
60926,1,1,0,0,11,0,0,0,0,0,0,0
60926,2,1,0,0,0,0,0,0,0,4,0,0
60927,1,1,0,10,0,0,0,0,0,0,0,0
60928,1,1,0,0,0,0,0,0,0,0,19,0
60928,2,1,0,15,0,0,0,12,0,19,0,0
60929,1,1,0,0,0,0,0,10,0,15,15,0
60930,1,1,0,0,0,6,0,0,0,0,0,0
60930,2,1,0,0,0,0,0,0,0,0,0,0
60930,3,1,0,0,0,0,0,0,0,0,0,0
60931,1,1,0,0,0,0,17,0,0,2,5,0
60931,2,1,0,0,0,0,0,0,0,0,0,0
60931,3,1,0,0,0,0,0,0,0,0,0,0
60931,4,1,0,0,0,0,0,0,0,0,0,0
60932,1,1,0,0,0,0,0,0,0,0,0,0
60933,0,1,0,0,0,0,0,0,0,0,0,0
60933,1,1,0,0,0,0,0,0,0,0,0,0
60933,2,1,0,0,6,10,0,3,10,0,0,0
60933,3,1,0,0,0,0,0,0,0,0,0,0
60933,4,1,0,0,0,0,0,0,0,16,0,0
60934,1,1,15,27,0,0,0,0,0,0,0,0
60935,1,1,0,0,0,0,0,0,0,0,0,0
60935,2,1,0,0,0,0,0,0,0,0,0,0
60936,0,1,0,0,0,0,25,0,0,14,0,0
60936,1,1,26,26,26,26,26,26,26,26,26,26
60937,1,1,11,24,15,18,27,0,28,0,27,0
60937,2,1,0,0,0,0,0,0,0,0,0,0
60938,1,1,19,0,9,7,17,0,24,12,29,0
60938,2,1,0,0,0,35,37,13,16,0,27,0
60939,0,1,29,29,29,29,29,29,29,29,29,29
60939,1,1,0,0,0,0,0,0,0,0,0,0
60940,0,1,0,0,0,0,0,0,0,0,0,0
60940,1,1,0,0,18,2,6,0,12,0,0,14
60941,1,1,0,0,0,0,0,0,0,0,0,0
60941,2,1,0,0,0,0,0,0,0,0,0,0
60942,1,1,0,0,0,0,0,0,0,0,0,0
60943,1,1,0,0,0,0,0,0,0,0,0,0
60943,2,1,0,0,0,0,0,0,0,4,0,0
60944,0,1,42,42,42,42,42,42,42,42,42,42
60944,1,1,7,0,0,0,9,7,7,18,24,0
60945,1,1,0,0,0,0,0,0,0,0,0,0
60945,2,1,0,0,0,0,0,0,0,0,0,0
60946,0,1,0,0,0,0,37,5,0,11,16,10
60946,1,1,0,0,0,0,0,0,0,13,0,0
60946,2,1,0,8,0,0,0,0,6,4,15,0
60946,3,1,0,0,0,13,0,0,0,0,0,0
60947,0,1,0,0,0,0,0,0,0,0,0,0
60947,1,1,0,0,0,0,0,0,0,0,0,0
60948,0,1,16,16,16,16,16,16,16,16,16,16
60948,1,1,0,0,17,0,0,0,0,0,0,0
60949,1,1,0,0,0,0,0,0,0,0,0,0
60949,2,1,0,0,0,0,0,0,0,0,0,0
60950,1,1,0,0,0,0,16,0,0,7,0,0
60951,1,1,0,0,0,13,0,5,0,16,0,0
60952,1,1,17,17,17,17,17,17,17,17,17,17
60953,0,1,0,19,0,0,0,0,0,0,0,0
60953,1,1,6,0,0,0,0,0,0,0,0,0
60954,1,1,21,21,21,21,21,21,21,21,21,21
60955,1,1,11,10,13,25,15,0,9,22,20,38
60955,2,1,0,0,0,0,0,0,0,0,0,0
60955,3,1,0,0,0,0,0,0,0,0,0,0
60955,4,1,0,0,0,0,0,0,0,0,0,0
60956,1,1,0,0,0,0,0,0,0,0,0,0
60956,2,1,0,0,0,0,0,0,0,0,0,0
60957,0,1,11,8,18,24,18,24,20,22,30,16
60957,1,1,0,0,0,0,0,0,5,0,0,0
60958,0,1,0,0,0,0,0,0,0,0,0,0
60958,0,2,0,0,0,0,0,0,0,34,0,0
60958,2,1,0,0,0,0,0,0,0,17,0,0
60959,1,1,26,34,20,14,24,25,9,16,21,33
60960,1,1,0,0,0,0,0,16,0,0,0,18
60960,2,1,0,0,0,0,0,0,0,0,0,0
60961,1,1,11,16,4,35,23,9,15,13,19,33
60961,2,1,0,0,0,0,0,0,0,0,0,7
60962,1,1,0,0,0,0,0,0,0,0,0,0
60963,1,1,0,0,0,0,0,0,0,0,0,0
60963,2,1,0,0,0,0,0,0,0,0,0,0
60963,3,1,0,0,0,0,0,0,0,0,27,0
60963,4,1,0,0,0,0,0,0,0,0,0,0
60964,1,1,21,25,5,26,0,19,35,23,0,14
60965,1,1,0,0,0,0,0,0,0,0,0,0
60966,1,1,11,11,11,11,11,11,11,11,11,11
60966,2,1,0,26,0,0,17,13,0,0,0,0
60967,1,1,0,0,0,0,0,0,0,0,0,0
60968,1,1,0,0,0,0,0,0,0,0,0,0
60968,2,1,0,0,0,0,0,0,0,0,0,0
60969,1,1,0,0,0,0,0,0,0,0,0,0
60970,0,1,0,0,0,0,0,0,0,0,0,0
60970,1,1,0,0,0,0,0,0,0,0,0,0
60971,1,1,0,0,0,0,0,0,0,0,0,0
60971,2,1,0,0,0,0,0,0,0,0,0,0
60972,1,1,0,0,0,0,0,0,0,0,0,0
60972,2,1,0,0,0,0,0,0,0,0,0,0
60973,0,1,0,34,0,18,0,10,11,0,14,0
60973,1,1,0,0,0,0,0,0,0,0,0,0
60974,1,1,4,4,4,4,4,4,4,4,4,4
60975,1,1,0,0,0,0,0,0,0,0,0,0
60975,2,1,0,0,0,0,0,0,0,0,0,0
60976,1,1,0,0,0,0,0,0,0,0,0,0
60977,0,1,0,0,0,0,0,0,0,0,0,0
60977,1,1,0,0,13,0,0,0,0,0,0,0
60978,1,1,0,0,0,0,0,0,0,0,0,0
60978,2,1,0,0,0,0,0,0,0,0,0,0
60978,3,1,0,0,0,0,0,0,0,0,0,0
60979,1,1,0,0,0,0,0,0,0,0,0,0
60980,0,1,0,0,0,0,0,0,0,0,0,0
60980,1,1,14,30,7,0,14,10,0,5,0,0
60981,0,1,0,16,15,0,22,0,0,0,0,0
60981,1,1,0,0,0,0,0,0,0,0,0,0
60982,0,1,19,30,0,0,19,13,0,0,0,0
60982,1,1,0,0,0,0,0,0,0,0,0,0
60983,0,1,0,11,0,35,17,0,31,0,17,0
60983,1,1,0,0,0,0,0,0,0,0,0,0
60984,1,1,0,0,0,0,0,0,0,0,0,0
60984,2,1,0,0,0,0,0,0,0,0,0,0
60985,1,1,14,18,16,7,0,11,23,18,0,5
60986,0,1,0,0,35,0,0,0,0,21,0,23
60986,1,1,0,0,0,0,0,0,0,0,0,0
60987,1,1,0,0,0,0,0,0,0,0,0,0
60988,1,1,0,0,8,13,15,0,0,0,0,13
60988,2,1,14,0,0,0,14,17,0,0,0,11
60990,1,1,0,0,0,0,0,0,0,0,0,0
60990,2,1,0,0,0,0,0,0,0,0,0,6
60991,0,1,0,0,0,0,0,0,0,0,0,0
60991,1,1,0,0,0,0,12,0,0,0,0,0
60992,0,1,0,17,0,24,0,12,0,0,26,0
60992,1,1,0,0,0,0,0,0,0,0,0,0
60993,1,1,0,0,0,0,0,0,0,0,0,0
60994,1,1,11,11,11,11,11,11,11,11,11,11
60995,0,1,0,0,21,0,0,0,0,0,0,0
60995,1,1,14,9,0,0,0,0,0,0,0,0
60996,1,1,15,15,15,15,15,15,15,15,15,15
60997,1,1,0,0,0,0,0,0,0,0,0,0
60998,1,1,27,12,38,0,0,11,22,12,0,28
60999,1,1,0,28,0,11,12,13,12,14,11,16
61000,1,1,0,0,0,0,0,0,0,0,0,0
61000,2,1,0,0,0,0,0,0,0,0,0,0
61001,0,1,20,20,20,20,20,20,20,20,20,20
61001,1,1,0,0,0,0,0,0,0,0,10,0
61002,1,1,0,0,0,0,0,0,0,0,0,0
61002,2,1,0,0,0,0,0,0,0,0,0,0
61003,1,1,8,8,8,8,8,8,8,8,8,8
61003,2,1,0,0,8,0,0,0,0,0,0,0
61004,1,1,0,0,0,0,0,0,0,0,0,0
61005,1,1,14,14,14,14,14,14,14,14,14,14
61005,2,1,0,0,0,0,0,0,0,0,0,0
61006,1,1,0,19,0,0,0,17,17,0,0,0
61007,1,1,19,13,8,13,0,12,18,9,33,24
61007,2,1,0,0,0,0,0,0,0,0,0,0
61008,1,1,0,0,0,0,0,9,0,17,10,11
61008,2,1,0,0,0,0,0,0,0,0,0,0
61009,1,1,0,0,0,0,0,0,0,0,0,0
61009,2,1,0,0,0,0,0,0,0,0,0,0
61010,1,1,14,14,14,14,14,14,14,14,14,14
61011,1,1,0,0,0,0,0,0,0,0,0,0
61012,1,1,7,13,21,16,13,10,12,0,19,19
61012,2,1,0,0,0,0,0,0,0,0,0,0
61013,0,1,20,20,20,20,20,20,20,20,20,20
61013,1,1,0,0,0,0,0,0,0,0,0,0
61014,1,1,12,12,12,12,12,12,12,12,12,12
61015,0,1,0,0,47,59,0,10,0,19,0,0
61015,1,1,0,0,0,0,0,0,0,0,0,0
61016,0,1,0,0,0,0,0,0,0,0,0,0
61016,1,1,0,0,0,0,0,0,0,0,0,0
61017,1,1,12,12,12,12,12,12,12,12,12,12
61018,1,1,21,21,21,21,21,21,21,21,21,21
61019,1,1,0,19,0,0,0,0,0,18,0,0
61019,2,1,0,0,0,0,0,0,0,0,0,0
61019,3,1,22,0,0,0,0,0,0,0,0,0
61020,1,1,12,6,0,0,0,0,32,10,16,14
61020,2,1,0,0,0,0,0,17,0,0,0,0
61021,1,1,0,0,0,0,0,0,0,0,0,0
61021,2,1,0,0,0,0,0,0,0,0,0,0
61022,1,1,17,17,17,17,17,17,17,17,17,17
61023,1,1,0,0,23,26,0,20,0,16,0,0
61023,2,1,0,0,0,0,0,0,0,0,0,0
61024,0,1,0,12,15,0,0,0,0,27,24,17
61024,1,1,0,0,0,0,25,0,0,0,0,0
61025,1,1,7,7,7,7,7,7,7,7,7,7
61026,1,1,0,0,0,0,0,0,0,12,0,0
61026,2,1,0,0,13,0,0,8,0,0,0,0
61027,1,1,16,16,16,16,16,16,16,16,16,16
61028,0,1,26,16,8,12,25,26,10,23,26,20
61028,1,1,0,0,0,0,24,0,0,15,0,0
61029,1,1,0,0,0,0,0,0,0,0,0,17
61029,2,1,0,0,17,20,0,0,0,24,0,29
61030,1,1,0,0,0,0,0,0,0,0,0,0
61030,2,1,0,0,0,0,0,0,0,0,22,0
61031,1,1,0,0,0,0,0,0,0,0,0,0
61032,0,1,0,0,0,0,35,20,0,0,0,12
61032,1,1,0,0,0,0,0,0,0,0,0,0
61033,0,1,0,0,0,0,0,0,0,0,0,0
61033,0,2,0,0,0,0,0,0,28,0,0,0
61033,0,3,0,0,0,0,0,0,0,0,0,0
61033,0,4,0,0,0,16,0,0,0,5,0,0
61033,1,1,0,0,0,0,0,0,0,0,0,0
61034,1,1,0,0,0,0,0,0,0,0,0,0
61035,1,1,0,0,0,0,0,0,0,0,0,11
61035,2,1,0,0,0,0,0,0,0,0,0,0
61035,3,1,0,0,0,0,0,0,0,0,0,0
61036,1,1,0,0,0,0,0,0,0,0,0,0
61037,1,1,23,23,23,23,23,23,23,23,23,23
61038,1,1,0,8,19,0,18,7,0,15,13,0
61038,2,1,0,0,0,0,0,0,0,0,0,0
61039,1,1,0,0,0,0,0,0,0,0,0,0
61040,1,1,0,31,0,0,0,20,19,14,0,0
61041,1,1,0,0,0,31,0,0,17,0,17,5
61042,1,1,0,8,0,0,17,0,0,13,0,0
61043,1,1,0,16,0,0,0,0,0,0,0,0
61043,2,1,0,0,0,0,0,0,0,0,0,0
61044,1,1,17,17,17,17,17,17,17,17,17,17
61044,2,1,0,0,0,0,0,0,0,0,0,0
61045,1,1,0,0,0,0,0,0,0,0,0,0
61045,2,1,0,0,0,0,0,0,7,0,0,0
61046,0,1,0,0,0,0,0,0,0,0,0,0
61046,1,1,0,5,5,7,0,16,0,4,6,0
61047,1,1,18,18,18,18,18,18,18,18,18,18
61048,1,1,0,0,0,0,0,0,0,0,0,0
61049,1,1,0,21,21,5,8,43,26,14,14,13
61050,1,1,0,7,28,33,21,23,24,13,5,21
61051,1,1,0,0,0,0,0,0,0,0,0,0
61051,2,1,0,0,0,0,0,0,0,0,0,0
61052,1,1,0,0,0,0,0,9,0,0,0,0
61052,2,1,0,0,0,0,0,0,0,0,0,0
61053,1,1,14,0,24,6,16,8,12,14,16,0
61054,1,1,0,0,0,0,0,0,0,0,17,0
61055,1,1,0,0,0,0,0,0,0,4,0,0
61055,2,1,0,0,0,0,0,0,0,0,0,0
61056,0,1,35,16,20,36,7,29,10,21,13,17
61056,1,1,0,16,14,22,28,32,5,0,20,23
61057,1,1,0,0,0,0,0,0,0,0,0,0
61057,2,1,0,0,0,0,0,0,0,0,0,0
61058,1,1,0,0,0,0,0,0,0,0,0,0
61058,2,1,0,0,0,0,0,0,0,0,0,0
61059,1,1,0,0,0,6,0,0,0,0,0,0
61059,2,1,0,0,20,0,14,0,0,0,4,0
61060,0,1,0,0,0,0,0,0,0,0,0,0
61060,1,1,0,0,0,0,0,0,0,0,0,0
61061,0,1,0,0,0,0,0,0,0,0,0,0
61061,1,1,0,38,0,17,0,0,0,0,0,0
61061,2,1,0,0,0,0,0,0,0,0,0,0
61062,0,1,17,10,19,36,29,42,7,36,13,30
61062,1,1,0,0,0,0,0,0,0,0,0,0
61063,1,1,19,9,0,16,12,0,8,0,0,0
61064,0,1,0,0,0,0,0,28,0,0,0,0
61064,1,1,1,1,1,1,1,1,1,1,1,1
61064,2,1,0,0,0,0,0,0,0,0,0,0
61064,3,1,0,0,0,0,0,0,0,0,0,0
61064,4,1,0,0,0,0,0,0,0,0,9,0
61064,5,1,0,0,0,0,0,0,0,0,0,0
61064,6,1,0,0,0,0,0,0,0,0,0,0
61064,7,1,0,10,0,0,0,0,0,0,0,0
61064,8,1,0,0,0,0,0,0,0,0,0,0
61065,1,1,4,4,4,4,4,4,4,4,4,4
61066,0,1,23,0,0,0,0,22,0,0,0,0
61066,1,1,0,0,0,0,0,0,0,0,0,0
61067,1,1,27,0,20,0,7,0,18,25,13,15
61068,1,1,0,24,9,0,0,18,0,0,0,0
61069,0,1,0,0,0,0,0,0,0,0,0,0
61069,1,1,0,0,0,0,0,0,0,0,0,0
61070,1,1,0,0,17,0,12,0,0,0,0,16
61071,0,1,14,0,37,11,0,12,0,15,0,20
61071,1,1,0,0,0,0,0,0,0,0,0,0
61072,0,1,2,0,0,0,0,20,35,0,0,0
61072,1,1,0,0,0,0,0,0,0,14,0,10
61073,1,1,0,0,0,0,0,0,0,0,0,0
61074,1,1,0,0,0,0,0,0,0,0,0,0
61074,2,1,0,0,0,0,0,0,0,0,0,0
61075,1,1,13,26,17,9,11,10,5,38,9,13
61076,1,1,0,0,0,0,0,0,0,0,0,0
61076,2,1,0,0,0,0,0,0,0,0,0,0
61077,1,1,0,0,21,0,10,17,0,12,19,17
61078,1,1,22,22,22,22,22,22,22,22,22,22
61078,2,1,0,6,19,0,0,0,0,0,10,0
61079,1,1,0,0,0,0,0,0,0,0,0,0
61079,2,1,0,0,0,0,0,0,0,0,30,0
61080,1,1,0,0,0,0,0,0,0,0,0,0
61081,0,1,0,0,10,0,0,40,9,0,11,0
61081,1,1,21,0,0,0,0,0,13,0,0,0
61083,1,1,0,0,0,0,0,0,0,0,0,0
61083,2,1,0,0,0,0,0,0,0,0,0,0
61084,0,1,0,23,0,22,0,0,21,0,0,20
61084,1,1,0,0,0,0,0,0,0,0,0,0
61085,0,1,0,0,0,28,0,0,27,0,0,0
61085,1,1,0,0,0,0,0,0,0,0,0,0
61086,0,1,0,0,7,0,0,15,0,19,0,0
61086,1,1,22,0,8,0,25,0,8,6,0,14
61087,1,1,0,0,0,0,0,0,0,0,0,0
61087,2,1,0,0,0,0,0,0,0,0,0,0
61088,0,1,0,30,0,0,15,35,18,18,0,0
61088,1,1,7,0,0,0,0,0,18,0,0,0
61089,0,1,0,0,0,0,0,0,0,0,0,0
61089,1,1,8,10,6,0,13,9,0,21,17,8
61090,0,1,2,2,2,2,2,2,2,2,2,2
61090,1,1,0,0,0,0,0,0,0,0,0,0
61091,1,1,0,17,9,0,0,0,19,12,0,0
61092,1,1,0,0,0,0,0,0,0,0,0,0
61092,2,1,13,0,0,0,0,0,0,0,0,0
61093,1,1,20,17,14,0,9,0,10,0,0,0
61093,2,1,20,0,23,0,16,36,0,0,0,0
61093,3,1,12,26,18,0,21,0,18,39,0,0
61094,0,1,0,0,16,5,0,0,0,0,0,0
61094,1,1,0,0,0,0,0,0,0,0,0,0
61095,0,1,0,0,0,0,0,0,0,0,0,0
61095,1,1,0,0,0,0,0,0,0,0,0,0
61096,1,1,0,0,0,0,0,7,0,12,0,0
61096,2,1,0,0,0,0,0,0,0,0,0,0
61097,1,1,12,12,12,12,12,12,12,12,12,12
61098,1,1,0,0,0,0,0,0,0,7,0,0
61099,0,1,0,0,15,0,33,0,0,0,0,0
61099,1,1,0,0,0,0,0,0,0,0,0,0
61100,1,1,0,0,0,0,0,0,0,0,0,0
61100,2,1,0,0,0,0,0,0,0,0,0,0
61101,1,1,0,0,0,0,0,0,0,0,0,0
61102,1,1,5,0,0,0,0,0,0,0,0,0
61102,2,1,0,0,26,0,0,0,0,0,13,0
61103,1,1,0,0,0,0,0,0,0,0,0,0
61103,2,1,0,0,0,0,0,0,0,0,0,0
61104,1,1,0,0,0,0,0,0,0,0,0,0
61104,2,1,0,0,0,0,0,0,0,0,0,0
61105,1,1,0,0,0,0,0,18,12,0,0,0
61106,1,1,0,0,0,0,0,0,26,0,23,0
61106,2,1,8,0,0,0,0,0,0,0,0,0
61107,1,1,0,9,0,28,0,11,2,0,13,9
61108,0,1,0,0,12,32,0,0,0,0,0,0
61108,1,1,0,0,0,0,0,0,0,0,0,0
61109,1,1,20,13,18,0,28,6,6,9,23,15
61110,1,1,11,0,15,11,0,0,0,18,6,0
61110,2,1,0,0,0,0,0,0,0,0,0,0
61111,1,1,0,0,22,15,0,20,0,21,0,0
61112,0,1,0,0,0,0,0,0,0,0,0,0
61112,1,1,0,0,0,0,0,0,0,0,0,0
61113,1,1,0,0,0,25,0,0,0,0,0,0
61113,2,1,0,0,0,0,0,0,0,0,0,0
61114,1,1,0,0,0,0,0,0,0,0,0,0
61115,0,1,0,0,49,16,0,0,18,29,0,0
61115,1,1,0,0,0,0,0,0,0,0,0,0
61116,1,1,0,0,0,0,0,0,0,0,0,0
61116,2,1,0,0,0,0,0,21,12,9,21,0
61117,0,1,27,17,0,0,0,0,0,0,0,0
61117,0,2,0,0,0,0,0,0,0,0,0,0
61117,1,1,0,0,0,22,0,7,0,0,0,0
61118,0,1,0,0,0,0,0,0,0,0,0,0
61118,1,1,13,13,13,13,13,13,13,13,13,13
61119,1,1,10,0,21,0,7,13,0,0,0,0
61120,1,1,25,25,25,25,25,25,25,25,25,25
61121,0,1,0,32,0,11,0,0,0,0,0,0
61121,1,1,0,0,0,0,0,0,0,0,0,0
61122,0,1,0,0,0,0,0,0,0,0,0,0
61122,1,1,0,0,0,0,0,0,0,0,0,0
61123,1,1,0,7,0,0,0,0,0,0,0,0
61123,2,1,0,0,0,0,0,0,0,0,0,0
61124,1,1,0,0,0,23,12,0,0,0,9,0
61125,0,1,0,0,0,0,0,0,0,0,0,0
61125,1,1,0,0,0,0,0,0,0,0,0,0
61126,1,1,15,0,0,12,0,0,0,2,14,0
61127,0,1,0,0,0,14,19,0,0,0,14,0
61127,1,1,0,0,0,10,0,0,12,0,0,0
61128,1,1,0,0,0,0,5,8,0,0,0,16
61129,1,1,0,0,0,0,0,0,0,0,0,0
61130,1,1,0,0,0,0,31,0,0,0,0,0
61131,1,1,0,0,0,0,0,0,0,0,0,0
61132,1,1,37,0,17,0,0,0,25,0,23,0
61133,1,1,11,7,16,22,9,12,23,10,16,21
61134,1,1,0,0,0,0,0,0,0,0,0,0
61134,2,1,0,0,0,0,10,0,0,16,24,0
61135,1,1,0,18,0,21,0,0,0,17,9,0
61136,1,1,0,0,0,0,0,0,0,0,0,0
61136,2,1,0,0,0,0,0,0,0,0,0,0
61137,1,1,0,0,0,0,0,0,9,0,0,0
61138,0,1,0,0,0,0,0,0,0,0,0,0
61138,1,1,5,11,7,13,0,0,0,10,14,14
61139,1,1,0,0,0,0,0,0,10,0,22,18
61140,0,1,0,0,0,0,0,0,0,0,0,0
61140,1,1,0,0,0,0,0,0,0,0,0,0
61141,1,1,20,7,13,33,0,12,33,28,11,5
61141,2,1,0,0,0,0,0,0,0,0,0,0
61142,0,1,0,0,0,0,0,0,0,0,0,0
61142,1,1,0,0,0,0,0,0,0,0,0,0
61143,0,1,14,0,0,0,0,27,0,0,0,0
61143,1,1,0,0,0,0,0,0,0,0,0,0
61144,1,1,0,0,0,0,0,0,0,0,0,0
61144,2,1,0,0,0,0,0,0,0,0,0,0
61145,0,1,0,0,0,0,0,0,0,0,0,0
61145,1,1,0,0,0,0,0,0,0,0,0,0
61146,0,1,36,16,20,0,25,19,30,20,21,13
61146,1,1,0,0,0,0,0,0,0,0,0,0
61147,0,1,43,43,43,43,43,43,43,43,43,43
61147,1,1,0,0,0,0,0,0,0,0,0,0
61148,0,1,23,23,23,23,23,23,23,23,23,23
61148,1,1,0,0,0,0,0,0,0,0,0,0
61149,0,1,0,0,0,0,0,0,0,0,0,0
61149,1,1,0,0,0,0,0,0,0,0,0,0
61150,0,1,12,13,15,24,22,26,18,21,9,6
61150,1,1,22,8,10,8,26,17,0,0,0,7
61151,0,1,8,8,8,8,8,8,8,8,8,8
61151,1,1,0,13,0,4,0,17,3,6,13,4
61152,1,1,0,0,0,0,0,0,0,0,0,0
61153,1,1,0,28,22,8,13,19,19,12,8,13
61153,2,1,0,0,0,0,18,0,0,0,0,17
61154,1,1,19,19,19,19,19,19,19,19,19,19
61155,0,1,0,0,0,0,0,0,0,0,0,0
61155,1,1,0,0,0,0,0,0,0,0,0,0
61156,1,1,0,0,0,0,0,0,0,0,0,0
61157,1,1,14,0,0,14,8,17,18,26,4,21
61158,1,1,0,0,0,0,0,0,0,0,0,0
61158,2,1,0,0,0,0,0,0,0,0,0,0
61159,1,1,0,0,0,0,0,0,0,0,0,0
61159,2,1,0,0,0,0,0,0,0,0,0,0
61160,1,1,14,14,14,14,14,14,14,14,14,14
61160,2,1,0,0,0,0,0,0,0,0,0,35
61161,0,1,0,0,0,0,0,0,0,0,0,0
61161,1,1,0,0,0,0,0,0,0,0,0,0
61162,1,1,0,22,18,12,27,0,12,11,0,34
61163,1,1,0,13,0,38,0,0,0,0,0,0
61163,2,1,0,0,0,0,0,24,0,0,0,0
61164,0,1,0,29,0,21,0,13,0,0,21,21
61164,1,1,0,0,0,0,0,0,0,0,0,0
61165,0,1,0,0,19,13,0,0,0,0,0,8
61165,1,1,19,2,11,0,14,0,15,13,0,0
61166,1,1,0,0,0,0,0,0,0,0,0,0
61167,1,1,22,17,44,8,37,5,0,14,0,32
61168,1,1,0,0,0,0,0,0,0,0,0,0
61169,0,1,0,32,10,15,24,0,29,28,21,11
61169,1,1,0,0,11,25,6,14,10,0,0,11
61170,1,1,0,0,0,0,0,0,0,0,0,0
61170,2,1,0,0,0,0,0,0,0,0,0,0
61171,1,1,0,0,0,0,0,0,0,0,0,0
61171,2,1,0,0,0,0,0,0,0,0,0,0
61172,1,1,9,9,9,9,9,9,9,9,9,9
61173,1,1,0,0,0,0,0,0,0,0,0,0
61174,1,1,13,13,13,13,13,13,13,13,13,13
61175,0,1,15,0,0,0,0,0,0,0,24,0
61175,1,1,0,0,0,0,2,0,0,0,0,0
61176,1,1,0,0,0,0,0,0,0,0,0,0
61176,2,1,0,0,0,0,0,0,0,0,0,0
61177,1,1,0,7,22,11,0,0,0,0,0,18
61177,2,1,0,0,0,0,0,0,0,0,0,0
61178,1,1,0,23,0,0,0,0,0,0,0,14
61178,2,1,0,0,0,0,0,0,8,0,0,0
61179,1,1,21,27,8,19,14,26,0,14,16,13
61179,2,1,0,0,0,0,0,20,0,21,0,0
61180,0,1,0,0,0,0,0,0,0,0,0,0
61180,1,1,0,0,0,0,0,0,0,0,0,0
61181,1,1,0,13,13,0,0,0,8,41,0,0
61181,2,1,0,0,0,0,0,0,0,0,0,0
61181,3,1,0,0,0,0,0,0,0,0,0,0
61182,1,1,0,0,0,0,0,0,0,0,0,0
61182,2,1,0,0,0,0,0,0,0,0,0,0
61183,1,1,0,0,0,0,12,0,12,0,0,4
61183,2,1,0,0,0,0,0,0,0,0,0,0
61184,0,1,0,0,0,29,18,15,0,24,17,0
61184,1,1,0,0,8,11,23,30,12,0,0,12
61185,1,1,0,0,0,0,0,0,0,0,0,0
61185,2,1,0,0,0,0,0,0,0,0,0,0
61186,1,1,0,25,0,14,0,27,0,16,0,0
61186,2,1,0,0,0,0,0,0,0,0,0,0
61187,1,1,0,0,0,0,0,0,0,0,0,0
61187,2,1,0,0,0,0,0,0,0,0,0,0
61188,0,1,0,0,0,36,28,0,0,0,0,0
61188,1,1,9,22,0,28,0,8,0,0,16,14
61189,1,1,26,0,0,23,0,0,0,34,0,0
61189,2,1,0,0,0,0,0,0,0,0,0,13
61189,3,1,0,0,0,0,0,0,4,11,0,0
61190,0,1,0,0,0,0,0,0,0,24,0,0
61190,1,1,0,0,0,0,0,0,0,0,0,0
61191,0,1,0,0,0,0,0,0,0,0,0,0
61191,1,1,0,0,0,0,0,0,0,0,0,0
61192,0,1,17,16,0,32,0,22,0,0,0,0
61192,1,1,0,0,0,0,0,0,0,0,0,0
61193,1,1,0,0,0,0,0,0,0,0,0,0
61193,2,1,0,0,18,0,0,0,0,11,0,0
61194,1,1,0,0,0,0,0,0,0,0,0,0
61194,2,1,0,0,0,0,0,0,0,0,0,0
61195,1,1,0,0,0,33,14,14,0,0,16,10
61196,1,1,0,0,16,24,37,0,31,0,0,8
61197,1,1,0,0,0,0,0,0,0,0,0,0
61198,1,1,0,0,0,0,0,0,0,0,0,0
61199,1,1,0,0,0,0,0,0,0,0,0,0
61199,2,1,0,0,0,0,0,0,0,0,0,0
61200,0,1,0,14,2,12,0,0,0,23,0,6
61200,1,1,0,0,0,34,27,0,0,0,0,0
61201,1,1,25,20,15,22,28,36,11,14,11,27
61202,1,1,25,0,0,0,12,0,0,0,0,0
61202,2,1,0,0,0,0,0,0,16,0,6,0
61203,1,1,0,0,0,0,0,0,0,0,0,0
61204,1,1,0,0,0,0,0,0,0,0,35,0
61204,2,1,0,0,0,0,0,0,0,0,0,0
61205,1,1,13,13,13,13,13,13,13,13,13,13
61206,1,1,0,0,0,0,0,0,0,0,0,13
61207,1,1,0,0,0,0,0,0,3,0,0,0
61208,0,1,6,0,22,18,0,0,13,0,0,0
61208,1,1,0,0,0,0,0,0,0,0,0,0
61209,1,1,0,0,5,0,0,0,5,15,18,5
61210,1,1,0,0,0,0,0,0,0,0,0,0
61211,0,1,0,0,0,0,0,0,0,0,0,0
61211,1,1,0,0,0,0,0,0,0,0,0,0
61211,2,1,0,0,0,0,0,0,0,0,0,0
61211,3,1,0,0,16,0,0,0,8,0,0,0
61211,4,1,0,0,0,0,0,0,0,0,0,14
61212,1,1,0,0,0,0,0,0,0,0,0,0
61212,2,1,0,0,0,0,0,0,0,0,0,0
61213,1,1,35,6,21,12,27,15,11,13,13,13
61214,1,1,21,21,24,14,16,20,15,22,6,22
61214,2,1,0,0,0,0,0,0,0,0,0,0
61215,0,1,0,0,0,0,0,20,0,12,29,15
61215,1,1,0,0,0,0,0,0,0,0,0,0
61216,1,1,0,0,0,0,0,0,0,0,0,0
61217,1,1,0,0,0,0,0,0,0,39,0,17
61218,0,1,0,0,0,0,0,0,0,0,0,0
61218,1,1,0,0,0,0,0,0,0,0,0,0
61219,1,1,24,0,0,0,8,0,0,15,0,0
61220,1,1,0,0,0,0,6,0,0,0,0,0
61220,2,1,0,0,9,0,19,20,0,0,0,0
61221,1,1,11,16,19,9,7,0,18,13,18,7
61221,2,1,0,0,0,0,0,0,0,0,0,0
61222,0,1,0,0,0,0,0,0,29,21,34,0
61222,1,1,10,0,4,8,0,11,0,0,0,0
61223,0,1,0,20,0,24,0,0,0,0,0,0
61223,1,1,0,12,0,0,0,0,0,0,0,0