ST_CASE,VEH_NO,PER_NO,P1,P2,P3,P4,P5,P6,P7,P8,P9,P10
61224,1,1,0,0,0,0,0,0,0,0,0,0
61224,2,1,0,0,0,0,0,0,0,0,0,0
61224,3,1,0,0,0,0,0,5,0,0,0,0
61225,1,1,0,0,0,0,0,0,0,0,0,0
61225,2,1,0,0,0,0,0,0,0,0,0,0
61225,3,1,0,0,0,0,0,0,0,0,0,0
61225,4,1,0,0,21,0,0,0,0,0,0,0
61226,1,1,6,0,0,0,0,0,0,0,0,0
61227,0,1,0,0,0,0,0,15,0,0,0,0
61227,1,1,0,0,0,0,0,0,0,0,0,0
61228,1,1,15,15,15,15,15,15,15,15,15,15
61229,0,1,26,0,15,8,15,18,0,26,0,0
61229,1,1,0,0,0,0,0,0,0,0,6,0
61230,0,1,0,0,0,0,0,0,0,0,49,21
61230,1,1,0,0,0,0,0,0,0,0,0,0
61231,1,1,12,12,12,12,12,12,12,12,12,12
61232,1,1,0,13,20,9,19,25,20,14,17,17
61232,2,1,0,0,18,0,0,9,0,0,0,0
61233,1,1,0,0,0,0,0,0,0,0,0,0
61233,2,1,0,0,10,28,0,0,8,0,0,4
61234,1,1,0,0,0,0,4,0,20,16,15,25
61235,0,1,0,0,0,0,14,0,0,0,0,15
61235,1,1,0,0,0,0,0,0,0,0,7,0
61236,1,1,30,18,17,28,13,16,19,39,15,11
61237,1,1,3,3,3,3,3,3,3,3,3,3
61238,1,1,21,15,17,20,33,7,29,20,5,13
61239,0,1,6,0,0,0,16,19,18,18,0,16
61239,1,1,0,0,0,0,0,0,0,0,0,0
61240,0,1,0,0,0,0,0,0,0,26,0,0
61240,1,1,0,0,0,0,0,0,0,0,0,0
61241,0,1,0,0,0,0,0,0,0,0,0,0
61241,1,1,0,0,0,0,0,0,0,0,0,0
61242,1,1,0,0,19,0,0,0,11,0,0,10
61242,2,1,0,0,0,0,0,0,0,0,0,0
61243,1,1,0,0,0,0,0,0,0,0,0,0
61243,2,1,0,0,24,0,0,35,0,0,0,0
61244,1,1,0,0,0,0,0,0,0,0,0,0
61244,2,1,0,0,0,0,0,0,0,0,0,0
61245,0,1,0,0,0,0,0,0,0,9,0,0
61245,1,1,19,0,6,0,12,10,11,0,0,18
61246,0,1,0,19,13,0,0,0,0,8,0,40
61246,1,1,0,0,0,7,6,10,19,15,17,4
61247,1,1,16,0,0,0,8,0,17,0,0,8
61248,0,1,6,0,15,8,0,20,13,12,18,13
61248,1,1,10,8,5,10,17,10,14,10,0,2
61249,0,1,0,0,0,0,0,0,0,18,0,0
61249,1,1,0,0,0,0,14,0,0,0,0,21
61250,0,1,37,12,22,0,7,22,0,0,0,10
61250,1,1,0,0,0,0,0,0,0,0,0,0
61250,2,1,0,0,0,0,0,18,4,0,0,0
61251,0,1,0,0,0,33,21,18,3,0,0,0
61251,1,1,0,0,0,0,0,12,0,0,0,20
61252,1,1,18,18,18,18,18,18,18,18,18,18
61253,1,1,23,23,23,23,23,23,23,23,23,23
61254,1,1,29,37,0,0,4,0,0,0,8,0
61254,2,1,0,0,0,0,0,0,0,0,0,0
61255,0,1,0,0,0,0,0,0,0,0,0,0
61255,0,2,0,0,0,0,0,0,0,0,0,0
61255,0,3,0,0,0,0,0,0,0,0,0,0
61255,0,4,0,0,0,0,0,0,0,0,0,0
61255,1,1,0,0,0,0,0,0,0,0,0,0
61256,0,1,24,0,0,30,0,0,43,0,23,8
61256,1,1,0,0,2,20,19,0,2,0,5,0
61257,1,1,1,1,1,1,1,1,1,1,1,1
61257,2,1,0,0,0,0,0,0,0,0,0,0
61258,1,1,0,0,0,0,0,0,0,0,0,0
61258,2,1,11,0,0,13,0,24,0,0,0,6
61258,3,1,0,0,0,0,0,0,0,0,0,0
61259,1,1,15,29,7,12,16,19,29,14,15,37
61260,1,1,0,0,0,6,16,18,28,0,0,0
61261,1,1,13,13,13,13,13,13,13,13,13,13
61262,1,1,0,0,0,0,0,0,0,0,0,0
61263,1,1,0,0,21,0,33,0,0,8,9,21
61264,0,1,17,34,28,13,21,0,29,42,24,7
61264,1,1,0,17,0,0,20,13,9,17,3,5
61265,1,1,0,0,0,0,15,28,0,8,28,25
61266,0,1,0,0,0,0,0,12,0,0,32,41
61266,1,1,0,0,0,0,0,0,0,0,0,0
61267,1,1,0,0,0,0,0,0,0,0,0,0
61267,2,1,0,0,21,0,0,0,0,0,0,0
61268,1,1,27,27,27,27,27,27,27,27,27,27
61268,2,1,11,15,22,7,12,0,18,14,13,17
61269,0,1,41,41,41,41,41,41,41,41,41,41
61269,1,1,0,0,0,0,21,0,11,0,0,0
61270,1,1,25,17,26,11,11,18,22,15,13,21
61270,2,1,0,0,0,0,0,0,0,0,0,0
61271,1,1,5,5,5,5,5,5,5,5,5,5
61271,2,1,0,0,0,0,0,0,0,0,0,0
61272,1,1,0,0,0,0,0,0,0,0,0,0
61272,2,1,0,0,0,0,0,0,0,0,0,0
61273,1,1,0,0,0,0,0,0,0,0,0,0
61273,2,1,0,0,0,0,14,0,25,13,0,0
61274,1,1,0,30,19,6,17,19,20,0,0,0
61274,2,1,0,0,0,0,0,0,0,0,0,0
61275,1,1,29,29,29,29,29,29,29,29,29,29
61275,2,1,0,0,0,0,0,0,0,0,0,0
61276,1,1,0,0,0,0,0,0,0,0,0,0
61277,1,1,0,0,0,0,0,0,0,0,0,0
61277,2,1,0,6,0,0,0,0,0,0,0,0
61278,1,1,0,0,0,0,0,0,0,0,0,0
61278,2,1,0,0,0,0,0,0,0,0,0,0
61279,1,1,0,0,0,0,0,0,0,0,0,0
61279,2,1,0,0,0,0,0,0,0,0,0,0
61279,3,1,0,0,0,0,0,0,0,0,0,0
61280,1,1,0,0,0,0,0,0,0,13,0,0
61280,2,1,0,0,0,0,0,0,0,0,0,0
61280,3,1,0,0,0,0,0,0,0,0,0,0
61281,1,1,0,0,0,0,0,0,0,0,0,0
61281,2,1,0,0,0,0,0,0,0,0,0,0
61282,1,1,0,10,0,0,0,0,0,0,0,0
61283,0,1,0,6,0,0,0,0,0,12,28,3
61283,1,1,0,0,0,0,0,0,0,0,0,0
61284,1,1,0,0,0,0,0,0,0,0,0,0
61284,2,1,15,0,0,0,0,0,0,0,0,0
61285,0,1,0,0,0,0,0,0,13,0,0,0
61285,1,1,0,0,0,0,0,0,0,0,0,0
61286,1,1,0,0,0,0,0,8,0,31,0,0
61286,3,1,0,0,0,7,0,16,0,0,0,0
61286,4,1,0,0,0,0,2,0,0,0,0,0
61286,5,1,0,0,0,0,0,0,0,0,0,0
61287,1,1,0,0,0,0,0,0,0,0,0,0
61287,2,1,0,0,0,0,0,0,0,0,0,0
61287,3,1,0,0,0,0,0,0,0,0,0,0
61288,1,1,0,0,0,0,0,0,0,0,0,0
61288,2,1,0,0,0,0,0,0,0,0,0,0
61288,3,1,0,20,0,0,0,0,0,0,0,0
61289,0,1,0,0,0,0,0,0,0,0,0,0
61289,1,1,0,0,0,9,22,7,4,2,0,25
61290,1,1,0,0,0,0,0,0,0,0,0,0
61290,2,1,0,0,0,0,0,0,0,0,0,0
61291,1,1,0,0,0,0,0,0,0,0,0,0
61291,2,1,0,16,0,23,0,0,0,0,0,0
61292,0,1,0,0,0,0,0,0,0,0,0,0
61292,1,1,0,0,0,0,0,17,0,0,0,0
61293,1,1,0,0,0,0,0,0,0,0,0,0
61293,2,1,0,0,0,0,0,0,0,0,0,0
61294,1,1,0,0,0,15,0,0,0,0,0,0
61294,2,1,0,0,0,0,0,0,0,0,0,0
61295,1,1,16,26,38,0,20,20,13,17,10,0
61295,2,1,28,7,0,17,25,30,24,15,13,12
61296,0,1,0,0,0,0,0,0,0,0,0,0
61296,1,1,0,0,0,0,0,0,0,0,0,0
61297,1,1,1,1,1,1,1,1,1,1,1,1
61298,0,1,0,0,0,14,0,10,6,0,19,0
61298,1,1,0,15,0,19,15,13,12,0,21,5
61299,1,1,22,22,22,22,22,22,22,22,22,22
61300,1,1,0,0,0,0,0,0,0,0,0,0
61300,2,1,0,0,0,0,0,0,0,0,0,0
61301,1,1,0,11,0,17,0,18,0,0,11,8
61302,1,1,0,0,0,0,0,0,0,0,0,0
61303,1,1,26,26,26,26,26,26,26,26,26,26
61304,0,1,0,0,0,36,9,0,0,6,0,0
61304,1,1,0,0,0,0,0,0,0,0,0,0
61304,2,1,0,0,0,0,0,0,0,13,0,0
61305,1,1,0,0,0,0,11,0,0,0,0,0
61306,1,1,0,0,0,0,0,0,0,0,0,0
61307,1,1,0,0,0,0,0,16,0,0,0,0
61307,2,1,0,0,18,0,0,0,0,0,0,0
61307,3,1,0,0,0,0,0,19,0,0,0,0
61308,0,1,0,0,0,25,13,0,0,0,0,0
61308,1,1,0,0,0,0,0,0,0,0,0,0
61309,0,1,0,0,16,0,0,11,31,0,37,0
61309,1,1,0,0,0,0,0,0,0,0,0,0
61310,1,1,0,25,11,2,8,0,20,15,12,13
61311,1,1,0,0,0,7,0,27,9,0,0,8
61312,1,1,9,9,9,9,9,9,9,9,9,9
61312,2,1,9,0,0,0,0,0,0,0,14,0
61313,1,1,0,0,0,0,0,0,0,0,0,0
61313,2,1,0,0,0,0,0,0,0,0,0,0
61314,0,1,6,27,0,0,0,0,0,12,33,28
61314,1,1,0,0,30,0,0,0,8,24,27,0
61315,1,1,0,0,13,0,0,0,0,0,0,0
61315,2,1,0,0,0,15,0,0,0,0,0,0
61316,0,1,0,36,0,17,0,0,0,0,0,0
61316,1,1,0,0,0,0,0,0,0,0,0,0
61317,1,1,8,8,8,8,8,8,8,8,8,8
61318,0,1,29,29,29,29,29,29,29,29,29,29
61318,1,1,0,19,0,0,25,0,0,0,0,19
61319,1,1,0,0,0,0,0,0,0,0,0,0
61319,2,1,0,0,0,0,0,0,0,0,0,0
61320,0,1,0,0,0,0,0,0,0,0,0,0
61320,0,2,0,0,0,0,0,0,0,0,0,17
61320,1,1,0,0,0,0,0,0,0,0,0,0
61321,1,1,0,0,0,10,0,22,0,0,0,0
61321,2,1,0,0,0,0,0,0,0,0,0,0
61322,1,1,0,0,10,15,0,0,12,19,0,0
61322,2,1,0,0,0,0,0,8,0,0,0,0
61323,0,1,0,0,0,15,20,33,0,28,0,11
61323,1,1,0,0,12,4,0,0,0,26,0,0
61323,2,1,0,0,0,0,0,0,0,0,0,0
61323,3,1,0,0,0,0,0,0,0,0,0,0
61324,0,1,0,0,0,0,0,0,0,0,0,0
61324,1,1,0,0,0,0,0,0,0,0,0,0
61325,2,1,0,0,0,0,0,0,0,0,0,0
61325,3,1,0,0,0,0,0,0,0,0,0,0
61326,1,1,0,0,14,0,0,0,20,22,0,17
61326,2,1,0,0,0,0,0,0,0,0,0,0
61327,0,1,28,28,28,28,28,28,28,28,28,28
61327,1,1,0,0,0,0,0,0,0,0,0,0
61328,0,1,14,0,0,25,0,14,0,0,17,3
61328,1,1,0,0,0,0,0,0,0,7,0,0
61329,1,1,0,0,0,0,0,0,0,0,0,0
61329,2,1,0,0,0,0,0,0,0,0,0,0
61330,1,1,8,0,19,4,20,6,32,12,21,24
61330,2,1,0,0,0,0,0,11,0,0,0,0
61331,0,1,25,0,0,0,0,0,0,0,0,0
61331,1,1,9,13,13,0,12,10,32,16,23,26
61332,1,1,0,0,0,0,0,0,24,0,0,0
61333,1,1,0,0,0,0,0,0,0,0,0,0
61333,2,1,0,0,0,0,0,0,0,0,0,0
61333,3,1,0,0,0,0,0,0,0,0,0,0
61334,0,1,0,41,9,25,28,0,0,0,30,14
61334,1,1,0,0,0,0,0,0,0,0,0,0
61335,1,1,14,20,18,14,12,24,34,15,35,9
61336,1,1,0,0,0,0,0,0,0,0,0,0
61336,2,1,0,0,0,0,0,0,0,0,0,0
61337,0,1,0,0,0,0,0,0,0,0,0,0
61337,1,1,0,0,0,0,17,0,0,0,0,0
61338,0,1,0,0,0,0,0,0,0,0,0,0
61338,1,1,14,0,0,11,0,14,0,0,0,0
61339,1,1,0,15,0,2,0,4,0,0,0,14
61339,2,1,13,0,0,16,0,0,0,0,0,0
61340,0,1,0,0,0,0,0,0,0,0,0,0
61340,1,1,0,0,0,0,0,0,0,6,0,0
61341,1,1,5,5,5,5,5,5,5,5,5,5
61342,0,1,0,19,13,13,0,0,17,0,12,0
61342,1,1,13,0,0,0,0,0,0,0,0,0
61343,1,1,0,0,0,0,0,0,0,0,0,0
61343,2,1,0,0,14,0,0,0,0,0,0,0
61343,3,1,0,0,0,0,0,0,0,0,0,0
61344,1,1,22,19,9,21,0,27,13,19,9,24
61345,1,1,0,0,0,0,0,0,0,0,0,0
61345,2,1,0,0,0,0,0,0,0,0,0,0
61346,1,1,0,0,0,0,0,0,0,0,0,0
61346,2,1,14,0,0,0,0,0,23,0,0,0
61347,1,1,19,47,10,16,20,13,0,19,0,28
61348,1,1,0,0,0,0,0,0,0,0,0,0
61348,2,1,12,12,12,12,12,12,12,12,12,12
61349,1,1,0,0,0,0,0,0,0,0,0,0
61350,0,1,2,2,2,2,2,2,2,2,2,2
61350,1,1,5,0,5,0,22,18,0,0,0,0
61351,1,1,0,0,0,0,0,0,0,0,0,0
61351,2,1,0,0,0,0,0,0,0,0,0,0
61352,1,1,0,0,0,0,0,0,0,0,0,27
61352,2,1,0,0,0,0,0,0,0,0,0,11
61352,3,1,0,19,0,0,0,0,0,0,0,0
61352,4,1,0,0,0,19,0,0,0,0,0,0
61353,1,1,20,20,20,20,20,20,20,20,20,20
61353,2,1,6,6,6,6,6,6,6,6,6,6
61354,1,1,0,0,0,0,0,0,0,0,0,0
61354,2,1,0,0,0,0,0,0,0,0,0,0
61355,1,1,13,0,0,15,0,0,0,0,0,0
61355,2,1,0,5,9,0,0,0,0,0,0,0
61356,1,1,0,0,0,11,10,0,0,28,0,20
61357,0,1,2,0,28,34,7,19,0,16,0,18
61357,1,1,0,0,0,0,0,0,0,0,0,12
61358,1,1,0,0,0,0,0,0,0,0,11,0
61359,1,1,15,22,25,8,15,7,12,28,12,22
61360,0,1,0,0,0,0,0,0,0,0,0,0
61360,1,1,0,0,0,0,0,0,0,0,0,0
61361,0,1,0,0,0,0,0,0,0,0,0,0
61361,1,1,8,12,0,11,0,23,21,0,15,0
61362,0,1,26,0,0,26,0,16,13,0,0,17
61362,1,1,12,0,0,0,19,19,9,0,18,0
61363,1,1,0,0,0,0,0,0,0,0,0,0
61364,1,1,0,0,0,0,0,19,0,0,0,0
61364,2,1,0,0,0,0,0,0,0,0,0,0
61364,3,1,0,0,0,0,0,0,0,0,0,0
61364,4,1,0,0,0,0,0,0,22,0,0,0
61364,5,1,0,0,0,0,0,7,0,0,0,0
61364,6,1,0,0,0,0,0,0,0,0,0,0
61365,0,1,17,0,21,18,0,0,0,17,0,22
61365,1,1,0,0,0,0,0,0,0,0,0,7
61366,0,1,19,19,19,19,19,19,19,19,19,19
61366,1,1,17,2,0,9,0,16,0,18,16,0
61367,1,1,0,0,0,0,0,0,0,0,0,0
61367,2,1,0,0,0,13,0,0,0,0,12,0
61368,1,1,0,0,0,0,0,0,0,0,0,0
61368,2,1,0,0,0,0,0,0,0,0,0,0
61369,1,1,24,0,12,0,0,21,10,1,0,0
61370,0,1,0,0,0,0,0,0,0,0,0,0
61370,1,1,0,0,0,0,0,0,0,0,0,0
61371,0,1,0,0,0,0,0,0,0,0,0,0
61371,1,1,17,21,3,39,0,5,0,5,6,0
61372,1,1,16,19,8,6,14,12,9,19,14,4
61373,1,1,20,13,3,23,39,16,29,35,8,22
61374,1,1,0,0,0,0,32,0,0,0,0,23
61375,1,1,0,0,0,0,0,0,0,0,0,0
61376,1,1,0,0,32,0,8,0,30,0,9,0
61377,1,1,31,31,31,31,31,31,31,31,31,31
61377,2,1,0,13,0,16,0,0,0,0,0,0
61377,3,1,0,0,0,0,13,0,0,0,0,0
61378,0,1,0,0,0,0,0,0,0,0,0,0
61378,1,1,0,0,0,0,0,0,0,0,0,0
61379,1,1,21,0,23,19,0,22,18,0,14,0
61380,1,1,8,25,8,12,7,7,9,9,24,14
61381,0,1,0,0,21,13,0,0,33,28,0,0
61381,1,1,0,0,0,0,0,0,0,0,6,17
61381,2,1,0,0,0,0,0,0,0,0,23,18
61382,0,1,0,0,2,0,0,0,0,0,0,0
61382,1,1,0,0,0,0,0,0,0,0,0,15
61383,1,1,0,22,0,0,9,0,19,0,30,7
61383,2,1,0,0,0,0,0,0,0,0,0,0
61384,1,1,20,0,19,0,0,0,0,0,20,0
61385,1,1,0,0,0,0,0,0,0,0,0,0
61385,2,1,0,0,0,0,0,0,0,0,0,0
61386,1,1,21,21,21,21,21,21,21,21,21,21
61387,1,1,16,18,6,0,19,0,0,0,24,23
61388,0,1,0,0,0,0,0,0,0,0,0,0
61388,1,1,0,0,0,0,0,0,10,0,0,0
61389,1,1,20,20,20,20,20,20,20,20,20,20
61390,0,1,16,0,0,0,0,0,0,0,0,0
61390,1,1,0,0,0,0,0,0,13,0,0,0
61391,1,1,0,0,0,0,0,0,0,0,0,0
61392,1,1,0,0,0,0,0,0,0,0,18,0
61393,1,1,0,0,0,34,4,0,0,0,0,0
61393,2,1,0,0,0,0,0,0,0,0,0,0
61394,0,1,25,25,25,25,25,25,25,25,25,25
61394,1,1,0,28,0,0,23,0,0,0,10,0
61395,0,1,14,36,20,13,29,0,23,21,0,3
61395,1,1,14,9,0,0,0,13,0,24,0,0
61396,1,1,0,0,0,0,0,0,0,0,0,0
61397,1,1,12,12,12,12,12,12,12,12,12,12
61397,2,1,1,1,1,1,1,1,1,1,1,1
61398,1,1,7,7,7,7,7,7,7,7,7,7
61399,1,1,0,0,0,0,0,0,0,0,0,0
61399,2,1,0,0,0,0,0,0,0,0,0,0
61400,1,1,13,13,13,13,13,13,13,13,13,13
61400,2,1,0,0,5,0,0,0,0,0,0,0
61401,1,1,0,0,0,0,0,8,0,0,0,0
61402,1,1,0,0,0,0,0,0,0,0,0,0
61403,1,1,0,0,0,0,0,0,0,0,0,0
61403,2,1,0,0,0,0,0,0,0,0,0,0
61404,1,1,0,0,0,0,0,0,0,0,0,0
61405,1,1,0,0,0,0,0,0,8,0,0,0
61405,2,1,0,0,0,0,0,0,0,0,0,0
61406,1,1,0,0,0,0,0,0,0,4,0,0
61406,2,1,0,0,0,0,0,0,0,0,0,0
61407,1,1,0,0,0,0,0,0,0,0,0,0
61407,2,1,0,0,0,0,0,0,0,0,0,0
61408,1,1,0,8,0,0,17,0,0,0,16,0
61409,1,1,24,0,0,9,21,0,0,0,0,16
61410,0,1,0,0,0,0,0,0,0,0,0,0
61410,1,1,0,0,0,0,0,0,0,0,0,0
61411,0,1,18,0,0,0,0,0,0,0,0,0
61411,1,1,0,0,0,0,0,0,0,0,0,0
61412,0,1,46,20,0,0,0,0,19,0,0,0
61412,1,1,0,0,0,0,0,0,0,0,0,0
61413,1,1,0,26,0,0,0,28,0,0,21,0
61414,1,1,0,0,0,0,0,0,0,0,0,0
61414,2,1,0,0,0,0,0,0,0,0,0,0
61415,1,1,0,0,18,21,0,26,33,0,0,11
61416,1,1,0,0,0,0,0,0,0,0,0,0
61417,1,1,22,0,0,0,0,0,0,0,0,0
61417,2,1,0,0,0,0,0,0,0,20,0,16
61418,0,1,19,0,0,0,0,0,28,9,0,16
61418,1,1,0,0,0,0,0,0,0,0,0,0
61419,0,1,4,10,0,0,0,0,0,19,10,13
61419,1,1,17,9,0,0,12,10,10,0,6,10
61420,0,1,5,0,0,0,0,18,0,34,0,0
61420,1,1,0,0,0,0,28,0,0,0,0,0
61421,0,1,0,0,0,13,0,0,0,0,14,46
61421,1,1,0,0,0,0,20,0,0,7,0,0
61422,1,1,0,0,0,0,0,15,4,21,9,38
61423,1,1,0,0,0,9,0,0,0,0,0,0
61424,0,1,0,7,0,20,0,0,34,36,0,0
61424,1,1,0,0,0,0,0,0,0,0,0,0
61425,1,1,15,15,15,15,15,15,15,15,15,15
61426,0,1,41,0,0,15,0,0,24,0,0,0
61426,1,1,33,0,0,0,0,0,0,0,0,33
61427,0,1,0,0,0,6,28,0,12,0,0,0
61427,1,1,0,0,0,0,0,0,0,0,0,0
61428,1,1,0,11,0,0,0,0,0,0,0,0
61428,2,1,0,0,0,0,0,0,0,0,0,0
61429,1,1,0,0,0,0,0,0,0,0,0,0
61429,2,1,0,0,0,0,0,0,0,0,0,0
61430,1,1,0,0,0,0,0,0,0,0,0,0
61431,1,1,0,0,0,0,0,0,0,0,0,0
61431,2,1,0,0,0,0,0,0,0,0,0,0
61431,3,1,0,0,18,0,0,0,0,0,0,0
61431,4,1,12,0,0,13,0,0,0,0,19,0
61432,0,1,11,11,11,11,11,11,11,11,11,11
61432,1,1,12,12,12,12,12,12,12,12,12,12
61433,1,1,16,16,16,16,16,16,16,16,16,16
61433,2,1,0,0,0,0,0,0,0,0,0,0
61433,3,1,0,0,0,0,0,0,0,0,0,0
61433,4,1,0,0,0,0,0,0,0,0,0,0
61434,0,1,20,16,30,14,14,0,16,16,18,20
61434,1,1,0,0,0,0,15,0,0,0,0,0
61435,1,1,13,12,20,27,14,17,20,8,0,0
61436,1,1,0,0,0,0,0,14,0,0,0,0
61437,1,1,20,28,0,6,0,25,0,0,4,0
61438,1,1,0,0,0,0,0,0,0,0,0,0
61438,2,1,0,0,0,0,0,0,16,0,0,0
61439,1,1,0,0,12,0,0,0,0,0,0,0
61439,2,1,0,0,0,0,0,0,0,0,0,0
61440,1,1,0,27,10,12,6,20,13,14,16,35
61441,1,1,8,8,8,8,8,8,8,8,8,8
61441,2,1,0,0,0,0,0,0,0,0,0,14
61442,1,1,0,0,0,24,0,0,0,0,0,28
61442,2,1,7,2,0,0,17,0,16,0,0,0
61443,1,1,23,0,0,0,15,0,0,0,17,0
61444,0,1,29,27,0,0,0,0,0,0,38,35
61444,1,1,27,0,0,0,0,0,0,0,0,0
61445,1,1,0,0,0,0,0,0,0,0,0,0
61446,1,1,0,0,0,0,0,0,0,0,0,0
61446,2,1,0,0,0,0,0,0,0,0,0,0
61447,1,1,6,0,10,0,0,0,5,0,0,0
61447,2,1,0,0,0,0,0,0,0,0,0,0
61448,1,1,0,0,0,0,0,0,0,0,0,0
61449,0,1,0,0,0,0,0,0,0,0,0,0
61449,1,1,0,0,0,0,0,0,20,0,0,16
61450,1,1,24,24,24,24,24,24,24,24,24,24
61450,2,1,0,0,0,0,0,0,0,0,0,0
61450,3,1,0,0,0,0,0,0,0,0,0,0
61451,1,1,0,0,0,0,0,0,0,0,0,0
61452,1,1,22,12,35,22,18,16,5,8,18,8
61452,2,1,0,0,0,0,0,0,0,0,0,0
61453,0,1,0,0,0,0,0,0,0,0,0,0
61453,1,1,0,0,15,6,0,14,0,0,0,0
61454,0,1,6,6,6,6,6,6,6,6,6,6
61454,1,1,0,13,19,0,0,0,0,0,7,0
61455,1,1,24,24,24,24,24,24,24,24,24,24
61455,2,1,0,0,0,0,0,0,0,0,0,0
61456,1,1,0,0,0,0,0,0,0,0,0,0
61456,2,1,0,0,0,0,0,0,0,0,0,0
61457,1,1,21,21,21,21,21,21,21,21,21,21
61457,2,1,0,0,0,0,0,0,0,31,0,0
61458,1,1,14,14,14,14,14,14,14,14,14,14
61458,2,1,0,2,0,0,0,7,0,0,2,0
61458,3,1,0,0,0,25,0,0,0,0,0,0
61459,0,1,0,0,0,0,0,0,0,0,0,0
61459,1,1,0,0,9,0,0,0,0,0,0,0
61460,1,1,28,0,0,0,24,0,0,0,0,0
61460,2,1,0,0,0,0,0,0,0,0,0,17
61461,1,1,21,24,10,20,4,19,30,5,10,17
61461,2,1,14,0,0,0,0,0,0,0,8,0
61461,3,1,0,0,0,0,0,0,0,0,0,0
61462,1,1,11,11,11,11,11,11,11,11,11,11
61463,1,1,0,0,0,0,0,0,0,0,0,0
61463,2,1,0,0,0,0,0,0,14,0,0,0
61464,1,1,0,0,0,0,0,0,0,0,0,0
61464,2,1,0,0,0,0,0,0,0,0,0,0
61465,1,1,15,0,0,22,0,0,13,0,18,0
61465,2,1,0,21,0,0,0,0,0,0,0,18
61466,1,1,17,21,15,19,12,32,14,8,20,25
61467,1,1,0,0,0,0,6,0,17,12,0,0
61468,1,1,0,0,20,0,0,7,0,0,0,24
61469,1,1,0,0,0,18,0,20,0,0,0,0
61470,1,1,0,0,0,0,0,0,0,0,0,0
61470,2,1,0,0,0,0,0,0,0,0,0,0
61471,1,1,15,15,15,15,15,15,15,15,15,15
61471,2,1,0,0,0,0,0,0,0,0,0,0
61472,0,1,0,0,29,0,0,0,0,0,0,0
61472,1,1,3,0,0,0,0,0,0,0,0,0
61473,1,1,0,8,12,8,12,10,4,18,29,27
61473,2,1,0,0,0,0,0,0,0,0,0,0
61474,0,1,0,0,0,0,0,0,0,0,0,0
61474,1,1,0,0,0,0,0,0,0,0,0,0
61475,1,1,0,0,0,0,0,10,2,6,6,10
61475,2,1,0,4,0,5,0,0,0,0,0,0
61476,0,1,0,0,21,0,12,0,0,0,17,0
61476,1,1,16,0,0,0,0,0,0,0,0,0
61477,0,1,0,0,0,0,0,0,0,0,0,0
61477,1,1,0,0,0,0,0,0,0,0,0,0
61478,0,1,0,0,0,0,0,24,0,0,0,9
61478,0,2,0,0,0,0,0,0,0,0,0,0
61478,1,1,10,10,0,15,15,13,39,16,0,0
61479,0,1,18,0,34,0,0,0,0,0,8,21
61479,1,1,21,0,0,0,0,0,0,0,0,0
61480,0,1,18,0,0,0,7,16,17,60,0,0
61480,1,1,0,0,0,0,0,0,0,0,0,0
61481,1,1,28,28,28,28,28,28,28,28,28,28
61482,1,1,0,0,0,0,0,0,0,0,0,0
61482,2,1,0,0,0,0,0,0,0,0,0,0
61483,1,1,0,0,0,0,0,0,0,0,0,0
61483,2,1,0,0,0,0,0,0,0,0,0,0
61484,1,1,0,0,0,0,0,0,0,0,0,0
61485,1,1,12,9,16,2,22,16,13,10,0,0
61486,0,1,15,15,15,15,15,15,15,15,15,15
61486,1,1,0,5,0,0,0,0,0,0,0,25
61487,1,1,16,16,16,16,16,16,16,16,16,16
61487,2,1,0,0,0,0,0,0,0,0,8,0
61488,1,1,0,0,0,0,0,0,0,0,0,0
61489,0,1,0,0,0,0,26,33,0,0,0,0
61489,1,1,5,19,0,4,4,4,15,9,12,18
61490,1,1,0,0,0,0,0,0,0,0,0,11
61491,0,1,4,0,14,37,11,0,0,0,0,14
61491,1,1,18,0,18,13,15,0,0,0,10,0
61492,0,1,0,0,11,0,0,0,22,0,0,8
61492,1,1,0,0,0,0,0,0,0,0,0,0
61493,1,1,21,21,21,21,21,21,21,21,21,21
61493,2,1,0,0,0,16,20,0,0,35,0,0
61493,3,1,0,0,0,0,0,0,0,0,0,0
61493,4,1,0,0,0,0,12,18,0,22,29,0
61493,5,1,0,0,0,0,0,0,0,0,0,0
61493,6,1,0,0,3,0,0,0,0,25,0,0
61494,1,1,0,0,0,0,0,0,0,0,0,0
61494,2,1,0,0,0,0,0,0,0,0,0,0
61495,0,1,0,0,0,0,0,0,0,0,0,0
61495,1,1,0,0,0,0,0,0,0,0,0,0
61496,1,1,0,0,0,0,0,0,0,0,0,0
61497,0,1,0,0,0,18,0,0,26,3,17,0
61497,1,1,0,0,0,0,0,0,0,0,0,0
61498,1,1,0,0,22,0,14,15,0,18,0,0
61498,2,1,0,0,0,0,28,0,0,0,0,0
61499,1,1,0,0,0,0,0,0,0,0,0,0
61499,2,1,0,0,0,0,0,0,0,0,0,0
61499,3,1,0,0,0,0,0,0,0,0,0,0
61500,1,1,9,13,23,0,14,15,0,18,14,6
61501,1,1,0,0,0,0,0,0,0,0,0,0
61502,1,1,0,0,29,23,0,0,0,23,15,27
61502,2,1,0,0,0,0,11,9,0,8,0,0
61503,1,1,0,23,0,20,8,0,0,10,14,0
61504,0,1,0,0,0,0,0,0,0,0,0,0
61504,1,1,0,0,0,0,0,0,0,32,0,0
61505,1,1,21,21,21,21,21,21,21,21,21,21
61505,2,1,0,0,0,0,0,0,0,0,0,0
61506,0,1,0,0,0,0,0,0,0,0,0,0
61506,1,1,0,0,0,0,0,0,0,0,0,0
61506,2,1,0,0,0,0,0,0,0,0,0,0
61507,1,1,0,0,0,0,0,0,0,0,0,0
61508,0,1,27,36,35,19,29,26,34,18,46,29
61508,1,1,0,0,0,31,0,0,0,0,0,0
61509,1,1,0,0,0,0,0,0,0,0,0,0
61509,2,1,0,0,0,0,0,0,0,0,0,0
61510,1,1,22,22,22,22,22,22,22,22,22,22