ST_CASE,VEH_NO,PER_NO,P1,P2,P3,P4,P5,P6,P7,P8,P9,P10
61511,1,1,0,0,0,0,0,0,0,0,0,0
61511,2,1,24,0,34,0,0,0,0,0,0,0
61512,0,1,0,0,24,14,6,0,14,37,0,16
61512,1,1,0,0,0,0,0,0,0,13,0,0
61513,0,1,0,0,0,0,0,0,18,0,0,45
61513,1,1,0,0,0,0,0,0,0,0,0,0
61514,0,1,0,0,0,12,0,11,7,0,0,0
61514,1,1,0,0,0,13,20,0,0,0,12,0
61515,1,1,11,24,37,27,25,0,10,12,19,0
61515,2,1,0,0,0,0,0,0,0,0,0,0
61516,1,1,0,0,0,0,0,0,0,11,0,0
61516,2,1,0,0,0,0,0,0,0,0,0,0
61517,1,1,0,0,0,0,0,0,0,0,0,0
61518,1,1,0,25,19,0,0,25,0,20,12,20
61519,1,1,0,0,0,0,0,0,0,0,0,0
61519,2,1,26,0,0,0,0,0,0,0,0,0
61520,1,1,0,0,0,0,0,0,0,0,0,0
61520,2,1,0,0,0,0,0,0,0,0,0,0
61520,3,1,0,0,0,0,0,0,0,0,0,0
61520,4,1,0,0,0,0,0,0,0,0,0,0
61521,1,1,0,0,0,0,0,0,0,0,0,0
61521,2,1,0,0,0,0,0,0,0,0,0,0
61522,1,1,9,0,0,0,0,8,0,0,0,0
61523,0,1,0,0,25,24,20,24,21,19,0,19
61523,1,1,2,2,2,2,2,2,2,2,2,2
61524,1,1,29,0,11,15,18,0,0,7,25,4
61525,1,1,0,0,0,0,0,0,0,0,0,0
61525,2,1,0,0,12,0,16,0,0,0,0,5
61526,1,1,0,0,0,0,0,0,0,0,0,0
61527,0,1,0,11,0,0,0,0,0,0,18,0
61527,1,1,0,0,0,0,0,0,0,0,0,0
61528,1,1,13,13,13,13,13,13,13,13,13,13
61529,1,1,0,0,0,0,0,0,0,0,0,0
61529,2,1,0,0,0,0,0,0,0,0,0,0
61530,1,1,9,9,9,9,9,9,9,9,9,9
61531,1,1,0,0,0,0,0,0,0,0,0,0
61532,0,1,29,0,19,25,0,0,12,22,24,45
61532,1,1,0,0,0,0,10,0,0,0,0,0
61533,1,1,5,12,10,10,23,20,9,0,4,19
61533,2,1,0,0,0,0,0,0,0,0,0,0
61533,3,1,0,0,0,0,0,0,29,0,14,0
61534,1,1,25,25,25,25,25,25,25,25,25,25
61535,1,1,7,7,7,7,7,7,7,7,7,7
61536,1,1,22,15,10,0,9,18,14,12,10,12
61536,2,1,0,0,0,0,0,0,0,0,0,0
61537,1,1,14,9,2,13,7,0,0,17,26,24
61538,0,1,0,0,17,29,0,3,9,9,0,0
61538,1,1,0,0,0,0,0,0,0,0,0,0
61539,1,1,0,0,0,0,0,0,0,0,0,0
61539,2,1,0,0,0,0,0,0,0,0,0,0
61540,1,1,0,0,0,0,0,0,0,0,0,0
61540,2,1,0,0,0,0,0,0,0,0,0,0
61541,0,1,15,19,22,43,24,2,9,22,23,21
61541,1,1,16,6,21,0,0,0,0,11,24,13
61542,0,1,0,0,0,0,0,0,2,8,0,0
61542,0,2,0,0,0,25,0,0,0,0,0,0
61542,1,1,0,0,0,0,0,0,0,0,0,0
61543,0,1,0,0,0,0,0,0,0,0,0,0
61543,1,1,0,0,0,0,0,0,0,0,0,0
61544,1,1,0,0,0,0,0,0,0,0,0,0
61544,2,1,0,0,15,0,0,0,0,0,0,0
61544,3,1,0,0,0,0,0,0,0,0,0,0
61545,1,1,19,0,0,0,0,13,0,0,8,0
61546,1,1,22,0,0,0,15,0,14,0,0,0
61546,2,1,0,0,0,0,0,0,0,0,0,0
61547,1,1,5,18,11,23,0,0,0,5,0,12
61547,2,1,0,0,27,0,0,9,16,0,0,0
61548,1,1,0,0,0,0,0,0,0,0,0,0
61549,1,1,27,0,0,24,19,26,17,20,0,21
61550,1,1,0,0,0,0,0,0,0,0,0,0
61550,2,1,0,0,0,0,0,0,0,0,0,0
61551,1,1,0,28,0,26,0,0,27,12,0,0
61551,2,1,0,0,0,0,7,0,0,0,0,0
61552,1,1,0,0,13,0,27,0,0,0,0,14
61553,0,1,13,13,13,13,13,13,13,13,13,13
61553,1,1,0,12,23,0,0,0,0,0,0,0
61554,1,1,0,0,0,0,0,0,0,0,0,0
61554,2,1,0,0,0,0,0,0,0,0,0,0
61555,1,1,14,0,0,0,0,9,0,12,0,0
61555,2,1,0,0,0,0,0,0,0,0,0,0
61556,1,1,25,25,25,25,25,25,25,25,25,25
61557,0,1,0,0,0,0,0,25,19,0,0,26
61557,1,1,0,11,0,0,0,0,0,0,0,0
61558,0,1,0,23,13,21,0,0,0,0,7,0
61558,1,1,0,0,0,0,2,0,0,0,0,0
61559,1,1,28,0,13,10,14,0,0,0,0,0
61560,1,1,28,5,12,22,30,9,14,0,27,12
61561,1,1,0,0,0,0,0,0,0,0,0,0
61561,3,1,0,0,0,0,0,0,0,0,0,0
61562,1,1,0,5,17,7,20,15,51,13,14,35
61562,2,1,0,0,0,16,0,0,0,0,0,0
61563,1,1,0,0,0,0,0,0,0,0,16,0
61564,0,1,0,17,0,0,21,0,34,6,0,0
61564,1,1,21,21,21,21,21,21,21,21,21,21
61564,2,1,0,0,0,0,0,0,0,0,0,0
61564,3,1,0,0,0,0,0,0,0,0,21,0
61565,1,1,0,0,0,0,0,0,0,10,0,0
61565,2,1,0,0,0,0,0,0,0,0,0,0
61566,1,1,0,0,0,0,0,0,0,0,0,0
61567,1,1,25,25,25,25,25,25,25,25,25,25
61568,1,1,20,12,19,22,23,25,19,15,22,25
61568,2,1,0,0,0,0,0,0,0,0,0,0
61569,1,1,0,0,0,0,0,0,0,0,0,0
61570,1,1,0,0,26,26,0,17,7,14,0,0
61571,1,1,22,22,22,22,22,22,22,22,22,22
61572,1,1,0,0,0,0,0,0,0,0,0,0
61572,2,1,0,0,0,6,0,0,0,0,0,0
61573,1,1,20,17,12,30,15,6,15,0,30,11
61574,1,1,11,15,17,13,9,28,20,36,18,24
61575,1,1,0,0,0,0,0,0,0,0,0,0
61576,1,1,0,0,0,0,0,0,0,0,0,0
61576,2,1,0,0,0,0,0,0,0,0,0,0
61577,1,1,0,15,18,0,11,0,0,0,0,0
61577,2,1,0,0,0,0,0,0,0,0,0,0
61578,1,1,5,5,5,5,5,5,5,5,5,5
61579,1,1,0,0,0,0,0,0,0,0,0,0
61579,2,1,0,0,0,0,0,0,0,0,0,0
61579,3,1,0,0,0,0,0,0,0,0,0,0
61579,4,1,0,0,0,0,0,0,0,0,0,0
61580,1,1,0,0,28,0,0,0,0,0,0,0
61581,1,1,24,0,0,28,0,0,15,24,31,0
61582,1,1,12,12,12,15,8,4,0,21,0,14
61583,1,1,0,0,0,0,0,0,0,0,0,16
61584,1,1,24,24,24,24,24,24,24,24,24,24
61584,2,1,0,0,0,0,0,0,0,0,0,0
61585,0,1,15,15,15,15,15,15,15,15,15,15
61585,1,1,23,15,0,0,0,0,0,0,0,0
61586,0,1,3,3,3,3,3,3,3,3,3,3
61586,1,1,0,0,0,0,0,0,0,0,0,0
61588,1,1,0,0,0,0,0,0,0,0,0,0
61588,2,1,0,12,16,15,0,0,0,0,0,15
61589,1,1,25,0,0,0,0,17,0,0,3,0
61590,1,1,0,0,0,0,0,0,0,0,0,0
61590,2,1,0,0,0,0,0,0,0,0,0,0
61591,1,1,28,4,9,15,0,0,13,0,18,12
61592,1,1,0,0,0,0,0,18,0,31,0,0
61593,1,1,0,0,0,0,0,0,0,0,0,0
61594,1,1,0,0,0,0,0,0,0,0,0,0
61594,2,1,0,0,0,0,0,0,0,0,0,0
61595,1,1,25,25,25,25,25,25,25,25,25,25
61596,1,1,12,12,12,12,12,12,12,12,12,12
61597,1,1,17,17,17,17,17,17,17,17,17,17
61597,2,1,0,0,0,0,0,0,0,0,0,0
61598,0,1,0,39,0,0,0,0,11,0,0,0
61598,1,1,10,0,0,10,21,10,0,0,12,32
61599,0,1,0,0,0,0,0,0,25,0,0,0
61599,1,1,0,0,0,0,0,0,0,0,0,0
61599,5,1,0,7,0,0,0,0,0,0,0,0
61600,0,1,0,0,25,18,15,15,0,0,22,0
61600,1,1,0,0,0,19,0,0,0,0,0,0
61601,1,1,0,0,29,20,0,0,0,0,0,0
61601,2,1,30,17,0,0,0,0,0,0,33,0
61601,3,1,0,0,0,0,0,0,0,0,0,0
61602,1,1,0,0,0,0,0,0,0,0,0,0
61602,2,1,0,0,0,0,0,0,0,0,0,0
61603,0,1,16,16,16,16,16,16,16,16,16,16
61603,1,1,0,0,0,0,0,0,12,0,0,0
61603,2,1,0,0,0,0,0,26,0,0,0,0
61603,3,1,0,0,0,0,6,0,32,0,0,0
61604,1,1,0,0,0,0,0,0,0,0,0,0
61604,2,1,0,0,0,0,0,0,0,0,0,0
61605,1,1,0,6,18,0,14,0,30,13,18,30
61605,2,1,0,0,0,0,0,0,0,0,0,0
61606,0,1,38,49,19,23,13,0,10,13,7,33
61606,1,1,17,4,5,6,7,12,0,8,20,31
61607,0,1,0,18,42,0,13,2,0,0,0,0
61607,1,1,22,4,8,12,5,6,13,0,18,7
61608,0,1,18,18,18,18,18,18,18,18,18,18
61608,1,1,0,0,0,0,0,0,0,0,0,0
61609,0,1,0,0,0,7,0,0,0,0,0,21
61609,1,1,0,0,0,0,0,0,0,0,0,0
61610,0,1,0,0,0,0,0,0,0,0,0,0
61610,1,1,0,0,20,2,0,0,0,0,0,0
61610,2,1,0,14,0,0,0,0,11,0,0,8
61611,1,1,34,19,15,27,6,14,25,8,28,14
61611,2,1,21,0,29,0,0,0,0,0,3,0
61612,1,1,0,0,0,0,0,0,0,0,0,0
61613,0,1,0,0,41,0,0,16,0,0,0,0
61613,1,1,0,0,0,0,0,0,0,0,0,0
61614,0,1,0,0,0,0,0,15,0,0,0,29
61614,1,1,0,0,0,0,0,0,0,0,0,0
61615,1,1,8,8,8,8,8,8,8,8,8,8
61615,2,1,10,0,0,0,0,0,0,0,0,17
61616,1,1,0,16,0,24,0,0,0,0,0,0
61616,2,1,0,31,0,10,0,13,0,26,0,0
61617,0,1,0,0,0,0,0,0,0,0,0,0
61617,1,1,7,7,7,7,7,7,7,7,7,7
61618,1,1,17,0,0,29,0,12,0,0,0,0
61618,2,1,0,0,0,0,0,2,0,0,0,0
61619,0,1,6,6,6,6,6,6,6,6,6,6
61619,1,1,0,0,0,0,0,0,0,0,0,0
61620,0,1,8,8,8,8,8,8,8,8,8,8
61620,1,1,25,0,0,0,0,7,6,10,0,8
61621,0,1,0,0,0,0,0,0,0,0,0,0
61621,0,2,0,0,0,0,0,0,16,0,0,0
61621,1,1,20,20,20,20,20,20,20,20,20,20
61621,2,1,0,0,0,0,0,0,0,0,7,0
61621,3,1,0,0,0,0,0,0,0,0,0,0
61622,1,1,2,8,9,0,0,10,13,9,10,17
61623,0,1,0,0,0,0,0,0,0,0,0,0
61623,1,1,0,12,0,0,0,0,0,0,15,0
61624,0,1,0,0,0,0,5,0,0,0,0,21
61624,1,1,0,0,0,0,0,0,14,0,0,0
61625,0,1,0,7,0,0,0,0,0,0,3,0
61625,1,1,0,0,0,0,0,0,0,17,0,0
61626,0,1,2,2,2,2,2,2,2,2,2,2
61626,1,1,0,0,0,0,0,0,0,0,0,0
61627,1,1,19,19,19,19,19,19,19,19,19,19
61628,1,1,0,0,17,0,0,0,0,0,0,0
61628,2,1,0,35,0,15,18,16,0,30,0,13
61628,3,1,0,0,24,17,19,0,0,0,0,0
61629,0,1,0,21,0,21,0,0,24,0,0,11
61629,1,1,0,0,14,22,9,0,0,0,0,9
61630,1,1,0,0,0,0,0,0,0,0,0,0
61630,2,1,0,0,0,0,0,0,0,0,0,0
61630,3,1,0,0,0,0,0,0,0,0,0,0
61630,4,1,0,0,0,0,0,0,0,22,0,0
61631,1,1,0,14,0,0,0,0,0,4,0,0
61631,2,1,0,0,0,0,0,0,0,0,0,0
61631,3,1,25,0,0,0,0,0,0,0,0,0
61632,1,1,0,0,0,0,0,0,0,0,0,0
61632,2,1,0,0,0,0,0,0,0,0,0,0
61632,3,1,0,0,0,0,0,0,0,0,0,0
61633,1,1,0,0,0,0,0,0,0,0,0,0
61633,2,1,0,0,0,0,0,0,0,0,0,0
61634,1,1,19,0,16,14,23,14,12,0,24,0
61634,2,1,0,0,0,0,0,0,0,0,0,0
61635,0,1,9,9,9,9,9,9,9,9,9,9
61635,1,1,0,0,10,0,0,0,0,0,0,0
61636,1,1,0,0,0,0,0,0,0,0,0,0
61637,1,1,0,0,0,0,0,0,0,0,0,0
61638,0,1,29,0,0,0,0,0,0,0,0,0
61638,1,1,4,4,4,4,4,4,4,4,4,4
61639,1,1,0,0,0,0,0,0,0,0,0,0
61640,0,1,30,0,0,0,0,11,0,0,0,0
61640,1,1,0,0,19,0,0,0,0,0,0,0
61641,1,1,13,9,0,13,24,0,18,5,4,4
61641,2,1,0,0,5,6,27,10,12,7,0,0
61642,0,1,0,0,0,0,0,0,0,0,0,0
61642,1,1,12,8,9,0,14,0,3,2,0,19
61643,1,1,17,0,0,7,0,0,0,0,0,0
61643,2,1,0,0,0,0,0,0,0,0,0,0
61644,1,1,9,0,0,0,0,0,0,0,0,0
61645,0,1,0,0,12,0,0,7,8,19,0,0
61645,0,2,0,0,18,0,0,0,0,0,0,0
61645,1,1,0,0,0,0,0,0,0,0,0,0
61645,2,1,0,0,19,0,0,0,0,0,0,0
61646,1,1,0,0,0,0,0,0,0,13,0,0
61647,0,1,0,30,0,0,17,0,0,0,0,8
61647,1,1,0,18,0,0,0,15,0,0,0,0
61648,1,1,0,0,0,0,0,0,0,0,0,0
61649,0,1,0,0,0,0,0,0,6,0,0,0
61649,0,2,0,0,0,0,26,0,12,0,0,0
61649,1,1,0,0,0,0,0,0,0,0,0,0
61650,1,1,0,13,15,0,18,11,23,0,0,12
61651,1,1,0,0,0,0,0,0,0,0,0,0
61651,2,1,18,22,7,7,11,7,9,21,6,13
61652,1,1,0,0,0,0,0,0,0,0,0,0
61653,1,1,0,0,0,0,0,0,0,0,0,0
61654,1,1,21,21,21,21,21,21,21,21,21,21
61655,1,1,0,0,0,0,0,0,0,0,0,0
61655,2,1,12,12,9,15,11,32,10,3,7,7
61656,1,1,6,0,0,0,0,0,0,0,0,0
61657,1,1,0,0,0,0,0,0,0,0,0,0
61658,0,1,0,0,20,0,0,0,0,0,0,0
61658,1,1,0,0,0,0,0,0,0,0,0,0
61659,1,1,0,0,0,0,0,7,0,6,0,0
61659,2,1,0,0,0,0,4,0,0,0,0,0
61660,1,1,19,19,19,19,19,19,19,19,19,19
61660,2,1,12,0,0,0,0,11,17,0,0,0
61661,1,1,5,5,5,5,5,5,5,5,5,5
61662,1,1,0,0,0,0,0,0,0,0,0,0
61663,1,1,0,1,0,0,0,0,0,0,0,0
61663,2,1,0,0,0,0,0,0,0,0,0,0
61664,1,1,21,21,21,21,21,21,21,21,21,21
61664,2,1,0,0,0,0,0,0,0,0,0,0
61665,1,1,0,0,0,0,0,0,0,0,0,0
61666,1,1,21,28,9,17,24,0,7,0,10,20
61667,1,1,18,18,18,18,18,18,18,18,18,18
61667,2,1,0,0,0,0,0,0,0,8,0,13
61668,1,1,0,0,0,0,0,0,0,0,0,0
61668,2,1,0,0,0,0,0,0,0,0,0,0
61669,1,1,0,0,0,0,0,0,0,0,21,0
61669,2,1,0,0,0,0,0,0,0,0,0,0
61669,3,1,0,0,0,0,0,0,0,0,0,0
61670,1,1,0,0,0,0,0,0,0,0,0,0
61670,2,1,0,0,0,0,0,0,0,0,0,0
61671,0,1,0,0,0,0,0,0,0,0,0,0
61671,1,1,0,0,0,0,0,0,0,0,0,0
61672,0,1,40,40,40,40,40,40,40,40,40,40
61672,1,1,0,0,0,0,17,0,0,0,0,0
61673,0,1,8,17,26,15,6,11,9,32,33,11
61673,1,1,0,0,13,0,0,0,0,0,9,8
61674,1,1,0,0,0,0,0,0,0,0,0,0
61674,2,1,0,0,0,0,0,0,0,0,0,0
61675,1,1,0,0,0,0,0,0,0,0,0,0
61675,2,1,0,0,0,0,0,0,0,0,0,0
61676,1,1,0,0,0,0,0,0,0,0,0,0
61676,2,1,0,0,0,10,0,0,0,0,0,0
61677,1,1,22,22,22,22,22,22,22,22,22,22
61677,2,1,5,11,0,11,16,0,0,0,19,11
61678,1,1,0,0,0,0,0,0,0,0,0,0
61678,2,1,18,25,12,0,0,0,0,0,7,0
61678,3,1,0,0,11,32,0,0,0,0,13,0
61678,4,1,0,0,19,0,0,0,17,0,16,15
61678,5,1,0,0,0,0,0,0,0,0,0,0
61679,1,1,11,0,0,0,20,0,0,0,0,0
61679,2,1,0,0,0,0,0,0,0,0,0,0
61680,1,1,0,0,0,10,0,0,0,0,0,0
61680,2,1,0,0,0,0,0,14,0,0,0,0
61681,1,1,0,0,0,0,0,0,0,0,0,0
61682,1,1,0,0,0,0,0,0,0,0,0,0
61682,2,1,0,14,0,0,0,0,16,0,0,0
61682,3,1,0,0,0,0,0,0,0,0,0,0
61683,0,1,22,21,0,0,0,0,0,0,0,8
61683,1,1,13,13,13,13,13,13,13,13,13,13
61684,0,1,16,0,22,0,0,0,0,13,21,0
61684,1,1,0,0,0,0,0,0,0,0,0,0
61685,1,1,0,0,0,10,0,0,0,0,35,4
61686,1,1,21,21,21,21,21,21,21,21,21,21
61687,0,1,0,0,0,0,0,0,0,0,0,0
61687,1,1,0,0,0,0,0,0,0,0,0,0
61688,1,1,0,0,0,0,0,0,0,0,0,0
61688,2,1,0,0,0,0,0,0,0,0,12,0
61689,1,1,10,10,10,10,10,10,10,10,10,10
61690,1,1,0,0,0,0,0,0,0,0,0,0
61690,2,1,0,0,0,0,0,0,0,0,0,0
61690,3,1,0,0,0,0,0,0,0,0,0,0
61691,0,1,0,0,0,0,0,0,29,0,22,0
61691,1,1,17,0,0,0,0,0,0,0,0,0
61692,1,1,0,0,0,0,0,0,0,0,0,0
61692,2,1,0,0,0,0,0,0,0,0,0,0
61693,0,1,0,0,0,0,0,0,0,0,0,0
61693,1,1,0,0,0,0,0,0,0,0,0,0
61694,0,1,0,0,0,0,0,0,0,0,0,0
61694,1,1,0,0,0,0,0,0,0,28,0,0
61695,1,1,0,0,14,20,0,0,18,0,0,17
61696,1,1,0,0,0,0,0,0,0,0,0,14
61696,2,1,0,0,24,0,0,0,6,0,0,0
61697,1,1,22,22,22,22,22,22,22,22,22,22
61698,0,1,2,13,0,0,0,11,0,0,13,0
61698,1,1,0,0,0,0,33,0,0,0,0,0
61699,1,1,0,13,7,0,27,0,0,0,20,31
61699,2,1,0,8,0,0,0,0,0,0,0,0
61699,3,1,0,0,0,0,0,0,0,0,0,0
61700,0,1,0,9,0,0,0,0,0,0,0,4
61700,1,1,0,0,0,0,0,0,0,7,0,0
61701,0,1,16,0,10,27,0,0,0,0,40,9
61701,1,1,0,0,0,0,0,0,0,0,0,0
61702,1,1,3,5,21,5,0,27,9,20,14,11
61702,2,1,0,0,0,0,0,0,0,0,0,0
61703,1,1,0,0,0,0,0,0,0,0,0,0
61703,2,1,0,0,0,0,0,0,0,0,0,0
61704,0,1,0,5,0,28,20,25,12,0,12,0
61704,1,1,0,0,0,0,0,0,0,15,0,0
61704,2,1,0,0,0,0,10,14,0,0,0,0
61704,3,1,0,0,0,0,0,0,0,0,0,0
61705,1,1,30,17,13,18,12,28,15,31,2,28
61706,1,1,0,11,0,0,0,11,0,8,0,0
61707,0,1,14,0,9,22,0,0,23,24,52,23
61707,1,1,0,13,0,0,21,0,0,0,0,0
61708,0,1,0,0,0,0,0,0,0,0,0,0
61708,1,1,0,0,0,9,16,0,0,6,10,0
61709,1,1,8,8,8,8,8,8,8,8,8,8
61709,2,1,0,0,0,0,0,0,0,0,0,0
61710,1,1,25,25,25,25,25,25,25,25,25,25
61710,2,1,0,0,19,0,0,0,0,0,0,0
61710,3,1,0,0,0,0,0,0,0,0,0,0
61711,1,1,0,0,0,0,0,0,0,0,0,0
61711,2,1,0,0,0,0,0,0,0,0,0,0
61712,0,1,0,0,0,0,0,10,36,0,8,0
61712,1,1,0,19,0,0,0,0,0,0,0,0
61712,3,1,0,0,0,0,0,0,0,0,0,0
61712,4,1,17,0,0,0,0,0,0,0,0,0
61712,5,1,0,0,8,0,0,0,0,0,0,0
61713,1,1,21,0,5,6,0,0,0,13,0,0
61714,1,1,36,11,0,0,34,0,0,0,0,25
61714,2,1,0,0,0,0,0,0,0,0,0,0
61715,0,1,11,0,0,7,0,11,0,13,19,0
61715,1,1,0,0,0,0,7,0,0,0,13,0
61716,0,1,0,0,0,0,0,0,0,0,0,0
61716,1,1,3,0,0,0,0,21,0,0,0,0
61717,1,1,13,0,16,5,26,17,23,12,0,16
61718,0,1,0,0,0,0,0,0,0,0,0,0
61718,1,1,0,0,0,0,0,0,0,0,0,0
61719,1,1,13,13,13,13,13,13,13,13,13,13
61719,2,1,0,0,0,0,0,0,0,0,0,0
61720,1,1,12,12,12,12,12,12,12,12,12,12
61721,1,1,8,8,8,8,8,8,8,8,8,8
61722,1,1,0,0,0,0,0,0,0,0,0,0
61722,2,1,0,0,0,0,0,0,0,0,0,0
61723,1,1,0,0,0,0,0,0,0,0,0,4
61724,1,1,24,0,24,14,19,16,0,18,0,0
61724,2,1,0,0,0,0,0,0,0,0,0,0
61725,1,1,25,25,25,25,25,25,25,25,25,25
61725,2,1,9,0,0,0,0,0,0,0,0,0
61725,3,1,0,0,0,0,0,0,0,0,0,0
61726,0,1,0,0,0,0,0,0,0,0,0,0
61726,1,1,15,12,0,5,14,11,10,10,13,15
61727,1,1,0,0,0,0,0,0,0,0,0,0
61727,2,1,0,0,0,0,0,0,0,0,0,0
61727,3,1,0,0,0,0,0,0,0,0,0,0
61728,1,1,23,0,0,27,0,0,0,0,0,0
61729,0,1,0,0,31,0,0,0,0,0,0,0
61729,1,1,0,0,0,0,0,0,0,0,0,0
61730,1,1,0,0,0,36,26,15,0,15,0,0
61731,1,1,30,30,30,30,30,30,30,30,30,30
61732,0,1,0,12,12,18,15,0,33,0,5,26
61732,1,1,0,0,0,0,0,0,0,0,0,0
61733,1,1,0,0,0,0,0,0,0,0,0,0
61733,2,1,0,0,0,0,0,0,0,0,0,0
61734,1,1,14,14,14,14,14,14,14,14,14,14
61735,1,1,0,0,0,0,0,0,0,0,0,0
61735,2,1,0,0,0,0,0,0,0,0,0,0
61735,3,1,0,0,0,0,0,0,0,0,0,0
61735,4,1,0,10,0,0,0,0,0,0,0,0
61736,0,1,0,0,0,0,13,0,0,0,32,0
61736,1,1,0,0,0,0,0,0,0,0,0,0
61737,0,1,0,0,0,0,0,0,0,0,0,0
61737,1,1,0,0,0,0,0,0,0,0,0,0
61738,0,1,31,0,0,25,0,0,0,0,11,14
61738,1,1,0,0,0,0,0,0,0,0,0,0
61739,1,1,7,7,7,7,7,7,7,7,7,7
61740,1,1,11,8,7,0,26,0,0,0,0,0
61741,1,1,0,0,0,0,0,0,0,0,0,0
61742,1,1,15,0,0,0,0,0,0,0,0,0
61742,2,1,0,34,31,0,18,0,0,0,0,0
61743,1,1,0,0,0,0,0,0,0,0,0,0
61743,2,1,0,0,0,12,0,0,0,0,0,15
61743,3,1,0,0,0,7,0,0,0,0,0,0
61744,1,1,0,18,22,7,15,17,0,0,0,17
61745,1,1,0,0,0,0,0,0,0,0,0,0
61747,1,1,0,0,0,0,0,0,0,0,0,0
61747,2,1,0,0,0,0,0,0,0,0,0,0
61748,1,1,14,14,14,14,14,14,14,14,14,14
61749,0,1,35,0,0,18,0,0,16,31,11,17
61749,1,1,5,0,0,0,10,12,0,10,30,10
61750,1,1,0,0,0,0,0,0,0,0,0,0
61751,1,1,0,0,0,0,0,17,0,30,0,9
61751,2,1,0,0,0,0,0,0,0,0,0,0
61752,1,1,0,0,0,0,0,0,0,0,0,0
61753,1,1,0,0,0,0,0,0,0,0,0,0
61754,1,1,19,19,19,19,19,19,19,19,19,19
61755,1,1,0,0,0,0,0,0,0,0,0,0
61755,2,1,0,0,0,0,0,0,0,0,0,0
61756,1,1,1,1,1,1,1,1,1,1,1,1
61756,2,1,0,0,0,0,0,0,0,0,0,0
61757,1,1,0,0,0,0,0,0,0,0,0,0
61758,1,1,12,24,0,0,18,24,42,21,0,0
61758,2,1,15,21,13,13,28,0,16,0,19,13
61759,0,1,0,0,0,0,0,7,41,6,20,36
61759,1,1,0,0,0,0,0,0,0,0,0,0
61760,0,1,0,0,0,0,0,0,0,0,0,0
61760,1,1,0,0,0,0,0,0,0,0,0,0
61761,1,1,0,0,0,0,0,0,0,0,0,0
61761,2,1,0,0,0,0,0,0,0,0,0,0
61762,0,1,0,0,0,13,24,30,0,0,0,0
61762,1,1,0,0,0,0,0,0,0,0,20,0
61763,1,1,0,0,0,0,0,0,0,0,0,0
61764,1,1,0,0,0,0,0,0,0,0,0,0
61764,2,1,17,0,0,0,0,6,16,0,0,0
61765,1,1,0,0,0,0,0,0,0,0,0,0
61766,1,1,0,0,0,0,0,0,0,0,0,0
61766,2,1,0,0,0,0,0,0,0,0,0,0
61767,1,1,0,20,0,8,0,0,0,0,0,0
61768,1,1,0,0,0,0,0,0,0,0,0,0
61768,2,1,0,0,0,0,0,0,0,0,0,0
61769,0,1,0,3,3,0,0,0,0,15,12,9
61769,1,1,0,27,0,0,0,10,21,0,0,7
61770,0,1,0,0,0,0,0,0,0,0,0,0
61770,1,1,0,0,0,0,0,0,0,0,0,0
61771,1,1,21,0,2,0,10,13,9,9,29,36
61772,1,1,0,0,0,0,0,0,0,0,0,0
61772,2,1,0,0,0,0,0,0,0,0,0,0
61773,1,1,0,0,0,30,0,0,0,0,0,0
61773,2,1,0,0,0,0,0,0,0,0,0,0
61773,3,1,0,0,0,0,0,0,0,0,0,0
61774,1,1,7,7,7,7,7,7,7,7,7,7
61775,1,1,8,24,6,5,7,12,38,10,1,0
61776,1,1,0,0,28,11,0,0,31,0,0,0
61777,0,1,0,0,0,0,0,0,0,0,0,0
61777,0,2,25,0,11,3,0,8,20,0,0,17
61777,0,3,18,0,0,12,0,0,0,0,0,0
61777,0,4,25,0,28,0,0,0,0,0,0,0
61777,1,1,8,0,0,0,0,15,0,0,18,0
61778,0,1,0,0,25,0,27,0,0,26,0,0
61778,1,1,0,0,0,0,0,0,0,0,0,0
61778,2,1,0,0,0,0,18,0,0,0,0,0
61778,3,1,0,0,0,0,0,0,0,0,0,0
61779,1,1,0,0,14,5,19,22,0,10,0,12
61779,2,1,0,0,0,0,11,0,0,0,0,0
61780,0,1,0,0,0,0,28,20,45,0,0,0
61780,1,1,0,0,0,16,3,0,0,0,5,10
61781,1,1,14,14,14,14,14,14,14,14,14,14
61782,0,1,27,36,0,0,35,14,0,0,23,0
61782,1,1,0,0,0,0,0,0,0,0,0,0
61783,1,1,6,6,6,6,6,6,6,6,6,6
61784,0,1,0,0,22,51,0,10,0,0,0,19
61784,1,1,0,0,0,0,0,0,0,0,0,0
61785,1,1,7,7,7,7,7,7,7,7,7,7
61786,1,1,0,0,5,24,0,0,9,0,0,0
61787,1,1,0,0,0,0,10,0,0,0,0,0
61788,1,1,0,0,0,0,0,0,0,0,0,0
61789,1,1,0,0,4,0,13,7,0,0,0,0
61790,1,1,21,27,14,22,23,23,16,27,21,41
61791,0,1,0,0,0,0,0,0,0,0,0,0
61791,1,1,10,19,7,0,4,16,19,11,0,0
61792,1,1,21,21,21,21,21,21,21,21,21,21
61793,1,1,0,0,7,17,0,12,0,0,15,7
61794,1,1,12,2,22,0,22,24,24,27,0,18
61795,1,1,0,7,0,0,0,0,0,0,0,0
61795,2,1,0,0,0,0,0,0,0,0,0,0
61796,1,1,0,0,0,18,0,0,0,14,0,0
61797,0,1,11,23,0,0,0,9,0,27,8,0
61797,1,1,0,0,0,0,0,0,0,0,0,0
61798,1,1,18,0,0,0,0,0,0,0,0,0
61798,2,1,0,0,0,0,0,0,0,0,0,0
61799,0,1,0,0,12,0,0,0,0,0,0,0
61799,1,1,0,0,0,0,0,0,0,0,0,0
61800,0,1,19,0,28,0,0,0,32,26,33,0
61800,1,1,8,13,8,5,0,10,16,7,0,7
61801,1,1,9,0,15,0,29,10,0,27,0,5
61801,2,1,0,9,0,13,14,0,0,0,0,0
61802,1,1,11,11,11,11,11,11,11,11,11,11
61802,2,1,8,0,0,0,0,0,0,0,0,0
61803,1,1,18,8,14,27,7,19,11,10,19,22
61804,1,1,14,14,14,14,14,14,14,14,14,14