ST_CASE,VEH_NO,PER_NO,P1,P2,P3,P4,P5,P6,P7,P8,P9,P10
62099,2,1,0,0,0,0,0,9,0,10,3,0
62100,1,1,0,0,0,0,0,0,0,0,0,0
62101,1,1,0,0,0,0,0,0,0,0,0,0
62101,2,1,0,0,0,0,0,0,0,0,0,0
62102,1,1,0,0,0,0,0,0,0,0,0,0
62102,2,1,0,0,0,0,0,0,0,0,0,0
62102,3,1,0,0,0,0,0,0,0,0,0,0
62102,4,1,0,0,0,0,12,0,15,0,18,0
62103,1,1,0,0,0,0,0,0,0,0,0,0
62104,1,1,0,4,17,0,0,0,14,8,10,0
62105,1,1,0,0,0,0,0,0,0,0,0,11
62105,2,1,0,0,0,0,0,0,0,0,0,0
62106,1,1,0,0,0,0,0,0,0,0,0,0
62106,2,1,0,0,0,0,0,0,0,0,0,0
62106,3,1,0,0,0,0,0,0,0,0,0,0
62106,4,1,0,0,0,17,0,0,0,0,0,0
62107,1,1,0,0,0,15,0,0,0,0,0,0
62107,2,1,0,0,0,0,0,0,0,0,0,0
62108,1,1,14,0,0,0,0,0,4,0,13,0
62109,0,1,0,0,28,3,0,0,14,13,20,14
62109,1,1,0,0,0,0,0,0,0,0,0,0
62110,0,1,18,0,0,0,0,24,0,0,17,0
62110,1,1,3,8,9,9,11,7,0,0,0,5
62111,1,1,0,16,0,0,36,0,0,0,0,0
62112,0,1,0,0,0,0,0,0,0,0,0,0
62112,1,1,7,0,8,10,0,0,0,0,3,16
62113,1,1,21,10,0,8,9,5,0,0,14,0
62114,0,1,0,0,0,0,0,0,0,0,0,0
62114,1,1,0,0,0,0,0,0,0,0,0,0
62114,2,1,0,0,0,0,0,0,0,0,0,0
62115,0,1,31,0,0,0,0,0,28,0,0,0
62115,1,1,7,7,7,7,7,7,7,7,7,7
62116,1,1,0,0,0,0,0,0,0,0,42,0
62116,2,1,8,0,0,9,0,17,0,0,5,0
62117,1,1,17,0,14,19,11,15,0,26,7,0
62117,2,1,0,0,0,0,0,0,0,0,0,0
62118,1,1,0,9,0,0,0,0,20,26,0,0
62118,2,1,0,0,0,0,0,0,0,0,0,0
62119,0,1,0,0,0,0,0,0,0,0,0,0
62119,1,1,6,6,6,6,6,6,6,6,6,6
62120,1,1,0,19,0,0,0,0,0,0,0,0
62120,2,1,0,0,0,0,22,0,0,0,0,0
62121,1,1,0,0,0,0,0,0,0,0,0,0
62121,2,1,0,0,0,0,0,0,0,0,0,0
62122,0,1,0,2,0,0,0,0,0,10,0,0
62122,1,1,11,0,0,0,0,0,11,0,0,8
62123,1,1,19,19,19,19,19,19,19,19,19,19
62123,2,1,6,0,0,0,0,0,0,15,0,0
62124,1,1,19,19,19,19,19,19,19,19,19,19
62125,0,1,0,0,0,0,0,0,0,0,0,0
62125,1,1,0,0,0,0,0,0,0,0,0,0
62126,1,1,0,0,12,0,0,0,0,0,15,0
62127,1,1,0,0,0,0,0,0,0,0,0,0
62127,2,1,0,0,0,0,0,0,0,8,0,0
62127,3,1,0,0,0,0,0,0,0,0,0,0
62127,4,1,0,0,0,0,0,0,0,0,17,0
62128,1,1,0,0,0,0,0,0,0,0,0,0
62128,2,1,13,23,12,15,0,7,18,13,15,0
62129,1,1,0,0,0,14,0,0,0,37,0,0
62129,2,1,0,0,0,0,0,0,0,0,0,0
62130,1,1,0,0,0,0,0,0,14,0,0,0
62130,2,1,0,0,0,0,0,0,0,0,0,0
62130,3,1,0,0,0,0,0,7,0,0,9,0
62130,4,1,0,0,0,0,0,0,0,0,0,0
62130,5,1,0,0,0,0,0,0,0,0,0,0
62131,1,1,20,0,22,13,6,0,8,0,22,16
62132,1,1,0,0,0,12,0,6,27,0,0,16
62132,2,1,0,0,0,0,0,0,0,0,0,0
62133,1,1,0,14,0,0,0,0,0,24,20,0
62134,1,1,37,22,4,15,7,17,0,24,0,22
62134,2,1,0,0,0,0,0,0,10,14,22,0
62135,1,1,0,0,0,0,0,0,0,0,0,0
62135,2,1,0,0,0,0,0,0,0,0,0,0
62136,0,1,0,0,0,0,0,0,0,0,0,0
62136,1,1,0,0,0,0,0,0,0,0,0,0
62137,0,1,0,0,0,0,0,0,0,0,0,0
62137,1,1,0,0,0,0,0,0,0,0,0,0
62138,1,1,9,9,9,9,9,9,9,9,9,9
62138,2,1,0,0,0,0,0,0,0,0,0,0
62139,1,1,19,0,0,0,0,0,0,0,0,0
62139,2,1,0,0,0,0,0,0,0,0,0,0
62140,1,1,4,25,9,23,12,21,2,8,34,21
62141,1,1,0,23,0,0,14,16,0,20,0,0
62142,1,1,0,0,0,0,0,0,0,0,0,0
62143,1,1,0,0,0,0,0,0,0,0,0,0
62144,1,1,0,7,0,9,20,19,0,0,0,0
62145,1,1,0,16,0,26,0,0,0,0,0,0
62145,2,1,7,0,0,0,30,0,0,8,0,0
62146,0,1,4,0,0,6,0,0,0,18,16,0
62146,1,1,0,0,0,0,0,0,0,0,0,0
62147,1,1,0,0,0,0,0,0,0,0,0,0
62148,1,1,0,0,0,0,0,0,0,0,0,0
62148,2,1,0,0,0,0,0,0,0,0,0,0
62148,3,1,0,0,27,0,0,0,0,0,0,0
62149,0,1,0,0,0,29,21,0,0,0,0,0
62149,1,1,0,0,0,0,0,0,0,0,0,0
62150,1,1,0,0,0,0,17,0,0,0,0,0
62150,2,1,0,0,0,0,0,0,0,0,0,0
62151,1,1,5,0,0,0,0,0,0,0,0,0
62151,2,1,0,0,0,0,0,0,0,13,0,0
62151,3,1,0,0,0,0,0,0,0,0,0,0
62152,0,1,8,8,8,8,8,8,8,8,8,8
62152,1,1,0,0,0,0,0,0,0,0,0,0
62153,1,1,0,0,0,0,0,0,0,0,0,0
62153,2,1,0,0,0,0,0,0,0,0,0,0
62153,3,1,0,0,0,0,0,0,0,0,0,0
62154,1,1,0,0,0,23,0,0,0,0,13,0
62155,1,1,0,0,0,0,0,33,0,12,0,0
62156,0,1,0,0,0,0,0,18,18,0,14,0
62156,1,1,19,0,30,13,18,12,5,10,12,14
62157,0,1,0,0,0,0,0,0,0,0,0,0
62157,1,1,0,0,0,0,0,0,0,0,0,0
62158,0,1,0,0,0,25,0,0,6,31,0,0
62158,1,1,0,0,0,0,0,0,0,0,17,0
62159,1,1,50,22,0,0,7,18,21,29,0,15
62159,2,1,10,8,26,9,14,23,18,22,16,17
62160,1,1,0,46,19,0,0,14,6,19,0,21
62160,2,1,0,0,0,0,0,0,0,33,0,0
62161,1,1,22,22,22,22,22,22,22,22,22,22
62162,0,1,0,0,0,0,0,0,0,0,0,0
62162,1,1,0,0,0,0,0,0,0,0,0,0
62163,0,1,0,0,0,0,0,0,0,0,0,0
62163,1,1,0,0,0,0,0,0,0,0,0,0
62164,0,1,0,0,0,0,0,0,0,18,0,0
62164,1,1,4,0,0,0,0,13,18,11,0,9
62166,0,1,10,10,10,10,10,10,10,10,10,10
62166,1,1,0,0,0,0,0,0,0,0,0,0
62167,1,1,10,13,13,7,12,0,6,7,0,18
62168,1,1,10,0,15,18,0,13,28,0,9,0
62168,2,1,0,0,0,0,0,0,0,0,0,0
62169,1,1,0,0,0,0,0,0,0,0,0,0
62169,2,1,0,0,0,0,0,0,0,0,0,0
62170,1,1,6,16,33,18,34,0,12,14,15,3
62170,2,1,0,0,0,0,0,14,0,0,0,0
62171,1,1,0,14,0,23,7,0,0,0,0,10
62172,1,1,0,0,0,0,0,0,11,0,0,9
62172,2,1,0,0,0,0,0,0,0,0,0,0
62173,0,1,0,0,20,0,10,0,12,20,0,33
62173,1,1,26,0,16,0,0,0,0,12,0,0
62174,0,1,0,14,24,0,0,0,40,12,0,0
62174,1,1,0,0,0,0,0,0,0,0,0,0
62175,1,1,0,0,0,0,0,0,0,0,0,0
62176,1,1,0,0,0,0,0,0,0,0,0,0
62176,2,1,0,0,0,0,12,0,0,0,0,0
62177,1,1,0,0,0,0,0,0,0,0,0,0
62178,1,1,17,17,17,17,17,17,17,17,17,17
62179,0,1,0,15,35,20,0,0,0,15,26,18
62179,1,1,0,0,0,0,0,0,0,0,15,3
62180,1,1,0,0,0,0,0,0,0,0,0,0
62180,2,1,21,0,0,0,0,0,8,0,0,0
62180,3,1,0,0,0,0,0,0,0,0,0,0
62181,1,1,33,19,0,11,14,15,26,17,10,24
62182,0,1,0,0,7,0,0,0,0,0,0,0
62182,1,1,0,0,0,0,0,0,0,0,0,0
62182,2,1,0,0,0,0,0,5,0,13,0,0
62183,1,1,0,0,0,0,0,0,0,0,0,0
62184,1,1,0,0,22,0,31,6,0,0,0,38
62185,1,1,0,0,0,0,0,0,0,0,0,0
62185,2,1,0,0,0,0,0,0,0,0,0,0
62186,0,1,0,0,0,0,0,0,15,16,0,0
62186,1,1,0,0,0,0,0,0,0,0,0,0
62187,0,1,0,0,18,0,0,15,13,0,0,0
62187,1,1,0,4,0,0,0,0,17,16,11,0
62188,1,1,0,0,0,0,0,0,0,0,0,0
62189,1,1,12,0,0,0,0,0,0,0,20,0
62189,2,1,0,0,0,0,0,0,0,0,0,0
62190,1,1,0,0,0,0,0,0,0,0,0,0
62190,2,1,0,0,0,15,0,0,0,0,0,0
62191,1,1,0,0,12,0,0,0,0,0,0,0
62191,2,1,0,0,0,0,0,0,0,0,0,20
62191,3,1,0,0,0,0,0,0,0,0,0,0
62191,4,1,0,0,0,0,0,0,0,0,0,0
62192,1,1,17,18,26,13,8,4,25,17,18,14
62193,1,1,0,0,0,0,0,0,0,0,0,0
62193,2,1,0,0,0,0,0,0,0,19,0,0
62194,0,1,0,0,0,0,0,0,0,0,0,0
62194,1,1,11,9,3,20,19,13,17,7,14,8
62195,0,1,0,0,0,0,0,0,22,32,0,5
62195,1,1,0,0,0,0,0,0,0,0,0,0
62196,0,1,6,18,16,12,19,11,5,24,23,12
62196,1,1,0,0,0,0,0,0,0,0,0,0
62197,1,1,12,16,11,11,9,12,8,19,9,34
62197,2,1,0,0,0,0,0,0,0,0,0,0
62197,3,1,0,0,0,0,12,0,0,0,0,0
62198,0,1,0,0,0,0,0,0,0,0,0,0
62198,1,1,0,0,0,0,0,0,7,0,0,0
62199,1,1,12,12,12,12,12,12,12,12,12,12
62199,2,1,0,0,0,0,0,0,0,0,0,0
62199,3,1,0,0,0,0,0,0,25,0,0,0
62200,1,1,0,0,0,0,0,0,0,0,0,0
62200,2,1,0,0,0,0,0,0,0,0,13,0
62200,3,1,0,0,0,0,0,0,0,0,0,0
62201,1,1,0,0,0,0,0,0,0,0,0,0
62201,2,1,0,0,0,0,0,0,0,0,22,0
62202,1,1,0,0,0,0,0,0,11,0,0,0
62202,2,1,0,0,0,13,0,0,0,0,0,0
62202,3,1,0,0,0,0,0,0,0,0,0,0
62203,1,1,21,21,21,21,21,21,21,21,21,21
62203,2,1,0,0,0,0,0,0,0,0,0,0
62204,1,1,0,0,0,21,0,0,0,0,0,0
62204,2,1,0,0,0,0,0,0,0,0,0,0
62205,1,1,16,15,0,10,14,9,0,0,0,23
62205,2,1,0,0,0,0,0,0,0,16,0,0
62205,3,1,0,0,0,0,0,0,0,0,15,0
62206,1,1,10,10,10,10,10,10,10,10,10,10
62206,2,1,0,0,0,0,0,0,0,0,0,0
62207,1,1,0,0,0,0,0,0,0,0,0,0
62207,2,1,0,0,0,12,0,0,25,0,0,0
62208,1,1,5,5,5,5,5,5,5,5,5,5
62208,2,1,0,0,0,0,0,0,0,0,0,18
62209,1,1,0,0,0,0,0,0,0,0,0,0
62209,2,1,0,0,0,0,0,0,0,0,0,0
62210,1,1,15,13,0,18,19,19,5,10,26,26
62211,1,1,8,8,8,8,8,8,8,8,8,8
62212,0,1,0,18,19,0,0,6,20,5,0,31
62212,1,1,0,0,0,0,0,15,7,0,0,0
62213,1,1,14,26,34,22,26,9,11,25,22,16
62214,1,1,0,0,0,0,0,0,0,0,0,0
62215,1,1,22,22,22,22,22,22,22,22,22,22
62215,2,1,0,0,0,0,0,0,0,0,0,0
62216,1,1,12,5,5,15,44,0,20,9,24,0
62216,2,1,0,0,0,0,0,0,0,0,0,0
62217,0,1,0,0,0,0,0,0,0,0,0,0
62217,1,1,0,0,0,0,0,0,0,0,0,0
62218,1,1,0,0,0,0,0,0,0,0,0,0
62219,1,1,19,19,17,0,25,15,19,21,20,14
62220,1,1,15,0,6,27,14,19,12,25,25,17
62221,1,1,36,18,12,18,13,24,16,21,33,10
62222,0,1,0,0,38,5,5,12,0,0,0,35
62222,1,1,0,0,0,0,0,0,0,0,0,0
62223,1,1,33,15,21,17,14,21,35,13,0,27
62224,0,1,0,0,0,0,0,0,0,0,0,0
62224,1,1,5,5,5,5,5,5,5,5,5,5
62225,1,1,0,0,0,0,0,0,0,0,0,0
62226,1,1,0,0,0,0,0,0,0,0,0,0
62226,2,1,16,13,7,12,12,15,14,8,28,13
62227,0,1,0,27,24,0,4,0,8,0,0,0
62227,1,1,0,0,0,0,0,0,0,0,0,0
62228,1,1,0,0,0,0,0,0,0,0,0,0
62229,1,1,0,0,0,0,0,0,0,0,0,0
62230,1,1,17,0,0,0,0,0,0,0,0,16
62231,1,1,0,0,0,0,0,12,0,0,0,0
62231,2,1,8,8,8,8,8,8,8,8,8,8
62231,3,1,0,0,0,0,0,0,33,0,0,0
62231,4,1,0,0,0,0,0,0,0,0,0,0
62231,5,1,0,0,0,0,0,0,15,0,0,0
62231,6,1,0,0,0,0,0,0,27,0,0,0
62231,7,1,0,15,0,0,39,0,0,0,0,0
62231,8,1,0,0,0,0,0,0,0,0,0,0
62231,9,1,0,0,0,0,0,0,0,0,0,0
62231,10,1,0,0,0,0,0,0,0,0,0,0
62231,11,1,0,25,0,0,0,0,0,0,0,0
62232,1,1,17,14,11,17,23,28,0,15,34,0
62232,2,1,0,0,0,0,0,0,0,0,0,0
62233,1,1,23,7,0,0,0,8,24,0,0,0
62233,2,1,0,0,0,0,0,0,0,0,0,0
62234,0,1,0,0,44,17,35,8,0,37,0,0
62234,1,1,0,0,0,0,0,0,0,0,0,0
62235,1,1,13,16,16,9,17,12,20,24,14,10
62235,2,1,0,0,0,0,0,0,34,0,0,0
62235,3,1,0,0,0,15,0,0,0,0,0,0
62236,1,1,0,0,0,0,0,0,0,0,0,0
62236,2,1,0,0,0,0,0,0,0,13,0,0
62237,1,1,19,12,21,20,24,0,28,26,18,13
62238,1,1,0,0,0,0,0,0,0,0,0,0
62239,1,1,0,0,0,0,0,27,17,0,23,29
62239,2,1,10,0,0,0,0,0,0,0,0,0
62240,1,1,0,3,0,0,0,20,0,0,3,9
62241,0,1,0,0,0,0,7,0,0,13,33,0
62241,1,1,0,0,21,19,0,0,0,24,7,0
62242,1,1,0,0,0,0,0,0,0,0,0,0
62243,1,1,0,0,0,0,5,0,0,0,0,0
62243,2,1,0,0,0,0,0,0,0,0,0,0
62244,0,1,0,35,0,0,0,0,0,0,0,0
62244,1,1,8,12,0,5,13,0,0,8,15,0
62245,0,1,10,10,10,10,10,10,10,10,10,10
62245,1,1,0,0,0,0,10,0,26,0,10,0
62246,1,1,0,23,19,4,0,27,0,0,32,28
62247,1,1,28,17,14,0,0,0,0,0,0,0
62248,1,1,0,0,0,0,0,0,0,0,0,0
62249,1,1,24,24,24,24,24,24,24,24,24,24
62250,1,1,18,18,18,18,18,18,18,18,18,18
62251,0,1,0,0,13,0,0,0,18,15,11,16
62251,1,1,0,0,0,0,0,0,0,0,12,0
62252,0,1,45,0,0,7,0,0,0,19,0,0
62252,1,1,5,0,0,0,0,9,0,0,23,0
62253,0,1,0,0,0,0,0,0,21,0,11,0
62253,1,1,0,0,22,0,0,0,0,0,0,0
62254,1,1,6,15,25,28,18,26,10,6,5,11
62254,2,1,0,12,6,0,21,17,16,13,27,5
62255,0,1,5,17,7,0,40,16,7,9,33,13
62255,1,1,0,0,0,0,0,15,0,0,0,0
62256,1,1,0,0,0,0,0,0,0,0,0,0
62256,2,1,0,0,0,0,0,0,0,0,0,0
62257,0,1,0,0,13,0,0,0,18,0,16,48
62257,1,1,0,0,0,6,0,0,0,0,0,0
62257,2,1,0,0,0,0,0,26,0,0,0,0
62258,1,1,0,0,0,0,0,0,0,0,0,0
62259,1,1,0,0,0,0,0,0,0,0,0,0
62260,1,1,0,0,0,0,0,0,8,14,0,0
62260,2,1,0,0,0,0,0,0,0,0,0,0
62261,1,1,0,0,0,0,0,0,0,0,0,0
62261,2,1,3,3,3,3,3,3,3,3,3,3
62262,0,1,0,0,0,0,0,25,0,0,0,0
62262,1,1,0,0,0,0,0,0,0,0,0,0
62263,0,1,0,0,0,0,0,0,0,0,0,0
62263,1,1,0,0,0,0,0,0,0,0,0,0
62264,0,1,13,0,13,0,0,0,0,27,0,48
62264,1,1,0,0,0,0,0,0,0,0,0,0
62265,0,1,0,0,0,0,1,0,0,0,29,0
62265,1,1,14,14,14,14,14,14,14,14,14,14
62266,1,1,26,26,26,26,26,26,26,26,26,26
62267,1,1,21,21,21,21,21,21,21,21,21,21
62268,1,1,17,17,17,17,17,17,17,17,17,17
62269,0,1,0,0,0,0,0,0,0,0,0,0
62269,1,1,0,0,0,0,0,0,0,0,0,0
62270,1,1,69,69,69,69,69,69,69,69,69,69
62271,0,1,0,0,0,0,0,0,0,0,0,0
62271,1,1,0,0,0,0,0,0,0,0,0,0
62272,0,1,0,0,0,0,0,0,0,0,0,0
62272,1,1,0,0,0,0,0,0,0,0,0,0
62273,0,1,0,0,0,0,0,0,35,0,0,0
62273,1,1,0,0,0,10,0,0,0,0,0,0
62274,1,1,24,24,24,24,24,24,24,24,24,24
62275,0,1,19,0,0,0,26,16,0,20,0,0
62275,1,1,0,0,0,0,0,0,0,0,0,0
62276,1,1,9,2,5,11,15,38,22,3,0,23
62276,2,1,0,0,0,0,0,0,0,0,0,0
62277,1,1,0,0,16,0,15,24,0,0,6,4
62278,0,1,0,0,0,25,0,0,27,15,20,13
62278,1,1,0,0,0,0,0,0,0,0,0,0
62279,1,1,20,0,0,19,30,0,0,0,0,8
62280,1,1,9,0,0,7,0,0,16,31,0,0
62280,2,1,0,0,0,0,0,0,0,0,0,0
62281,0,1,0,0,0,0,0,0,0,0,0,0
62281,1,1,14,0,0,26,0,13,0,0,0,0
62282,0,1,2,0,7,11,0,0,12,21,0,13
62282,1,1,11,31,11,8,12,7,13,29,22,21
62283,0,1,0,0,0,0,0,0,0,0,0,0
62283,0,2,0,0,25,0,0,0,0,0,10,14
62283,1,1,0,0,0,0,0,0,0,0,0,0
62284,1,1,0,0,0,0,0,0,0,0,0,0
62285,1,1,0,0,0,0,0,0,0,0,0,0
62285,2,1,0,0,0,0,0,0,0,0,0,0
62286,0,1,0,0,0,0,0,0,0,0,0,0
62286,1,1,0,0,0,0,0,0,0,0,0,0
62287,1,1,0,0,0,0,0,0,0,0,0,0
62287,2,1,0,0,0,0,0,0,0,0,0,0
62288,1,1,28,19,0,0,0,12,24,0,28,0
62290,0,1,7,9,40,14,22,12,0,26,21,10
62290,1,1,17,16,4,24,22,11,0,15,24,0
62291,1,1,19,13,13,0,0,0,21,18,26,13
62292,0,1,18,8,37,0,0,43,27,0,0,39
62292,1,1,0,0,0,0,0,0,0,0,0,0
62292,2,1,0,0,0,0,33,0,0,0,0,18
62293,1,1,15,15,15,15,15,15,15,15,15,15
62294,1,1,0,35,0,18,0,0,0,3,25,0
62294,2,1,0,0,0,0,0,0,0,0,0,10
62294,3,1,0,0,0,0,0,7,8,0,0,9
62295,1,1,0,0,0,0,0,0,0,0,0,0
62296,1,1,0,0,0,0,0,0,0,0,4,0
62297,0,1,2,2,2,2,2,2,2,2,2,2
62297,1,1,0,0,0,0,0,0,0,0,0,0
62298,0,1,0,0,0,0,0,0,0,0,0,6
62298,1,1,0,13,0,0,0,0,12,22,16,0
62299,1,1,30,13,18,14,9,24,25,25,19,19
62300,1,1,0,3,19,0,0,16,0,11,0,0
62300,2,1,0,0,0,0,0,0,0,0,0,0
62301,1,1,0,0,0,0,0,0,0,0,0,0
62302,0,1,0,40,0,0,0,20,0,50,0,28
62302,1,1,15,12,4,0,12,16,0,18,17,10
62303,1,1,0,0,0,0,0,0,0,0,0,0
62304,0,1,4,15,0,0,0,0,0,18,0,0
62304,1,1,0,0,0,0,0,0,0,0,0,0
62305,0,1,0,0,14,0,0,0,0,0,0,0
62305,1,1,0,0,0,0,0,0,0,0,0,0
62306,1,1,0,0,0,0,0,0,0,0,0,0
62307,1,1,0,0,0,0,0,0,0,0,0,0
62308,1,1,0,0,0,0,0,0,0,0,0,0
62308,2,1,0,0,0,0,0,0,0,0,0,0
62308,3,1,0,0,0,0,0,0,0,0,0,0
62309,1,1,0,0,0,9,0,0,0,0,0,0
62310,1,1,20,20,20,20,20,20,20,20,20,20
62310,2,1,0,0,0,0,0,0,0,0,0,0
62311,1,1,0,0,0,0,0,0,0,0,0,0
62311,2,1,0,0,0,0,0,0,0,0,0,0
62312,1,1,0,0,5,0,0,0,0,0,0,0
62313,1,1,0,0,0,0,0,0,0,0,0,0
62313,2,1,0,0,0,0,0,0,0,6,0,0
62313,3,1,0,0,0,0,0,0,0,0,0,0
62314,1,1,15,21,10,0,8,11,0,14,0,0
62314,2,1,0,0,0,0,0,0,0,0,0,0
62315,1,1,0,0,0,0,0,0,0,0,0,0
62315,2,1,0,0,0,0,0,0,0,0,0,0
62316,1,1,0,0,0,0,0,0,6,0,0,0
62316,2,1,0,0,0,0,0,0,0,0,0,0
62317,0,1,0,0,0,0,0,0,0,0,0,0
62317,1,1,0,0,0,0,0,0,0,0,0,0
62318,1,1,0,0,28,0,0,0,0,0,0,0
62318,2,1,0,0,0,0,0,0,0,0,0,0
62319,1,1,0,0,0,17,0,0,17,29,8,12
62320,1,1,0,0,20,0,0,0,0,18,0,0
62320,2,1,0,0,0,0,0,0,0,0,0,0
62321,0,1,27,27,27,27,27,27,27,27,27,27
62321,1,1,0,0,10,0,0,0,0,12,0,0
62322,0,1,0,0,18,0,0,11,13,20,10,0
62322,1,1,0,0,0,0,0,0,0,0,0,0
62323,0,1,0,17,0,0,0,0,0,0,30,0
62323,1,1,0,0,0,0,0,0,0,0,0,0
62324,0,1,35,35,35,35,35,35,35,35,35,35
62324,1,1,0,0,0,18,25,0,0,0,0,0
62325,1,1,19,21,9,18,21,12,33,15,21,15
62326,0,1,0,0,0,0,0,0,0,0,0,0
62326,1,1,0,0,0,0,0,0,0,0,0,0
62327,1,1,0,0,0,0,0,0,0,0,0,0
62328,0,1,0,28,0,0,0,21,0,0,0,21
62328,1,1,15,17,0,22,0,16,0,20,13,0
62329,0,1,15,0,5,0,0,0,13,0,0,0
62329,1,1,0,0,0,0,0,0,0,0,0,0
62330,0,1,0,0,0,0,0,0,0,21,0,0
62330,1,1,0,0,0,0,0,0,0,0,0,0
62331,0,1,0,0,0,0,0,0,0,0,0,0
62331,1,1,0,0,0,0,0,0,0,0,0,0
62332,0,1,0,0,0,0,0,0,0,0,0,0
62332,1,1,8,0,13,0,19,5,31,0,35,4
62333,1,1,0,0,0,0,0,0,0,0,0,0
62334,1,1,0,0,15,0,0,0,0,0,0,0
62334,2,1,4,0,0,0,0,0,0,0,0,0
62335,1,1,11,15,25,17,14,25,6,16,23,9
62335,2,1,0,0,0,20,0,0,0,0,0,0
62336,1,1,0,0,0,0,0,0,0,0,0,0
62336,2,1,0,0,0,0,0,0,0,0,0,0
62337,1,1,17,30,9,10,20,0,0,0,0,9
62338,1,1,0,25,0,0,0,0,0,0,0,29
62339,1,1,0,0,0,0,0,18,9,0,0,0
62339,2,1,0,0,0,0,0,0,0,0,0,0
62340,1,1,0,0,0,0,0,0,0,0,0,0
62340,2,1,0,0,0,0,0,0,0,0,0,0
62341,0,1,0,28,11,0,0,0,0,0,0,0
62341,1,1,0,0,0,0,0,0,0,0,0,0
62342,1,1,20,20,20,20,20,20,20,20,20,20
62342,2,1,0,0,0,0,0,0,0,0,0,0
62343,1,1,0,0,0,0,0,0,0,0,0,0
62343,2,1,8,0,0,0,4,17,0,0,0,0
62343,3,1,0,0,0,0,0,0,0,6,0,14
62344,1,1,14,0,0,12,6,31,0,8,7,0
62344,2,1,0,0,0,0,0,0,0,0,0,0
62345,1,1,0,0,0,26,0,11,0,0,0,0
62345,2,1,2,2,2,2,2,2,2,2,2,2
62346,0,1,0,0,15,0,0,0,0,24,0,28
62346,1,1,14,16,0,0,0,0,0,0,29,21
62347,0,1,0,0,0,0,0,0,0,0,0,0
62347,1,1,0,0,0,0,0,0,0,0,0,0
62348,0,1,0,0,0,0,0,0,0,0,0,0
62348,1,1,0,0,0,0,0,0,0,8,0,16
62349,1,1,1,1,1,1,1,1,1,1,1,1
62349,2,1,0,0,0,0,0,0,0,0,0,0
62350,1,1,15,37,0,0,0,6,20,0,0,48
62351,1,1,0,0,0,0,9,0,0,0,0,0
62351,2,1,0,0,0,0,0,13,0,33,23,0
62352,0,1,0,0,0,0,34,0,0,0,23,0
62352,1,1,12,12,12,12,12,12,12,12,12,12
62353,1,1,3,7,19,0,0,0,12,25,0,0
62354,0,1,0,0,22,11,0,0,0,29,0,20
62354,1,1,0,0,0,0,0,0,0,0,0,0
62355,1,1,0,0,0,0,23,0,16,0,9,0
62355,2,1,0,0,0,0,0,0,0,10,0,0
62355,3,1,0,0,0,0,0,0,0,0,0,0
62356,0,1,0,0,0,0,0,0,0,0,0,8
62356,1,1,0,15,0,0,0,0,0,0,17,0
62357,1,1,0,0,0,0,25,0,0,0,0,0
62357,2,1,26,0,0,0,0,0,0,0,0,0
62358,1,1,0,0,0,0,0,14,0,21,0,0
62358,2,1,0,0,0,0,0,0,0,0,0,0
62358,3,1,0,2,0,0,0,0,0,0,0,0
62359,0,1,0,0,11,0,0,0,0,0,0,0
62359,1,1,0,0,10,0,0,0,0,0,0,0
62360,0,1,0,0,0,0,0,0,0,0,0,0
62360,1,1,0,0,0,0,0,0,0,0,10,0
62361,1,1,33,13,0,14,22,0,0,0,0,0
62361,2,1,0,0,0,0,0,0,0,0,0,0
62361,3,1,0,0,0,0,0,0,0,0,0,0
62362,1,1,15,15,15,15,15,15,15,15,15,15
62362,2,1,0,0,0,0,0,0,22,0,0,0
62362,3,1,0,0,0,0,0,0,0,0,0,0
62362,4,1,19,19,19,19,19,19,19,19,19,19
62363,1,1,18,18,18,18,18,18,18,18,18,18
62363,2,1,0,0,0,0,0,14,0,0,0,0
62364,0,1,0,29,22,0,0,0,0,17,12,0
62364,1,1,0,0,0,0,0,0,0,0,0,0
62365,1,1,0,0,23,20,19,0,0,0,0,19
62366,0,1,18,18,18,18,18,18,18,18,18,18
62366,1,1,0,0,0,0,0,0,0,0,0,0
62367,1,1,0,0,6,0,0,13,0,12,0,0
62368,1,1,0,0,0,0,0,16,0,0,0,0
62369,1,1,0,0,0,0,0,0,0,0,0,0
62369,2,1,0,0,0,0,0,0,0,0,0,0
62370,1,1,0,0,0,0,0,0,0,0,0,0
62370,2,1,0,0,0,0,0,0,0,0,0,0
62371,1,1,15,15,15,15,15,15,15,15,15,15
62371,2,1,0,0,2,0,0,0,0,0,0,0
62372,0,1,0,0,24,10,0,10,0,5,31,0
62372,1,1,17,0,18,0,0,18,0,20,14,0
62372,2,1,9,27,15,0,0,0,24,0,0,0
62373,0,1,0,0,0,19,0,0,22,15,4,0
62373,1,1,17,7,2,11,10,11,6,13,37,8
62374,0,1,0,0,33,30,13,0,0,0,0,0
62374,1,1,0,0,0,0,5,0,0,0,0,0
62375,1,1,14,14,14,14,14,14,14,14,14,14
62376,1,1,0,0,0,0,0,0,0,0,0,0
62376,2,1,0,0,15,0,4,16,0,0,0,0
62377,1,1,19,19,19,19,19,19,19,19,19,19
62377,2,1,0,0,0,0,0,0,0,0,0,0
62378,1,1,0,0,0,0,0,0,0,0,0,0
62378,2,1,0,0,0,0,0,0,0,0,0,0
62379,1,1,0,0,0,0,0,0,0,0,0,0
62380,1,1,4,0,22,15,7,10,0,15,23,4
62380,2,1,0,0,0,0,0,0,0,0,0,0
62381,0,1,0,0,0,0,16,0,3,0,0,22
62381,1,1,0,0,0,8,27,14,12,11,0,0
62382,1,1,17,17,17,17,17,17,17,17,17,17
62382,2,1,14,0,0,25,0,0,0,0,0,0
62383,0,1,0,33,23,26,33,13,0,5,0,22
62383,1,1,0,0,0,0,0,0,0,0,0,0
62384,1,1,0,0,0,0,0,0,0,0,0,0
62385,1,1,23,28,20,9,31,0,15,9,0,16
62386,1,1,0,27,0,0,0,0,0,0,0,21
62386,2,1,0,0,0,0,0,0,0,0,0,0