ST_CASE,VEH_NO,PER_NO,P1,P2,P3,P4,P5,P6,P7,P8,P9,P10
62387,1,1,12,12,12,12,12,12,12,12,12,12
62387,2,1,24,0,0,14,0,0,0,0,0,0
62388,1,1,0,7,0,0,0,0,0,0,0,0
62388,2,1,0,0,0,0,0,0,0,0,0,0
62389,1,1,0,0,0,10,0,0,0,0,0,0
62389,2,1,16,20,0,0,0,0,0,0,0,0
62390,1,1,0,0,0,0,0,0,0,0,0,0
62390,2,1,0,0,0,0,0,0,0,0,8,0
62391,1,1,0,0,0,0,0,0,0,0,0,0
62391,2,1,0,0,0,0,0,0,0,0,0,0
62392,0,1,2,2,2,2,2,2,2,2,2,2
62392,1,1,0,0,0,0,23,0,0,0,7,15
62393,1,1,0,0,0,0,0,0,0,0,0,0
62394,1,1,15,21,10,9,6,17,8,17,8,14
62394,2,1,0,0,11,0,0,0,36,0,0,21
62395,0,1,0,0,0,0,0,0,0,0,0,0
62395,0,2,0,0,0,0,0,0,22,0,0,0
62395,1,1,0,0,0,0,0,0,0,0,0,0
62396,1,1,0,0,0,0,11,0,0,0,0,0
62397,1,1,16,11,14,2,18,13,14,20,20,36
62397,2,1,0,0,0,0,0,0,16,0,21,0
62399,1,1,0,0,0,0,0,0,0,0,0,0
62399,2,1,0,0,0,0,0,0,0,0,0,0
62400,1,1,0,0,0,0,0,0,26,36,11,21
62401,0,1,0,0,0,0,0,0,0,0,0,0
62401,1,1,0,0,0,0,0,0,0,15,0,0
62402,1,1,0,21,0,20,20,8,16,0,14,0
62402,2,1,0,0,0,0,0,0,0,0,0,0
62403,1,1,0,0,0,0,0,0,0,0,0,0
62404,1,1,0,0,0,0,0,0,0,0,0,0
62404,2,1,0,0,26,0,8,0,35,20,0,0
62405,1,1,0,0,0,0,0,0,0,0,0,0
62406,1,1,0,0,0,0,0,0,0,0,0,0
62407,1,1,0,0,0,0,0,0,0,0,0,0
62408,1,1,18,6,24,7,23,17,15,17,25,22
62409,0,1,0,22,15,46,25,9,3,11,15,15
62409,1,1,0,0,0,0,0,0,0,0,0,0
62410,0,1,0,0,9,22,0,0,0,0,0,0
62410,1,1,13,13,0,9,4,12,3,20,5,21
62411,1,1,0,0,0,14,0,0,0,0,0,0
62411,2,1,0,0,0,0,0,0,0,0,0,0
62412,1,1,0,0,0,0,0,0,0,0,0,0
62412,2,1,0,0,0,0,0,0,0,0,0,0
62413,0,1,0,0,0,0,0,0,0,0,0,0
62413,1,1,0,0,0,0,0,0,0,0,10,0
62414,1,1,0,0,0,0,0,0,0,0,0,0
62414,2,1,0,0,0,0,0,0,0,0,0,0
62416,1,1,7,2,32,43,8,14,6,30,14,19
62416,2,1,0,0,0,0,0,0,0,0,0,0
62417,0,1,0,0,5,0,27,0,14,0,0,0
62417,1,1,16,13,19,19,19,40,18,12,18,25
62418,1,1,12,0,22,0,6,0,0,0,0,0
62419,0,1,0,0,0,0,21,0,0,0,0,14
62419,1,1,0,0,0,21,0,0,0,0,0,0
62420,1,1,0,0,0,0,0,0,0,0,0,0
62420,2,1,0,0,0,0,0,0,0,0,0,0
62421,0,1,0,0,0,0,0,0,0,0,5,0
62421,1,1,0,0,0,0,0,0,0,0,0,0
62422,1,1,0,0,0,6,15,0,0,0,7,31
62423,1,1,0,0,0,0,18,0,0,0,0,0
62423,2,1,0,0,0,0,12,11,19,0,0,0
62424,1,1,20,16,11,9,18,22,0,24,21,0
62425,0,1,0,0,0,32,0,0,14,13,0,0
62425,1,1,0,19,0,0,0,0,0,0,0,0
62426,0,1,0,0,0,0,0,18,0,16,11,0
62426,1,1,0,7,0,16,24,15,17,0,6,0
62427,1,1,0,0,0,0,0,0,0,0,0,0
62427,2,1,0,3,0,0,0,0,0,0,0,0
62428,1,1,0,0,0,0,0,0,0,0,0,0
62428,2,1,0,0,0,0,0,0,0,0,0,0
62429,0,1,39,0,22,0,0,0,0,20,0,19
62429,0,2,0,0,0,0,0,0,0,0,0,0
62429,1,1,6,7,0,16,0,8,11,19,17,8
62430,1,1,0,0,0,0,0,0,0,0,0,0
62430,2,1,0,0,0,18,0,0,0,0,0,0
62431,0,1,0,0,0,0,0,0,0,22,0,0
62431,1,1,0,0,0,0,0,19,0,0,0,0
62432,0,1,0,0,0,0,0,0,0,0,0,0
62432,1,1,0,0,12,0,0,0,0,0,0,0
62433,1,1,0,0,0,0,0,0,0,14,0,0
62433,2,1,0,0,0,0,0,0,0,0,0,0
62434,1,1,0,17,0,16,0,0,25,0,30,0
62434,2,1,0,0,0,0,0,0,0,0,0,0
62435,1,1,0,17,0,0,0,19,0,0,0,0
62436,0,1,0,0,0,0,0,0,0,12,0,23
62436,1,1,0,0,0,0,3,0,0,0,0,0
62436,2,1,0,0,0,0,0,0,0,0,20,0
62436,3,1,19,0,0,0,0,0,0,0,0,0
62437,1,1,20,20,20,20,20,20,20,20,20,20
62438,1,1,9,9,9,9,9,9,9,9,9,9
62439,0,1,0,39,0,17,18,0,19,0,0,22
62439,1,1,0,0,0,0,0,0,0,0,0,0
62440,1,1,0,0,0,0,0,0,0,13,0,0
62441,0,1,0,0,0,0,0,0,0,0,0,0
62441,1,1,0,0,0,0,0,0,0,0,0,0
62442,0,1,0,0,30,0,0,5,0,24,0,0
62442,1,1,0,0,0,0,0,0,0,0,0,0
62443,1,1,0,0,0,0,0,0,0,0,0,0
62443,2,1,0,0,0,0,0,0,0,0,0,0
62444,0,1,41,12,0,0,19,0,0,0,29,0
62444,1,1,0,0,0,0,0,0,0,0,0,13
62444,2,1,0,0,0,0,10,0,0,0,0,0
62445,0,1,0,25,20,12,24,45,0,0,0,0
62445,1,1,16,0,0,0,0,0,0,0,0,9
62446,1,1,15,0,0,0,0,0,0,0,0,0
62446,2,1,0,0,0,0,0,0,17,0,0,0
62447,1,1,0,0,0,0,0,0,0,0,0,0
62447,2,1,0,0,0,0,0,0,0,0,0,0
62448,1,1,25,0,0,0,0,0,0,22,0,0
62449,0,1,0,0,0,36,0,3,0,0,0,0
62449,1,1,0,0,0,0,0,0,0,0,0,0
62450,0,1,0,18,16,0,0,0,0,0,0,0
62450,1,1,0,0,0,0,30,8,0,23,7,16
62451,0,1,33,8,9,40,6,27,0,30,0,0
62451,1,1,0,16,3,0,0,10,4,18,11,0
62452,1,1,0,0,0,0,0,0,0,0,0,0
62452,2,1,0,10,14,21,17,22,0,0,31,52
62452,3,1,0,0,0,0,0,0,0,0,0,0
62453,1,1,0,0,0,0,0,0,0,0,0,0
62454,1,1,29,15,7,2,21,17,6,17,20,22
62454,2,1,0,0,0,0,0,0,0,0,0,0
62455,0,1,0,0,0,0,0,25,8,15,0,0
62455,1,1,0,0,0,0,0,0,0,0,0,0
62456,1,1,0,0,0,7,0,0,0,0,0,0
62456,2,1,0,0,0,0,0,0,0,0,0,0
62457,1,1,11,13,10,9,15,16,14,8,16,17
62457,2,1,0,0,0,0,0,0,0,0,0,0
62458,1,1,0,0,0,0,0,0,0,0,0,0
62458,2,1,0,0,0,0,0,0,0,0,0,0
62459,1,1,20,18,0,13,14,13,11,17,21,21
62460,1,1,0,0,0,0,0,0,0,0,0,0
62461,0,1,0,0,0,0,32,0,23,0,0,15
62461,1,1,0,0,0,0,0,0,0,0,0,0
62462,1,1,26,26,26,26,26,26,26,26,26,26
62462,2,1,0,0,0,0,0,0,0,0,0,0
62462,3,1,0,0,0,0,0,0,0,0,0,0
62463,0,1,0,0,0,0,0,0,0,0,0,0
62463,1,1,0,0,0,0,0,0,0,0,0,4
62464,1,1,0,0,0,0,0,0,0,0,0,0
62464,2,1,0,0,0,0,0,0,11,0,0,0
62464,3,1,0,0,0,0,0,0,0,0,0,0
62465,1,1,0,0,0,0,14,0,0,0,0,0
62465,2,1,0,0,0,0,0,0,0,0,0,0
62466,1,1,0,0,0,0,0,0,0,0,0,0
62466,2,1,0,0,0,0,0,0,0,0,0,0
62467,1,1,32,9,12,0,0,12,25,21,30,22
62468,1,1,0,16,0,0,0,0,0,13,0,7
62469,0,1,17,17,17,17,17,17,17,17,17,17
62469,1,1,0,0,0,0,0,0,0,0,0,0
62470,1,1,3,17,0,37,10,4,6,8,9,0
62470,2,1,0,0,0,0,0,0,0,0,0,0
62470,4,1,11,0,0,0,0,0,0,0,0,0
62471,1,1,28,4,12,0,9,23,0,0,29,22
62471,2,1,0,0,0,0,0,0,0,0,0,0
62471,3,1,0,0,0,0,0,0,0,0,0,0
62472,1,1,16,0,0,21,17,0,11,0,0,13
62473,0,1,21,0,20,0,0,10,0,0,0,0
62473,1,1,8,0,0,3,0,11,0,3,0,0
62474,0,1,0,15,24,13,34,0,23,14,14,10
62474,1,1,9,16,0,6,24,0,0,0,0,9
62476,1,1,3,3,3,3,3,3,3,3,3,3
62477,1,1,0,23,21,0,0,0,0,0,0,21
62477,2,1,0,4,0,0,0,0,0,0,0,0
62478,0,1,0,0,0,19,0,13,45,26,0,0
62478,1,1,26,26,12,27,0,0,0,0,17,0
62479,1,1,0,0,0,0,0,0,0,0,0,0
62479,2,1,0,0,0,0,0,0,0,0,0,0
62480,1,1,36,36,36,36,36,36,36,36,36,36
62480,2,1,8,0,0,0,0,0,0,0,2,0
62481,0,1,0,0,26,0,0,0,0,11,0,16
62481,1,1,0,0,12,0,20,11,11,9,23,14
62482,1,1,21,12,0,16,12,11,6,27,14,11
62483,0,1,18,7,9,0,0,0,19,13,27,0
62483,1,1,0,0,0,0,0,0,0,0,0,0
62484,0,1,0,0,27,0,22,0,0,0,0,9
62484,1,1,0,0,0,0,0,0,0,0,0,0
62485,1,1,18,0,0,0,0,0,0,0,8,0
62485,2,1,18,0,0,0,0,0,0,0,0,0
62486,1,1,16,0,0,0,0,0,0,0,0,0
62487,1,1,0,0,0,0,30,14,0,0,0,22
62488,0,1,0,0,0,25,25,0,6,0,0,0
62488,1,1,0,0,0,0,0,0,0,0,0,0
62489,1,1,7,0,18,0,0,0,0,23,0,0
62489,2,1,0,0,0,0,0,0,23,13,0,0
62490,0,1,0,0,15,13,10,0,0,0,0,14
62490,1,1,0,0,0,0,0,0,8,0,0,0
62491,1,1,0,0,0,0,0,0,0,0,0,0
62491,2,1,9,9,9,9,9,9,9,9,9,9
62492,1,1,0,0,0,0,0,0,0,0,0,0
62492,2,1,0,0,0,0,0,0,0,0,0,0
62493,1,1,0,0,0,0,0,0,0,0,0,0
62493,2,1,0,0,0,0,0,12,0,0,0,0
62494,0,1,36,0,0,38,28,0,37,0,27,0
62494,1,1,0,0,0,0,0,0,0,0,0,0
62495,0,1,0,0,0,0,21,0,0,0,0,0
62495,1,1,0,0,0,0,0,0,0,0,0,0
62496,1,1,18,10,10,8,8,12,16,23,19,16
62496,2,1,5,0,0,0,0,0,0,0,0,0
62497,0,1,17,0,0,0,0,0,12,0,0,11
62497,1,1,6,9,10,7,0,17,7,13,0,0
62498,0,1,0,19,0,19,9,25,0,24,0,37
62498,1,1,0,0,0,0,0,0,0,0,0,0
62499,0,1,0,0,0,0,0,0,0,0,21,0
62499,1,1,11,11,11,11,11,11,11,11,11,11
62500,1,1,0,15,0,0,19,12,0,31,5,0
62500,2,1,0,19,0,0,0,0,0,0,0,0
62501,1,1,0,0,0,0,0,0,0,0,0,6
62501,2,1,0,0,0,0,0,0,0,0,0,0
62502,0,1,0,0,0,0,0,29,6,0,31,37
62502,1,1,0,0,0,2,0,0,0,0,0,0
62503,1,1,0,0,11,0,17,0,15,0,8,15
62503,3,1,0,0,0,0,0,0,0,0,0,0
62504,0,1,0,33,0,0,17,0,0,0,0,0
62504,1,1,20,0,13,8,16,0,0,17,3,19
62505,0,1,0,0,8,0,0,0,0,0,0,0
62505,1,1,0,0,0,0,0,0,0,0,0,0
62506,1,1,0,0,0,0,0,0,0,0,0,0
62506,2,1,0,0,0,0,0,0,0,0,0,0
62507,0,1,0,0,0,0,0,0,0,0,0,0
62507,1,1,0,0,0,0,0,0,0,0,0,0
62508,0,1,14,14,14,14,14,14,14,14,14,14
62508,1,1,0,0,0,0,0,0,0,0,0,0
62509,1,1,11,19,16,39,29,16,11,24,11,35
62510,1,1,10,8,0,11,0,20,15,13,0,0
62511,1,1,14,14,14,14,14,14,14,14,14,14
62512,0,1,0,0,0,0,0,0,0,0,0,0
62512,1,1,18,13,19,9,11,26,13,23,15,11
62513,0,1,23,23,23,23,23,23,23,23,23,23
62513,1,1,0,0,0,0,0,0,0,0,21,0
62514,1,1,0,0,0,0,0,0,0,0,0,0
62514,2,1,0,0,0,0,0,0,0,0,0,0
62515,1,1,0,0,0,0,0,10,0,0,0,0
62515,2,1,7,7,7,7,7,7,7,7,7,7
62516,0,1,0,0,0,0,0,0,0,0,0,0
62516,1,1,8,4,9,0,4,16,11,8,0,28
62517,0,1,0,0,0,0,0,0,0,0,0,0
62517,1,1,0,21,0,11,11,0,0,14,0,10
62518,1,1,0,29,0,23,27,15,0,0,0,0
62518,2,1,0,0,0,0,0,0,0,0,0,0
62519,1,1,0,0,0,0,0,0,9,0,0,0
62520,1,1,0,0,0,0,0,0,0,0,0,0
62521,1,1,18,18,18,18,18,18,18,18,18,18
62522,0,1,0,0,0,0,0,37,0,0,36,0
62522,1,1,0,0,25,0,0,0,0,0,0,0
62523,1,1,33,33,33,33,33,33,33,33,33,33
62524,0,1,0,0,0,0,0,0,0,0,0,0
62524,1,1,0,0,0,8,0,17,15,0,0,6
62525,0,1,18,0,0,0,0,0,0,0,0,0
62525,1,1,7,0,5,6,5,8,0,0,0,21
62526,0,1,0,0,0,0,0,0,0,0,0,0
62526,1,1,0,0,0,0,0,0,0,0,0,0
62527,1,1,0,0,0,0,0,0,0,0,0,0
62527,2,1,0,0,0,33,0,0,0,0,0,0
62528,1,1,0,0,0,0,0,0,0,0,0,0
62529,1,1,0,0,0,0,0,5,19,34,23,0
62529,2,1,0,0,0,0,0,0,0,0,0,0
62531,0,1,0,0,0,0,0,0,0,0,0,0
62531,1,1,0,0,0,0,0,25,0,0,0,0
62532,0,1,0,0,0,0,0,0,0,14,0,0
62532,1,1,3,0,0,0,0,0,0,10,0,0
62533,1,1,0,0,0,0,0,0,0,0,0,0
62533,2,1,0,0,0,0,0,16,0,0,0,0
62533,3,1,0,0,0,0,0,0,0,0,0,0
62534,1,1,4,4,4,4,4,4,4,4,4,4
62535,1,1,0,0,0,0,0,16,0,0,0,0
62535,2,1,0,0,0,0,0,0,0,0,0,0
62535,3,1,0,0,0,0,0,0,0,0,0,0
62536,0,1,0,0,0,0,0,0,0,0,0,0
62536,0,2,0,0,0,0,0,0,0,0,0,0
62536,1,1,0,0,30,0,0,0,0,0,17,0
62536,4,1,0,0,0,0,27,0,0,0,0,0
62537,1,1,4,0,14,17,11,0,0,11,8,10
62538,1,1,0,0,0,0,0,0,0,0,0,0
62539,0,1,0,0,0,0,0,0,0,0,0,0
62539,1,1,0,12,12,8,0,12,0,9,0,15
62540,1,1,10,13,42,24,19,0,0,15,10,12
62541,1,1,0,0,0,15,0,0,0,0,0,5
62541,2,1,0,0,0,0,0,0,0,0,0,0
62542,1,1,15,13,10,0,0,11,16,0,0,0
62543,0,1,0,0,0,0,0,0,0,0,0,0
62543,1,1,0,0,0,0,0,0,0,0,0,0
62544,0,1,11,11,11,11,11,11,11,11,11,11
62544,1,1,0,0,0,0,0,0,0,0,0,0
62545,0,1,0,0,0,11,0,25,22,0,0,0
62545,0,2,5,0,0,0,0,0,0,0,20,0
62545,1,1,14,16,16,10,20,0,16,11,10,17
62546,1,1,19,19,19,19,19,19,19,19,19,19
62547,1,1,24,24,24,24,24,24,24,24,24,24
62548,1,1,26,7,25,4,19,19,3,2,15,12
62548,2,1,0,0,0,0,0,0,0,0,0,0
62549,0,1,0,0,0,0,0,0,0,0,0,0
62549,1,1,0,0,0,0,0,0,0,0,0,0
62550,1,1,0,0,0,0,0,0,0,0,0,0
62550,2,1,0,0,0,0,0,0,0,0,0,0
62551,1,1,5,5,5,5,5,5,5,5,5,5
62552,1,1,0,0,8,0,0,0,0,0,0,0
62552,2,1,0,0,0,0,0,0,0,0,0,0
62553,1,1,20,0,18,33,0,24,0,22,0,0
62553,2,1,0,12,0,0,14,0,0,0,13,5
62553,3,1,0,0,7,0,0,8,0,23,0,5
62554,0,1,0,0,0,0,0,0,0,0,0,0
62554,1,1,0,0,0,0,0,0,0,0,0,0
62555,0,1,0,13,19,28,18,8,14,0,0,0
62555,1,1,0,0,0,0,0,0,0,0,0,0
62556,1,1,0,0,0,0,0,0,0,0,0,0
62556,2,1,0,0,0,0,0,0,0,0,0,0
62557,0,1,0,19,0,18,0,0,13,30,24,0
62557,1,1,16,10,18,17,7,22,10,32,21,21
62558,1,1,0,0,0,13,0,0,0,0,0,0
62558,2,1,0,0,0,0,0,0,0,0,0,0
62559,0,1,0,21,0,23,0,0,25,0,0,0
62559,1,1,0,0,0,0,0,0,0,0,0,0
62560,1,1,0,0,0,0,0,0,0,0,0,0
62560,2,1,0,0,0,0,0,0,0,0,0,0
62561,0,1,0,0,0,17,0,34,20,39,20,0
62561,1,1,0,0,0,0,13,0,0,0,0,0
62562,1,1,0,0,0,0,0,0,0,0,0,0
62562,2,1,0,0,0,0,0,0,0,0,0,0
62563,0,1,0,0,0,0,0,0,7,0,0,0
62563,1,1,0,0,0,0,0,0,0,0,0,0
62564,1,1,0,7,0,0,0,21,19,0,22,14
62565,1,1,13,0,0,0,0,13,0,0,8,0
62566,0,1,5,16,0,22,0,0,0,0,0,0
62566,1,1,12,4,0,11,0,22,8,0,6,14
62567,1,1,32,4,5,0,30,18,0,12,21,8
62567,2,1,0,0,0,0,0,0,0,0,0,0
62568,1,1,0,0,0,24,0,0,22,0,0,0
62568,2,1,0,0,0,0,4,0,0,0,0,0
62569,1,1,0,0,0,28,0,0,0,0,0,0
62570,0,1,0,0,0,0,0,0,0,3,27,37
62570,1,1,0,0,0,0,0,0,0,0,0,0
62570,2,1,0,0,0,0,0,0,0,0,0,0
62571,1,1,0,0,0,0,0,0,0,0,0,0
62572,1,1,0,0,30,0,0,0,0,0,0,0
62573,0,1,32,5,30,42,24,25,17,15,43,16
62573,1,1,0,0,0,0,0,6,0,0,0,0
62574,1,1,17,16,8,19,18,24,24,17,2,11
62574,2,1,0,0,0,0,0,0,0,0,0,0
62575,1,1,0,0,0,0,0,0,0,0,0,0
62575,2,1,4,4,4,4,4,4,4,4,4,4
62576,1,1,0,0,0,0,0,0,0,0,0,0
62576,2,1,0,0,0,0,0,0,0,0,0,0
62576,3,1,0,0,0,0,0,0,0,0,0,0
62577,0,1,0,16,0,0,0,0,0,34,0,0
62577,1,1,0,0,0,0,0,0,0,0,0,0
62578,1,1,21,0,0,0,0,0,16,0,0,0
62579,1,1,25,16,3,8,36,7,0,0,28,19
62579,2,1,0,0,0,0,0,0,0,0,0,0
62580,1,1,0,0,0,0,0,0,0,0,0,0
62581,1,1,26,26,26,26,26,26,26,26,26,26
62581,2,1,5,0,0,0,0,0,0,0,0,0
62582,0,1,0,0,0,0,0,0,0,0,0,0
62582,1,1,0,10,0,0,0,0,0,0,0,0
62583,0,1,13,0,14,0,0,0,0,0,34,24
62583,1,1,15,0,0,0,0,0,0,0,0,0
62583,2,1,0,0,0,0,0,0,0,0,0,0
62584,0,1,0,0,0,0,0,0,0,0,0,0
62584,1,1,0,0,0,0,0,0,0,0,0,0
62585,1,1,0,0,0,0,0,0,0,0,0,0
62586,0,1,10,33,0,38,0,0,0,0,0,0
62586,1,1,0,0,0,15,0,0,0,8,0,0
62586,2,1,0,0,0,10,6,0,0,0,0,37
62587,2,1,19,19,19,19,19,19,19,19,19,19
62588,0,1,0,0,0,22,0,0,19,34,0,0
62588,1,1,0,0,0,0,0,0,0,0,0,0
62589,1,1,0,0,0,0,0,0,0,0,0,0
62589,2,1,0,0,0,0,0,0,0,0,0,0
62589,3,1,0,0,0,0,0,0,0,0,0,0
62589,4,1,0,0,0,0,0,0,0,0,0,0
62590,1,1,9,9,9,9,9,9,9,9,9,9
62590,2,1,0,0,0,0,0,0,0,0,13,0
62591,0,1,0,0,0,0,0,0,0,0,0,0
62591,1,1,11,0,17,8,0,12,0,0,9,0
62592,0,1,0,0,21,0,21,0,19,0,0,0
62592,1,1,0,0,0,0,0,0,0,0,0,0
62593,1,1,0,0,0,0,0,0,0,0,0,0
62593,2,1,0,0,0,0,0,0,0,0,0,0
62594,0,1,0,0,0,0,0,0,0,0,0,0
62594,1,1,0,0,0,0,0,0,0,0,0,0
62595,1,1,0,0,0,0,0,0,0,0,0,0
62595,2,1,0,0,0,0,0,0,0,0,0,0
62596,1,1,9,0,0,0,0,0,0,0,16,0
62596,2,1,0,0,0,0,0,0,0,0,0,0
62596,3,1,11,0,0,0,0,0,0,0,0,0
62596,4,1,0,0,0,0,0,0,0,0,0,0
62597,1,1,0,0,0,0,0,0,0,0,0,0
62598,0,1,0,0,0,0,0,0,0,0,0,0
62598,1,1,0,0,0,0,0,0,0,0,0,0
62599,1,1,0,0,0,22,0,0,0,0,0,0
62599,2,1,0,19,0,0,0,0,0,14,0,0
62599,3,1,0,0,0,0,0,0,0,0,0,0
62600,1,1,9,9,0,0,0,0,0,0,0,12
62600,2,1,0,0,0,0,0,35,0,19,17,0
62600,3,1,0,0,0,0,0,0,0,10,0,16
62600,4,1,0,0,0,0,0,0,0,0,0,0
62601,0,1,0,30,0,27,0,0,31,18,0,8
62601,1,1,0,0,0,0,0,0,0,0,0,0
62602,0,1,0,38,0,0,21,0,0,44,19,0
62602,1,1,22,0,0,0,0,18,11,0,0,23
62603,1,1,0,0,4,0,6,11,22,17,11,0
62604,1,1,0,12,16,7,31,19,0,8,0,8
62605,1,1,0,0,0,0,0,0,0,0,0,0
62606,1,1,0,0,0,0,0,0,29,0,0,0
62606,2,1,0,0,0,0,0,16,0,0,0,0
62606,3,1,0,0,0,0,0,0,0,0,0,0
62607,1,1,0,21,22,7,10,0,10,0,23,12
62608,1,1,17,17,17,17,17,17,17,17,17,17
62608,2,1,0,0,0,0,0,0,0,0,0,0
62609,1,1,10,10,21,7,23,22,23,14,28,15
62609,2,1,5,0,19,4,0,0,3,0,5,0
62609,3,1,0,0,0,0,0,0,0,0,0,0
62609,4,1,0,0,0,0,0,0,0,0,0,0
62610,1,1,0,10,14,15,21,21,22,15,0,29
62610,2,1,0,0,0,0,0,0,0,0,0,0
62611,1,1,0,18,23,32,22,21,19,28,11,30
62612,0,1,0,0,0,0,0,0,0,0,0,0
62612,1,1,0,0,0,0,0,0,0,0,0,0
62613,0,1,0,30,21,0,14,0,0,0,7,0
62613,1,1,0,0,0,7,0,0,0,0,15,0
62614,1,1,20,0,13,0,12,12,11,9,15,26
62615,0,1,0,0,0,0,28,15,0,0,0,18
62615,1,1,0,15,0,0,0,0,0,0,0,19
62616,1,1,0,0,0,0,0,0,0,16,0,33
62617,0,1,0,18,0,0,0,11,12,16,0,0
62617,1,1,0,0,0,0,0,0,0,0,0,0
62618,1,1,14,25,0,22,0,8,5,0,0,25
62619,0,1,19,19,19,0,0,0,24,0,0,0
62619,1,1,0,0,0,0,0,0,0,0,0,0
62620,0,1,0,0,0,0,21,0,20,28,33,25
62620,1,1,0,0,0,0,0,0,0,0,22,0
62621,0,1,0,0,0,0,0,37,0,0,0,0
62621,1,1,0,0,0,0,0,0,0,0,0,0
62622,1,1,0,0,0,0,0,0,13,4,0,0
62622,2,1,0,0,0,0,0,0,0,0,0,0
62623,0,1,26,26,26,26,26,26,26,26,26,26
62623,1,1,0,0,0,0,0,0,0,0,0,0
62624,1,1,19,19,19,19,19,19,19,19,19,19
62625,0,1,0,0,0,24,19,27,27,23,0,11
62625,1,1,0,23,0,0,0,0,0,0,0,0
62626,1,1,29,29,29,29,29,29,29,29,29,29
62627,0,1,18,18,18,18,18,18,18,18,18,18
62627,1,1,0,9,0,0,0,0,0,0,15,0
62628,1,1,0,0,0,0,0,0,0,0,0,0
62628,2,1,0,0,0,0,0,0,0,0,0,0
62629,0,1,0,0,0,15,0,0,0,0,0,2
62629,1,1,0,0,0,0,0,0,0,0,0,0
62630,1,1,1,1,1,1,1,1,1,1,1,1
62630,2,1,0,0,0,0,5,13,17,0,0,0
62631,0,1,0,0,0,0,0,30,0,0,0,21
62631,1,1,0,0,0,0,0,0,0,0,0,0
62632,0,1,0,0,0,0,0,0,0,0,31,15
62632,1,1,0,0,0,0,0,0,0,0,0,0
62633,1,1,9,18,21,0,0,18,0,16,0,0
62634,1,1,0,0,0,0,20,17,0,0,0,0
62635,1,1,0,0,3,14,0,17,4,0,7,15
62636,0,1,0,0,8,0,19,0,0,0,0,0
62636,1,1,0,5,0,28,6,7,0,6,0,0
62637,1,1,0,0,11,0,0,0,0,0,0,0
62637,2,1,0,0,0,0,0,0,0,0,0,0
62638,1,1,12,10,7,0,0,27,0,0,0,10
62638,2,1,0,0,0,0,0,0,0,0,0,0
62639,1,1,0,0,12,20,12,0,0,23,0,19
62639,2,1,0,0,0,0,0,0,0,0,0,0
62640,0,1,0,22,0,0,26,0,0,0,27,0
62640,1,1,15,13,0,9,0,7,0,3,21,0
62641,1,1,0,0,0,0,0,0,0,25,0,0
62642,0,1,0,0,25,0,0,0,37,0,0,0
62642,1,1,0,0,0,0,0,8,0,0,0,12
62643,0,1,0,41,0,0,9,0,0,0,0,0
62643,1,1,19,11,27,0,14,11,18,6,13,19
62644,1,1,12,12,12,12,12,12,12,12,12,12
62644,2,1,0,0,0,0,0,15,0,0,0,0
62645,1,1,0,19,0,0,0,0,0,0,0,0
62645,2,1,0,0,0,0,0,0,0,0,0,0
62646,1,1,23,23,23,23,23,23,23,23,23,23
62646,2,1,0,0,0,0,0,0,0,0,0,0
62647,1,1,8,8,8,8,8,8,8,8,8,8
62648,1,1,0,0,0,0,0,0,0,0,0,0
62649,1,1,13,13,13,13,13,13,13,13,13,13
62650,1,1,0,0,0,0,0,0,0,0,0,0
62650,2,1,0,0,0,0,0,0,0,0,0,0
62651,1,1,8,1,3,0,0,0,0,7,0,3
62651,2,1,0,0,0,0,0,0,0,0,0,0
62652,1,1,0,0,0,0,0,0,0,0,0,0
62652,2,1,0,0,0,0,0,0,0,43,0,5
62652,3,1,0,0,0,0,0,0,0,0,0,0
62653,1,1,0,29,23,0,0,22,0,0,0,0
62654,1,1,0,34,0,0,15,26,0,0,11,19
62655,0,1,0,0,0,0,0,0,0,0,0,0
62655,1,1,15,0,0,0,21,0,8,14,8,9
62656,0,1,0,0,0,0,0,0,15,0,20,0
62656,1,1,16,0,0,0,24,0,0,0,0,30
62657,0,1,28,19,0,0,0,0,0,0,28,10
62657,1,1,0,23,0,9,45,10,0,3,13,14
62658,0,1,42,42,42,42,42,42,42,42,42,42
62658,1,1,11,11,11,11,11,11,11,11,11,11
62659,1,1,19,19,19,19,19,19,19,19,19,19
62659,2,1,0,0,0,0,0,0,0,0,0,0
62660,0,1,20,0,0,0,17,27,0,51,0,8
62660,1,1,0,0,15,9,22,0,16,0,0,6
62661,1,1,0,0,0,0,0,0,0,0,0,4
62661,2,1,0,0,0,0,0,0,0,0,0,0
62662,1,1,4,4,4,4,4,4,4,4,4,4
62662,2,1,0,0,0,0,0,0,0,0,0,0
62662,3,1,0,0,0,0,6,0,0,0,14,0
62663,1,1,7,7,7,7,7,7,7,7,7,7
62663,2,1,0,20,0,0,0,29,0,0,15,0
62664,0,1,25,0,0,5,0,0,0,0,0,10
62664,1,1,0,0,0,0,0,0,0,0,0,0
62665,1,1,21,0,0,0,0,0,15,0,0,0
62665,2,1,0,0,0,0,0,0,0,0,0,0
62666,0,1,23,23,23,23,23,23,23,23,23,23
62666,1,1,0,0,0,0,0,0,0,0,0,0
62667,0,1,0,0,0,0,0,0,0,0,0,0
62667,1,1,30,0,0,0,38,0,0,0,28,0
62668,1,1,0,0,0,0,0,0,0,0,0,0
62669,0,1,0,0,0,0,0,9,21,0,0,22
62669,1,1,13,13,13,13,13,13,13,13,13,13
62670,1,1,30,0,15,16,6,24,12,15,30,9
62670,2,1,0,0,0,0,0,0,0,0,0,0
62670,3,1,13,12,7,15,0,5,14,8,0,22
62671,0,1,0,0,0,0,0,0,0,0,0,0
62671,1,1,0,0,7,0,0,0,0,0,0,0
62672,1,1,0,0,0,0,0,0,0,0,0,0
62672,2,1,0,0,0,0,0,0,0,0,0,0
62673,0,1,0,0,0,0,0,0,0,14,0,0
62673,1,1,11,0,7,13,0,5,4,5,19,18
62674,0,1,0,0,0,0,0,26,24,0,0,0