ST_CASE,VEH_NO,PER_NO,P1,P2,P3,P4,P5,P6,P7,P8,P9,P10
62674,1,1,0,28,0,0,0,0,12,8,0,7
62675,1,1,22,0,0,0,20,0,0,0,0,3
62676,0,1,0,0,0,0,0,0,20,0,17,0
62676,1,1,19,19,19,19,19,19,19,19,19,19
62677,0,1,0,0,9,0,0,0,4,0,0,0
62677,1,1,0,0,0,0,0,0,0,0,0,0
62678,1,1,44,44,44,44,44,44,44,44,44,44
62678,2,1,0,0,0,0,0,0,0,0,0,0
62679,1,1,30,25,0,23,6,0,34,13,21,34
62680,0,1,11,36,0,0,0,0,0,0,0,0
62680,1,1,0,0,26,0,0,0,0,0,0,0
62681,1,1,5,5,5,5,5,5,5,5,5,5
62682,0,1,33,33,33,33,33,33,33,33,33,33
62682,1,1,6,0,6,0,0,0,6,0,13,12
62683,1,1,0,0,0,0,0,0,0,0,0,0
62683,2,1,0,17,0,0,23,0,0,0,14,0
62684,1,1,0,0,0,0,0,0,0,0,0,0
62684,2,1,0,0,0,0,0,0,0,0,0,0
62685,1,1,0,0,0,0,0,0,0,0,0,0
62685,2,1,0,4,6,0,0,0,0,0,0,0
62687,1,1,0,0,0,0,0,0,0,0,0,0
62687,2,1,0,0,0,0,0,0,27,0,0,0
62688,1,1,0,0,0,0,0,0,0,0,0,0
62689,0,1,19,36,0,0,0,0,0,0,0,0
62689,1,1,0,27,0,0,0,0,0,0,10,0
62690,1,1,15,15,15,15,15,15,15,15,15,15
62691,1,1,0,0,0,0,0,0,0,15,0,0
62692,1,1,0,0,0,0,0,0,30,0,0,0
62692,2,1,0,15,0,0,0,0,25,0,0,0
62693,0,1,0,0,0,0,0,0,0,16,0,0
62693,1,1,0,0,0,0,0,0,0,0,0,0
62694,1,1,23,23,23,23,23,23,23,23,23,23
62694,2,1,0,0,0,0,0,0,0,0,0,0
62694,3,1,0,0,0,0,0,0,0,0,0,0
62694,4,1,0,0,0,0,23,0,0,0,0,21
62695,1,1,0,0,0,0,0,0,0,0,0,0
62695,2,1,0,0,0,0,0,0,0,0,0,0
62696,1,1,0,0,0,0,0,0,0,0,0,0
62696,2,1,0,0,0,0,0,0,0,0,0,0
62697,1,1,0,0,0,21,0,16,0,0,0,0
62698,1,1,0,0,0,0,0,0,0,0,0,0
62699,1,1,0,0,0,0,0,0,0,0,0,0
62700,1,1,0,0,15,0,0,0,0,15,0,37
62700,2,1,0,0,0,0,0,0,0,0,0,0
62701,1,1,0,0,0,0,0,0,0,0,0,0
62702,1,1,0,0,0,0,0,0,0,0,0,0
62702,2,1,0,0,0,0,0,0,0,0,0,0
62703,1,1,8,0,0,9,0,23,0,0,29,12
62704,0,1,0,0,7,0,35,23,0,3,0,0
62704,1,1,0,13,0,0,0,0,0,19,0,0
62705,1,1,0,0,0,0,0,0,0,0,0,0
62705,2,1,3,0,0,0,0,0,0,0,0,0
62706,0,1,0,0,0,0,0,0,0,0,0,0
62706,1,1,0,0,0,0,0,0,0,10,0,4
62706,2,1,0,0,0,0,0,0,0,0,0,0
62707,0,1,0,5,0,0,0,0,20,0,29,0
62707,1,1,0,0,0,0,0,0,0,0,0,0
62708,1,1,22,22,22,22,22,22,22,22,22,22
62709,1,1,0,0,0,0,0,0,0,0,0,0
62709,2,1,0,0,0,0,0,0,0,0,0,0
62710,1,1,12,27,28,14,13,42,22,0,14,9
62710,2,1,0,0,0,0,0,0,0,0,0,0
62711,1,1,28,0,11,25,23,0,9,13,10,16
62711,2,1,0,22,0,0,0,0,6,0,0,0
62712,0,1,27,0,38,0,23,24,0,0,0,0
62712,1,1,0,0,0,0,0,0,0,0,0,0
62713,1,1,0,0,0,0,23,0,0,9,0,0
62714,0,1,0,0,42,18,0,0,0,0,0,0
62714,1,1,0,0,0,0,0,0,0,0,0,0
62715,1,1,23,23,23,23,23,23,23,23,23,23
62716,1,1,0,0,0,0,0,0,0,0,0,0
62717,1,1,0,0,0,0,0,0,0,0,0,0
62717,2,1,2,0,0,0,0,0,0,0,0,0
62718,1,1,0,0,0,0,0,0,0,0,0,0
62719,1,1,0,0,0,0,0,13,0,0,0,0
62719,2,1,0,0,0,0,0,22,0,0,14,0
62719,3,1,0,0,0,0,0,0,0,0,0,0
62719,4,1,0,0,0,13,0,0,0,0,0,0
62720,1,1,0,0,0,0,0,0,0,0,0,14
62721,1,1,11,11,11,11,11,11,11,11,11,11
62722,1,1,0,18,0,4,0,0,0,0,0,0
62722,2,1,0,0,0,0,0,0,0,0,0,0
62723,0,1,18,5,0,0,0,0,0,0,18,16
62723,1,1,0,6,0,0,0,0,0,0,0,0
62724,1,1,0,0,0,0,21,0,0,0,0,0
62724,2,1,0,0,0,0,0,0,0,0,0,0
62725,0,1,0,0,0,0,0,14,18,0,0,8
62725,1,1,16,19,0,0,13,0,0,9,0,0
62726,1,1,14,0,0,16,0,0,0,0,0,0
62727,0,1,0,0,0,0,34,0,0,14,0,0
62727,1,1,0,0,0,0,0,0,0,0,0,0
62727,2,1,0,0,0,0,0,0,0,0,0,0
62728,0,1,0,0,0,0,0,0,0,0,25,0
62728,0,2,0,0,0,0,17,0,0,0,50,0
62728,1,1,23,0,0,0,0,0,0,0,0,0
62728,2,1,14,0,0,21,0,0,0,0,0,0
62729,0,1,12,0,0,0,6,0,0,21,17,27
62729,1,1,13,13,13,13,13,13,13,13,13,13
62730,1,1,0,0,0,0,0,0,0,0,0,0
62731,1,1,18,18,18,18,18,18,18,18,18,18
62731,2,1,22,0,0,10,22,0,23,8,0,14
62732,0,1,0,0,0,0,0,0,0,0,0,0
62732,1,1,0,0,0,0,0,0,21,34,16,0
62733,0,1,0,0,34,0,0,0,12,0,0,33
62733,1,1,0,0,0,0,0,26,0,0,0,0
62734,0,1,0,30,43,0,0,0,16,0,0,0
62734,1,1,0,0,5,12,0,0,16,0,0,0
62735,1,1,9,23,19,10,22,2,0,10,0,25
62735,2,1,0,0,0,0,0,0,0,0,0,0
62736,0,1,0,0,0,0,0,0,0,0,0,0
62736,1,1,15,0,21,0,18,18,19,27,15,13
62736,2,1,0,0,0,0,0,0,0,0,0,0
62737,1,1,21,21,21,21,21,21,21,21,21,21
62737,2,1,0,18,0,8,0,0,0,0,19,0
62738,0,1,0,0,31,0,0,0,18,0,14,0
62738,0,2,0,0,0,0,0,7,35,0,0,24
62738,1,1,16,16,16,16,16,16,16,16,16,16
62739,1,1,38,38,38,38,38,38,38,38,38,38
62740,1,1,0,0,0,20,0,0,0,20,0,0
62740,2,1,0,0,0,0,0,0,0,0,0,0
62741,0,1,0,17,29,0,0,0,0,28,0,0
62741,1,1,0,0,0,0,0,0,0,0,25,0
62742,1,1,0,0,0,0,0,0,0,0,0,0
62742,2,1,0,0,0,0,0,26,0,0,0,0
62743,0,1,0,0,0,0,0,0,0,0,0,0
62744,0,1,0,30,11,0,33,0,0,0,0,0
62745,0,1,0,0,0,0,0,0,0,0,0,0
62745,1,1,0,0,0,0,0,0,0,0,0,0
62746,1,1,11,0,0,0,0,0,0,8,0,0
62746,2,1,0,0,0,0,0,6,0,0,0,0
62746,3,1,0,0,0,0,0,0,0,0,0,0
62746,4,1,0,0,0,21,0,0,0,0,0,0
62747,0,1,0,0,0,0,0,0,0,0,0,0
62747,1,1,0,0,0,0,0,0,0,0,0,0
62748,1,1,10,10,10,10,10,10,10,10,10,10
62749,1,1,8,16,6,17,21,16,25,19,4,13
62749,2,1,7,0,0,0,0,0,0,0,0,7
62749,3,1,0,0,0,0,9,0,0,0,0,0
62749,4,1,0,15,0,0,0,0,0,0,0,0
62749,5,1,0,0,0,0,0,0,0,0,0,0
62750,0,1,0,0,0,0,19,22,0,0,0,0
62750,1,1,29,29,29,29,29,29,29,29,29,29
62751,1,1,0,0,0,0,0,0,0,0,0,0
62751,2,1,0,0,0,0,0,0,0,0,0,0
62752,1,1,0,0,0,0,0,0,0,0,0,0
62752,2,1,7,6,0,0,0,0,22,0,0,0
62753,0,1,5,0,0,0,0,0,8,0,15,0
62753,1,1,0,18,0,0,0,0,0,0,0,14
62754,1,1,0,0,0,0,0,0,0,0,0,0
62754,2,1,0,0,0,0,0,0,0,0,0,0
62755,0,1,0,0,0,0,0,0,0,0,0,0
62755,1,1,0,0,0,0,0,0,0,0,0,0
62756,1,1,0,0,0,0,10,0,0,0,15,0
62756,2,1,27,0,0,0,26,16,20,21,0,15
62757,1,1,26,26,26,26,26,26,26,26,26,26
62757,2,1,0,0,0,0,0,0,0,0,0,0
62758,0,1,35,13,29,0,15,15,20,2,19,0
62758,1,1,0,0,0,0,0,0,0,0,0,0
62758,2,1,0,0,0,0,0,0,0,0,0,0
62759,1,1,0,0,0,0,0,0,0,0,0,0
62759,2,1,10,0,0,0,0,11,0,0,0,0
62760,1,1,17,17,17,17,17,17,17,17,17,17
62760,2,1,0,0,0,0,0,0,0,0,0,0
62761,1,1,0,0,0,0,0,0,0,0,0,0
62761,2,1,0,0,0,0,0,0,0,0,0,0
62762,1,1,0,0,0,0,0,0,0,0,0,0
62762,2,1,0,0,0,0,0,0,0,0,0,0
62762,3,1,0,0,0,0,0,0,0,0,0,0
62762,4,1,0,0,0,0,0,0,0,0,0,18
62763,1,1,0,0,0,0,0,0,0,0,0,0
62763,2,1,5,5,5,5,5,5,5,5,5,5
62764,1,1,0,0,0,0,0,0,0,0,0,0
62764,2,1,0,0,0,0,0,0,0,0,0,0
62765,0,1,0,20,9,6,26,0,20,0,15,23
62765,1,1,0,0,0,0,0,0,0,0,0,0
62766,1,1,2,2,2,2,2,2,2,2,2,2
62767,0,1,0,0,0,0,0,0,0,0,0,0
62767,1,1,0,0,0,0,0,0,0,0,0,0
62768,1,1,0,0,0,0,0,0,0,0,0,0
62768,2,1,0,0,0,0,0,0,0,0,0,0
62769,0,1,0,0,0,0,0,0,0,0,0,0
62769,1,1,8,10,0,0,19,15,26,17,17,15
62770,0,1,0,0,0,0,0,0,0,0,0,0
62770,1,1,8,10,0,22,0,14,0,7,0,16
62771,1,1,0,0,0,0,0,0,0,0,0,0
62771,2,1,0,0,0,0,0,0,0,0,0,0
62772,1,1,0,0,0,0,0,0,0,0,0,0
62772,2,1,0,0,0,0,0,0,0,4,0,6
62773,1,1,22,0,14,0,0,0,0,9,0,0
62774,1,1,0,0,0,0,0,0,0,0,0,0
62774,2,1,0,0,0,0,0,0,0,0,0,0
62775,1,1,0,0,0,0,0,25,0,0,13,0
62775,2,1,0,0,0,0,0,0,0,0,0,0
62776,1,1,0,0,0,19,51,0,26,27,0,0
62777,1,1,0,0,24,14,6,0,0,0,15,22
62778,1,1,29,29,29,29,29,29,29,29,29,29
62779,0,1,16,16,16,16,16,16,16,16,16,16
62779,1,1,0,0,0,0,0,0,0,0,22,0
62780,0,1,0,0,0,0,16,0,0,0,0,33
62780,1,1,0,0,0,0,0,0,0,27,0,0
62781,1,1,0,0,0,0,0,0,0,0,0,0
62781,2,1,0,0,0,0,27,16,0,0,0,0
62782,1,1,0,0,0,0,0,14,0,0,0,0
62782,2,1,0,0,0,0,0,0,0,0,0,0
62783,1,1,0,0,0,0,0,0,0,0,0,0
62783,2,1,0,0,0,0,0,0,0,8,0,0
62783,3,1,0,0,0,0,0,0,0,0,0,0
62784,1,1,19,0,26,0,0,0,0,18,0,18
62784,2,1,13,14,0,0,5,0,14,4,20,18
62785,1,1,23,20,25,10,14,15,13,10,26,41
62786,1,1,16,16,16,16,16,16,16,16,16,16
62786,2,1,0,0,0,0,0,0,0,0,0,0
62786,3,1,0,0,0,0,0,0,0,0,0,0
62787,0,1,0,0,0,0,0,0,0,0,0,0
62787,1,1,0,0,0,0,0,0,0,0,0,0
62788,1,1,23,23,23,23,23,23,23,23,23,23
62788,2,1,0,0,0,15,0,0,0,3,0,0
62789,1,1,0,0,0,0,0,0,0,0,0,0
62789,2,1,0,0,0,0,0,0,0,0,0,0
62790,1,1,0,0,0,0,0,0,0,0,0,0
62790,2,1,0,0,0,0,14,0,0,0,0,0
62791,0,1,0,0,0,0,0,0,8,28,0,24
62791,1,1,0,0,0,0,0,0,0,0,0,0
62792,1,1,0,0,0,0,0,0,0,0,0,0
62793,1,1,20,16,14,16,15,31,7,23,11,27
62794,1,1,0,24,8,0,0,0,0,8,0,0
62794,2,1,0,0,11,29,0,0,11,0,0,0
62794,3,1,0,0,15,0,14,0,0,0,13,0
62795,1,1,19,15,31,22,20,12,4,34,18,13
62795,2,1,0,9,0,0,0,0,0,0,0,0
62796,1,1,24,0,0,0,0,0,0,0,28,0
62797,1,1,0,0,0,0,0,0,0,0,0,0
62797,2,1,0,0,0,0,0,0,0,0,0,0
62798,1,1,0,18,0,0,27,0,0,22,0,0
62798,2,1,0,0,0,0,0,0,0,0,0,0
62798,3,1,0,0,0,0,0,0,0,0,21,0
62799,1,1,20,0,0,0,0,0,0,0,0,0
62799,2,1,0,0,0,0,0,0,0,0,0,0
62800,1,1,0,0,0,0,0,0,0,0,0,0
62801,1,1,0,0,0,0,0,0,0,0,0,0
62801,2,1,0,0,0,25,0,0,0,0,0,0
62802,0,1,0,0,0,0,0,0,0,0,0,0
62802,1,1,0,0,0,0,0,0,0,0,0,0
62803,1,1,0,0,0,0,0,0,0,0,0,0
62803,2,1,0,14,0,0,19,0,0,0,0,0
62804,1,1,0,0,0,13,21,0,0,13,0,9
62804,2,1,0,0,0,0,0,0,0,0,0,0
62805,1,1,22,20,21,19,0,0,0,0,26,15
62806,1,1,0,0,0,0,0,0,0,0,0,0
62806,2,1,19,19,19,19,19,19,19,19,19,19
62807,1,1,16,0,0,0,24,0,0,0,0,0
62808,1,1,0,0,35,16,15,0,0,0,7,0
62809,1,1,13,13,13,13,13,13,13,13,13,13
62809,2,1,0,0,0,0,0,0,0,0,0,0
62810,1,1,0,0,0,0,0,0,0,0,0,0
62810,2,1,0,0,0,0,0,0,0,9,0,0
62811,1,1,0,0,0,0,0,0,0,0,0,0
62811,2,1,0,14,26,0,0,0,0,22,0,17
62812,1,1,15,15,15,15,15,15,15,15,15,15
62812,2,1,0,15,0,32,0,18,24,0,0,0
62813,0,1,21,0,0,0,0,0,0,0,0,0
62813,1,1,0,0,0,0,0,0,0,0,0,0
62814,0,1,17,0,20,0,0,15,18,0,0,13
62814,1,1,0,0,0,15,0,0,0,0,0,0
62814,2,1,0,0,0,0,0,0,0,0,0,0
62815,1,1,0,0,0,0,0,0,0,4,0,11
62815,2,1,12,0,6,7,0,0,5,0,0,0
62815,3,1,0,18,0,0,0,0,0,0,0,0
62816,0,1,0,0,22,0,0,0,0,0,0,0
62816,1,1,0,0,8,0,0,0,14,0,0,0
62817,1,1,0,0,0,0,0,0,0,0,0,0
62817,2,1,0,0,0,0,0,0,0,0,0,0
62818,1,1,4,4,4,4,4,4,4,4,4,4
62818,2,1,0,0,0,0,0,0,0,0,0,0
62819,1,1,21,0,0,10,0,8,18,0,19,16
62820,0,1,0,0,0,0,0,0,0,0,12,6
62820,1,1,0,0,0,0,0,0,0,0,0,0
62820,2,1,0,0,0,0,0,0,0,0,0,0
62821,0,1,0,0,0,0,0,21,0,0,4,0
62821,1,1,0,0,0,0,0,0,0,0,0,0
62821,2,1,0,0,0,0,0,0,0,0,0,0
62821,3,1,0,0,0,0,0,0,0,0,0,0
62822,1,1,0,4,18,0,0,2,31,0,0,13
62822,2,1,0,0,0,0,0,0,0,0,0,0
62823,1,1,0,0,0,0,0,0,0,0,0,0
62823,2,1,0,0,0,0,0,0,0,0,0,0
62824,0,1,0,0,0,0,9,0,33,0,0,12
62824,1,1,0,18,15,4,0,12,16,0,15,9
62825,0,1,0,14,10,14,0,8,21,18,0,26
62825,1,1,6,6,6,6,6,6,6,6,6,6
62826,0,1,0,0,0,0,0,0,0,44,0,0
62826,0,2,0,0,0,0,0,0,0,0,0,0
62826,1,1,0,0,0,0,0,0,0,0,0,0
62826,2,1,14,0,0,0,0,0,0,0,0,0
62827,1,1,0,0,0,0,0,0,0,0,0,0
62827,2,1,0,0,18,16,17,18,0,0,0,0
62828,0,1,0,0,0,0,0,0,0,0,0,0
62828,1,1,0,17,15,11,4,19,4,3,0,0
62829,1,1,34,34,34,34,34,34,34,34,34,34
62830,1,1,0,0,0,0,0,0,0,0,0,0
62830,2,1,0,0,0,0,0,0,0,0,0,0
62831,1,1,9,0,4,0,0,0,3,0,13,0
62832,0,1,29,0,35,0,0,14,0,0,8,35
62832,1,1,0,0,0,0,0,11,0,0,0,0
62833,1,1,0,0,0,0,0,0,0,0,0,0
62833,2,1,3,3,3,3,3,3,3,3,3,3
62834,0,1,0,0,0,0,0,13,17,40,7,32
62834,1,1,0,0,0,0,0,0,0,0,0,0
62835,1,1,1,1,1,1,1,1,1,1,1,1
62836,1,1,12,13,16,12,17,18,15,22,0,35
62837,1,1,38,30,11,31,15,17,21,0,14,30
62838,1,1,10,17,4,25,9,12,8,21,13,26
62839,1,1,0,0,0,0,0,0,27,0,0,0
62839,2,1,0,0,0,0,0,0,0,0,0,0
62840,1,1,0,0,0,0,0,0,0,0,0,0
62841,1,1,0,0,0,0,0,0,0,0,0,0
62842,0,1,0,14,0,0,0,17,0,0,0,0
62842,1,1,0,0,0,0,0,0,0,0,0,8
62842,2,1,18,0,6,0,0,0,0,0,0,14
62843,0,1,27,26,0,0,0,0,0,0,0,0
62843,1,1,0,19,0,0,0,0,0,0,0,0
62843,2,1,0,0,0,0,0,0,0,0,0,0
62844,1,1,0,0,0,0,0,0,0,0,0,0
62845,1,1,0,0,0,0,0,0,0,0,18,0
62845,2,1,0,0,0,0,0,11,0,20,0,11
62845,3,1,0,0,0,0,0,0,0,0,0,0
62846,1,1,0,0,0,0,0,0,0,0,0,0
62846,2,1,0,0,0,0,0,0,0,0,14,0
62847,1,1,17,19,19,13,4,24,20,12,14,3
62848,0,1,0,0,0,0,0,0,0,0,0,0
62848,1,1,0,0,0,0,0,0,0,0,0,0
62849,1,1,0,0,0,0,0,0,0,0,0,0
62850,1,1,10,15,4,21,30,38,10,13,16,18
62850,2,1,0,0,0,0,14,0,0,0,0,0
62851,1,1,18,7,9,7,6,21,12,0,20,17
62852,1,1,0,0,0,11,0,11,0,0,0,20
62853,1,1,8,0,0,19,10,15,0,21,0,0
62854,1,1,0,0,0,0,0,0,0,0,0,0
62854,2,1,0,0,0,0,0,0,0,28,0,0
62854,3,1,0,0,0,0,0,0,0,0,0,0
62854,4,1,0,0,0,0,0,0,0,0,0,0
62854,5,1,0,0,0,0,0,0,0,0,0,0
62855,0,1,0,0,0,0,0,0,0,0,0,0
62855,1,1,0,0,0,0,0,0,0,0,0,0
62856,0,1,0,0,0,0,0,0,0,0,0,0
62856,1,1,0,0,0,0,0,0,0,0,0,0
62857,1,1,17,0,11,0,20,11,0,0,21,0
62858,1,1,7,7,7,7,7,7,7,7,7,7
62859,0,1,34,0,0,0,0,0,20,27,0,0
62859,1,1,0,24,0,0,11,0,0,0,0,0
62860,1,1,18,33,9,14,0,12,9,4,11,13
62860,2,1,0,0,0,0,0,0,18,0,0,9
62861,0,1,22,22,22,22,22,22,22,22,22,22
62861,1,1,0,0,0,0,0,0,0,15,0,0
62862,1,1,13,0,23,0,0,0,10,0,6,0
62862,2,1,0,0,0,0,0,14,0,0,0,0
62863,1,1,13,11,28,11,2,16,19,19,13,24
62864,1,1,0,0,0,0,0,0,0,0,0,0
62864,2,1,0,0,0,0,0,0,0,0,0,0
62865,0,1,20,21,0,0,0,16,0,0,0,12
62865,1,1,0,0,0,0,0,0,0,0,0,0
62866,1,1,0,0,0,0,0,0,0,0,0,16
62866,2,1,0,0,0,0,0,0,0,0,0,0
62867,0,1,0,13,0,13,0,0,0,22,0,0
62867,1,1,0,0,0,0,0,0,0,0,0,0
62868,0,1,0,0,0,0,0,0,0,0,0,0
62868,1,1,0,0,13,0,0,0,10,15,13,0
62869,1,1,15,15,15,15,15,15,15,15,15,15
62869,2,1,3,3,3,3,3,3,3,3,3,3
62870,0,1,0,0,0,0,0,0,0,0,0,0
62870,1,1,0,0,0,8,0,11,0,20,0,0
62871,1,1,11,11,11,11,11,11,11,11,11,11
62871,2,1,0,0,0,0,0,0,0,0,0,10
62871,3,1,0,20,0,0,0,0,0,0,0,0
62872,1,1,4,0,10,19,7,0,26,0,0,0
62873,1,1,0,0,0,0,0,0,0,0,0,0
62874,1,1,22,0,0,0,0,0,4,0,0,0
62874,2,1,0,0,0,0,0,0,0,0,0,0
62875,0,1,0,0,0,0,0,0,0,0,16,0
62875,1,1,7,0,6,0,13,13,14,0,4,26
62876,1,1,0,0,0,0,0,0,0,0,0,0
62877,1,1,0,0,0,0,0,0,0,0,0,0
62877,2,1,0,0,0,0,0,0,0,0,0,0
62878,0,1,0,0,0,0,0,0,0,0,0,0
62878,0,2,0,0,0,0,0,0,0,0,0,0
62878,1,1,0,0,0,0,0,0,0,0,0,0
62879,1,1,0,0,0,0,0,0,0,0,0,0
62881,0,1,0,0,0,16,0,17,0,0,0,28
62881,1,1,0,0,0,0,0,0,0,0,0,0
62882,1,1,0,14,6,0,35,25,0,21,10,0
62883,1,1,0,0,0,11,0,35,0,0,0,10
62883,2,1,0,0,0,0,0,0,0,0,0,0
62884,1,1,11,11,11,11,11,11,11,11,11,11
62885,1,1,11,11,11,11,11,11,11,11,11,11
62886,1,1,15,23,16,16,22,21,24,19,18,37
62887,1,1,0,0,0,0,0,0,0,0,0,0
62888,1,1,0,0,0,0,0,0,0,0,0,0
62889,0,1,15,0,24,29,22,12,16,10,0,28
62889,1,1,11,11,11,11,11,11,11,11,11,11
62889,2,1,16,0,0,0,0,0,0,0,35,0
62890,1,1,0,0,0,0,0,32,0,0,0,0
62890,2,1,0,0,0,0,0,0,0,0,0,0
62891,1,1,0,0,0,0,0,14,0,0,0,0
62891,2,1,0,0,0,0,0,0,0,0,0,0
62892,1,1,27,5,34,24,14,2,16,21,0,0
62893,1,1,14,39,28,9,23,16,28,19,15,19
62894,0,1,30,30,30,30,30,30,30,30,30,30
62894,1,1,11,10,13,17,28,16,16,0,12,14
62895,0,1,9,0,28,10,7,34,17,31,30,15
62895,1,1,0,0,0,0,15,27,0,0,0,0
62896,1,1,0,0,0,0,0,0,0,0,0,0
62896,2,1,0,0,0,0,0,0,0,0,0,0
62896,3,1,0,0,0,0,0,0,0,14,0,0
62897,1,1,0,0,0,0,0,0,0,0,0,0
62897,2,1,0,0,0,0,0,0,0,0,0,0
62897,3,1,0,0,0,0,0,0,0,0,0,0
62898,1,1,0,0,12,0,0,0,0,0,0,0
62899,1,1,0,0,0,0,0,0,0,0,0,0
62899,2,1,0,0,0,10,0,0,0,8,0,0
62900,1,1,0,0,0,0,0,0,0,0,0,0
62901,1,1,0,0,33,0,0,0,0,0,0,0
62901,2,1,0,0,0,0,0,0,0,0,0,0
62902,1,1,17,17,17,17,17,17,17,17,17,17
62902,2,1,0,0,0,0,0,13,0,0,0,0
62903,1,1,2,2,2,2,2,2,2,2,2,2
62903,2,1,0,0,26,0,0,0,0,0,0,0
62904,1,1,0,0,0,0,0,0,0,0,0,0
62904,2,1,0,0,0,0,0,0,0,0,15,0
62905,1,1,0,0,0,0,0,0,0,0,0,0
62905,2,1,0,0,0,0,0,0,0,0,0,0
62906,1,1,0,0,0,0,0,0,0,0,0,0
62906,2,1,0,0,20,26,0,0,0,0,17,0
62907,1,1,16,29,7,0,0,25,11,0,0,0
62908,1,1,14,14,14,14,14,14,14,14,14,14
62908,2,1,0,0,0,0,0,0,0,0,0,0
62908,3,1,0,0,0,0,0,0,0,0,0,0
62908,4,1,0,0,0,0,0,0,0,0,0,0
62909,1,1,21,21,21,21,21,21,21,21,21,21
62910,0,1,0,19,20,0,0,0,9,13,0,31
62910,1,1,0,0,0,18,0,0,0,0,0,0
62910,3,1,0,0,0,0,12,0,5,0,0,0
62911,0,1,0,31,0,0,14,0,28,0,29,0
62911,1,1,0,0,0,0,0,0,0,0,0,0
62912,1,1,0,0,0,0,0,0,0,0,15,0
62912,2,1,0,16,0,0,0,0,38,0,0,0
62912,3,1,0,0,0,0,0,0,0,0,0,0
62913,1,1,0,0,0,0,0,23,15,8,9,0
62913,2,1,0,0,0,0,0,0,0,0,0,0
62914,1,1,0,3,0,0,0,0,0,0,0,24
62914,2,1,0,0,0,0,0,0,0,0,0,0
62915,1,1,0,0,0,0,0,28,0,0,0,0
62915,2,1,0,0,0,0,0,0,0,0,0,0
62916,0,1,0,0,0,0,0,0,0,0,0,0
62916,1,1,0,0,0,0,0,16,0,0,0,0
62917,1,1,23,0,0,0,6,0,0,0,0,0
62917,2,1,0,0,0,0,0,0,0,0,0,0
62918,1,1,0,0,0,0,0,0,0,0,0,0
62919,1,1,26,11,16,6,19,0,16,20,0,17
62920,1,1,0,0,0,0,0,0,0,0,0,0
62921,0,1,0,14,18,0,13,28,32,0,0,0
62921,1,1,0,6,0,0,0,0,0,0,0,12
62922,1,1,9,25,18,16,9,6,15,25,0,25
62923,1,1,0,17,0,0,0,0,0,0,0,0
62923,2,1,0,0,0,0,0,0,0,0,0,0
62924,1,1,0,0,0,0,0,0,0,0,0,0
62924,2,1,0,0,0,0,0,0,0,0,0,0
62925,1,1,0,0,0,31,0,0,0,0,0,0
62925,2,1,0,13,0,0,0,0,0,0,0,0
62926,1,1,7,7,7,7,7,7,7,7,7,7
62927,1,1,4,0,20,0,15,0,34,0,0,20
62928,0,1,0,30,0,0,18,0,0,0,0,0
62928,1,1,0,0,0,0,0,0,0,0,0,0
62929,1,1,0,0,0,0,0,0,0,0,0,0
62930,1,1,5,0,0,0,0,0,0,0,0,0
62930,2,1,0,0,0,0,0,0,0,0,0,0
62930,3,1,0,0,21,0,0,0,0,0,11,0
62930,4,1,0,0,0,0,0,19,0,0,0,0
62930,5,1,0,0,0,0,0,0,0,0,0,0
62930,6,1,0,0,0,0,0,0,0,0,0,0
62931,1,1,9,9,9,9,9,9,9,9,9,9
62932,1,1,0,0,0,0,0,0,0,0,0,0
62932,2,1,0,0,0,0,0,0,0,0,0,0
62933,0,1,0,0,0,0,0,0,0,0,0,0
62933,1,1,0,0,0,0,0,0,9,0,0,0
62934,1,1,20,20,20,20,20,20,20,20,20,20
62935,1,1,16,16,0,34,15,4,4,3,31,21
62936,1,1,14,14,14,14,14,14,14,14,14,14
62936,2,1,0,0,0,0,0,0,0,0,0,0
62937,1,1,12,35,0,16,2,23,23,17,28,15
62938,0,1,0,32,12,30,28,0,0,0,43,0
62938,1,1,14,14,18,29,14,17,44,15,0,5
62939,1,1,12,12,12,12,12,12,12,12,12,12
62940,0,1,25,0,18,0,0,0,0,0,0,0
62940,1,1,32,15,0,0,0,0,19,0,5,0
62941,1,1,0,0,0,0,0,0,0,0,0,0
62941,2,1,0,0,0,0,15,0,0,8,0,0
62941,3,1,0,0,0,0,0,0,0,0,0,0
62942,1,1,0,19,0,0,0,7,0,12,0,31
62943,1,1,0,0,20,17,35,13,0,23,28,38
62943,2,1,0,0,0,0,0,0,0,0,0,0
62944,1,1,0,0,0,0,0,0,0,0,0,0
62944,2,1,0,0,0,0,0,0,0,0,0,0
62945,1,1,0,0,0,0,0,0,0,0,0,0
62946,1,1,12,7,15,3,18,13,21,5,28,10
62947,1,1,0,0,0,0,0,0,0,9,0,0
62947,2,1,0,0,0,0,0,0,0,0,0,0
62948,1,1,0,0,0,0,0,0,0,0,0,0
62948,2,1,0,0,0,5,0,0,0,0,0,7
62948,3,1,0,0,0,0,0,0,0,0,0,0
62949,0,1,0,0,0,0,0,0,0,0,0,0
62949,1,1,0,0,0,0,0,0,0,0,0,0
62950,1,1,26,20,18,13,27,18,0,25,11,18
62950,2,1,0,0,0,0,0,0,0,0,0,0
62951,0,1,0,0,0,0,0,0,0,0,0,0
62951,1,1,0,20,0,0,18,0,0,0,0,0
62952,0,1,0,0,24,0,0,0,0,0,0,0
62952,1,1,0,0,20,0,13,0,0,0,0,0
62953,0,1,0,25,0,0,0,0,0,0,0,16
62953,1,1,0,0,0,0,0,0,0,0,0,0
62954,0,1,0,0,0,0,0,0,0,0,0,0
62954,1,1,0,0,0,0,0,0,0,0,0,0
62955,1,1,11,0,0,5,0,0,0,0,0,0
62955,2,1,19,0,7,0,14,13,0,3,0,0
62956,1,1,0,0,0,0,0,0,0,5,0,0
62956,2,1,0,0,0,0,0,21,0,0,0,14
62957,1,1,0,0,0,0,0,0,0,0,0,0
62957,2,1,0,0,0,0,0,0,0,0,0,0