ST_CASE,VEH_NO,PER_NO,P1,P2,P3,P4,P5,P6,P7,P8,P9,P10
62958,1,1,21,21,21,21,21,21,21,21,21,21
62958,2,1,21,21,21,21,21,21,21,21,21,21
62959,1,1,0,18,26,12,0,0,0,0,24,21
62960,1,1,0,0,0,0,0,0,0,0,0,0
62960,2,1,0,0,0,0,0,0,40,0,0,0
62961,1,1,18,18,18,18,18,18,18,18,18,18
62961,2,1,0,0,0,0,0,4,0,0,0,0
62961,3,1,0,0,0,0,0,0,10,0,0,0
62962,1,1,12,23,27,12,11,18,20,16,4,15
62963,1,1,0,0,0,0,15,27,0,0,0,0
62963,2,1,0,0,0,0,0,0,0,0,0,0
62964,1,1,13,13,13,13,13,13,13,13,13,13
62964,2,1,0,0,0,0,0,0,0,0,0,0
62965,1,1,0,0,0,0,0,0,0,0,0,0
62965,2,1,0,0,0,0,0,0,0,0,0,0
62966,0,1,0,0,0,0,0,0,0,0,0,0
62966,1,1,0,0,21,0,0,8,0,18,0,0
62967,0,1,0,0,0,0,0,0,0,0,0,0
62967,1,1,0,3,0,0,0,0,0,0,0,0
62968,1,1,0,0,0,0,0,0,0,0,0,0
62969,1,1,0,0,0,0,0,0,0,0,0,0
62969,2,1,0,0,0,0,0,0,0,0,0,0
62970,1,1,16,16,16,16,16,16,16,16,16,16
62971,1,1,18,9,13,0,39,14,17,0,18,16
62971,2,1,0,0,0,0,0,0,0,0,0,0
62972,1,1,0,0,0,0,0,0,0,0,0,0
62973,0,1,0,0,0,0,0,0,0,0,0,0
62973,0,2,20,13,11,18,15,0,34,17,31,25
62973,1,1,13,13,13,13,13,13,13,13,13,13
62973,2,1,0,0,0,0,0,0,0,0,0,0
62974,1,1,0,0,0,12,0,0,0,0,0,0
62974,2,1,13,29,21,9,29,6,13,9,21,23
62975,1,1,13,13,13,13,13,13,13,13,13,13
62975,2,1,15,16,0,16,25,0,0,22,17,0
62976,1,1,0,6,22,0,0,0,0,17,18,0
62977,1,1,7,15,13,14,13,12,0,22,42,0
62977,2,1,0,0,20,0,0,34,0,0,0,0
62977,3,1,0,0,0,0,0,0,0,0,0,0
62978,1,1,0,0,0,0,0,0,0,0,0,0
62978,2,1,0,0,0,0,0,0,0,0,0,0
62979,1,1,0,7,20,0,23,0,6,18,14,22
62979,2,1,0,0,0,0,0,0,0,0,0,0
62980,0,1,43,0,0,0,0,15,0,0,0,8
62980,1,1,0,0,0,0,0,0,0,0,0,0
62981,0,1,0,29,18,30,0,0,0,16,0,16
62981,1,1,19,0,0,0,5,15,7,17,0,14
62982,1,1,0,24,0,12,9,7,15,4,0,0
62982,2,1,0,0,0,0,0,0,0,0,0,0
62983,0,1,0,0,0,0,0,0,0,0,0,27
62983,1,1,0,0,0,0,0,0,0,0,0,0
62984,0,1,31,16,0,0,0,29,10,9,32,0
62984,1,1,0,0,0,0,0,0,0,0,17,0
62985,1,1,0,0,0,0,0,21,0,0,0,18
62986,1,1,0,0,0,0,0,0,0,0,0,0
62986,2,1,19,0,0,0,24,0,0,0,0,0
62987,1,1,0,0,0,0,13,22,12,0,0,0
62988,1,1,19,19,19,19,19,19,19,19,19,19
62988,2,1,0,0,22,0,16,35,0,0,0,0
62989,1,1,0,0,14,0,19,0,11,0,0,0
62990,0,1,0,18,0,0,0,0,0,7,0,16
62990,1,1,12,12,12,12,12,12,12,12,12,12
62991,1,1,0,0,0,0,0,0,0,0,0,0
62991,2,1,0,0,0,0,0,0,0,0,0,0
62992,1,1,0,22,14,0,0,26,22,17,0,0
62993,1,1,0,0,0,0,0,0,0,0,0,22
62995,1,1,22,22,0,16,22,23,27,17,16,0
62996,0,1,0,27,38,0,0,0,0,27,17,26
62996,1,1,0,0,0,16,0,0,0,0,12,0
62997,0,1,0,0,0,0,0,0,0,0,0,0
62997,1,1,24,0,0,16,0,0,0,0,17,0
62997,2,1,0,0,0,0,0,0,0,0,0,0
62997,3,1,6,0,0,0,0,16,0,0,7,0
62998,1,1,31,0,13,0,0,0,0,0,0,9
62999,1,1,20,21,40,13,12,9,11,14,18,13
63000,1,1,0,0,0,0,0,0,0,0,0,0
63000,2,1,0,0,0,0,0,0,0,0,0,0
63000,3,1,0,0,0,0,0,0,0,0,0,0
63001,1,1,0,13,21,0,19,0,0,0,0,0
63002,0,1,30,0,0,0,0,0,0,0,0,0
63002,1,1,6,4,0,0,8,0,0,8,0,0
63003,0,1,0,0,0,0,0,0,0,0,0,0
63003,1,1,0,0,0,0,0,0,0,0,0,0
63003,2,1,0,13,23,0,0,14,26,0,0,39
63003,3,1,11,0,0,0,0,19,13,20,0,0
63004,1,1,0,0,0,0,0,0,0,0,0,0
63004,2,1,0,0,0,0,0,0,0,0,0,0
63005,1,1,0,0,0,0,0,0,0,0,0,23
63005,2,1,0,0,0,17,0,0,0,7,0,14
63005,3,1,0,0,0,0,0,0,0,0,0,0
63006,1,1,0,0,14,0,21,0,0,0,0,0
63007,1,1,20,20,20,20,20,20,20,20,20,20
63008,1,1,0,0,0,0,0,0,0,0,0,0
63008,2,1,0,0,0,0,0,0,0,11,0,0
63009,1,1,13,7,6,14,15,0,4,20,20,11
63009,2,1,0,0,0,0,0,0,0,0,0,0
63010,1,1,36,0,10,22,18,0,13,17,22,15
63011,1,1,0,0,0,0,0,12,15,0,0,0
63012,1,1,11,0,0,0,0,19,0,11,0,7
63012,2,1,0,22,0,0,0,0,0,0,0,0
63013,1,1,0,0,0,0,0,0,0,0,0,0
63013,2,1,0,0,0,0,0,0,0,0,0,0
63014,1,1,0,0,0,0,0,0,0,0,0,0
63015,1,1,0,0,0,18,0,0,13,28,0,0
63016,0,1,19,0,26,30,0,15,28,0,34,0
63016,1,1,0,0,0,0,0,0,0,0,0,0
63017,1,1,0,0,0,0,0,0,0,0,0,0
63017,2,1,0,0,0,0,0,0,0,0,0,0
63017,3,1,0,0,0,0,0,0,0,0,0,0
63018,1,1,0,32,0,0,0,0,0,0,0,0
63018,2,1,0,0,0,0,0,0,0,0,0,0
63019,1,1,0,0,0,0,0,0,0,0,0,0
63020,0,1,0,0,0,15,0,20,0,17,18,0
63020,0,2,0,0,0,0,0,0,0,0,0,0
63020,0,3,0,0,0,0,0,0,0,0,0,0
63020,1,1,0,0,0,0,0,0,0,0,0,0
63020,2,1,0,0,0,0,0,0,0,0,0,0
63021,1,1,0,0,0,0,0,0,0,0,0,0
63021,2,1,0,0,0,0,0,0,0,0,0,0
63022,0,1,11,0,0,0,0,0,0,13,0,15
63022,1,1,0,0,0,0,0,0,0,0,0,0
63023,1,1,0,0,0,0,0,0,0,0,0,0
63024,1,1,5,5,5,5,5,5,5,5,5,5
63024,2,1,0,0,0,0,0,0,0,0,0,0
63025,1,1,0,0,0,0,0,0,0,0,0,0
63025,2,1,0,0,0,0,0,0,0,0,25,0
63026,1,1,0,0,9,0,15,8,26,0,20,0
63027,1,1,0,0,0,14,0,10,4,34,0,14
63028,0,1,0,0,0,0,0,0,32,0,0,0
63028,1,1,0,3,0,0,0,0,0,0,13,0
63029,0,1,22,0,0,0,23,0,0,0,13,0
63029,1,1,14,11,7,0,11,0,0,24,0,6
63030,1,1,15,5,11,32,19,0,15,18,10,0
63031,1,1,0,0,0,0,0,0,0,0,0,0
63031,2,1,0,0,0,0,0,0,12,0,0,0
63032,0,1,0,0,15,0,0,0,0,0,11,0
63032,1,1,0,0,0,0,0,0,0,38,0,0
63033,0,1,0,0,0,0,0,0,0,0,0,0
63033,1,1,0,0,0,0,0,0,0,0,0,0
63034,0,1,23,18,0,0,0,9,0,23,15,0
63034,1,1,0,0,0,0,0,0,0,0,0,0
63035,0,1,15,0,0,13,0,33,0,0,0,31
63035,1,1,0,12,24,13,0,0,0,2,0,16
63036,0,1,0,0,0,17,0,22,0,0,0,0
63036,1,1,0,0,0,0,0,0,0,0,0,0
63037,0,1,45,0,0,0,0,33,12,0,14,0
63037,1,1,0,0,18,0,0,0,0,0,0,0
63038,0,1,12,0,0,23,0,0,0,0,0,58
63038,1,1,17,8,0,0,14,31,0,0,0,2
63040,1,1,0,0,0,0,0,0,0,0,0,0
63040,2,1,0,0,0,9,0,0,0,0,0,0
63040,3,1,0,0,11,0,0,0,0,0,0,0
63041,0,1,44,0,15,0,12,0,0,0,0,0
63041,1,1,0,0,0,0,0,0,0,15,25,17
63042,0,1,0,0,0,0,0,0,0,0,0,0
63042,1,1,0,0,0,0,0,0,0,0,0,0
63043,1,1,8,0,12,9,15,0,0,0,0,0
63044,0,1,17,47,15,33,32,22,25,0,46,12
63044,1,1,0,0,0,0,0,0,0,0,0,0
63045,1,1,0,0,0,0,0,0,0,0,0,0
63045,2,1,10,0,0,0,0,0,0,18,0,0
63045,3,1,0,0,0,0,0,0,0,0,0,0
63046,1,1,24,0,0,0,0,0,28,0,0,0
63047,0,1,0,0,0,0,0,0,0,0,0,0
63047,1,1,0,0,0,0,0,0,0,0,0,0
63048,0,1,0,0,0,0,0,0,0,0,0,0
63048,1,1,7,0,12,16,26,15,0,21,9,11
63049,0,1,13,0,0,0,0,5,0,0,19,0
63049,1,1,0,0,0,0,0,0,0,0,0,0
63050,0,1,0,0,10,11,0,0,21,0,16,0
63050,1,1,0,0,0,0,0,0,0,0,0,25
63051,0,1,0,0,0,0,0,0,0,0,0,0
63051,1,1,0,0,0,0,0,7,0,0,0,0
63052,0,1,0,0,0,14,0,43,0,0,0,0
63053,0,1,0,0,0,0,0,0,0,0,0,0
63053,1,1,0,0,0,0,0,0,0,0,0,0
63054,1,1,0,15,25,0,20,19,26,0,0,6
63055,1,1,12,12,12,12,12,12,12,12,12,12
63056,0,1,24,36,0,0,0,0,16,14,0,24
63056,1,1,0,0,6,0,0,0,0,0,0,17
63057,1,1,28,0,17,20,0,0,0,0,0,22
63058,1,1,11,25,26,8,14,12,19,14,15,9
63059,0,1,0,0,0,0,0,0,0,0,0,0
63059,1,1,0,0,0,0,0,10,0,9,0,0
63060,1,1,0,0,0,22,0,0,0,23,0,0
63062,1,1,19,19,19,19,19,19,19,19,19,19
63062,2,1,0,0,0,0,0,0,0,0,0,0
63062,3,1,0,0,0,0,0,0,0,0,0,0
63063,1,1,0,0,6,0,0,0,15,0,18,0
63064,1,1,0,0,0,0,0,0,0,0,0,9
63064,2,1,0,0,0,0,0,0,0,0,0,0
63065,0,1,0,0,0,0,28,0,9,29,0,42
63065,1,1,0,15,0,16,0,0,0,0,0,0
63066,0,1,14,19,18,6,28,20,16,20,0,18
63066,1,1,0,0,0,0,0,0,0,0,0,0
63067,1,1,0,0,0,0,0,0,0,0,0,0
63068,0,1,0,0,0,0,0,0,0,0,0,0
63068,1,1,0,0,0,0,0,0,0,0,0,0
63069,1,1,11,11,11,11,11,11,11,11,11,11
63069,2,1,0,0,0,0,0,0,0,0,0,0
63070,1,1,0,0,0,0,0,0,0,0,0,0
63070,2,1,4,0,0,0,0,0,0,0,12,0
63071,1,1,0,0,0,0,0,0,0,0,0,0
63071,2,1,0,0,0,0,0,0,0,0,0,0
63072,1,1,0,0,0,0,0,0,0,0,0,0
63073,1,1,6,6,6,6,6,6,6,6,6,6
63073,2,1,0,0,0,0,0,0,0,0,0,0
63074,1,1,0,0,0,0,0,0,0,0,0,0
63075,1,1,15,15,15,15,15,15,15,15,15,15
63075,2,1,0,8,14,15,7,26,0,27,0,11
63076,0,1,0,0,0,22,0,0,0,18,0,0
63076,1,1,0,0,0,0,0,0,0,0,0,0
63076,2,1,0,0,0,0,0,0,0,0,0,0
63077,1,1,0,0,0,0,0,0,0,0,0,0
63078,1,1,14,7,0,0,0,19,0,14,0,0
63078,2,1,0,0,0,0,0,0,0,0,0,0
63079,0,1,0,0,0,0,0,0,0,0,0,0
63079,1,1,0,0,20,10,0,0,28,24,0,0
63080,0,1,0,13,0,0,0,0,0,17,0,0
63080,1,1,0,0,0,0,0,0,0,0,0,0
63081,0,1,0,0,0,26,0,0,0,0,35,0
63081,1,1,0,0,0,0,0,0,0,0,0,0
63082,0,1,0,27,12,0,23,0,0,22,0,43
63082,0,2,0,20,0,24,0,0,28,0,11,0
63082,1,1,0,0,0,0,0,0,0,0,0,0
63083,0,1,0,0,0,0,0,0,0,0,0,0
63083,1,1,0,0,0,4,0,0,0,0,0,0
63083,2,1,0,0,0,0,0,0,0,0,0,0
63084,1,1,0,0,0,0,0,0,0,17,0,16
63084,2,1,0,0,0,0,0,0,0,0,0,0
63085,0,1,29,12,0,0,0,0,0,0,0,0
63085,1,1,0,0,0,0,0,0,0,0,0,0
63086,1,1,0,10,0,0,0,4,0,0,0,0
63087,1,1,0,0,0,0,0,0,0,19,0,0
63087,2,1,0,0,0,0,0,0,0,0,0,0
63088,1,1,0,0,25,15,0,13,7,0,36,0
63089,1,1,0,0,0,0,0,0,0,0,0,0
63089,2,1,0,0,0,0,0,0,0,0,0,0
63090,1,1,41,41,41,41,41,41,41,41,41,41
63091,0,1,0,0,0,0,0,0,0,0,16,0
63091,1,1,0,0,0,0,0,0,0,0,0,0
63092,1,1,0,0,0,0,0,0,9,0,0,0
63092,2,1,0,0,0,0,0,0,0,0,0,0
63093,0,1,0,0,0,0,0,0,0,0,0,0
63093,1,1,9,9,9,9,9,9,9,9,9,9
63094,0,1,26,8,0,6,0,0,0,0,29,30
63094,1,1,0,0,0,0,0,0,0,0,0,0
63095,1,1,0,14,0,38,12,0,0,20,0,0
63096,1,1,0,0,0,0,0,0,0,0,0,0
63096,2,1,0,0,0,0,0,0,0,0,0,0
63097,1,1,22,0,38,6,0,0,12,32,0,10
63098,0,1,0,20,14,14,26,0,0,0,2,0
63098,1,1,0,0,0,11,10,21,0,0,0,14
63099,0,1,0,0,0,0,0,0,9,28,0,3
63099,1,1,0,11,0,7,0,0,0,0,0,0
63100,0,1,0,0,0,15,0,0,0,0,0,0
63100,1,1,0,0,0,0,0,0,0,0,0,0
63102,1,1,0,0,0,0,0,0,0,0,0,0
63103,0,1,29,0,0,27,0,0,0,0,0,0
63103,1,1,0,0,0,0,0,0,0,0,0,0
63104,0,1,0,0,0,0,0,0,18,0,0,0
63104,1,1,0,0,0,0,0,0,0,0,0,0
63105,0,1,0,0,0,0,0,0,0,0,9,0
63105,1,1,0,0,0,0,0,0,0,0,0,0
63106,1,1,0,0,0,9,34,0,2,17,11,28
63107,1,1,0,0,0,0,0,0,0,0,0,0
63107,2,1,0,0,0,0,0,0,0,0,0,0
63107,3,1,0,0,0,0,0,0,0,0,0,0
63108,1,1,0,0,16,0,0,0,0,34,0,0
63108,2,1,0,0,0,0,0,0,0,0,0,0
63109,1,1,8,10,15,26,14,5,19,0,16,19
63109,2,1,0,0,0,0,0,0,0,0,0,0
63110,1,1,18,18,18,18,18,18,18,18,18,18
63110,2,1,6,0,0,0,0,0,0,0,0,0
63111,1,1,0,0,0,0,0,0,0,0,0,0
63111,2,1,4,0,0,0,0,0,0,0,0,0
63112,1,1,0,0,0,0,13,0,0,0,0,0
63112,2,1,0,0,0,0,0,0,0,0,0,0
63113,1,1,0,0,11,0,12,0,20,16,8,14
63113,2,1,8,0,0,0,0,0,0,0,0,0
63114,0,1,0,0,25,0,7,0,0,0,0,0
63114,1,1,0,0,0,0,0,0,0,0,0,20
63115,0,1,0,0,0,0,0,0,11,18,0,0
63115,1,1,0,0,0,0,0,0,0,0,0,0
63116,0,1,10,0,0,21,0,0,0,0,0,0
63116,1,1,0,24,0,0,0,7,0,13,0,27
63117,0,1,0,0,0,0,0,0,0,0,0,0
63117,0,2,0,0,0,0,0,0,0,0,0,30
63118,1,1,11,8,22,16,0,12,21,23,0,18
63119,1,1,0,0,0,0,0,0,0,0,0,0
63119,2,1,0,0,0,0,0,0,0,0,0,0
63120,1,1,0,0,0,0,0,0,0,0,0,0
63120,2,1,0,0,0,0,0,0,0,0,0,0
63121,0,1,29,0,15,30,0,23,0,0,0,0
63121,1,1,0,0,0,0,0,23,0,0,0,0
63121,2,1,0,0,4,0,0,0,0,0,0,0
63122,1,1,17,17,17,17,17,17,17,17,17,17
63122,2,1,0,0,0,0,0,0,0,0,0,0
63123,0,1,27,0,0,14,10,29,0,6,16,0
63123,0,2,23,0,22,0,22,0,36,0,0,0
63123,1,1,11,11,11,11,11,11,11,11,11,11
63124,1,1,30,30,30,30,30,30,30,30,30,30
63125,1,1,0,0,0,0,0,12,0,0,0,0
63125,2,1,14,0,0,0,0,0,0,0,0,0
63126,1,1,8,9,0,0,0,12,0,0,0,12
63127,1,1,0,0,0,24,0,0,33,6,53,23
63128,0,1,0,0,0,0,0,0,0,19,0,0
63128,1,1,0,0,0,0,0,0,0,0,0,0
63129,1,1,17,17,17,17,17,17,17,17,17,17
63129,2,1,12,0,0,0,23,0,0,0,0,0
63130,1,1,0,0,0,0,0,0,0,0,0,0
63131,0,1,0,0,0,0,0,0,0,0,0,0
63131,1,1,10,0,13,0,0,8,13,4,18,9
63132,1,1,0,19,0,24,47,0,25,0,0,20
63133,1,1,0,0,0,0,0,0,0,0,0,0
63133,2,1,0,0,0,0,0,0,0,0,0,0
63134,0,1,0,0,0,0,0,19,0,0,11,0
63134,1,1,23,35,0,0,11,0,0,0,0,0
63135,1,1,0,0,0,0,0,0,0,0,0,0
63136,0,1,0,14,21,12,0,0,26,5,17,0
63136,1,1,0,0,0,0,0,0,0,0,0,0
63137,0,1,0,0,0,0,0,0,0,0,0,0
63137,1,1,0,0,0,0,19,0,0,0,0,0
63138,0,1,0,0,0,0,0,0,0,0,0,0
63138,1,1,7,0,0,0,0,14,0,0,0,10
63139,0,1,0,0,0,0,51,0,17,0,0,0
63139,1,1,0,0,0,15,0,12,18,0,0,0
63140,1,1,0,0,0,0,0,0,0,0,0,22
63140,2,1,0,0,8,0,27,18,0,0,0,0
63141,1,1,0,0,21,0,0,0,0,11,0,0
63142,1,1,26,26,26,26,26,26,26,26,26,26
63142,2,1,0,0,0,0,0,0,0,0,0,0
63143,1,1,30,30,30,30,30,30,30,30,30,30
63144,1,1,28,28,28,28,28,28,28,28,28,28
63144,2,1,0,0,0,0,9,0,0,0,0,0
63144,3,1,0,0,0,0,0,0,0,0,0,0
63144,4,1,0,0,0,0,0,0,0,0,0,0
63144,5,1,0,0,0,0,0,0,0,0,0,0
63145,1,1,16,0,0,0,10,34,16,26,20,5
63146,0,1,0,0,0,0,0,0,0,0,0,0
63146,1,1,0,0,0,0,0,0,0,0,0,0
63147,0,1,0,0,0,0,0,15,10,0,0,0
63147,1,1,0,0,0,0,0,0,0,0,0,0
63148,1,1,21,14,17,21,16,28,10,39,32,24
63149,1,1,17,0,0,18,0,0,0,0,0,0
63149,2,1,0,0,0,0,0,0,0,0,0,0
63150,1,1,0,0,0,14,0,0,19,11,12,0
63151,1,1,0,12,0,28,0,22,0,0,0,18
63151,2,1,0,0,0,0,0,0,0,0,0,0
63151,3,1,0,0,0,0,0,0,0,0,17,0
63152,1,1,36,36,36,36,36,36,36,36,36,36
63152,2,1,0,0,0,0,0,0,0,0,0,0
63153,1,1,0,0,0,0,0,0,0,0,0,0
63153,2,1,12,0,0,0,0,0,0,0,0,0
63154,1,1,21,35,11,0,0,0,25,0,0,0
63155,0,1,0,0,0,19,0,0,0,0,0,0
63155,1,1,0,0,0,0,0,0,0,0,0,0
63155,2,1,0,0,0,0,0,0,0,0,0,0
63155,3,1,4,0,0,0,0,0,0,0,4,0
63155,4,1,0,0,0,3,0,7,0,0,9,19
63156,1,1,12,12,12,12,12,12,12,12,12,12
63157,1,1,9,23,0,0,9,30,8,0,41,25
63158,1,1,0,0,0,0,21,11,0,0,0,0
63159,1,1,0,0,0,0,0,0,0,0,0,0
63160,1,1,0,0,0,0,0,0,0,0,0,0
63160,2,1,0,0,0,0,0,0,0,0,0,0
63160,3,1,0,0,0,0,0,0,0,0,0,0
63161,0,1,0,15,28,0,0,7,0,21,0,0
63161,1,1,0,0,0,0,0,0,0,0,0,0
63162,1,1,0,16,43,7,10,0,4,24,10,13
63162,2,1,0,0,0,0,0,0,0,0,0,0
63162,3,1,0,0,0,0,0,0,0,0,0,0
63163,1,1,0,0,0,16,0,0,0,13,0,0
63164,0,1,0,0,0,8,0,15,2,3,17,0
63164,1,1,9,9,19,0,0,29,0,10,22,4
63165,1,1,19,19,19,19,19,19,19,19,19,19
63166,1,1,36,36,36,36,36,36,36,36,36,36
63166,2,1,0,0,0,0,0,0,0,0,0,0
63167,0,1,0,0,0,0,0,0,0,0,0,0
63167,1,1,0,0,0,0,0,0,0,0,0,0
63168,1,1,12,12,12,12,12,12,12,12,12,12
63169,0,1,23,22,17,0,18,14,8,42,15,40
63169,1,1,0,5,26,0,11,13,13,9,24,22
63170,0,1,0,11,0,15,19,0,0,0,15,19
63170,1,1,0,0,0,0,0,0,0,11,0,0
63171,1,1,0,0,0,0,0,0,0,0,0,0
63172,0,1,0,0,0,0,0,0,0,0,0,0
63172,1,1,0,0,0,0,9,0,0,0,0,0
63173,1,1,10,10,10,10,10,10,10,10,10,10
63173,2,1,0,0,0,0,0,0,0,0,0,0
63174,2,1,13,16,23,9,13,8,30,7,5,4
63175,1,1,14,20,28,0,22,20,23,8,16,16
63176,1,1,0,0,0,0,0,0,0,0,0,0
63176,2,1,0,0,0,0,0,0,0,0,0,0
63176,3,1,0,0,0,0,0,0,0,0,0,0
63177,1,1,12,0,0,0,0,0,0,0,0,0
63178,0,1,0,0,0,0,0,0,0,12,25,0
63178,1,1,0,0,0,0,0,0,0,0,0,0
63178,2,1,0,0,0,0,0,8,5,0,0,0
63179,1,1,12,0,0,0,0,11,18,0,0,0
63179,2,1,0,0,0,0,0,0,0,0,0,0
63179,3,1,0,0,0,0,0,0,14,0,0,0
63180,1,1,0,0,0,0,0,0,0,0,0,0
63180,2,1,0,0,0,0,0,0,0,22,0,0
63181,1,1,0,0,0,5,0,0,22,0,0,9
63181,2,1,0,0,0,0,0,0,0,0,0,0
63181,3,1,0,0,8,0,0,0,0,0,0,0
63182,1,1,9,9,9,9,9,9,9,9,9,9
63182,2,1,0,0,0,0,0,0,0,0,0,0
63183,1,1,0,0,0,0,0,0,0,0,17,0
63184,1,1,20,17,22,5,20,9,15,3,5,4
63185,1,1,0,0,0,0,0,0,0,0,0,0
63185,2,1,0,0,0,0,0,0,0,0,0,0
63185,3,1,0,0,0,0,0,0,0,0,0,0
63185,4,1,0,0,0,0,7,0,0,0,0,0
63186,1,1,0,24,0,0,0,33,0,0,0,0
63186,2,1,0,0,0,0,0,0,16,0,0,0
63187,1,1,0,0,0,0,0,0,0,0,0,0
63187,2,1,0,0,0,0,0,0,0,0,0,0
63188,1,1,9,0,0,0,0,0,0,0,0,0
63188,2,1,2,5,14,9,25,0,9,11,0,9
63189,0,1,0,27,21,21,0,0,23,0,0,0
63189,1,1,0,0,0,0,0,0,0,0,0,0
63190,1,1,3,0,0,5,1,5,0,0,0,0
63190,2,1,0,0,0,0,0,0,0,0,0,0
63191,0,1,0,13,18,0,22,28,15,19,0,0
63191,1,1,0,0,0,0,0,0,0,0,0,0
63192,1,1,0,0,0,0,20,0,0,29,15,0
63193,1,1,8,8,8,8,8,8,8,8,8,8
63194,0,1,0,24,9,22,0,4,0,0,38,39
63194,1,1,0,0,0,0,0,0,0,0,0,0
63195,0,1,0,0,10,0,0,0,31,12,0,0
63195,1,1,0,0,18,0,0,0,0,0,0,0
63196,1,1,0,0,0,0,0,0,0,0,19,0
63196,2,1,0,0,0,0,0,0,0,0,0,0
63197,1,1,0,0,0,0,0,0,0,0,0,0
63198,0,1,0,0,0,0,0,0,0,0,17,0
63198,2,1,0,0,0,0,0,0,0,0,0,0
63199,1,1,0,0,0,0,0,0,0,0,0,0
63199,2,1,0,0,0,0,0,0,0,0,0,0
63200,0,1,0,29,33,0,0,18,0,31,0,0
63200,1,1,0,14,0,0,0,0,0,0,0,0
63201,1,1,13,0,0,0,0,0,0,21,15,19
63202,1,1,0,0,0,0,0,0,0,0,0,0
63202,2,1,0,0,13,0,0,0,0,0,0,0
63203,1,1,0,0,0,0,0,0,0,0,0,0
63203,2,1,7,0,7,9,0,0,0,28,18,7
63204,0,1,6,26,0,23,28,0,13,0,35,0
63204,0,2,19,26,0,0,0,0,0,0,0,0
63204,1,1,17,19,6,25,10,22,0,3,17,16
63205,1,1,0,0,0,0,0,0,0,0,0,0
63205,2,1,0,0,0,0,0,0,0,0,0,0
63206,0,1,31,24,22,13,18,23,21,10,18,18
63206,1,1,0,0,0,0,0,0,0,0,0,0
63207,1,1,0,0,0,0,0,0,0,0,0,0
63207,2,1,0,0,0,0,0,0,0,0,0,0
63208,1,1,0,0,0,0,0,0,13,0,0,13
63208,2,1,0,0,0,5,0,0,0,0,0,0
63209,1,1,0,5,0,0,0,0,5,0,0,0
63209,2,1,0,0,0,0,0,0,0,0,0,0
63210,0,1,4,4,4,4,4,4,4,4,4,4
63210,1,1,0,0,0,0,0,0,0,0,0,0
63211,1,1,0,13,28,17,17,0,0,14,0,24
63211,2,1,0,0,0,0,0,0,0,0,0,0
63212,1,1,0,0,0,0,15,0,0,0,0,0
63212,2,1,0,0,0,0,0,0,0,0,0,0
63213,1,1,0,0,0,0,0,0,0,0,0,0
63213,2,1,0,0,0,0,0,0,0,0,0,0
63214,0,1,0,22,33,21,13,30,0,36,0,0
63214,1,1,13,8,0,2,8,19,5,2,0,14
63215,0,1,0,0,0,0,0,0,0,0,0,0
63215,1,1,0,0,0,0,0,0,0,0,0,0
63216,1,1,0,0,0,0,0,0,0,0,0,0
63216,2,1,0,45,25,0,24,0,21,0,26,0
63217,1,1,1,1,1,1,1,1,1,1,1,1
63217,2,1,0,0,0,0,0,0,0,0,0,0
63218,0,1,0,25,24,0,17,17,0,10,0,12
63218,1,1,0,0,0,0,0,0,0,0,0,4
63218,2,1,0,0,0,0,0,0,0,0,0,0
63219,0,1,0,0,0,0,27,0,0,0,32,0
63219,1,1,10,0,10,7,0,4,6,16,0,20
63220,1,1,0,0,0,0,0,0,0,0,0,0
63221,1,1,0,0,46,0,3,0,0,0,0,0
63221,2,1,0,0,0,0,0,0,0,0,0,0
63222,1,1,0,0,0,0,0,0,0,0,0,0
63222,2,1,0,0,0,0,0,0,0,0,0,0
63223,0,1,0,0,0,0,0,0,41,0,0,0
63223,1,1,0,0,0,0,0,11,0,0,0,0
63224,1,1,0,0,0,0,0,0,0,0,0,0
63224,2,1,0,0,0,0,0,0,0,0,0,0
63224,3,1,0,0,0,0,0,0,0,0,0,0
63225,0,1,16,16,16,16,16,16,16,16,16,16
63225,1,1,0,0,0,0,0,0,0,0,0,0
63226,0,1,0,25,39,6,0,0,19,21,8,15
63226,1,1,0,9,0,0,0,6,0,0,0,8
63227,1,1,17,17,17,17,17,17,17,17,17,17
63227,2,1,0,0,0,0,0,0,0,0,0,0
63228,1,1,0,0,0,0,0,0,0,0,0,0
63229,0,1,0,12,15,0,12,0,0,0,0,20
63229,1,1,0,0,0,0,0,0,0,0,0,0
63230,1,1,17,17,17,17,17,17,17,17,17,17
63231,0,1,0,0,0,0,0,0,0,0,0,0
63231,1,1,0,0,0,0,0,0,0,0,0,0
63231,2,1,0,0,0,0,0,0,0,0,0,0
63232,1,1,0,0,13,0,0,9,0,13,0,0
63232,3,1,15,15,15,15,15,15,15,15,15,15
63233,0,1,6,25,9,33,26,22,0,19,0,25
63233,1,1,0,0,0,0,0,0,0,0,0,0
63234,0,1,19,0,5,21,0,0,18,0,0,18
63234,1,1,0,0,0,0,0,0,0,0,0,0
63234,2,1,10,10,10,10,10,10,10,10,10,10
63235,1,1,0,0,0,0,0,0,0,0,0,0
63236,1,1,0,0,0,0,0,0,0,0,0,0
63237,1,1,20,20,20,20,20,20,20,20,20,20
63238,0,1,0,0,0,0,0,0,0,0,0,0
63238,1,1,16,0,20,0,0,3,0,0,0,0
63239,1,1,12,12,12,12,12,12,12,12,12,12
63239,2,1,0,0,0,0,0,0,0,0,0,0
63240,1,1,0,0,0,0,0,0,0,0,0,0
63240,2,1,0,0,0,0,0,0,0,0,0,0
63241,0,1,17,17,17,17,17,17,17,17,17,17
63241,1,1,0,0,0,0,0,0,0,0,0,0
63242,0,1,25,0,0,28,27,27,0,0,0,0
63242,1,1,0,0,0,0,0,0,0,0,0,0
63243,1,1,0,0,0,0,0,0,0,0,0,0
63243,2,1,0,0,0,0,0,0,0,0,0,0
63243,3,1,0,0,0,0,0,0,0,0,0,0
63243,4,1,0,0,0,0,0,0,0,0,0,0