ST_CASE,VEH_NO,PER_NO,P1,P2,P3,P4,P5,P6,P7,P8,P9,P10
63243,5,1,0,0,0,0,0,0,0,0,0,0
63244,0,1,0,0,21,0,0,0,0,0,21,0
63244,1,1,0,0,0,0,9,0,0,0,0,0
63245,1,1,0,0,0,0,0,0,0,0,0,0
63245,2,1,0,0,0,0,0,0,0,0,0,0
63246,1,1,0,0,0,0,0,0,0,0,0,0
63246,2,1,0,18,12,21,21,0,7,0,0,38
63247,1,1,12,12,12,12,12,12,12,12,12,12
63247,2,1,0,0,0,0,0,0,0,0,0,0
63248,0,1,18,0,0,28,0,0,0,0,0,0
63248,1,1,0,0,0,0,0,0,0,0,0,0
63249,0,1,0,0,0,0,0,0,0,0,0,0
63249,1,1,6,6,6,6,6,6,6,6,6,6
63250,1,1,0,0,15,0,11,0,11,0,23,0
63251,0,1,0,0,7,0,26,0,26,14,5,0
63251,1,1,0,0,0,0,0,0,0,0,0,0
63252,0,1,32,0,0,16,0,10,5,25,0,19
63252,1,1,0,15,0,0,16,0,0,0,0,0
63253,1,1,17,17,17,17,17,17,17,17,17,17
63253,2,1,0,0,0,0,0,0,0,0,0,0
63254,0,1,25,0,0,0,25,0,0,0,0,0
63254,1,1,0,11,0,0,19,12,0,0,0,0
63254,2,1,0,0,0,8,0,0,0,0,0,0
63255,1,1,0,0,0,0,0,0,0,0,11,0
63255,2,1,0,0,0,0,0,0,0,0,0,0
63256,1,1,16,16,16,16,16,16,16,16,16,16
63257,1,1,0,0,10,0,0,0,0,0,0,0
63258,0,1,0,0,0,0,31,38,0,3,25,29
63258,1,1,2,0,0,0,0,10,0,12,9,11
63259,1,1,0,0,0,0,0,0,0,0,0,0
63259,2,1,0,0,0,0,0,0,0,0,0,0
63259,3,1,0,0,0,0,0,0,0,0,0,0
63260,0,1,33,22,7,0,0,0,0,0,0,0
63260,1,1,0,0,0,0,0,0,0,0,0,0
63261,0,1,0,0,0,0,0,0,0,0,0,0
63261,1,1,0,0,0,0,0,0,0,0,0,0
63262,0,1,17,17,17,17,17,17,17,17,17,17
63262,1,1,0,0,0,0,21,0,0,0,0,0
63263,1,1,0,0,0,0,0,0,0,0,0,0
63263,2,1,0,0,0,12,0,0,17,0,0,0
63264,1,1,0,0,0,0,0,0,0,0,0,0
63264,2,1,0,0,0,0,0,0,0,0,0,0
63265,1,1,16,20,0,26,0,0,0,0,0,0
63265,2,1,0,0,0,0,0,0,0,0,0,0
63265,3,1,0,0,0,7,0,0,0,0,0,0
63265,4,1,0,0,0,0,0,0,0,0,0,0
63265,5,1,0,22,0,0,0,0,0,0,0,0
63266,1,1,0,7,0,0,0,0,0,0,0,0
63266,2,1,19,19,19,19,19,19,19,19,19,19
63267,1,1,0,0,0,0,0,0,0,0,0,0
63267,2,1,11,0,20,0,0,0,0,12,11,18
63268,1,1,13,13,13,13,13,13,13,13,13,13
63269,1,1,0,26,29,0,0,0,15,0,0,16
63270,1,1,0,0,13,0,0,0,0,0,0,0
63271,1,1,0,0,0,0,0,0,0,13,0,0
63271,2,1,0,0,9,0,30,0,20,14,19,0
63272,1,1,0,0,0,0,0,0,0,0,0,0
63272,2,1,0,0,0,0,0,0,0,0,0,17
63272,3,1,0,0,0,0,0,0,0,0,0,0
63273,1,1,0,0,0,0,0,0,0,0,0,24
63273,2,1,0,0,0,0,23,0,0,0,0,0
63273,3,1,0,0,0,0,0,0,0,0,0,0
63273,4,1,0,0,0,0,0,0,0,0,0,0
63274,1,1,0,0,0,0,0,0,0,0,0,0
63274,2,1,0,0,0,0,0,0,0,0,0,0
63274,3,1,0,11,0,0,0,0,0,0,6,0
63274,4,1,0,0,0,0,0,0,0,0,0,0
63275,1,1,0,0,0,0,0,0,0,0,0,0
63275,2,1,0,0,0,0,15,0,0,18,0,0
63275,3,1,0,0,0,0,0,0,0,0,0,0
63275,4,1,0,0,0,0,0,0,0,0,0,0
63276,0,1,40,40,40,40,40,40,40,40,40,40
63276,1,1,6,0,8,21,0,14,13,0,0,24
63277,0,1,34,22,0,16,38,17,0,29,0,0
63277,1,1,0,0,0,0,0,0,0,0,0,0
63278,1,1,0,0,21,0,0,0,0,24,0,0
63278,2,1,0,0,0,0,0,0,0,0,0,0
63279,1,1,0,0,0,0,0,0,0,0,0,0
63279,2,1,0,0,0,0,0,0,0,0,0,0
63280,0,1,9,0,17,18,0,24,21,17,17,20
63280,1,1,0,0,0,0,0,0,0,0,0,0
63281,1,1,16,27,23,7,15,9,14,0,19,18
63282,1,1,0,0,0,0,20,0,0,0,0,0
63282,2,1,0,0,0,0,0,0,0,0,0,0
63283,1,1,0,0,0,0,0,0,0,0,0,0
63283,2,1,0,0,38,0,0,0,0,31,0,0
63283,3,1,0,0,0,0,0,0,0,0,0,0
63283,4,1,0,0,0,0,0,0,0,0,0,0
63284,1,1,0,0,0,0,0,0,0,0,0,0
63284,2,1,0,0,0,0,0,0,0,0,0,0
63285,1,1,0,0,0,0,0,0,0,0,0,0
63286,1,1,13,13,13,13,13,13,13,13,13,13
63287,1,1,0,0,0,0,0,0,0,0,0,0
63287,2,1,0,0,0,0,0,0,0,0,0,0
63288,0,1,0,0,0,0,0,0,0,0,0,0
63288,0,2,0,0,0,0,0,0,0,15,0,0
63288,1,1,0,0,0,0,0,0,0,9,0,16
63288,2,1,0,0,0,0,0,0,0,0,0,0
63289,1,1,12,12,12,12,12,12,12,12,12,12
63289,2,1,9,19,0,0,0,0,0,0,10,0
63289,3,1,0,0,12,0,0,0,0,0,0,0
63289,4,1,28,5,19,0,3,5,16,0,13,9
63290,0,1,0,0,0,0,0,0,0,0,0,0
63290,1,1,0,0,0,0,0,0,0,0,0,19
63290,2,1,0,5,0,0,0,0,0,0,0,0
63291,1,1,0,0,0,0,0,0,0,0,0,0
63291,2,1,0,0,21,0,0,0,0,0,0,0
63292,0,1,0,0,0,0,0,0,0,0,0,0
63292,0,2,0,0,0,0,0,0,0,0,4,0
63292,1,1,0,0,0,0,0,0,0,0,0,0
63293,1,1,22,26,25,6,35,0,16,13,36,20
63294,0,1,0,0,0,0,0,0,0,0,0,0
63294,1,1,0,0,0,15,0,0,0,0,0,0
63294,2,1,0,0,0,0,0,0,0,0,0,0
63295,1,1,19,19,19,19,19,19,19,19,19,19
63295,2,1,0,0,0,0,0,0,0,21,0,0
63296,1,1,25,41,18,10,17,32,15,23,25,19
63296,2,1,0,20,0,0,0,0,0,0,0,0
63296,3,1,0,0,0,0,0,0,0,0,0,0
63296,4,1,0,0,0,0,0,0,0,0,0,0
63297,1,1,0,0,0,0,0,0,0,0,0,0
63298,1,1,0,0,5,0,0,0,0,0,0,0
63298,2,1,0,0,0,0,0,0,0,0,0,0
63298,3,1,0,0,0,0,0,0,0,0,0,0
63298,4,1,0,0,0,0,0,0,0,0,0,0
63299,0,1,23,0,0,0,0,0,0,0,0,20
63299,1,1,1,1,1,1,1,1,1,1,1,1
63300,1,1,0,0,0,0,0,0,0,0,0,0
63300,2,1,0,0,0,0,0,0,0,0,0,0
63301,1,1,1,1,1,1,1,1,1,1,1,1
63301,2,1,15,15,15,15,15,15,15,15,15,15
63302,0,1,0,0,0,0,0,0,0,0,0,0
63302,1,1,0,26,0,0,0,26,27,16,12,33
63303,0,1,0,0,0,0,0,0,0,44,0,15
63303,1,1,0,0,0,0,0,0,0,0,0,0
63304,1,1,0,0,0,0,0,0,0,9,0,0
63304,2,1,0,0,0,5,0,0,0,6,0,0
63305,1,1,8,8,8,8,8,8,8,8,8,8
63306,1,1,0,0,0,0,0,0,0,0,0,0
63306,2,1,0,0,0,0,0,0,0,0,0,0
63307,0,1,0,12,39,0,5,24,22,10,22,0
63307,1,1,13,13,13,13,13,13,13,13,13,13
63308,0,1,0,0,0,0,0,0,0,0,0,0
63308,1,1,0,18,0,5,0,0,0,31,0,0
63309,0,1,30,30,30,30,30,30,30,30,30,30
63309,1,1,17,0,0,0,0,0,0,0,0,0
63310,1,1,0,30,0,0,0,0,20,0,23,0
63311,1,1,14,0,0,0,0,0,0,13,17,0
63311,2,1,0,0,0,0,0,0,0,0,0,0
63312,1,1,0,0,0,0,0,0,0,0,0,0
63312,2,1,0,0,0,0,0,0,14,0,0,0
63313,1,1,10,16,25,12,19,10,3,27,9,5
63313,2,1,0,0,0,0,0,0,0,0,0,0
63314,1,1,0,0,0,0,0,0,0,0,0,8
63314,2,1,0,0,0,0,0,0,0,14,0,0
63315,1,1,0,0,0,0,0,0,0,0,0,0
63315,2,1,0,0,0,0,7,0,0,0,0,0
63316,0,1,0,0,0,0,0,0,0,0,0,0
63316,1,1,0,0,0,22,0,0,0,0,21,0
63317,1,1,0,4,0,35,0,15,4,0,10,16
63318,1,1,15,0,11,6,0,0,7,13,10,12
63318,2,1,4,4,4,4,4,4,4,4,4,4
63319,1,1,12,12,12,12,12,12,12,12,12,12
63319,2,1,12,0,0,7,0,30,0,33,0,14
63320,1,1,0,0,0,0,0,0,0,0,0,0
63320,2,1,0,0,0,0,0,0,0,0,15,0
63321,1,1,17,17,17,17,17,17,17,17,17,17
63322,1,1,13,13,13,13,13,13,13,13,13,13
63323,0,1,0,0,0,0,0,0,0,0,0,0
63323,1,1,0,0,0,0,0,0,0,0,0,0
63324,1,1,16,16,16,16,16,16,16,16,16,16
63324,2,1,0,0,0,0,0,0,0,0,0,0
63325,0,1,26,26,26,26,26,26,26,26,26,26
63325,0,2,8,0,0,0,0,0,0,0,0,0
63325,1,1,8,10,28,23,2,20,13,9,10,2
63326,0,1,18,22,10,15,25,3,29,5,29,14
63326,1,1,0,0,0,0,0,0,16,0,0,11
63327,1,1,0,23,0,16,0,10,0,9,0,15
63327,2,1,10,5,8,0,0,11,0,0,0,0
63327,3,1,0,0,18,0,0,0,0,0,0,0
63327,4,1,0,0,0,0,0,0,0,8,0,0
63328,1,1,0,0,0,0,0,0,0,0,0,0
63328,2,1,22,22,22,22,22,22,22,22,22,22
63329,0,1,0,0,0,0,0,0,0,0,0,0
63329,1,1,8,5,14,0,0,11,17,8,26,11
63330,0,1,0,0,0,0,0,0,0,14,0,0
63330,1,1,0,0,0,0,0,0,0,0,0,0
63331,0,1,0,18,23,0,0,0,0,0,18,0
63331,1,1,12,0,10,4,4,14,27,0,0,11
63332,1,1,0,0,0,0,0,0,0,0,0,0
63332,2,1,12,0,0,0,12,0,0,0,0,0
63332,3,1,0,0,0,0,0,0,0,0,0,0
63333,1,1,0,0,10,0,0,0,0,0,0,0
63333,2,1,0,0,0,0,7,0,0,14,0,0
63334,1,1,25,11,20,11,21,21,16,0,0,5
63334,2,1,0,0,0,0,0,0,0,0,0,0
63335,1,1,0,0,0,0,14,0,6,17,0,40
63335,2,1,0,0,0,0,0,4,0,0,0,0
63336,1,1,5,5,5,5,5,5,5,5,5,5
63336,2,1,0,29,0,0,0,23,0,0,0,0
63337,0,1,0,0,0,0,0,0,0,0,0,0
63337,1,1,0,0,0,0,0,11,20,0,0,0
63338,1,1,0,29,0,18,0,0,0,0,0,0
63339,0,1,0,13,0,0,0,20,0,0,0,24
63339,1,1,0,0,0,12,0,0,0,0,0,0
63340,1,1,12,12,12,12,12,12,12,12,12,12
63340,2,1,0,0,0,0,0,0,0,0,0,0
63340,3,1,19,0,26,0,14,12,0,0,0,0
63341,1,1,0,0,0,0,0,0,0,0,0,0
63341,2,1,0,0,0,0,0,0,0,0,0,0
63342,0,1,11,0,27,0,0,29,45,0,13,0
63342,1,1,5,15,15,16,0,13,0,20,3,8
63343,1,1,0,0,0,0,0,0,0,0,0,0
63343,2,1,0,0,0,0,0,0,0,0,0,0
63344,1,1,25,0,0,15,0,25,29,20,16,20
63345,0,1,0,0,0,0,0,0,0,0,0,0
63345,1,1,0,0,0,0,0,0,0,0,0,0
63346,1,1,0,0,0,0,0,0,0,0,0,0
63347,1,1,0,2,0,13,0,17,0,0,0,0
63348,1,1,0,0,0,0,0,0,0,0,0,0
63348,2,1,23,0,0,17,0,0,0,0,0,0
63349,0,1,20,19,0,0,0,0,0,30,0,0
63349,1,1,15,24,0,11,12,17,14,16,0,5
63350,0,1,0,0,0,0,9,0,11,0,0,8
63350,1,1,0,0,0,0,0,0,0,0,0,0
63351,1,1,0,0,17,0,25,0,13,24,0,0
63351,2,1,0,0,0,0,0,0,0,0,0,0
63351,3,1,14,0,0,0,0,0,0,0,0,0
63351,4,1,0,0,0,0,0,0,0,0,0,0
63351,5,1,0,9,0,0,0,0,0,0,0,0
63352,1,1,0,0,0,0,0,0,0,0,0,0
63352,2,1,14,14,14,14,14,14,14,14,14,14
63353,1,1,16,23,0,25,33,0,0,35,0,14
63353,2,1,0,0,12,0,0,0,0,0,0,0
63353,3,1,0,0,0,0,13,0,0,0,0,0
63353,4,1,0,13,0,0,0,0,0,0,0,0
63354,0,1,20,24,0,0,0,0,17,10,0,0
63354,1,1,0,0,0,0,0,0,0,0,0,0
63355,0,1,0,0,0,0,0,0,0,0,0,0
63355,1,1,0,0,13,0,0,0,16,0,0,15
63355,2,1,0,0,0,0,0,0,0,7,0,0
63355,3,1,0,0,0,0,0,0,0,0,0,0
63356,0,1,0,0,0,0,15,0,14,0,0,0
63356,1,1,0,0,0,0,0,0,0,0,0,0
63357,1,1,19,19,19,19,19,19,19,19,19,19
63357,2,1,0,0,0,0,0,0,0,0,0,0
63358,1,1,21,11,0,7,20,0,17,12,31,27
63359,1,1,0,0,0,0,0,0,0,0,0,0
63360,0,1,22,21,0,8,4,0,0,0,28,0
63360,1,1,0,31,0,0,0,0,0,0,0,26
63361,0,1,0,0,0,0,0,0,0,0,0,0
63361,1,1,0,0,0,0,0,0,0,0,0,0
63362,1,1,0,0,0,0,0,0,0,0,0,0
63362,2,1,0,0,0,0,0,0,0,0,0,0
63362,3,1,0,0,0,0,0,0,0,0,0,0
63363,0,1,12,0,0,10,0,24,10,24,5,0
63363,1,1,19,19,19,19,19,19,19,19,19,19
63363,2,1,0,0,0,0,0,0,0,0,0,0
63364,1,1,0,0,0,0,0,0,0,0,0,0
63364,2,1,0,0,0,0,0,0,0,0,0,0
63364,3,1,0,0,0,0,0,0,0,0,0,0
63365,1,1,0,10,6,0,0,0,0,0,0,0
63365,2,1,0,0,0,0,0,0,0,0,0,0
63366,0,1,20,0,0,0,0,0,0,0,0,0
63366,1,1,16,0,0,0,0,0,0,0,0,0
63367,1,1,16,16,16,16,16,16,16,16,16,16
63367,2,1,0,0,0,0,0,0,0,0,0,0
63368,1,1,10,10,10,10,10,10,10,10,10,10
63368,2,1,0,6,9,11,18,15,8,9,24,16
63369,1,1,0,0,0,0,0,0,0,0,0,0
63369,2,1,0,0,0,0,0,0,0,0,0,0
63370,0,1,0,54,0,0,0,0,0,0,14,0
63370,1,1,9,9,9,9,9,9,9,9,9,9
63371,1,1,23,3,0,24,13,0,0,0,3,0
63372,1,1,0,0,0,0,0,0,0,0,0,0
63372,2,1,0,0,0,0,0,0,0,0,0,0
63373,1,1,31,4,0,0,0,0,0,0,0,0
63373,2,1,0,0,0,0,0,0,0,0,0,0
63374,1,1,0,0,20,0,0,0,9,0,0,0
63374,2,1,0,0,0,0,0,0,0,0,0,0
63375,1,1,0,0,0,0,0,0,0,0,0,0
63375,2,1,0,0,0,0,0,0,0,0,0,0
63375,3,1,0,0,0,0,0,0,0,0,0,0
63376,0,1,27,0,30,0,0,0,0,0,21,0
63376,0,2,4,0,0,0,0,11,0,0,0,0
63376,1,1,0,0,8,0,0,0,0,0,0,0
63376,2,1,0,0,0,0,0,0,0,0,0,0
63377,0,1,24,24,24,24,24,24,24,24,24,24
63377,1,1,0,0,0,0,0,0,0,0,17,16
63378,1,1,19,19,19,19,19,19,19,19,19,19
63379,1,1,0,0,9,26,0,0,19,0,19,32
63379,2,1,0,20,0,19,0,0,0,0,0,0
63379,3,1,0,0,0,0,0,0,0,0,0,22
63379,4,1,0,0,0,13,0,0,0,0,0,0
63380,0,1,0,0,0,0,0,0,0,0,0,0
63380,1,1,0,0,0,0,0,0,0,0,0,0
63381,0,1,7,11,22,0,0,0,0,0,0,0
63381,1,1,20,15,0,13,0,0,0,0,15,0
63382,1,1,0,0,0,0,0,0,0,0,0,0
63382,2,1,29,21,0,13,30,16,0,18,13,0
63383,1,1,0,0,0,0,0,0,0,0,0,0
63384,1,1,0,0,0,0,0,0,0,0,0,0
63385,0,1,0,27,29,0,38,0,22,13,0,15
63385,1,1,0,0,0,0,13,10,3,10,0,14
63386,1,1,20,20,20,20,20,20,20,20,20,20
63387,0,1,0,24,0,0,0,0,0,0,20,0
63387,1,1,10,15,0,12,0,9,7,6,0,18
63388,1,1,0,0,17,14,45,18,26,0,15,0
63389,1,1,0,0,0,0,0,0,0,0,0,0
63390,1,1,0,0,0,0,0,0,0,0,0,0
63390,2,1,0,10,10,0,0,14,24,0,12,10
63391,1,1,0,0,0,0,0,0,0,0,0,0
63392,1,1,0,0,0,0,0,0,0,0,0,0
63393,1,1,24,24,24,24,24,24,24,24,24,24
63394,1,1,14,20,0,0,21,0,10,23,15,15
63395,0,1,0,0,0,0,0,10,10,0,0,0
63395,1,1,13,0,9,20,27,17,12,8,14,6
63396,1,1,23,23,23,23,23,23,23,23,23,23
63397,1,1,0,0,0,0,0,0,0,0,0,0
63397,2,1,17,8,7,0,12,22,8,19,21,5
63398,1,1,33,25,7,20,0,11,21,0,0,19
63398,2,1,0,0,0,0,0,0,0,0,0,0
63399,0,1,9,0,0,7,17,0,13,13,21,0
63399,1,1,0,0,0,0,0,0,0,0,0,0
63400,0,1,0,0,0,0,0,0,0,9,0,0
63400,1,1,0,0,0,0,0,29,0,0,13,0
63401,1,1,0,16,22,16,0,15,18,18,15,19
63401,2,1,0,18,0,0,0,0,0,16,0,0
63402,1,1,17,17,17,17,17,17,17,17,17,17
63403,1,1,0,0,0,0,0,0,0,0,0,0
63404,0,1,0,0,0,0,12,0,0,12,13,0
63404,1,1,0,0,0,0,0,0,0,0,0,0
63405,1,1,0,0,0,0,0,0,0,0,0,0
63406,1,1,0,0,0,0,0,0,0,0,0,0
63406,2,1,0,0,0,0,0,0,0,0,0,0
63406,3,1,0,0,0,0,0,0,0,0,0,0
63407,1,1,20,20,20,20,20,20,20,20,20,20
63408,1,1,23,23,23,23,23,23,23,23,23,23
63409,1,1,0,0,0,0,0,0,0,0,0,0
63409,2,1,0,0,0,0,0,0,0,0,16,0
63410,1,1,0,0,0,0,0,0,0,0,0,0
63410,2,1,0,0,0,0,0,0,0,0,0,0
63410,3,1,0,0,0,0,0,0,0,0,0,0
63411,0,1,0,0,0,0,0,0,0,0,0,0
63411,1,1,0,0,0,0,0,0,0,0,23,0
63412,1,1,17,26,13,19,24,11,10,6,11,4
63413,0,1,22,36,34,36,23,12,16,8,21,0
63413,1,1,19,19,19,19,19,19,19,19,19,19
63414,1,1,12,12,13,0,19,16,8,35,22,17
63414,2,1,0,12,0,7,13,0,0,9,0,0
63415,1,1,0,0,0,0,0,0,0,0,0,0
63415,2,1,0,0,8,0,0,0,0,0,0,0
63416,1,1,0,0,0,0,0,0,0,0,0,0
63416,2,1,0,0,0,0,0,0,0,0,0,0
63417,0,1,0,15,0,0,0,0,0,25,0,0
63417,1,1,0,24,18,8,5,0,6,11,5,0
63418,0,1,0,29,21,0,0,0,15,23,39,0
63418,1,1,0,0,9,7,14,0,0,0,0,21
63419,0,1,0,0,0,0,0,0,0,0,0,34
63419,0,2,10,10,10,10,10,10,10,10,10,10
63419,1,1,0,0,0,0,0,0,0,0,0,0
63419,2,1,0,0,0,0,0,0,0,0,0,0
63420,1,1,0,0,0,0,0,0,11,0,0,31
63420,2,1,7,27,0,0,0,17,0,0,0,28
63421,1,1,0,16,22,10,11,11,12,19,18,7
63421,2,1,0,0,0,0,0,0,0,0,0,0
63422,1,1,0,0,0,0,0,0,0,0,0,0
63422,2,1,0,0,0,0,0,0,0,0,0,0
63423,1,1,0,0,0,0,0,0,0,0,0,0
63423,2,1,0,0,0,0,0,0,0,0,0,0
63424,1,1,0,0,0,0,0,0,13,0,0,0
63424,2,1,0,0,0,0,0,0,0,0,0,0
63425,0,1,0,0,0,16,28,0,16,0,6,1
63425,1,1,0,0,0,0,0,0,0,0,0,0
63426,1,1,8,12,27,0,0,0,22,3,16,0
63427,1,1,0,0,0,0,0,0,0,0,0,0
63428,0,1,0,0,13,0,0,0,0,0,0,0
63428,1,1,18,0,0,0,0,0,0,0,0,0
63429,1,1,0,0,0,0,0,0,0,0,0,0
63430,1,1,0,0,0,0,0,0,0,0,0,0
63430,2,1,17,12,12,0,6,0,0,0,0,11
63431,1,1,3,3,3,3,3,3,3,3,3,3
63431,2,1,0,0,0,0,0,0,0,0,0,0
63432,1,1,0,0,0,0,0,0,0,0,0,0
63432,2,1,0,0,0,0,0,0,0,0,0,0
63433,1,1,0,0,0,0,0,0,0,28,0,0
63433,2,1,0,0,0,0,0,0,0,0,0,0
63433,3,1,0,0,0,0,0,0,7,0,0,0
63434,1,1,0,0,0,0,0,0,0,0,0,0
63434,2,1,0,0,0,0,0,0,0,0,19,0
63435,1,1,0,19,24,0,22,0,17,12,18,0
63436,0,1,35,21,23,14,9,49,22,36,21,6
63436,1,1,11,0,0,0,0,13,32,0,0,0
63437,1,1,0,27,0,0,0,0,0,0,0,20
63438,1,1,0,0,0,0,0,0,0,0,0,0
63438,2,1,0,0,0,0,0,0,0,0,0,0
63438,3,1,0,24,0,0,0,0,0,0,0,0
63439,1,1,0,0,0,0,0,0,0,0,36,0
63440,1,1,0,0,0,0,0,11,0,0,0,0
63441,1,1,18,18,18,18,18,18,18,18,18,18
63441,2,1,0,12,0,13,0,28,0,0,0,0
63442,0,1,0,0,0,0,0,25,19,47,0,0
63442,1,1,0,0,9,0,0,0,0,0,0,0
63443,1,1,9,9,9,9,9,9,9,9,9,9
63443,2,1,0,0,0,0,0,0,0,0,0,0
63444,0,1,0,0,0,0,0,0,0,0,0,0
63444,1,1,0,0,0,0,0,0,0,0,0,0
63445,1,1,0,0,0,0,0,0,0,0,0,0
63445,2,1,0,0,0,0,0,0,0,0,0,0
63446,1,1,10,12,9,26,23,15,18,22,0,8
63446,2,1,0,0,0,0,0,0,16,0,0,0
63447,0,1,0,23,18,0,0,42,0,12,19,19
63447,1,1,6,6,6,6,6,6,6,6,6,6
63448,0,1,0,0,0,0,0,0,0,0,0,0
63448,1,1,0,15,31,14,16,0,14,0,0,0
63449,0,1,0,0,0,0,0,0,0,0,0,0
63449,1,1,9,8,0,0,12,0,0,15,0,4
63450,1,1,0,0,0,0,0,0,0,0,0,0
63450,2,1,0,0,0,0,0,0,0,0,0,0
63451,1,1,0,0,0,0,0,0,0,0,0,0
63451,2,1,0,0,0,0,0,0,0,0,0,0
63452,1,1,19,19,19,19,19,19,19,19,19,19
63452,2,1,0,0,0,0,0,0,0,0,0,0
63453,1,1,0,0,23,0,0,0,0,32,0,17
63454,1,1,0,0,0,0,0,0,0,0,0,0
63454,2,1,0,0,0,0,0,0,0,0,0,0
63455,1,1,0,0,0,0,18,0,7,0,0,0
63455,2,1,0,11,0,0,0,0,0,0,0,0
63456,1,1,9,9,9,9,9,9,9,9,9,9
63456,2,1,0,0,0,0,0,0,0,0,0,0
63456,3,1,0,0,0,0,0,0,0,0,0,0
63457,1,1,15,34,10,20,0,28,16,0,26,11
63457,2,1,0,0,0,0,0,0,0,0,0,0
63458,1,1,13,15,13,6,9,29,29,21,21,20
63459,0,1,0,0,7,0,14,13,19,0,16,0
63459,1,1,0,0,0,0,10,8,21,0,3,5
63460,1,1,0,0,0,0,0,0,0,0,0,0
63460,2,1,0,0,0,0,0,0,0,0,0,0
63461,1,1,0,0,0,0,0,0,0,0,0,0
63461,2,1,0,0,0,0,0,0,0,0,0,0
63462,1,1,0,0,11,0,0,0,0,0,0,0
63462,2,1,0,0,0,0,0,0,0,0,0,0
63463,1,1,14,14,14,14,14,14,14,14,14,14
63464,1,1,0,0,0,0,0,11,0,0,0,0
63464,2,1,0,0,0,0,0,0,0,0,0,0
63465,1,1,21,21,21,21,21,21,21,21,21,21
63465,2,1,0,0,0,20,0,0,0,0,0,0
63466,1,1,0,0,0,0,0,0,0,0,0,0
63467,1,1,0,0,0,0,0,0,0,0,0,0
63467,2,1,0,0,0,20,0,0,0,0,0,0
63468,0,1,7,0,32,0,15,0,26,0,0,0
63468,1,1,8,3,0,10,0,0,17,0,0,12
63469,1,1,0,0,6,0,0,0,0,0,0,0
63469,2,1,0,22,0,12,0,0,0,0,0,0
63470,1,1,0,0,0,0,0,0,0,0,0,0
63470,2,1,0,0,0,0,0,0,0,0,0,0
63471,0,1,0,0,0,0,0,0,0,14,0,0
63471,1,1,0,0,0,0,0,0,0,0,0,0
63472,1,1,0,0,0,0,0,0,0,0,0,0
63473,1,1,9,0,0,0,0,0,0,0,0,0
63474,1,1,0,0,0,0,0,0,0,0,0,0
63475,0,1,0,0,0,0,0,0,42,22,14,0
63475,1,1,0,0,0,0,0,0,2,0,0,0
63475,2,1,0,0,0,0,0,0,0,0,0,0
63476,1,1,0,21,18,10,0,0,13,20,0,16
63477,1,1,0,0,0,0,0,0,0,0,0,0
63478,0,1,0,0,0,0,0,12,0,0,0,0
63478,1,1,0,0,0,0,0,0,0,0,0,0
63479,1,1,0,0,0,0,0,0,0,0,0,0
63479,2,1,0,0,0,0,0,0,0,0,8,0
63480,1,1,0,0,9,0,0,0,0,0,0,0
63480,2,1,0,0,0,0,0,0,0,0,0,0
63480,3,1,0,0,0,0,0,0,0,0,0,0
63480,4,1,0,0,0,0,0,0,0,0,0,0
63480,5,1,0,0,0,0,0,0,0,0,0,0
63480,6,1,0,10,0,0,0,0,0,0,0,0
63480,7,1,0,0,0,0,0,0,10,0,0,0
63480,8,1,0,0,0,0,0,0,0,0,0,0
63481,1,1,37,15,20,6,17,25,22,16,20,14
63482,1,1,20,20,20,20,20,20,20,20,20,20
63482,2,1,0,0,0,0,0,0,0,0,0,0
63482,3,1,0,0,0,0,15,0,0,0,0,0
63483,1,1,32,13,11,12,14,18,5,10,20,41
63484,0,1,6,21,7,21,24,5,3,7,7,31
63484,1,1,0,0,0,20,0,0,0,0,0,16
63485,1,1,0,0,0,0,0,0,0,0,0,0
63485,2,1,0,0,0,0,0,0,10,0,0,0
63486,1,1,0,0,0,0,0,0,0,0,0,0
63486,2,1,0,0,0,0,0,0,0,0,0,0
63487,1,1,0,0,0,0,0,0,0,0,0,0
63487,2,1,0,0,0,0,0,0,0,0,0,0
63487,3,1,0,0,0,0,0,0,0,0,0,0
63488,1,1,0,0,0,21,0,15,0,0,0,0
63488,2,1,0,0,0,0,0,0,0,0,0,0
63489,0,1,13,13,13,13,13,13,13,13,13,13
63489,1,1,0,12,0,0,0,0,0,17,14,0
63490,1,1,8,8,8,8,8,8,8,8,8,8
63490,2,1,0,25,0,0,36,0,0,0,0,0
63491,0,1,22,20,24,10,0,0,0,44,37,0
63491,1,1,0,0,0,0,0,0,0,0,0,0
63492,0,1,0,15,0,0,0,0,21,0,0,0
63492,1,1,0,0,0,0,0,0,0,0,0,0
63493,1,1,0,0,0,0,0,0,0,0,0,0
63493,2,1,0,0,16,0,8,24,0,19,11,0
63493,3,1,0,0,12,0,0,11,0,0,0,17
63494,0,1,0,0,0,0,0,18,0,0,0,0
63494,1,1,27,0,0,4,17,4,5,18,15,7
63494,2,1,0,0,0,0,0,0,0,0,0,0
63494,3,1,0,0,0,0,0,0,0,0,0,0
63495,1,1,13,8,26,11,22,6,20,23,0,9
63495,2,1,0,0,0,0,0,0,0,0,0,0
63496,1,1,0,0,0,0,0,0,0,0,0,13
63496,2,1,0,0,0,0,0,20,0,0,0,15
63497,1,1,0,0,0,0,0,0,0,0,0,0
63498,0,1,0,0,0,0,0,0,6,17,22,0
63498,1,1,0,0,0,0,0,0,0,6,0,0
63499,1,1,5,9,27,9,33,27,17,14,20,0
63499,2,1,0,0,0,0,0,0,0,0,0,0
63500,1,1,8,0,0,0,0,0,0,0,0,0
63500,2,1,0,0,0,0,0,23,14,0,0,0
63500,3,1,0,0,0,0,0,0,0,0,0,0
63500,4,1,0,0,0,0,6,0,0,0,0,0
63500,5,1,0,0,0,0,0,0,0,0,0,0
63501,1,1,4,4,4,4,4,4,4,4,4,4
63502,1,1,0,0,0,0,0,0,0,0,0,0
63502,2,1,9,0,0,0,0,0,0,0,0,0
63503,0,1,0,0,33,15,0,0,6,0,0,12