ST_CASE,VEH_NO,PER_NO,P1,P2,P3,P4,P5,P6,P7,P8,P9,P10
63503,1,1,0,0,0,0,0,0,0,5,0,0
63503,2,1,0,0,7,0,0,0,0,0,11,10
63504,1,1,8,8,8,8,8,8,8,8,8,8
63504,2,1,0,0,0,0,0,0,0,0,0,0
63505,0,1,0,0,0,0,0,37,0,0,0,20
63505,1,1,0,30,0,0,0,0,0,0,13,0
63506,0,1,0,0,26,0,26,0,0,0,26,0
63506,1,1,0,0,0,0,0,0,0,0,0,0
63507,1,1,0,0,0,0,0,0,0,0,0,0
63507,2,1,0,13,0,0,0,0,0,0,0,0
63508,0,1,3,3,3,3,3,3,3,3,3,3
63508,1,1,0,0,0,0,0,0,0,0,0,0
63509,1,1,0,0,0,0,0,0,0,0,0,0
63510,1,1,0,0,10,0,0,0,0,0,0,0
63510,2,1,0,0,0,0,0,27,0,0,0,0
63512,1,1,0,0,0,0,0,0,0,0,0,0
63513,1,1,20,20,20,20,20,20,20,20,20,20
63513,2,1,0,0,0,0,0,0,0,15,0,0
63514,1,1,31,31,31,31,31,31,31,31,31,31
63514,2,1,0,0,0,0,0,0,0,0,0,0
63514,3,1,26,0,0,0,0,0,0,0,0,0
63514,4,1,0,12,0,0,0,0,0,0,0,0
63514,6,1,0,0,0,0,0,0,0,0,0,0
63515,1,1,0,0,16,0,0,0,0,0,0,16
63515,2,1,0,36,0,13,14,0,0,0,0,13
63516,1,1,10,0,0,0,0,0,0,0,0,0
63517,1,1,0,0,0,0,0,0,0,0,0,0
63517,2,1,0,18,0,0,0,0,0,0,0,0
63518,0,1,0,0,0,0,0,0,0,0,0,0
63518,1,1,0,0,0,0,0,0,0,0,0,0
63519,1,1,0,0,6,0,0,10,0,20,0,0
63520,0,1,0,0,0,0,0,0,0,15,0,0
63520,1,1,0,0,0,0,0,0,0,0,0,0
63521,0,1,0,0,0,0,0,0,0,0,0,0
63521,1,1,0,0,0,0,0,0,0,0,0,0
63521,2,1,0,0,0,0,0,0,0,0,0,12
63521,3,1,0,0,0,0,0,0,0,1,0,0
63521,4,1,0,0,7,0,0,0,0,0,0,0
63521,5,1,0,0,26,0,0,0,0,25,0,0
63522,1,1,5,5,5,5,5,5,5,5,5,5
63522,2,1,19,19,19,19,19,19,19,19,19,19
63523,1,1,3,11,34,1,11,18,0,8,26,22
63523,2,1,0,0,0,0,4,0,34,0,0,0
63524,1,1,0,0,0,0,0,0,0,0,0,0
63524,2,1,0,0,0,0,0,0,0,0,0,0
63525,1,1,0,0,22,0,0,0,0,0,0,0
63526,1,1,0,0,0,0,0,0,0,0,0,0
63527,1,1,0,0,0,0,0,0,0,0,0,0
63528,1,1,0,0,0,0,0,0,0,0,0,0
63528,2,1,0,0,13,0,0,0,0,0,0,23
63528,3,1,0,0,0,0,0,0,0,0,0,0
63528,4,1,0,0,0,0,0,0,0,0,0,0
63529,1,1,0,0,0,0,0,0,0,0,0,0
63529,2,1,0,0,0,0,0,0,0,0,0,0
63529,3,1,0,0,0,0,0,0,0,0,0,0
63529,4,1,0,0,0,0,0,0,0,0,0,0
63530,1,1,0,0,0,0,0,0,0,0,0,0
63530,2,1,0,0,0,0,0,0,0,0,0,0
63531,1,1,0,0,0,0,0,0,0,0,0,0
63531,2,1,10,10,10,10,10,10,10,10,10,10
63532,2,1,0,0,8,0,0,0,0,0,0,0
63533,0,1,0,0,0,0,0,0,0,0,0,0
63533,1,1,0,0,0,0,0,0,0,0,0,0
63534,1,1,0,0,0,0,0,12,0,0,0,0
63534,2,1,0,0,0,0,0,0,0,0,0,0
63535,1,1,0,0,0,0,0,0,0,0,0,0
63536,1,1,0,0,0,0,0,0,0,0,0,0
63536,2,1,19,0,0,0,0,0,0,0,0,0
63536,3,1,0,0,0,25,0,0,0,0,0,0
63537,1,1,0,0,0,0,0,0,0,0,0,0
63538,1,1,20,8,45,6,31,16,18,12,0,13
63539,1,1,0,0,0,0,0,0,0,0,0,0
63539,2,1,18,27,23,9,0,0,0,0,0,0
63540,0,1,0,0,0,0,0,0,0,0,0,0
63540,1,1,0,12,0,5,0,0,0,0,0,0
63541,1,1,0,0,0,0,0,0,0,0,0,0
63542,1,1,0,0,0,0,0,0,0,0,8,0
63542,2,1,0,0,0,0,0,0,0,0,0,0
63543,1,1,0,0,0,0,0,0,0,0,0,7
63543,2,1,0,0,0,0,0,0,0,0,0,0
63544,0,1,0,0,20,0,0,0,0,0,0,0
63544,1,1,0,0,0,17,0,0,0,0,0,0
63544,3,1,0,0,0,0,2,0,0,0,0,0
63545,1,1,5,0,12,11,12,9,8,11,16,23
63546,1,1,0,0,0,0,0,0,0,0,0,0
63546,2,1,17,22,15,20,14,12,21,0,0,0
63547,1,1,21,21,21,21,21,21,21,21,21,21
63548,1,1,0,0,0,0,0,0,0,0,0,0
63548,2,1,0,0,0,17,0,0,0,0,9,0
63549,1,1,0,0,0,0,0,0,15,0,0,0
63550,1,1,0,0,0,15,0,0,22,0,0,0
63551,1,1,0,0,0,0,0,0,0,0,0,0
63551,2,1,0,0,0,0,0,0,0,0,0,0
63552,1,1,15,15,7,35,28,17,19,0,9,4
63553,1,1,9,21,0,14,0,18,0,2,15,0
63553,2,1,0,9,21,0,16,0,0,20,0,0
63554,1,1,0,0,0,6,0,0,0,0,0,0
63554,2,1,0,0,0,0,0,0,0,0,0,0
63555,1,1,0,0,0,0,0,0,0,0,0,0
63555,2,1,18,0,0,0,0,0,0,0,0,0
63556,1,1,31,0,0,0,25,37,0,22,24,19
63556,2,1,0,0,0,0,0,24,0,0,0,0
63557,0,1,0,0,13,0,0,0,13,0,9,0
63557,1,1,12,0,0,0,0,0,0,12,0,22
63558,1,1,0,0,0,0,0,0,0,0,0,0
63558,2,1,0,0,0,0,0,0,0,0,0,0
63558,3,1,0,0,0,0,0,0,0,23,0,0
63559,1,1,0,0,0,0,0,0,0,0,0,0
63559,2,1,0,26,0,0,0,14,0,0,19,0
63560,0,1,0,0,0,0,0,0,0,17,0,0
63560,1,1,13,9,18,27,23,8,11,10,16,0
63561,1,1,15,15,15,15,15,15,15,15,15,15
63561,2,1,0,0,0,0,0,0,0,0,0,0
63561,3,1,0,0,0,0,0,0,0,0,0,0
63562,1,1,0,0,0,0,0,0,0,0,5,0
63562,2,1,0,0,0,0,0,0,0,9,14,0
63563,1,1,13,27,11,7,12,14,0,8,42,9
63563,2,1,22,0,16,0,15,12,16,19,24,0
63563,3,1,6,20,0,0,0,0,0,15,0,0
63564,1,1,20,17,7,0,28,0,28,0,0,0
63565,1,1,0,0,21,34,6,9,46,12,0,0
63566,1,1,0,0,11,6,0,0,3,0,17,8
63566,2,1,0,0,0,0,0,0,0,0,0,0
63566,3,1,0,0,0,0,12,0,0,0,0,12
63567,1,1,10,0,10,12,0,10,11,28,10,14
63568,1,1,8,8,8,8,8,8,8,8,8,8
63568,2,1,10,10,10,10,10,10,10,10,10,10
63569,1,1,3,3,3,3,3,3,3,3,3,3
63570,1,1,0,0,0,0,0,0,0,0,0,0
63570,2,1,0,0,0,0,0,0,0,0,0,0
63571,1,1,0,0,0,0,0,0,0,0,0,0
63571,2,1,0,0,0,0,0,0,0,0,15,0
63572,0,1,0,0,0,0,0,0,0,0,0,0
63572,1,1,0,0,0,0,0,0,0,0,7,0
63573,1,1,0,26,26,0,0,20,19,0,13,15
63573,2,1,0,0,0,0,0,0,0,0,0,0
63574,1,1,0,0,13,29,0,0,0,26,0,0
63575,1,1,0,9,0,0,6,0,14,0,6,0
63576,1,1,29,29,29,29,29,29,29,29,29,29
63577,1,1,15,15,15,15,15,15,15,15,15,15
63578,1,1,21,21,21,21,21,21,21,21,21,21
63579,1,1,0,0,3,40,5,0,0,0,31,4
63580,1,1,20,20,20,20,20,20,20,20,20,20
63581,1,1,0,0,0,0,13,7,0,0,0,0
63582,0,1,0,0,0,0,0,0,0,0,0,0
63582,1,1,0,0,0,0,0,0,0,0,0,0
63583,0,1,0,0,0,0,0,0,0,0,0,0
63583,1,1,0,0,0,0,0,0,0,0,0,0
63584,0,1,0,0,0,0,0,0,0,0,0,0
63584,1,1,0,0,0,0,0,0,0,0,0,0
63585,1,1,22,0,0,30,0,0,0,0,0,21
63586,1,1,14,26,19,26,19,18,19,27,15,30
63586,2,1,0,3,0,13,15,0,0,0,0,9
63587,1,1,0,20,0,0,0,19,0,0,0,10
63588,1,1,0,0,0,0,0,0,0,0,0,0
63588,2,1,0,10,0,0,0,0,0,0,0,0
63589,1,1,0,0,0,0,0,0,0,0,0,0
63589,2,1,14,10,0,13,0,0,0,0,0,0
63590,0,1,0,12,0,0,23,0,23,0,17,30
63590,1,1,0,0,0,0,0,0,0,0,0,0
63591,1,1,18,18,18,18,18,18,18,18,18,18
63591,2,1,0,0,0,0,21,10,0,20,19,0
63592,1,1,15,15,15,15,15,15,15,15,15,15
63592,2,1,18,18,18,18,18,18,18,18,18,18
63592,3,1,0,48,0,0,0,0,13,11,0,17
63593,1,1,0,0,0,0,0,0,0,0,0,0
63593,2,1,0,23,0,0,0,0,0,0,0,0
63594,0,1,32,23,14,32,9,16,28,35,4,17
63594,1,1,0,0,0,6,0,0,0,0,0,0
63595,1,1,20,20,20,20,20,20,20,20,20,20
63595,2,1,0,0,0,0,0,0,0,0,24,0
63595,3,1,0,0,13,0,0,0,0,0,0,0
63596,1,1,21,0,0,0,0,5,0,0,0,0
63596,2,1,0,0,0,0,0,0,0,0,0,0
63597,1,1,0,0,0,0,0,0,20,0,0,0
63598,1,1,0,0,13,21,34,10,13,19,20,16
63598,2,1,0,0,0,0,0,0,0,0,0,0
63598,3,1,0,0,0,0,0,0,0,0,0,0
63598,4,1,0,0,0,0,0,0,0,0,0,0
63598,5,1,0,0,0,0,0,0,0,0,0,0
63599,1,1,8,8,8,8,8,8,8,8,8,8
63599,2,1,0,0,0,0,26,0,19,0,0,0
63600,1,1,0,0,0,9,0,0,0,0,0,12
63600,2,1,0,0,0,0,0,0,0,0,0,0
63601,0,1,0,0,0,0,0,0,0,0,0,0
63601,1,1,0,0,0,0,0,0,0,0,0,0
63602,1,1,19,19,19,19,19,19,19,19,19,19
63603,0,1,10,0,0,0,0,0,0,0,19,0
63603,1,1,0,0,0,0,0,0,0,0,0,0
63604,1,1,0,0,0,0,0,0,16,17,0,0
63605,1,1,13,25,26,31,10,9,9,34,4,35
63606,1,1,0,0,0,0,0,0,0,0,0,0
63606,2,1,0,0,0,0,0,0,0,0,0,0
63607,1,1,0,0,0,0,0,0,0,0,0,0
63607,2,1,0,0,0,0,0,0,0,0,0,0
63608,0,1,10,16,0,0,0,0,0,0,21,0
63608,0,2,0,0,0,0,0,0,0,0,0,0
63608,0,3,0,0,0,0,0,0,0,0,0,0
63608,0,4,0,0,0,0,0,0,0,0,0,0
63608,1,1,0,0,0,8,13,15,0,0,0,11
63609,0,1,0,0,0,0,0,0,0,0,0,0
63609,1,1,0,0,19,0,0,0,0,0,0,21
63610,0,1,0,0,0,0,0,0,0,0,0,0
63610,1,1,0,0,0,0,0,0,0,19,0,0
63611,1,1,0,2,0,0,19,0,0,0,0,0
63612,1,1,0,0,0,0,0,0,0,0,0,29
63613,1,1,0,0,0,0,0,0,0,0,0,0
63614,1,1,0,0,0,0,0,0,0,0,0,0
63614,2,1,0,16,6,0,5,0,20,19,0,0
63615,0,1,15,24,0,0,0,0,19,0,0,19
63615,1,1,0,0,0,0,0,0,0,15,0,0
63616,0,1,0,0,0,0,0,0,0,0,0,0
63616,1,1,17,0,0,12,23,16,8,14,11,0
63617,0,1,0,0,0,0,0,0,0,0,0,0
63617,1,1,0,0,0,0,0,0,0,0,0,0
63617,2,1,0,0,0,0,0,0,0,0,0,0
63618,1,1,0,8,0,0,0,0,0,12,0,0
63618,2,1,0,0,0,0,0,0,0,0,0,0
63619,0,1,0,0,0,0,36,0,0,0,0,0
63619,1,1,0,0,0,0,0,0,0,0,0,0
63620,0,1,0,22,0,0,15,0,36,0,17,0
63620,1,1,11,14,2,0,10,9,3,11,21,12
63621,1,1,0,0,23,10,0,15,15,17,0,0
63622,1,1,0,0,0,12,0,0,0,22,0,24
63622,2,1,0,0,0,0,0,0,0,0,0,0
63622,3,1,0,0,0,0,0,0,0,0,0,0
63622,4,1,0,0,0,0,0,0,0,0,0,0
63622,5,1,0,0,0,0,0,0,15,0,0,0
63623,1,1,0,0,0,0,15,0,0,9,0,0
63623,2,1,0,0,0,0,12,23,0,0,17,9
63624,0,1,0,0,0,26,0,15,0,0,0,0
63624,1,1,0,0,0,0,0,0,0,0,0,0
63625,1,1,0,0,0,20,0,11,0,16,13,24
63626,0,1,6,6,6,6,6,6,6,6,6,6
63626,1,1,0,0,0,0,0,0,0,0,0,0
63627,1,1,6,0,13,0,8,0,0,22,0,0
63628,0,1,7,0,15,0,22,0,0,7,24,19
63628,1,1,15,0,0,6,16,0,0,27,0,0
63629,1,1,26,13,27,18,24,0,17,15,23,0
63629,2,1,0,0,0,0,0,0,0,0,0,0
63630,1,1,0,0,0,0,0,0,0,0,0,0
63631,1,1,16,16,16,16,16,16,16,16,16,16
63631,2,1,0,0,0,0,0,0,0,0,0,0
63631,3,1,0,0,0,0,0,0,0,0,0,0
63632,0,1,25,0,0,0,23,0,0,15,0,0
63632,1,1,9,0,0,0,0,0,0,0,0,10
63633,1,1,11,9,26,18,22,15,0,2,16,17
63634,0,1,14,14,14,14,14,14,14,14,14,14
63634,1,1,0,0,0,0,0,0,0,0,0,0
63635,1,1,0,0,0,0,0,0,0,0,0,0
63635,2,1,0,0,0,0,0,0,0,0,0,0
63636,1,1,0,0,0,0,0,0,0,0,0,0
63636,2,1,0,0,0,0,0,0,0,0,0,0
63637,1,1,26,18,15,5,18,7,23,24,9,9
63637,2,1,0,0,0,0,0,0,0,0,0,0
63638,1,1,0,0,0,0,0,0,0,0,0,0
63638,2,1,0,0,0,0,0,0,0,0,0,0
63639,0,1,10,29,21,15,24,26,13,25,24,12
63639,1,1,0,0,0,0,0,0,0,0,0,0
63639,2,1,21,0,0,0,0,24,10,0,0,26
63639,3,1,0,0,0,0,0,0,0,0,0,0
63640,1,1,4,11,26,20,16,10,12,11,12,14
63641,1,1,14,0,12,25,22,12,6,19,0,26
63641,2,1,0,0,0,0,0,19,0,0,18,0
63642,1,1,0,0,0,0,0,0,0,0,0,0
63642,2,1,23,8,0,22,16,26,22,0,8,15
63642,3,1,0,0,0,0,0,0,0,0,0,0
63643,1,1,0,0,0,0,0,0,0,0,0,0
63643,2,1,0,0,0,0,0,0,0,21,0,0
63643,3,1,0,0,22,0,0,0,0,0,10,16
63644,1,1,15,22,18,0,0,0,13,0,0,0
63644,2,1,20,0,0,0,0,0,0,0,0,30
63645,1,1,0,0,0,0,0,0,0,0,0,0
63646,0,1,9,0,0,15,17,20,25,5,0,0
63646,1,1,6,0,22,0,0,30,17,0,15,14
63647,0,1,38,26,46,12,21,22,18,34,15,21
63647,1,1,0,0,0,0,0,0,0,0,0,0
63648,0,1,0,0,0,0,0,0,0,0,0,0
63648,1,1,0,0,0,0,0,0,0,0,0,0
63649,0,1,0,12,16,0,14,0,4,3,0,0
63649,1,1,0,0,0,0,0,0,0,0,0,0
63650,1,1,0,0,0,0,0,0,0,0,0,0
63650,2,1,0,0,0,0,0,0,0,0,0,0
63651,1,1,0,0,0,0,0,0,0,0,0,0
63651,2,1,0,0,0,0,0,0,22,0,0,0
63652,0,1,0,0,0,0,0,0,0,0,0,0
63652,1,1,4,0,5,0,19,0,0,6,0,9
63653,0,1,0,0,0,0,0,0,0,0,0,0
63653,1,1,22,0,12,15,14,20,14,0,0,0
63654,0,1,0,0,38,7,19,15,0,0,0,0
63654,1,1,15,0,4,7,24,0,13,4,0,10
63655,1,1,0,0,0,0,0,0,0,0,0,0
63655,2,1,13,0,0,0,0,0,0,0,0,0
63655,3,1,6,6,6,6,6,6,6,6,6,6
63655,4,1,0,0,0,0,14,0,0,0,5,0
63655,5,1,0,0,0,0,0,0,0,0,0,0
63656,1,1,18,18,18,18,18,18,18,18,18,18
63656,2,1,0,0,0,0,0,0,0,0,0,0
63657,1,1,0,0,0,0,0,0,0,0,0,0
63657,2,1,0,0,0,0,0,0,0,0,0,0
63657,3,1,0,0,0,0,0,0,0,0,8,0
63658,0,1,0,0,0,0,0,0,28,0,20,0
63658,1,1,20,8,47,15,8,9,4,9,7,0
63659,0,1,0,35,0,0,24,0,0,23,0,0
63659,1,1,0,0,0,0,0,0,0,0,0,0
63659,2,1,0,0,0,17,0,0,0,0,0,11
63659,3,1,0,0,0,0,0,0,0,0,0,0
63660,0,1,23,0,17,0,0,44,0,0,0,0
63660,1,1,0,0,0,0,0,0,0,0,0,0
63660,2,1,0,0,0,0,0,0,0,0,0,0
63661,1,1,9,9,9,9,9,9,9,9,9,9
63662,1,1,21,21,21,21,21,21,21,21,21,21
63662,2,1,12,10,0,0,0,0,0,0,0,0
63662,3,1,0,0,0,0,0,0,0,0,0,0
63663,1,1,14,27,15,8,22,8,15,14,9,17
63663,2,1,0,37,0,0,0,0,0,0,0,0
63664,0,1,30,0,0,0,23,0,13,20,0,0
63664,1,1,0,0,0,0,0,0,0,0,0,0
63665,1,1,0,0,0,0,0,0,0,0,0,0
63666,1,1,0,0,0,0,0,0,0,0,0,0
63666,2,1,0,0,0,0,0,0,0,0,0,0
63667,0,1,0,0,0,0,0,0,0,0,0,0
63667,1,1,0,0,0,16,0,0,0,0,0,21
63668,0,1,0,0,0,0,0,0,0,0,0,0
63668,1,1,0,0,0,0,0,0,0,0,0,0
63669,1,1,0,0,0,0,0,0,0,22,19,0
63669,2,1,20,17,24,7,0,7,0,0,27,0
63670,1,1,11,11,11,11,11,11,11,11,11,11
63671,1,1,0,0,0,0,0,0,0,0,0,0
63672,0,1,24,0,0,17,0,0,0,25,0,0
63672,1,1,0,28,0,0,15,11,0,0,0,42
63673,0,1,0,18,0,26,0,0,0,0,0,0
63673,1,1,0,10,0,0,14,7,0,25,18,32
63674,0,1,0,0,0,0,0,0,0,0,0,0
63674,1,1,17,17,17,17,17,17,17,17,17,17
63675,1,1,0,0,0,25,0,0,22,9,0,0
63675,2,1,0,0,0,0,0,0,0,0,0,0
63676,1,1,0,0,0,0,0,0,0,0,0,0
63676,2,1,13,0,2,0,0,0,0,0,0,0
63677,0,1,0,0,0,30,0,15,0,0,3,0
63677,1,1,0,9,16,6,0,12,0,17,6,28
63678,1,1,0,0,0,0,0,0,0,0,0,0
63678,2,1,0,0,26,22,19,0,18,0,0,0
63679,0,1,3,3,3,3,3,3,3,3,3,3
63679,1,1,0,0,0,0,0,0,0,0,0,16
63680,0,1,15,0,24,0,6,0,8,0,0,0
63680,1,1,0,0,0,0,0,0,0,0,0,0
63681,0,1,0,0,0,0,0,0,0,0,0,0
63681,1,1,0,0,0,0,0,0,0,0,0,0
63681,2,1,0,0,0,0,0,0,0,9,0,0
63682,1,1,17,17,17,17,17,17,17,17,17,17
63683,0,1,0,0,0,0,0,0,0,0,0,0
63683,1,1,17,0,0,13,25,8,12,23,24,11
63684,0,1,0,0,0,0,0,0,23,12,0,0
63684,1,1,20,0,0,0,0,0,0,0,4,19
63685,0,1,0,27,29,0,0,0,0,0,0,0
63685,1,1,0,0,0,21,0,0,0,0,0,0
63686,0,1,17,7,0,0,0,0,0,0,0,0
63686,1,1,6,0,0,0,0,0,0,0,0,15
63687,1,1,0,0,0,0,0,0,0,0,0,0
63687,2,1,0,0,0,0,0,0,0,0,0,0
63688,1,1,0,17,12,0,0,14,0,0,0,0
63689,0,1,0,0,13,0,0,0,12,0,0,26
63689,1,1,0,11,26,21,11,7,9,22,19,15
63690,1,1,0,0,0,0,0,0,0,0,0,0
63690,2,1,0,0,0,0,0,0,0,0,0,0
63691,1,1,0,0,0,0,0,0,0,0,0,0
63692,1,1,0,0,0,0,0,0,0,5,0,24
63693,1,1,0,0,0,0,0,0,0,0,0,0
63693,2,1,0,0,0,0,0,0,21,37,0,0
63693,3,1,0,0,0,0,0,0,0,0,0,0
63694,1,1,0,0,0,0,0,0,0,0,0,0
63695,1,1,0,0,0,14,0,38,0,9,0,0
63695,2,1,0,10,13,0,18,10,8,0,3,0
63696,0,1,0,0,0,0,0,0,0,0,0,0
63696,1,1,0,0,0,0,0,14,0,0,20,16
63697,0,1,28,0,0,0,0,0,0,0,0,0
63697,1,1,0,0,0,0,0,0,0,0,0,0
63698,1,1,0,0,0,0,0,0,0,0,17,0
63698,2,1,0,0,0,0,0,0,0,0,0,0
63699,1,1,21,21,21,21,21,21,21,21,21,21
63700,1,1,12,13,23,11,20,23,18,11,15,43
63700,2,1,0,0,0,0,0,0,0,0,0,0
63701,0,1,8,8,8,8,8,8,8,8,8,8
63701,1,1,0,0,0,0,0,0,0,0,0,0
63702,1,1,17,24,10,10,3,24,9,10,17,0
63703,1,1,14,14,14,14,14,14,14,14,14,14
63703,2,1,0,0,0,0,0,0,0,0,0,0
63704,1,1,8,19,23,8,20,19,8,28,2,11
63704,2,1,0,0,0,0,0,0,24,0,0,0
63705,1,1,0,0,0,0,0,0,0,0,0,0
63705,2,1,0,0,0,0,0,0,0,0,0,0
63706,1,1,0,0,7,0,0,0,0,18,0,0
63706,2,1,4,12,0,7,20,0,28,12,18,18
63707,1,1,17,17,17,17,17,17,17,17,17,17
63707,2,1,0,14,0,0,0,0,0,0,0,0
63708,1,1,0,26,0,23,6,34,29,29,0,16
63709,1,1,0,0,0,0,0,0,0,0,0,0
63709,2,1,0,0,0,0,0,0,0,0,0,0
63709,3,1,0,0,0,0,0,0,0,0,0,0
63710,1,1,0,0,10,0,0,0,0,0,0,8
63711,0,1,0,0,0,0,0,0,0,0,0,0
63711,1,1,0,0,0,0,0,0,0,14,0,0
63712,1,1,12,12,12,12,12,12,12,12,12,12
63712,2,1,0,0,0,0,0,0,0,0,0,0
63713,1,1,7,0,0,27,8,11,18,0,0,0
63713,2,1,0,0,0,0,0,0,0,0,0,0
63714,1,1,8,0,0,0,0,0,0,0,0,0
63714,2,1,0,16,11,0,9,0,0,0,0,4
63715,0,1,0,0,0,0,0,0,0,0,0,0
63715,1,1,0,16,0,12,0,16,0,21,0,0
63716,0,1,21,21,21,21,21,21,21,21,21,21
63716,1,1,0,0,0,0,0,0,0,0,0,0
63717,0,1,0,0,0,0,0,0,0,0,0,0
63717,1,1,0,0,0,0,0,0,0,0,0,0
63718,0,1,0,0,0,0,0,0,0,0,0,0
63718,1,1,0,0,0,0,0,0,0,0,0,0
63719,1,1,16,16,16,16,16,16,16,16,16,16
63720,1,1,0,0,0,0,0,0,0,0,0,0
63720,2,1,2,2,2,2,2,2,2,2,2,2
63721,0,1,17,0,18,0,0,0,0,0,0,0
63721,0,2,12,0,0,8,30,0,46,0,0,0
63721,0,3,0,14,16,0,0,0,25,15,15,25
63721,3,1,0,0,0,0,0,0,0,0,0,0
63722,1,1,0,21,0,0,0,19,0,0,0,0
63723,0,1,0,0,28,5,0,0,0,0,0,0
63723,1,1,0,0,0,0,0,0,0,0,0,0
63724,1,1,0,0,0,0,0,0,0,0,0,0
63724,2,1,10,0,0,0,0,0,0,0,0,0
63725,1,1,0,21,0,0,23,12,0,0,0,0
63726,0,1,0,0,0,0,0,0,0,20,12,0
63726,1,1,0,0,0,0,0,0,0,0,0,0
63727,0,1,0,0,0,22,0,0,0,0,0,0
63727,1,1,0,0,0,0,0,0,0,0,0,0
63728,1,1,0,0,0,0,0,0,0,0,0,0
63728,2,1,0,0,0,0,0,0,0,0,0,0
63728,3,1,0,0,0,0,0,0,0,0,0,0
63729,1,1,14,19,19,25,22,13,27,6,36,17
63730,1,1,22,10,0,10,15,14,0,26,37,0
63731,0,1,4,11,0,0,0,0,27,0,0,0
63731,1,1,0,0,0,0,0,0,0,0,0,0
63732,0,1,1,1,1,1,1,1,1,1,1,1
63732,0,2,0,0,0,0,0,0,0,0,0,0
63732,1,1,0,0,0,0,0,0,0,0,0,0
63733,1,1,0,0,0,0,0,0,0,0,0,0
63733,2,1,0,0,0,0,0,0,0,0,0,0
63734,0,1,0,0,23,0,0,0,0,0,0,0
63734,1,1,0,0,0,0,0,0,0,0,0,0
63734,2,1,0,0,0,0,0,0,24,0,0,0
63735,1,1,0,0,0,0,0,13,0,0,28,0
63736,1,1,12,14,12,31,16,18,11,23,33,34
63736,2,1,8,8,8,8,8,8,8,8,8,8
63737,1,1,0,0,15,0,0,24,0,0,0,0
63738,1,1,8,21,24,9,16,10,22,21,15,15
63739,1,1,0,0,0,0,0,0,20,0,0,0
63739,2,1,0,0,0,0,0,0,0,0,0,0
63740,0,1,0,0,6,0,0,0,0,21,0,0
63740,1,1,0,0,0,0,0,0,0,0,0,0
63741,0,1,0,28,0,0,21,0,0,36,0,0
63741,1,1,3,5,13,16,7,12,15,0,5,15
63741,2,1,0,0,0,0,0,0,0,0,0,0
63741,3,1,8,0,0,0,11,0,0,0,0,0
63741,4,1,0,0,0,0,0,0,0,0,0,0
63741,5,1,0,0,0,0,0,0,0,0,0,0
63741,6,1,0,8,8,0,0,0,0,0,0,0
63741,7,1,0,0,0,0,0,0,0,18,0,0
63743,0,1,0,10,0,0,30,0,0,0,34,0
63743,1,1,10,10,10,10,10,10,10,10,10,10
63745,1,1,0,11,0,30,14,0,17,35,14,6
63746,0,1,11,17,13,0,0,0,20,46,15,0
63746,1,1,0,0,0,13,0,0,0,0,0,0
63749,1,1,8,0,0,0,0,0,0,0,0,0
63749,2,1,0,0,0,0,0,19,0,0,0,0
63749,3,1,0,0,10,0,0,0,0,0,0,0
63750,1,1,18,0,0,0,0,0,0,0,0,0
63751,1,1,0,0,0,0,0,0,0,0,0,0
63752,0,1,0,0,0,0,23,0,29,27,0,0
63752,1,1,0,0,0,0,0,0,0,0,0,0
63753,0,1,0,0,0,35,12,0,0,0,0,0
63753,1,1,21,0,26,0,0,0,0,0,0,0
63754,1,1,0,0,0,0,0,0,0,0,0,0
63754,2,1,0,0,0,0,8,0,0,0,12,29
63754,3,1,0,0,0,0,0,0,0,0,0,0
63754,4,1,0,0,0,0,0,0,0,0,0,0
63755,0,1,26,2,0,0,0,29,23,15,0,0
63755,1,1,0,36,0,0,17,0,0,0,0,0
63756,1,1,4,6,18,13,0,5,0,14,24,14
63756,2,1,0,0,0,0,0,0,0,0,0,0
63757,1,1,0,0,0,0,0,0,0,0,0,0
63758,0,1,15,11,0,0,4,0,0,0,0,0
63758,1,1,5,0,0,0,8,17,9,25,14,0
63759,1,1,11,0,0,15,11,4,0,0,0,15
63759,2,1,0,0,0,0,0,0,0,0,0,0
63760,0,1,20,20,20,20,20,20,20,20,20,20
63760,1,1,0,0,0,0,0,0,0,0,0,0
63761,1,1,0,0,0,0,0,0,0,0,0,0
63761,2,1,0,0,0,0,10,0,0,0,0,0
63762,0,1,0,0,0,0,0,0,0,0,0,0
63762,1,1,0,0,0,0,0,0,0,0,0,0
63762,2,1,0,0,0,0,0,0,0,0,0,0
63763,1,1,0,0,0,0,0,0,0,0,0,0
63763,2,1,0,0,0,0,0,0,0,0,0,0
63764,0,1,0,0,33,23,0,0,0,0,19,18
63764,1,1,0,0,0,0,0,0,0,0,0,0
63765,1,1,0,0,0,0,0,0,0,0,0,0
63765,2,1,0,0,0,0,0,0,0,0,0,0
63766,0,1,15,0,19,29,0,28,0,0,0,12
63766,1,1,0,0,0,0,0,0,0,0,0,0
63767,0,1,0,0,0,0,0,0,0,19,61,0
63767,1,1,0,0,0,0,0,0,0,0,0,0
63768,0,1,0,0,0,0,0,0,0,0,0,0
63768,1,1,0,0,0,0,0,0,0,0,0,0
63769,0,1,0,0,0,0,0,0,0,0,0,0
63769,1,1,0,0,0,0,16,0,0,0,0,0
63770,1,1,0,0,0,0,0,0,0,0,0,0
63770,2,1,0,0,0,0,0,0,0,0,0,0
63771,0,1,0,49,0,0,0,0,0,0,0,0
63771,1,1,0,15,6,0,0,11,14,6,2,0
63772,0,1,0,0,0,0,0,0,0,0,0,0
63772,1,1,0,0,0,0,0,16,0,0,0,0
63773,0,1,0,0,0,0,15,0,0,0,0,35
63773,1,1,0,11,22,0,0,11,8,0,0,0
63774,1,1,21,0,5,0,0,15,12,10,15,0
63775,0,1,0,0,0,0,26,18,0,0,10,0
63775,1,1,0,0,0,0,0,0,0,0,0,0
63776,1,1,0,0,0,0,0,0,0,0,0,0
63776,2,1,0,0,0,9,0,0,0,12,0,6
63776,3,1,0,0,0,0,0,0,0,0,0,0
63777,0,1,33,9,0,0,0,0,0,20,12,0