ST_CASE,VEH_NO,PER_NO,P1,P2,P3,P4,P5,P6,P7,P8,P9,P10
63777,1,1,0,0,0,0,0,0,0,0,0,0
63778,0,1,2,0,9,0,7,0,0,17,0,0
63778,1,1,0,0,0,0,0,0,0,0,0,0
63778,2,1,0,0,0,0,0,0,0,0,13,0
63779,0,1,0,0,0,36,0,0,0,0,0,0
63779,1,1,0,0,0,0,7,11,32,0,0,17
63780,0,1,0,0,0,0,0,0,0,0,28,0
63780,1,1,0,0,0,0,17,0,0,24,0,0
63781,0,1,0,0,0,0,0,12,0,0,0,30
63781,1,1,25,25,25,25,25,25,25,25,25,25
63782,0,1,0,13,0,0,0,0,0,0,0,0
63782,1,1,0,0,0,0,0,0,0,0,0,0
63783,1,1,0,0,0,0,0,0,0,0,0,0
63783,2,1,0,0,0,0,0,0,0,0,0,0
63784,1,1,0,0,0,0,0,0,0,0,0,0
63784,2,1,0,0,0,15,0,0,0,0,0,0
63785,1,1,21,20,11,15,16,10,16,23,17,27
63786,0,1,0,0,0,0,0,0,0,0,0,0
63786,1,1,21,21,21,21,21,21,21,21,21,21
63787,1,1,0,0,0,0,0,0,0,0,0,0
63787,2,1,0,0,0,0,0,0,0,0,0,0
63788,1,1,17,0,34,0,0,0,0,0,0,0
63788,2,1,0,25,0,15,6,15,0,0,12,0
63789,0,1,0,36,26,20,15,25,27,9,25,14
63789,0,2,0,19,0,0,0,0,9,0,0,0
63789,1,1,0,0,0,0,0,0,0,0,0,0
63789,2,1,0,8,0,0,0,0,0,0,0,0
63789,3,1,0,0,0,0,0,0,0,0,0,0
63790,1,1,17,17,17,17,17,17,17,17,17,17
63790,2,1,24,46,22,0,25,13,10,0,0,0
63791,1,1,0,0,0,0,0,0,0,0,0,0
63791,2,1,0,0,0,0,0,0,0,0,0,0
63792,1,1,0,23,0,29,28,0,0,21,14,0
63793,0,1,0,0,0,0,19,0,23,0,0,0
63793,1,1,8,8,8,8,8,8,8,8,8,8
63793,2,1,0,0,0,0,0,0,0,0,0,0
63794,0,1,20,16,26,0,0,0,0,8,0,9
63794,1,1,0,0,0,16,0,13,3,0,0,0
63795,0,1,0,0,0,0,0,0,0,0,0,0
63795,1,1,9,9,9,9,9,9,9,9,9,9
63796,1,1,23,23,23,23,23,23,23,23,23,23
63797,1,1,0,0,6,0,0,0,0,0,0,0
63797,2,1,0,0,0,0,0,0,0,0,0,0
63798,0,1,0,0,0,0,0,0,9,24,0,0
63798,1,1,0,0,0,0,0,0,0,0,0,0
63799,0,1,27,27,0,0,0,0,0,0,6,10
63799,1,1,15,27,0,0,0,0,7,0,0,10
63799,2,1,23,11,11,0,0,0,0,0,0,0
63799,3,1,0,10,0,0,0,0,0,10,0,5
63800,0,1,0,0,0,0,0,0,0,0,0,0
63800,1,1,19,21,9,17,15,13,5,10,10,0
63801,0,1,0,0,0,0,0,0,0,0,20,0
63801,1,1,0,0,0,0,0,0,12,0,0,0
63802,1,1,0,0,20,0,0,0,0,0,22,13
63803,1,1,0,0,21,0,0,0,0,0,0,0
63804,0,1,0,0,0,0,0,0,0,0,0,0
63804,1,1,0,0,0,0,0,0,26,0,0,27
63805,1,1,0,0,4,0,0,0,0,0,0,0
63805,2,1,0,0,0,0,0,0,0,0,0,0
63806,1,1,0,0,0,0,0,0,0,0,0,0
63806,2,1,0,0,0,20,0,0,0,0,17,0
63807,1,1,27,27,27,27,27,27,27,27,27,27
63807,2,1,0,0,0,0,0,0,0,0,0,0
63808,1,1,0,0,0,0,0,0,0,0,0,0
63808,2,1,0,31,22,0,10,0,0,17,0,0
63809,1,1,0,0,0,0,0,0,0,0,0,0
63809,2,1,0,21,0,15,15,0,7,0,0,0
63810,0,1,46,11,0,0,24,10,32,21,25,19
63810,1,1,0,0,0,0,0,0,0,0,0,0
63811,0,1,24,24,24,24,24,24,24,24,24,24
63811,1,1,0,0,0,0,0,0,0,0,0,0
63812,0,1,16,0,0,0,25,17,16,0,0,10
63812,1,1,0,0,0,0,0,0,0,0,9,0
63813,1,1,0,0,8,0,28,0,0,0,23,0
63813,2,1,0,0,0,0,0,0,0,0,0,0
63814,1,1,15,15,15,15,15,15,15,15,15,15
63814,2,1,0,0,0,0,5,13,0,0,22,0
63814,3,1,11,18,0,0,0,0,0,18,0,0
63815,1,1,0,0,0,0,0,0,0,0,0,0
63815,2,1,0,0,0,0,0,0,0,0,0,0
63815,3,1,0,0,0,0,0,0,0,0,0,0
63815,4,1,0,0,0,0,0,0,0,0,0,0
63815,5,1,20,0,0,23,0,0,0,26,0,13
63815,6,1,0,0,0,0,0,0,0,0,0,0
63816,0,1,5,34,8,18,9,23,26,11,17,17
63816,1,1,0,0,13,0,0,0,0,0,0,0
63817,1,1,16,16,16,16,16,16,16,16,16,16
63817,2,1,0,0,0,0,0,0,0,0,0,0
63818,0,1,0,0,15,9,0,22,13,14,5,0
63818,1,1,13,13,13,13,13,13,13,13,13,13
63819,1,1,13,12,21,24,19,16,5,14,0,13
63820,0,1,0,0,0,0,0,0,0,0,0,0
63820,1,1,0,0,0,25,0,28,0,0,0,15
63821,1,1,0,0,0,0,7,0,0,0,0,0
63822,1,1,17,7,11,13,25,23,16,15,13,10
63823,0,1,0,0,0,0,0,0,0,0,0,0
63823,1,1,0,0,0,0,0,0,0,19,0,0
63824,1,1,3,0,0,14,0,14,0,2,0,13
63825,1,1,12,12,12,12,12,12,12,12,12,12
63826,1,1,0,0,0,11,0,0,0,0,0,0
63826,2,1,13,6,0,3,0,0,3,0,20,0
63827,0,1,0,0,0,25,0,6,7,0,0,0
63827,1,1,0,0,0,0,0,0,0,0,0,0
63828,1,1,2,2,2,2,2,2,2,2,2,2
63829,1,1,0,0,0,15,0,0,0,0,0,0
63829,2,1,9,0,0,0,0,0,4,0,0,0
63830,1,1,0,0,0,13,16,0,5,0,0,18
63830,2,1,0,0,0,0,0,0,0,0,0,0
63830,3,1,0,0,0,0,0,0,0,0,0,0
63831,1,1,27,12,0,13,21,16,34,17,23,0
63832,1,1,0,0,0,0,0,0,0,0,0,0
63832,2,1,0,0,0,0,0,0,0,0,0,0
63833,0,1,0,0,0,0,0,23,15,6,28,0
63833,1,1,22,0,18,5,17,15,11,9,0,6
63834,1,1,1,1,1,1,1,1,1,1,1,1
63834,2,1,0,0,0,0,0,0,0,0,0,0
63835,1,1,0,0,0,0,0,0,8,0,3,0
63835,2,1,0,0,18,0,0,0,0,0,0,0
63836,0,1,0,0,0,0,24,0,0,0,35,0
63836,1,1,0,0,0,0,0,0,0,0,0,0
63836,2,1,15,0,34,0,0,28,0,0,16,11
63836,3,1,0,0,0,0,0,0,0,0,0,0
63837,1,1,0,0,0,0,0,0,0,0,0,0
63838,1,1,0,40,0,0,11,0,0,0,0,0
63838,2,1,0,0,0,0,0,0,0,0,0,0
63839,1,1,0,0,0,0,14,0,0,0,0,0
63839,2,1,0,0,0,0,0,0,0,0,0,0
63840,0,1,6,14,0,0,0,0,0,0,0,0
63840,1,1,0,0,0,0,0,0,0,0,0,0
63841,1,1,0,0,0,0,8,0,0,0,0,0
63842,1,1,18,0,0,0,0,0,0,0,0,0
63843,1,1,18,0,0,0,9,0,15,0,8,0
63844,0,1,16,16,16,16,16,16,16,16,16,16
63844,1,1,13,0,0,0,0,0,14,11,0,16
63845,1,1,7,7,7,7,7,7,7,7,7,7
63845,2,1,0,0,0,0,11,0,0,0,0,0
63846,0,1,0,0,0,0,0,0,0,0,0,0
63846,1,1,0,0,0,0,0,0,0,0,0,0
63847,1,1,20,20,20,20,20,20,20,20,20,20
63848,0,1,19,19,19,19,19,19,19,19,19,19
63848,1,1,18,0,0,0,0,0,0,23,0,0
63849,1,1,29,29,29,29,29,29,29,29,29,29
63850,0,1,9,36,0,31,0,27,22,0,0,16
63850,1,1,15,15,15,15,15,15,15,15,15,15
63851,0,1,0,0,21,0,0,0,0,0,0,0
63851,1,1,0,15,0,0,3,0,14,0,0,6
63852,0,1,21,21,21,21,21,21,21,21,21,21
63852,1,1,0,0,0,0,0,0,0,0,0,0
63853,1,1,0,0,0,0,0,0,0,0,0,0
63854,1,1,20,29,15,22,15,30,6,18,8,14
63855,0,1,0,0,16,0,0,0,0,0,0,0
63855,1,1,0,0,0,0,0,0,0,0,0,0
63856,1,1,0,0,0,0,0,0,0,0,0,0
63856,2,1,0,0,0,0,0,0,0,0,0,0
63856,3,1,0,0,0,0,0,0,0,0,0,0
63857,1,1,0,0,0,0,0,0,0,0,0,0
63857,2,1,0,0,0,0,0,0,0,0,0,0
63858,0,1,32,10,17,24,18,13,0,0,32,0
63858,1,1,9,11,0,0,0,19,13,12,0,0
63859,1,1,21,17,4,13,12,0,0,0,0,17
63860,1,1,0,0,0,0,0,0,0,0,0,0
63860,2,1,0,0,0,0,0,0,0,0,0,0
63861,0,1,0,18,29,0,10,0,0,0,21,0
63861,1,1,0,0,0,0,0,0,0,0,0,0
63862,0,1,0,0,0,0,0,5,13,0,0,0
63862,1,1,0,16,0,0,0,0,0,0,0,22
63864,1,1,0,0,0,0,0,0,0,0,0,0
63864,2,1,0,0,0,0,13,0,23,0,0,0
63865,1,1,0,0,0,0,0,0,0,0,0,0
63865,2,1,0,0,0,0,0,0,0,0,27,0
63866,1,1,21,21,21,21,21,21,21,21,21,21
63867,0,1,0,22,0,0,0,0,22,0,0,0
63867,0,2,0,0,0,0,0,0,0,0,0,0
63867,1,1,0,0,0,0,0,0,0,0,0,0
63867,2,1,0,22,0,0,12,0,0,0,0,0
63867,3,1,0,0,0,0,0,0,0,0,0,0
63868,0,1,44,34,0,13,0,0,0,0,0,9
63868,1,1,8,17,19,10,13,18,21,35,16,0
63869,0,1,0,0,0,28,22,0,17,8,35,0
63869,1,1,0,0,0,0,0,6,0,0,0,0
63870,1,1,10,10,10,10,10,10,10,10,10,10
63870,2,1,19,0,0,0,0,0,0,0,0,0
63870,3,1,0,0,0,0,0,0,0,0,0,0
63870,4,1,0,0,0,0,0,0,0,0,0,0
63871,1,1,0,0,0,0,0,0,0,0,0,0
63871,2,1,0,0,0,0,0,0,0,0,0,0
63872,1,1,12,19,6,4,16,23,25,20,12,23
63872,2,1,0,0,0,0,0,19,12,0,0,0
63873,0,1,0,0,14,15,0,0,0,34,36,27
63873,1,1,0,0,10,15,13,12,8,0,9,0
63874,0,1,0,34,0,0,0,0,0,25,13,0
63874,1,1,0,0,0,0,0,0,0,0,0,0
63875,0,1,0,30,0,14,2,0,0,0,0,0
63875,1,1,0,0,17,15,0,0,19,8,0,0
63876,1,1,15,15,15,15,15,15,15,15,15,15
63876,2,1,0,0,0,0,0,0,0,0,0,0
63877,0,1,0,0,0,0,0,0,0,0,0,0
63877,1,1,0,0,0,0,0,0,0,0,0,0
63878,0,1,20,0,0,0,0,35,0,0,0,0
63878,1,1,0,0,0,0,0,0,0,0,0,0
63879,0,1,22,0,0,0,0,0,34,19,7,16
63879,1,1,23,9,0,2,9,13,13,0,0,0
63880,0,1,0,0,0,0,0,0,0,0,0,0
63880,1,1,0,0,0,0,0,0,0,0,0,0
63881,1,1,0,15,13,0,0,9,10,0,26,8
63881,2,1,0,0,18,0,0,0,32,32,0,15
63882,1,1,0,0,0,0,0,0,0,0,0,0
63882,2,1,0,0,0,0,0,0,0,0,0,0
63882,3,1,0,0,0,0,0,0,0,0,0,0
63882,4,1,0,0,0,0,0,0,0,0,0,0
63882,5,1,0,0,0,0,0,0,0,0,0,0
63882,6,1,16,16,16,16,16,16,16,16,16,16
63883,1,1,0,0,0,0,0,0,0,0,21,0
63883,2,1,0,8,0,0,0,0,0,0,0,0
63883,3,1,0,0,0,0,0,0,0,0,0,0
63883,4,1,0,0,0,0,0,0,16,0,0,0
63883,5,1,0,0,0,0,0,0,0,0,0,0
63883,6,1,0,0,0,0,0,0,0,0,0,0
63883,7,1,0,0,0,0,0,0,13,0,0,0
63883,8,1,0,0,0,0,0,0,22,0,0,0
63884,1,1,0,0,0,0,0,0,11,0,0,0
63884,2,1,17,0,10,0,0,0,3,0,0,0
63884,3,1,0,0,0,0,0,0,0,0,0,0
63884,4,1,0,0,0,0,0,0,0,0,0,7
63884,5,1,0,0,0,0,0,15,0,0,0,0
63885,0,1,6,16,0,5,19,0,18,28,41,6
63885,1,1,10,19,0,8,22,11,13,0,0,14
63886,1,1,10,0,16,0,10,19,20,13,17,7
63887,1,1,14,0,12,13,0,0,0,0,0,0
63888,1,1,0,0,0,0,0,0,0,0,0,0
63889,0,1,0,0,0,0,0,0,0,0,0,0
63889,1,1,0,0,0,0,0,0,0,0,0,0
63890,1,1,0,0,0,0,0,0,0,0,0,0
63890,2,1,0,17,0,0,0,0,0,0,0,0
63891,0,1,0,0,16,0,0,0,0,7,0,0
63891,1,1,0,0,0,0,0,0,0,0,0,0
63892,1,1,28,28,28,28,28,28,28,28,28,28
63892,2,1,0,0,0,0,10,0,0,20,0,0
63892,3,1,0,22,0,0,0,25,0,32,0,0
63893,0,1,0,0,0,0,0,0,0,0,0,0
63893,0,2,0,0,0,0,0,0,0,0,0,0
63893,0,3,0,0,0,28,0,0,0,0,0,0
63893,0,4,0,0,0,0,0,0,0,0,0,0
63893,0,5,0,0,0,0,0,0,21,0,0,0
63893,0,6,0,0,0,0,0,0,0,0,0,0
63893,0,7,0,0,0,20,0,0,0,0,0,0
63893,0,8,0,0,18,14,0,0,0,0,0,0
63893,0,9,0,0,0,0,0,0,13,0,0,0
63893,0,10,0,0,0,0,32,0,0,0,20,0
63893,1,1,0,0,0,0,0,0,0,0,0,0
63894,1,1,15,15,15,15,15,15,15,15,15,15
63894,2,1,0,0,0,0,0,0,0,0,0,0
63895,1,1,0,0,0,0,0,0,0,0,0,0
63895,2,1,22,5,0,0,0,0,18,0,0,0
63895,3,1,0,0,0,0,0,0,0,0,0,0
63895,4,1,0,0,0,0,0,0,0,0,0,0
63895,5,1,0,0,0,0,0,12,0,0,0,0
63895,6,1,0,0,0,0,0,0,0,0,0,0
63896,0,1,19,6,22,16,12,46,47,24,12,0
63896,0,2,15,25,11,34,35,14,17,32,8,17
63896,1,1,0,0,0,0,0,0,0,0,0,0
63897,1,1,1,1,1,1,1,1,1,1,1,1
63897,2,1,0,0,0,0,0,0,0,0,0,0
63898,1,1,0,0,0,0,0,0,0,0,0,0
63899,1,1,0,0,0,0,0,0,0,0,0,0
63899,2,1,0,0,0,0,0,0,0,0,0,0
63899,3,1,0,0,0,0,0,0,0,0,0,0
63899,4,1,0,0,0,0,0,0,0,0,0,0
63900,0,1,9,0,0,0,0,0,0,0,0,0
63900,1,1,0,0,0,8,0,0,0,0,0,0
63901,1,1,0,0,0,0,0,0,0,0,0,0
63902,0,1,0,0,0,0,0,10,0,0,0,13
63902,1,1,20,9,0,0,5,7,0,0,7,10
63903,1,1,0,0,0,0,0,0,0,0,0,0
63904,1,1,21,21,21,21,21,21,21,21,21,21
63904,2,1,0,0,17,0,0,0,0,0,0,0
63905,1,1,0,0,0,0,0,15,0,0,0,0
63906,0,1,0,0,0,0,0,0,0,0,0,0
63906,1,1,0,0,0,0,0,0,0,0,0,0
63907,1,1,0,11,0,0,24,0,0,14,0,21
63908,0,1,0,0,0,0,8,0,0,0,0,0
63908,1,1,6,6,6,6,6,6,6,6,6,6
63909,1,1,1,1,1,1,1,1,1,1,1,1
63909,2,1,6,0,16,0,20,3,29,0,0,13
63910,1,1,0,0,0,0,0,0,0,0,0,0
63910,2,1,0,0,0,0,0,0,0,0,0,0
63911,0,1,0,0,0,0,0,0,0,0,0,0
63911,1,1,0,0,0,0,0,0,0,0,0,0
63912,0,1,0,0,0,36,19,18,0,0,33,0
63912,1,1,0,0,0,13,0,0,0,15,0,0
63913,0,1,0,0,0,0,0,0,0,0,0,0
63913,0,2,0,0,0,0,0,0,0,0,0,0
63913,1,1,0,0,0,0,0,0,0,0,0,0
63914,1,1,0,0,0,0,0,0,0,0,0,0
63914,2,1,0,0,0,0,0,0,0,0,0,0
63915,0,1,19,19,19,19,19,19,19,19,19,19
63915,1,1,12,14,14,0,21,0,11,14,16,9
63916,1,1,0,0,0,0,0,0,15,0,0,0
63916,2,1,0,0,0,0,14,0,0,0,0,17
63916,3,1,0,0,0,0,0,0,0,0,0,0
63916,4,1,0,0,0,0,0,0,0,0,0,0
63917,1,1,0,0,0,0,0,0,0,0,0,0
63917,2,1,0,0,0,0,0,0,0,0,0,0
63918,1,1,0,0,0,0,0,0,0,0,0,0
63918,2,1,0,0,0,0,0,0,0,0,0,0
63919,0,1,0,0,0,0,0,0,0,0,0,0
63919,1,1,0,0,0,0,0,0,0,0,0,0
63919,2,1,0,0,0,0,0,28,0,0,0,0
63919,3,1,0,0,0,0,0,0,0,0,0,0
63920,1,1,16,19,14,8,20,26,40,26,13,25
63921,0,1,0,0,24,0,0,0,0,0,0,0
63921,1,1,11,0,20,16,8,15,0,15,0,0
63922,0,1,0,0,13,0,15,22,5,11,0,0
63922,1,1,7,7,7,7,7,7,7,7,7,7
63923,1,1,0,0,0,0,0,0,0,0,0,0
63923,2,1,0,0,0,0,0,0,0,0,0,0
63924,0,1,68,27,17,0,0,26,0,0,0,0
63924,1,1,5,0,0,0,0,0,0,0,0,22
63925,1,1,22,28,12,26,36,8,16,9,32,20
63926,0,1,32,0,0,0,38,9,0,15,15,11
63926,1,1,0,0,0,0,0,0,0,0,0,0
63927,0,1,14,25,32,0,0,0,0,28,0,0
63927,1,1,0,0,0,0,0,0,0,0,0,0
63928,1,1,11,25,17,14,9,13,14,11,28,10
63929,1,1,0,0,0,0,0,30,0,0,14,0
63929,2,1,0,0,0,0,0,0,0,0,0,0
63930,0,1,0,47,42,0,0,7,0,0,0,0
63930,1,1,18,0,0,9,0,0,0,0,0,30
63930,2,1,39,0,0,0,0,14,0,0,12,0
63931,1,1,21,0,0,0,9,0,12,0,0,0
63932,1,1,0,0,0,0,0,0,0,0,14,12
63933,0,1,0,15,22,9,21,0,0,0,0,0
63933,1,1,0,0,0,0,0,0,0,0,0,0
63934,1,1,0,0,0,0,0,0,0,0,0,0
63934,2,1,0,0,0,0,0,0,0,0,0,0
63935,1,1,16,17,0,19,9,22,0,0,0,15
63936,0,1,0,0,0,0,0,0,0,0,0,0
63936,1,1,0,0,0,0,0,0,0,0,0,0
63937,1,1,0,0,0,7,0,0,0,0,0,17
63937,2,1,0,0,5,0,0,0,0,0,19,0
63938,0,1,0,0,0,0,25,32,11,11,0,51
63938,1,1,0,10,0,0,0,0,0,0,0,0
63939,1,1,0,0,0,0,0,0,0,0,0,0
63939,2,1,0,0,0,0,0,0,0,27,0,0
63939,3,1,0,0,0,0,0,17,0,0,0,13
63939,4,1,0,0,0,0,27,0,0,0,0,0
63940,1,1,0,0,4,0,0,0,1,13,0,3
63941,1,1,20,28,11,11,8,14,24,0,20,35
63941,2,1,0,0,0,0,0,0,0,0,0,0
63942,1,1,0,0,0,0,0,0,0,0,0,0
63943,0,1,6,11,10,10,17,25,18,9,36,10
63943,1,1,0,0,0,0,0,0,0,0,0,0
63944,1,1,0,0,0,0,0,0,0,0,0,0
63944,2,1,0,0,0,0,0,0,0,0,0,0
63945,0,1,17,17,17,17,17,17,17,17,17,17
63945,1,1,3,3,0,23,0,10,4,6,25,0
63946,0,1,20,20,20,20,20,20,20,20,20,20
63946,1,1,0,0,0,0,0,0,0,0,0,0
63947,1,1,2,2,2,2,2,2,2,2,2,2
63948,0,1,0,0,0,0,0,0,0,0,0,0
63948,1,1,20,20,20,20,20,20,20,20,20,20
63948,2,1,9,23,11,0,0,0,19,0,23,13
63949,1,1,22,22,22,22,22,22,22,22,22,22
63950,0,1,0,0,0,0,0,0,0,0,0,0
63950,1,1,0,0,0,0,0,0,0,0,0,0
63951,0,1,0,0,0,0,0,0,0,0,0,0
63951,1,1,0,0,0,0,0,15,0,32,0,22
63952,0,1,0,0,25,0,0,0,0,30,0,0
63952,1,1,0,0,0,0,0,0,0,8,0,0
63953,1,1,26,26,26,26,26,26,26,26,26,26
63954,1,1,14,14,14,14,14,14,14,14,14,14
63955,0,1,0,0,0,0,0,0,0,0,0,0
63955,1,1,0,0,0,0,0,0,0,0,0,0
63956,1,1,0,0,0,0,0,0,0,0,0,0
63956,2,1,0,0,0,0,0,0,0,0,0,0
63957,1,1,21,21,21,21,21,21,21,21,21,21
63957,2,1,0,0,0,0,0,0,19,0,0,0
63957,3,1,0,0,0,0,0,0,0,0,0,0
63958,1,1,0,0,0,0,0,0,0,0,0,0
63958,2,1,0,0,0,0,0,0,0,0,0,0
63959,1,1,0,0,0,0,0,0,0,0,0,0
63960,1,1,27,27,0,14,18,17,10,11,9,16
63960,2,1,5,5,5,5,5,5,5,5,5,5
63960,3,1,0,0,0,0,0,0,0,0,0,0
63960,4,1,0,33,10,12,22,30,0,0,0,0
63960,5,1,0,0,19,14,24,0,0,11,0,8
63960,6,1,0,0,0,0,0,0,0,0,0,0
63960,7,1,0,0,26,0,0,0,0,17,0,0
63961,1,1,0,0,0,0,0,0,0,0,0,0
63961,2,1,0,0,0,0,0,0,0,0,0,0
63962,1,1,14,14,14,14,14,14,14,14,14,14
63963,1,1,0,0,0,0,0,0,0,0,0,0
63963,2,1,0,0,0,0,0,0,0,0,0,0
63964,0,1,3,3,3,3,3,3,3,3,3,3
63964,1,1,0,0,0,8,0,0,0,7,21,0
63964,2,1,0,33,5,0,0,0,0,0,0,0
63965,1,1,13,13,13,13,13,13,13,13,13,13
63965,2,1,0,0,0,0,0,0,0,0,0,0
63966,0,1,0,0,0,0,0,0,0,0,0,0
63966,1,1,0,0,0,0,0,0,0,0,0,0
63967,1,1,13,13,13,13,13,13,13,13,13,13
63967,2,1,0,0,0,0,0,0,0,0,0,0
63968,1,1,19,19,19,19,19,19,19,19,19,19
63968,2,1,0,0,0,0,0,0,0,0,0,0
63969,1,1,9,9,9,9,9,9,9,9,9,9
63970,0,1,0,0,0,0,0,0,0,0,0,0
63970,1,1,0,0,0,0,0,0,0,0,0,0
63971,0,1,0,0,0,0,0,0,0,0,0,0
63971,1,1,8,27,14,0,0,19,24,0,15,7
63972,0,1,27,27,27,27,27,27,27,27,27,27
63972,1,1,0,0,0,0,0,0,0,0,0,11
63973,0,1,0,0,0,0,0,0,0,0,0,0
63973,1,1,0,0,0,0,0,0,0,0,0,0
63974,1,1,23,23,23,23,23,23,23,23,23,23
63974,2,1,21,16,10,12,0,15,7,23,11,11
63975,0,1,0,0,0,0,0,0,0,0,0,0
63975,1,1,0,0,21,20,32,0,0,0,0,0
63977,1,1,0,0,0,0,0,0,0,0,0,0
63978,0,1,0,0,0,0,0,0,0,0,0,0
63978,1,1,0,0,0,0,0,0,10,0,0,0
63979,0,1,0,0,0,0,0,0,0,0,0,0
63979,1,1,0,0,0,0,0,0,0,0,0,0
63980,0,1,37,37,37,37,37,37,37,37,37,37
63980,1,1,0,0,0,0,0,0,0,0,0,0
63981,0,1,22,22,22,22,22,22,22,22,22,22
63981,1,1,0,0,0,0,0,0,0,0,0,0
63982,1,1,0,0,0,0,0,0,0,0,0,0
63982,2,1,0,0,0,0,0,0,0,0,0,0
63983,0,1,15,15,15,15,15,15,15,15,15,15
63983,1,1,0,0,0,0,0,0,0,0,0,0
63985,0,1,0,0,0,0,0,0,0,0,0,0
63985,1,1,0,0,0,0,0,0,0,0,0,0
63986,1,1,0,0,9,0,26,0,0,0,13,0
63986,2,1,3,3,3,3,3,3,3,3,3,3
63987,1,1,0,0,0,0,0,0,0,0,0,0
63988,1,1,0,0,0,0,0,0,0,0,0,0
63988,2,1,0,0,0,0,17,0,0,0,0,0
63989,0,1,32,32,32,32,32,32,32,32,32,32
63989,1,1,1,1,1,1,1,1,1,1,1,1
63990,1,1,18,18,18,18,18,18,18,18,18,18
63991,1,1,0,0,0,0,0,0,0,0,0,15
63991,2,1,0,0,0,0,0,0,0,0,0,8
63992,1,1,0,0,0,0,0,24,0,0,0,26
63992,2,1,0,23,3,13,0,0,0,0,19,0
63994,1,1,0,0,0,0,0,0,0,0,0,0
63994,2,1,12,6,20,37,0,28,0,0,0,0
63995,0,1,0,27,19,0,0,0,0,13,0,23
63995,1,1,0,0,21,0,0,0,0,0,0,0
63995,2,1,0,0,0,0,0,0,0,0,0,0
63996,0,1,3,30,15,0,10,8,32,23,15,18
63996,1,1,0,0,10,0,0,14,0,20,0,0
63997,0,1,0,0,0,0,0,0,0,0,0,0
63997,1,1,0,16,0,19,6,15,0,13,21,16
63998,0,1,0,0,0,0,0,0,0,0,0,0
63998,0,2,0,20,0,9,0,0,0,14,33,10
63998,1,1,12,0,0,0,27,5,0,29,0,20
63999,0,1,0,0,0,38,0,19,0,0,0,0
63999,1,1,11,0,2,8,8,11,24,20,4,0
64000,0,1,30,0,0,0,0,0,25,0,33,0
64000,0,2,0,0,0,0,45,0,8,0,0,0
64000,1,1,9,9,9,9,9,9,9,9,9,9
64001,1,1,18,9,14,22,14,22,17,9,10,9
64002,1,1,0,0,0,0,0,0,0,0,0,0
64002,2,1,0,0,0,0,0,0,0,0,0,0
64002,3,1,0,0,0,0,0,0,0,0,0,0
64002,4,1,0,0,0,0,0,0,0,0,0,0
64002,5,1,0,0,0,0,0,0,0,0,0,0
64002,6,1,0,0,0,0,0,0,0,0,0,0
64003,0,1,22,0,13,13,29,14,25,39,31,12
64003,1,1,3,0,0,0,0,0,0,0,0,0
64004,0,1,0,0,0,18,0,0,0,0,0,0
64004,1,1,0,0,0,0,0,0,0,0,0,0
64005,1,1,0,0,0,0,0,0,0,0,7,0
64006,0,1,27,19,0,0,30,0,0,20,0,31
64006,1,1,0,19,0,0,0,21,0,0,0,0
64007,1,1,0,0,0,0,0,0,0,0,0,0
64007,2,1,0,0,6,0,0,0,0,0,0,0
64008,1,1,13,0,28,0,15,16,7,15,0,12
64008,2,1,0,0,0,5,0,0,0,0,0,0
64009,1,1,0,0,0,0,0,0,0,0,0,0
64009,2,1,0,0,0,0,0,0,0,0,0,0
64010,1,1,18,25,8,14,30,16,15,13,12,34
64010,2,1,0,0,18,0,0,0,0,0,0,0
64011,0,1,0,0,0,0,0,30,0,31,0,0
64011,1,1,0,0,12,0,0,12,0,9,0,0
64012,1,1,0,0,15,30,15,0,0,0,0,0
64013,1,1,18,18,18,18,18,18,18,18,18,18
64014,1,1,0,0,0,0,0,0,8,0,0,0
64014,2,1,5,0,0,0,0,7,13,0,0,12
64015,0,1,22,0,0,0,0,0,0,0,0,0
64015,1,1,0,11,0,0,0,7,0,28,0,0
64015,2,1,0,12,23,0,0,0,16,0,0,0
64016,1,1,0,15,0,3,0,21,4,0,0,2
64017,0,1,0,0,14,18,0,0,0,0,17,25
64017,1,1,11,11,13,9,0,11,16,17,0,13
64018,0,1,0,18,0,26,0,0,0,7,0,0
64018,1,1,0,0,7,21,0,13,0,0,0,13
64019,0,1,0,0,0,0,0,0,0,14,0,0
64019,1,1,0,0,0,0,0,0,0,0,0,0
64020,0,1,0,0,0,0,0,0,0,0,0,0
64020,1,1,0,0,0,0,0,20,0,34,12,0
64021,0,1,24,0,0,0,28,0,0,0,0,0
64021,1,1,0,0,0,0,0,0,0,0,0,0
64022,1,1,0,0,0,11,0,0,0,0,0,0
64022,2,1,0,0,0,0,0,0,2,0,0,0
64022,3,1,13,0,0,0,0,12,0,16,0,0
64023,1,1,18,18,18,18,18,18,18,18,18,18
64023,2,1,0,0,0,0,0,0,0,0,0,0
64024,1,1,28,20,17,14,3,21,6,4,30,0
64025,0,1,0,0,0,0,0,0,0,0,10,19
64025,1,1,15,63,0,0,0,15,0,0,0,0
64026,1,1,12,12,9,29,18,26,17,22,3,36
64026,2,1,0,0,0,0,0,0,0,0,23,0
64027,1,1,4,8,6,8,2,14,4,10,21,0
64028,1,1,12,0,0,0,19,0,0,0,45,16
64029,1,1,0,0,29,0,0,0,0,0,0,0
64029,2,1,12,12,12,12,12,12,12,12,12,12
64030,1,1,0,31,0,0,0,0,9,10,6,11
64031,0,1,0,0,0,0,23,0,0,0,0,0
64031,0,2,0,0,22,0,0,0,0,0,0,0
64031,0,3,0,0,0,0,0,0,0,0,0,0
64031,0,4,0,25,0,0,0,0,0,32,34,0
64031,1,1,0,0,9,0,0,0,0,0,0,0
64031,5,1,0,0,0,0,0,0,0,0,0,0